isin,symbol,name,market,yahoo_ticker,kind,currency
LU3046617802,0CAC,OSSETFCACNRXPAR,Euronext Paris,0CAC.PA,etf,EUR
LU3078637314,0EMU,OSSETFSEMUIMXPAR,Euronext Paris,0EMU.PA,etf,EUR
LU3078637660,0SWE,OSSETFMSTRUSXPAR,Euronext Paris,0SWE.PA,etf,EUR
LU3138596146,0UCA,OSSETFNDDLCAXPAR,Euronext Paris,0UCA.PA,etf,EUR
LU2997383372,0USE,OSSETFSP500XPAR,Euronext Paris,0USE.PA,etf,EUR
LU0136242590,100EUA,UBSETFS100IMETFP,ETF Plus,100EUA.MI,etf,EUR
LU1650492330,100H,AMUNDI FTSE 100 MH,Euronext Paris,100H.PA,etf,EUR
IE000BWITBP9,26ID,iSh iBD26 US Ac PR,Euronext Paris,26ID.PA,etf,EUR
IE000G6CY1T7,26TA,ISHETFI26UETFP,ETF Plus,26TA.MI,etf,EUR
IE000LZ7BZW8,26TP,ISHETFI26UXPAR,Euronext Paris,26TP.PA,etf,EUR
IE0006UGU3X3,27IT,ISHETFG27UXPAR,Euronext Paris,27IT.PA,etf,EUR
IE000JHMFVN7,28IA,ISHETFI28UETFP,ETF Plus,28IA.MI,etf,EUR
IE0000UJ3480,28ID,iSh iBD28 US Ac PR,Euronext Paris,28ID.PA,etf,EUR
IE000Q2EQ5K8,28IY,ISHETFI28UXPAR,Euronext Paris,28IY.PA,etf,EUR
IE000SNLFDR7,29GA,ISHETFI38444ETFP,ETF Plus,29GA.MI,etf,EUR
IE000IHURBR0,29GI,ISHETFI38444XPAR,Euronext Paris,29GI.PA,etf,EUR
IE000Y247W99,29ID,ISHETFI38439XPAR,Euronext Paris,29ID.PA,etf,EUR
IE00076HZIP3,29IT,ISHETFG29UXPAR,Euronext Paris,29IT.PA,etf,EUR
IE000Y2BJVK9,30IA,ISHETFI38443ETFP,ETF Plus,30IA.MI,etf,EUR
IE000BZXJJ24,30ID,ISHETFI38440XPAR,Euronext Paris,30ID.PA,etf,EUR
IE000LX17BP9,30IG,ISHETFI38443XPAR,Euronext Paris,30IG.PA,etf,EUR
IE0007WLHX89,3D3D,ROBAct3D3DETFP,ETF Plus,3D3D.MI,etf,EUR
IE000PUAKZP8,3DCE,ROBAct3DCEETFP,ETF Plus,3DCE.MI,etf,EUR
IE000JJMOWY0,3DCG,ROBAct3DCGETFP,ETF Plus,3DCG.MI,etf,EUR
IE000Q8N7WY1,3DGL,ROBAct3DGLETFP,ETF Plus,3DGL.MI,etf,EUR
IE000XERHYF0,3DUS,ROBAct3DUSETFP,ETF Plus,3DUS.MI,etf,EUR
DE000A0Q4R85,4BRZ,BLAETFXMBRIMETFP,ETF Plus,4BRZ.MI,etf,EUR
LU1681048804,500,AMUNDI ETF SP 500,Euronext Paris,500.PA,etf,EUR
LU1681049018,500E,AMUNDI ETF SP500,Euronext Amsterdam,500E.AS,etf,EUR
LU1681049109,500H,AMUNDI SP500 H EUR,Euronext Paris,500H.PA,etf,EUR
IE00BH4GPZ28,500X,SPDR SP 500 Acc,Euronext Amsterdam,500X.AS,etf,EUR
IE00B4K6B022,50E,HSBC EUROSTX50 ETF,Euronext Paris,50E.PA,etf,EUR
IE000QF66PE6,5ESE,INVETFS500ESETFP,ETF Plus,5ESE.MI,etf,EUR
IE00BKS7L097,5ESG,INVETFPESGITETFP,ETF Plus,5ESG.MI,etf,EUR
IE00BHXMHQ65,5ESGE,UBSETF500HIMETFP,ETF Plus,5ESGE.MI,etf,EUR
LU2555926455,5OGE,OSSIAM 5OGE ETF,Euronext Paris,5OGE.PA,etf,EUR
IE00BK5H8015,600X,SPDR STOXX ESG,Euronext Amsterdam,600X.AS,etf,EUR
IE00087GRUR0,A01U,AXAETFG0QAETFP,ETF Plus,A01U.MI,etf,EUR
IE000FMF9DG3,AAAM,M&GActAAAMETFP,ETF Plus,AAAM.MI,etf,EUR
LU1681044480,AASI,AMUNDI ETF EM ASIA,Euronext Paris,AASI.PA,etf,EUR
LU2823896811,ACE29,BNPETFI38640XPAR,Euronext Paris,ACE29.PA,etf,EUR
LU2823895847,ACE32,BNPETFI38647XPAR,Euronext Paris,ACE32.PA,etf,EUR
LU2697596745,ACES,BNP ASust EU Corp,Euronext Paris,ACES.PA,etf,EUR
LU2697596828,ACESD,BNP ASust EU CorpD,Euronext Paris,ACESD.PA,etf,EUR
IE00BN4Q0P93,ACPA,UBSETFACPAIMETFP,ETF Plus,ACPA.MI,etf,EUR
IE000J4FE268,ACPI,AXAActACPIETFP,ETF Plus,ACPI.MI,etf,EUR
IE000CYC2B65,ACSW,ISHETFACWEIMETFP,ETF Plus,ACSW.MI,etf,EUR
IE0009RE6PA1,ACT20,FAMActACT20ETFP,ETF Plus,ACT20.MI,etf,EUR
IE0009RW4WA0,ACT60,FAMActACT60ETFP,ETF Plus,ACT60.MI,etf,EUR
IE000CB2BST9,ACTEQ,FAMActACTEQETFP,ETF Plus,ACTEQ.MI,etf,EUR
IE000RSD1ZW2,ACTIJ,FAMActACTIJETFP,ETF Plus,ACTIJ.MI,etf,EUR
IE000UZQCBX5,ACTIO,FAMActACTIOETFP,ETF Plus,ACTIO.MI,etf,EUR
IE00B44Z5B48,ACWE,SPDR ACWI,Euronext Paris,ACWE.PA,etf,EUR
LU1829220216,ACWI,AMUNDI ALL CNTYWLD,Euronext Paris,ACWI.PA,etf,EUR
IE00BYM11H29,ACWIA,UBSETFACWEIMETFP,ETF Plus,ACWIA.MI,etf,EUR
IE00BYM11K57,ACWIE,UBSETFCWIEIMETFP,ETF Plus,ACWIE.MI,etf,EUR
IE000GBYNAU4,ADLU,AXAETFICET25ETFP,ETF Plus,ADLU.MI,etf,EUR
IE0004HMINW0,AEAE,AXAActAEAEETFP,ETF Plus,AEAE.MI,etf,EUR
LU1681045370,AEEM,AMUNDI ETF MSCI EM,Euronext Paris,AEEM.PA,etf,EUR
IE000APK27S2,AEGE,ISHETFI36429ETFP,ETF Plus,AEGE.MI,etf,EUR
LU1900068328,AEJ,AMUNDI ASI PA EXJP,Euronext Paris,AEJ.PA,etf,EUR
IE00094AECT1,AEJE,AXAActAEJEETFP,ETF Plus,AEJE.MI,etf,EUR
LU1737652583,AEMD,AMUETFGEASIMETFP,ETF Plus,AEMD.MI,etf,EUR
LU1437017350,AEME,AMUNDI MSCI EM DR,Euronext Paris,AEME.PA,etf,EUR
LU3086268227,AEMUS,BNPACTAEMUSXPAR,Euronext Paris,AEMUS.PA,etf,EUR
LU2881684745,AEUSE,BNPACTAEUSEXPAR,Euronext Paris,AEUSE.PA,etf,EUR
LU3329533031,AEXX,AMUETFSXXTXPAR,Euronext Paris,AEXX.PA,etf,EUR
IE0004D7VJE6,AFDU,AXAActAFDUETFP,ETF Plus,AFDU.MI,etf,EUR
LU1681041031,AFLE,AMUNDI FRN US HEU,Euronext Paris,AFLE.PA,etf,EUR
LU1681041114,AFRN,AMUNDI ETF FRN 1 3,Euronext Paris,AFRN.PA,etf,EUR
IE0008V9P2F7,AGE40,FAMActAGE40ETFP,ETF Plus,AGE40.MI,etf,EUR
IE000UXH6733,AGE50,FAMActAGE50ETFP,ETF Plus,AGE50.MI,etf,EUR
IE000CWUZKZ9,AGE60,FAMActAGE60ETFP,ETF Plus,AGE60.MI,etf,EUR
LU1681041205,AGEB,AMUETFAGEBIMETFP,ETF Plus,AGEB.MI,etf,EUR
IE00BYZK4669,AGED,Ageing Pop Acc,Euronext Amsterdam,AGED.AS,etf,EUR
LU2697597552,AGES,BNP ASust EU Gov,Euronext Paris,AGES.PA,etf,EUR
LU2697597719,AGESD,BNP ASust EU GovD,Euronext Paris,AGESD.PA,etf,EUR
IE00BDBRDM35,AGGH,ISHARES CORAG E H,Euronext Amsterdam,AGGH.AS,etf,EUR
IE000O2QIHN4,AGYU,AXAActAGYUETFP,ETF Plus,AGYU.MI,etf,EUR
LU1681040496,AHYE,AMUNDI HI YIELD EU,Euronext Paris,AHYE.PA,etf,EUR
IE000IAPH329,AHYU,AXAActAHYUETFP,ETF Plus,AHYU.MI,etf,EUR
IE000QU8JEH5,AI4U,FAMETFMVAITRETFP,ETF Plus,AI4U.MI,etf,EUR
IE000J8VOMQ9,AI4UJ,FAMETFMVAITRETFP,ETF Plus,AI4UJ.MI,etf,EUR
IE000Q9W2IR3,AIAA,ISHETFSTXAIAXPAR,Euronext Paris,AIAA.PA,etf,EUR
IE00BK5BCD43,AIAI,L&GETFAIAIIMETFP,ETF Plus,AIAI.MI,etf,EUR
IE00018U4PN8,AICU,AXAETFEMCBPAETFP,ETF Plus,AICU.MI,etf,EUR
IE00053HJRU7,AIDE,AXAActAIDEETFP,ETF Plus,AIDE.MI,etf,EUR
IE0000FA5GB7,AIGU,AXAActAIGUETFP,ETF Plus,AIGU.MI,etf,EUR
IE00069MGEE1,AIHU,AXAActAIHUETFP,ETF Plus,AIHU.MI,etf,EUR
IE000YASIPS3,AIME,AXAETFHPAEIMETFP,ETF Plus,AIME.MI,etf,EUR
IE000X59ZHE2,AINF,ISHETFSTXAINXPAR,Euronext Paris,AINF.PA,etf,EUR
IE000JBB8CR7,AIPE,AXA EUR IG ACC,Euronext Paris,AIPE.PA,etf,EUR
IE000WUTBLT5,AIPO,HANETFMVDAIPETFP,ETF Plus,AIPO.MI,etf,EUR
IE000N0TTJQ9,AIPU,AXAACTAIPUETFP,ETF Plus,AIPU.MI,etf,EUR
IE0000XTDDA8,AIQE,GLOETFIAIQV2ETFP,ETF Plus,AIQE.MI,etf,EUR
IE000AXIKJM8,AIUU,AXAETFHPAUIMETFP,ETF Plus,AIUU.MI,etf,EUR
IE000YARBD10,AJASE,BNPACTAJASEXPAR,Euronext Paris,AJASE.PA,etf,EUR
IE000T369T05,AJASH,BNPACTAJASHXPAR,Euronext Paris,AJASH.PA,etf,EUR
IE0000SS94R1,AJASR,BNPACTAJASRXPAR,Euronext Paris,AJASR.PA,etf,EUR
IE00B7WK2W23,AJEUAS,UBSETFMSASTRETFP,ETF Plus,AJEUAS.MI,etf,EUR
LU1681045024,ALAT,AMUNDI ETF EM LATA,Euronext Paris,ALAT.PA,etf,EUR
LU3243907741,ALLCE,BNPETFACWIIMXPAR,Euronext Paris,ALLCE.PA,etf,EUR
IE000L6ZMMC4,ALLW,XTRETFCSUSIMETFP,ETF Plus,ALLW.MI,etf,EUR
LU1681046691,AM3A,AMUNDI ETF AAA,Euronext Paris,AM3A.PA,etf,EUR
IE000STJ19F2,ANAE,AXAETFNA100TETFP,ETF Plus,ANAE.MI,etf,EUR
IE000QDFFK00,ANAU,AXAETFNNDXXPAR,Euronext Paris,ANAU.PA,etf,EUR
FR0010930644,ANRJ,AMUNDI ETF MS E EN,Euronext Paris,ANRJ.PA,etf,EUR
LU1681038243,ANX,AMUNDI ETF NDX 100,Euronext Paris,ANX.PA,etf,EUR
LU1900068161,APX,AMUNDI ASIA EX JPN,Euronext Paris,APX.PA,etf,EUR
IE00066L6LB9,AQDU,AXAETFEMCBPAETFP,ETF Plus,AQDU.MI,etf,EUR
IE0002DC0IL1,AQUIL,InvETFSP500ETFP,ETF Plus,AQUIL.MI,etf,EUR
IE000BWKUES1,AQWA,GLOETFAQWAIMETFP,ETF Plus,AQWA.MI,etf,EUR
IE000O5M6XO1,ARKG,ARKActARKGETFP,ETF Plus,ARKG.MI,etf,EUR
IE0003A512E4,ARKI,ARKActARKIETFP,ETF Plus,ARKI.MI,etf,EUR
IE000GA3D489,ARKK,ARKActARKKETFP,ETF Plus,ARKK.MI,etf,EUR
IE000AON7ET1,ARKX,ARKActARKXETFP,ETF Plus,ARKX.MI,etf,EUR
IE000JCW3DZ3,ARMR,GLOETFMASHLDETFP,ETF Plus,ARMR.MI,etf,EUR
IE000I7E6HL0,ARMY,HANETFARMYNXPAR,Euronext Paris,ARMY.PA,etf,EUR
IE0000U1XBZ0,ASAE,AXAActASAEETFP,ETF Plus,ASAE.MI,etf,EUR
IE0002FPYN09,ASHE,AXAActASHEETFP,ETF Plus,ASHE.MI,etf,EUR
IE000N3TZN02,ASHU,AXAActASHUETFP,ETF Plus,ASHU.MI,etf,EUR
LU1900068914,ASI,AMUNDI CHINA ENTP,Euronext Paris,ASI.PA,etf,EUR
IE000P0AMD16,ASLU,AXAActASLUETFP,ETF Plus,ASLU.MI,etf,EUR
IE00BFZPF322,AT1,INVETFAT1IMETFP,ETF Plus,AT1.MI,etf,EUR
IE00BG0TQB18,AT1D,INVETFAT1IMETFP,ETF Plus,AT1D.MI,etf,EUR
IE00B3CNHG25,AUCO,L&G Gold Mining,Euronext Amsterdam,AUCO.AS,etf,EUR
IE00BD4TY451,AUSAUW,UBSETFSAUSIMETFP,ETF Plus,AUSAUW.MI,etf,EUR
IE0000LVTJ08,AUSSE,BNPACTAUSSEXPAR,Euronext Paris,AUSSE.PA,etf,EUR
IE000EETFH77,AUSSH,BNPACTAUSSHXPAR,Euronext Paris,AUSSH.PA,etf,EUR
IE000LIYGB49,AUSSR,BNPACTAUSSRXPAR,Euronext Paris,AUSSR.PA,etf,EUR
LU0496786905,AUST,MULETFASA51ETFP,ETF Plus,AUST.MI,etf,EUR
IE000UESO8H8,AVERE,FAMActAVEREETFP,ETF Plus,AVERE.MI,etf,EUR
FR0011882364,AWAT,AMUNDI W WATER PEA,Euronext Paris,AWAT.PA,etf,EUR
IE000TT7HZ88,AWDE,AXAETFHPAWIMETFP,ETF Plus,AWDE.MI,etf,EUR
IE0007QB4QS2,AWDSE,BNPACTAWDSEXPAR,Euronext Paris,AWDSE.PA,etf,EUR
IE000ATQR3N3,AWDSH,BNPActAWDSHXPAR,Euronext Paris,AWDSH.PA,etf,EUR
IE000K48NTA1,AWDSR,BNPACTAWDSRXPAR,Euronext Paris,AWDSR.PA,etf,EUR
IE000SU7USQ3,AWDU,AXAETFHPAWIMETFP,ETF Plus,AWDU.MI,etf,EUR
IE00BDQZMX67,AWESG,UBSETFWESGIMETFP,ETF Plus,AWESG.MI,etf,EUR
IE000YKHGYN2,AWEX,XTRETFNQGETSETFP,ETF Plus,AWEX.MI,etf,EUR
IE00BDR55927,AWSR,UBS ETF AWSR,Euronext Amsterdam,AWSR.AS,etf,EUR
IE00BDR55471,AWSRIA,UBSETFSRIAIMETFP,ETF Plus,AWSRIA.MI,etf,EUR
IE000D5R9C23,AXEE,ISHActAXEEETFP,ETF Plus,AXEE.MI,etf,EUR
IE000XNGQNH4,AZCO,AllActAZCOETFP,ETF Plus,AZCO.MI,etf,EUR
IE000519M2U5,AZEQ,ALLActAZEQETFP,ETF Plus,AZEQ.MI,etf,EUR
IE00018QXOE3,AZGE,AllActAZGEETFP,ETF Plus,AZGE.MI,etf,EUR
IE000NZURBQ4,AZGQ,ALLActAZGQETFP,ETF Plus,AZGQ.MI,etf,EUR
IE0001Y8Y3Z2,AZGV,AllActAZGVETFP,ETF Plus,AZGV.MI,etf,EUR
IE000X8XBOX6,AZUE,AllActAZUEETFP,ETF Plus,AZUE.MI,etf,EUR
IE000LST78X7,AZUQ,ALLActAZUQETFP,ETF Plus,AZUQ.MI,etf,EUR
IE000XPG7Q27,B1TA,ISHActB1TAXAMS,Euronext Amsterdam,B1TA.AS,etf,EUR
IE000WA6L436,B26A,iBds D26 Term E Ac,Euronext Paris,B26A.PA,etf,EUR
IE0008UEVOE0,B28A,iBds D28 Term E Ac,Euronext Paris,B28A.PA,etf,EUR
IE000DYQE2Q3,BAT1,ISHActBAT1ETFP,ETF Plus,BAT1.MI,etf,EUR
IE00BF0M2Z96,BATT,L&G Battery Value,Euronext Amsterdam,BATT.AS,etf,EUR
IE00BJK9HD13,BBEG,JP ETFBBEGIMETFP,ETF Plus,BBEG.MI,etf,EUR
IE00BJK3WF00,BBIL,JP ETFBBILIMETFP,ETF Plus,BBIL.MI,etf,EUR
LU3142893745,BBLOK,MOSActBBLOKXPAR,Euronext Paris,BBLOK.PA,etf,EUR
IE000JNKVS10,BBSC,JP ETFBBSCIMETFP,ETF Plus,BBSC.MI,etf,EUR
IE00BJK9HH50,BBTR,JP ETFBBTRIMETFP,ETF Plus,BBTR.MI,etf,EUR
IE00BJK9H753,BBUS,JP ETFBBUSIMETFP,ETF Plus,BBUS.MI,etf,EUR
IE00BGBN6P67,BCHN,INVETFBCHNIMETFP,ETF Plus,BCHN.MI,etf,EUR
IE000AYJ75E5,BE26,INVETFI38679ETFP,ETF Plus,BE26.MI,etf,EUR
IE000XOS4OJ6,BE27,INVETFI38680ETFP,ETF Plus,BE27.MI,etf,EUR
IE000LKGEZQ6,BE28,INVETFI38681ETFP,ETF Plus,BE28.MI,etf,EUR
IE000ZC4C5Q1,BE29,INVETFI38676ETFP,ETF Plus,BE29.MI,etf,EUR
IE000W6YTDH7,BE30,INVETFI38678ETFP,ETF Plus,BE30.MI,etf,EUR
FR0000021842,BEL,AMUNDI ETF BEL 20,Euronext Brussels,BEL.BR,etf,EUR
FR0010446146,BERMIB,MULSTRRTIBITETFP,ETF Plus,BERMIB.MI,etf,EUR
LU3307215619,BFRM,BNPActBFRMXPAR,Euronext Paris,BFRM.PA,etf,EUR
IE000M46QA27,BIGUS,BNPETFCSUSIMXPAR,Euronext Paris,BIGUS.PA,etf,EUR
IE00BF0H7608,BIOT,L&G Pharma Breakth,Euronext Amsterdam,BIOT.AS,etf,EUR
IE000XAGSCY5,BKCH,GLOETFBKCHIMETFP,ETF Plus,BKCH.MI,etf,EUR
IE000PTMIE90,BLDR,ISHETFSWEBRXPAR,Euronext Paris,BLDR.PA,etf,EUR
DE000A2QP4D2,BLNT,INVETFJPEIBRXAMS,Euronext Amsterdam,BLNT.AS,etf,EUR
IE00BF5DXP42,BLOK,FIRETFBLOKIMETFP,ETF Plus,BLOK.MI,etf,EUR
IE000RDRMSD1,BLTH,ISHETFBLTHIMETFP,ETF Plus,BLTH.MI,etf,EUR
LU2194447293,BLUE,BNPP ESG BLUE ETF,Euronext Paris,BLUE.PA,etf,EUR
IE00043CMIN7,BNEH,ISHETFSP9BKCXAMS,Euronext Amsterdam,BNEH.AS,etf,EUR
LU1834983477,BNK,AMUNDI STX EU BANK,Euronext Paris,BNK.PA,etf,EUR
LU1829219390,BNKE,AMUNDI EUR STXBNK,Euronext Paris,BNKE.PA,etf,EUR
LU3401765535,BOOST,GLOActBOOSTXPAR,Euronext Paris,BOOST.PA,etf,EUR
IE00BLCHJB90,BOTZ,GLOETFBOTZIMETFP,ETF Plus,BOTZ.MI,etf,EUR
LU1834983550,BRES,AMUNDI ST EU BA RE,Euronext Paris,BRES.PA,etf,EUR
IE00B1W57M07,BRIC,ISHARES BIC 50,Euronext Amsterdam,BRIC.AS,etf,EUR
IE000PS0J481,BRIJ,GLOETFMAEUIDETFP,ETF Plus,BRIJ.MI,etf,EUR
LU3257630437,BRIX,BNPETFM1EFXPAR,Euronext Paris,BRIX.PA,etf,EUR
IE000O36LOH8,BS26,INVETFI38674ETFP,ETF Plus,BS26.MI,etf,EUR
IE000BMDG046,BS27,INVETFI38675ETFP,ETF Plus,BS27.MI,etf,EUR
IE000A0RC215,BS28,INVETFI38673ETFP,ETF Plus,BS28.MI,etf,EUR
IE000C5Q64P6,BS29,INVETFI38672ETFP,ETF Plus,BS29.MI,etf,EUR
IE000GB2EQ90,BS30,INVETFI38671ETFP,ETF Plus,BS30.MI,etf,EUR
IE000QRUKAG2,BSEU,BLUETFTFEUIMXAMS,Euronext Amsterdam,BSEU.AS,etf,EUR
LU2533812991,BSRIC,BNPP Agg BondSRI C,Euronext Paris,BSRIC.PA,etf,EUR
LU2533812728,BSRID,BNPP Agg BondSRI D,Euronext Paris,BSRID.PA,etf,EUR
IE000PAW6X57,BSTE,BLUETFUST100XAMS,Euronext Amsterdam,BSTE.AS,etf,EUR
IE000HJ3ZIR8,BSUE,BLUETFUS500NXAMS,Euronext Amsterdam,BSUE.AS,etf,EUR
IE000N7ES011,BSWE,BLUETFFGLOIMXAMS,Euronext Amsterdam,BSWE.AS,etf,EUR
FR0010424135,BSX,AMUNDI ETF SX50 DS,Euronext Paris,BSX.PA,etf,EUR
LU2780872128,BT27,AMUETFCFIIITETFP,ETF Plus,BT27.MI,etf,EUR
FR0014002IH8,BTC,BITCOIN ETF EUR,Euronext Paris,BTC.PA,etf,EUR
IE000RWFQT12,BTECH,FAMETFMVBIOPETFP,ETF Plus,BTECH.MI,etf,EUR
IE000YXUZAN8,BTECJ,FAMETFMVBIOPETFP,ETF Plus,BTECJ.MI,etf,EUR
IE00B1FZS798,BTMA,ISHARES US T 7-10,Euronext Amsterdam,BTMA.AS,etf,EUR
LU1598691217,BTP10,LYXETFTP10IMETFP,ETF Plus,BTP10.MI,etf,EUR
LU1598691050,BTP13,LYXETFTP13IMETFP,ETF Plus,BTP13.MI,etf,EUR
FR0011023621,BTPS,MULTI ETF BTP DDS,Euronext Paris,BTPS.PA,etf,EUR
IE00BMH5Y871,BUG,GLOETFBUGIMETFP,ETF Plus,BUG.MI,etf,EUR
IE00BLSNMW37,BUYB,INVETFBUYBIMETFP,ETF Plus,BUYB.MI,etf,EUR
FR0010411884,BX4,AMUNDI ETF BX4,Euronext Paris,BX4.PA,etf,EUR
FR0010424143,BXX,AMUNDI SX50 DDS,Euronext Paris,BXX.PA,etf,EUR
LU1681048127,BYBE,AMUNDI S&P BBck EU,Euronext Paris,BYBE.PA,etf,EUR
LU1437025023,C1U,AM MSCI UK IMI SRI,Euronext Paris,C1U.PA,etf,EUR
IE000K9Z3SF5,C300,INVETFC300IMETFP,ETF Plus,C300.MI,etf,EUR
FR0010754200,C3M,AMUNDI ETF GV 0-6M,Euronext Paris,C3M.PA,etf,EUR
LU1681046931,C40,AMUNDI ETF CAC 40,Euronext Paris,C40.PA,etf,EUR
LU1681047079,C4D,AMUNDIETF CAC40(D),Euronext Paris,C4D.PA,etf,EUR
LU1681047236,C50,AMUNDI ETF ES50 C,Euronext Paris,C50.PA,etf,EUR
IE0000FCGYF9,C500,INVETFC500IMETFP,ETF Plus,C500.MI,etf,EUR
LU2090062865,C53D,AMUNDI EUR GVTB57D,Euronext Paris,C53D.PA,etf,EUR
FR0010790980,C5E,AMUNDI ETF STOXX50,Euronext Paris,C5E.PA,etf,EUR
LU1681040223,C6E,AMUNDI ETF STOX600,Euronext Paris,C6E.PA,etf,EUR
FR001400ZGQ9,CA40,MULETFC40TRIXPAR,Euronext Paris,CA40.PA,etf,EUR
FR0007052782,CAC,AMUNDI ETF CAC 40,Euronext Paris,CAC.PA,etf,EUR
FR0013380607,CACC,AMUNDI CAC40 ACC,Euronext Paris,CACC.PA,etf,EUR
LU0950672807,CANA,UBSETFMSCAETFP,ETF Plus,CANA.MI,etf,EUR
LU1079842321,CAPE,OSSIAM ETF CAPE EU,Euronext Paris,CAPE.PA,etf,EUR
LU1446552652,CAPH,OSSETFCAPUIMXPAR,Euronext Paris,CAPH.PA,etf,EUR
LU1079841273,CAPU,OSSIAM ETF CAPE US,Euronext Paris,CAPU.PA,etf,EUR
LU3025345516,CASHE,BNPETFSOESTRXPAR,Euronext Paris,CASHE.PA,etf,EUR
IE000UWJUW87,CATB,HANActCATBETFP,ETF Plus,CATB.MI,etf,EUR
LU2216829809,CATH,LYXETFCATHIMETFP,ETF Plus,CATH.MI,etf,EUR
IE000YZIVX22,CATHEM,FRAETFTHEMIMETFP,ETF Plus,CATHEM.MI,etf,EUR
IE00094FRAA6,CAUT,GLOETFCAUTIMETFP,ETF Plus,CAUT.MI,etf,EUR
LU1681046261,CB3,AMUNDI ETF IG ALL,Euronext Paris,CB3.PA,etf,EUR
IE00B3VTML14,CBE7,iSHR E Gov 3-7A,Euronext Amsterdam,CBE7.AS,etf,EUR
IE000P16KP52,CBEU,FT CBR EUR HDG,Euronext Amsterdam,CBEU.AS,etf,EUR
IE00BJSBCS90,CBND,GOLETFCBNDIMETFP,ETF Plus,CBND.MI,etf,EUR
LU1484799769,CBSE,UBS ETF CBSE,Euronext Amsterdam,CBSE.AS,etf,EUR
LU1215461168,CBSUSA,UBSETFSUSAIMETFP,ETF Plus,CBSUSA.MI,etf,EUR
IE00B3VWN393,CBU7,iSHR $ Gov 3-7A,Euronext Amsterdam,CBU7.AS,etf,EUR
LU1681043912,CC1,AMUNDI ETF MS CHN,Euronext Paris,CC1.PA,etf,EUR
LU1681039647,CC4,AMUNDI ETF EUR CRP,Euronext Paris,CC4.PA,etf,EUR
IE00BZ0XVF52,CCBO,WISETFCCBOIMETFP,ETF Plus,CCBO.MI,etf,EUR
IE00B58HMN42,CCEUAS,UBSETFEUASIMETFP,ETF Plus,CCEUAS.MI,etf,EUR
LU3281687312,CCNA,oneETFMXEUEUETFP,ETF Plus,CCNA.MI,etf,EUR
LU3281687668,CCNB,oneETFNE7126ETFP,ETF Plus,CCNB.MI,etf,EUR
LU3281687825,CCNC,oneETFNE7126ETFP,ETF Plus,CCNC.MI,etf,EUR
LU3281688120,CCNE,oneETFNE7126ETFP,ETF Plus,CCNE.MI,etf,EUR
LU3281688476,CCNG,oneETFMF7554ETFP,ETF Plus,CCNG.MI,etf,EUR
LU3281688633,CCNH,oneETFMFGORTETFP,ETF Plus,CCNH.MI,etf,EUR
LU3281688807,CCNI,oneETFMFUNIGETFP,ETF Plus,CCNI.MI,etf,EUR
IE00B53H0131,CCUSAS,UBSETFUSASIMETFP,ETF Plus,CCUSAS.MI,etf,EUR
LU1681047319,CD5,AMUNDI ETF ES50 D,Euronext Paris,CD5.PA,etf,EUR
FR0010717090,CD8,AMUNDI ETF EMU HDV,Euronext Paris,CD8.PA,etf,EUR
LU1681041973,CD9,AMUNDI ETF EU HDVD,Euronext Paris,CD9.PA,etf,EUR
LU1681045537,CE8,AMUNDI ETF W EX EU,Euronext Paris,CE8.PA,etf,EUR
IE000Z3S26J2,CEB7,ISHETFSP500ETFP,ETF Plus,CEB7.MI,etf,EUR
LU1900066462,CEC,AMUNDI ETF EASTERN,Euronext Paris,CEC.PA,etf,EUR
IE0008BA4TY1,CEGI,HANActCEGIETFP,ETF Plus,CEGI.MI,etf,EUR
LU1681041544,CEM,AMUNDI ETF EUR MID,Euronext Paris,CEM.PA,etf,EUR
IE00BKM4H197,CEMG,MSCI EM CGrwth A,Euronext Amsterdam,CEMG.AS,etf,EUR
IE00B53QG562,CEMU,iSHR MSCI EMUSC,Euronext Amsterdam,CEMU.AS,etf,EUR
LU1681042609,CEU,AMUNDI MSCI EUROPE,Euronext Paris,CEU.PA,etf,EUR
LU1437015735,CEU2,AMUNDI MSCI EUR DR,Euronext Paris,CEU2.PA,etf,EUR
IE00BYXZ2585,CEUD,ISHETFSEMUIMETFP,ETF Plus,CEUD.MI,etf,EUR
FR0010655704,CF1,AMUNDI ETF CAC FRA,Euronext Paris,CF1.PA,etf,EUR
FR0010655712,CG1,AMUNDI ETF DAX DR,Euronext Paris,CG1.PA,etf,EUR
LU1681042435,CG9,AMUNDI ETF EU GROW,Euronext Paris,CG9.PA,etf,EUR
LU1094612022,CGB,XTRETFCGBIMETFP,ETF Plus,CGB.MI,etf,EUR
IE0001QF56M0,CHIN,KRAETFCHINIMETFP,ETF Plus,CHIN.MI,etf,EUR
IE00BKFB6K94,CHINA,UBSETFHINAIMETFP,ETF Plus,CHINA.MI,etf,EUR
LU2314312849,CHINE,BNPP China EUR ETF,Euronext Paris,CHINE.PA,etf,EUR
LU1900066033,CHIP,AMUNDI MSCI SEMICO,Euronext Paris,CHIP.PA,etf,EUR
LU1834983634,CHM,AMUNDI STX600 BMAT,Euronext Paris,CHM.PA,etf,EUR
IE0000ZL1RD2,CHPX,GLOETFMACHPXETFP,ETF Plus,CHPX.MI,etf,EUR
IE000T8QD852,CHPY,HANActCHPYETFP,ETF Plus,CHPY.MI,etf,EUR
LU1681043086,CI2,AMUNDI ETF MS IND,Euronext Paris,CI2.PA,etf,EUR
LU2095995895,CIB,UBSETFCIBIMETFP,ETF Plus,CIB.MI,etf,EUR
IE00BF16M727,CIBR,FIRETFCIBRIMETFP,ETF Plus,CIBR.MI,etf,EUR
LU1953188833,CINESG,UBSETFNESGIMETFP,ETF Plus,CINESG.MI,etf,EUR
LU2265794276,CIT,UBSETFCITIMETFP,ETF Plus,CIT.MI,etf,EUR
LU2265794946,CITE,UBSETFCITEIMETFP,ETF Plus,CITE.MI,etf,EUR
IE00BKTLJC87,CITY,IS SMRT CY IN ACC,Euronext Paris,CITY.PA,etf,EUR
LU1602144732,CJ1,AMUNDI MSCI JAP E,Euronext Paris,CJ1.PA,etf,EUR
FR0010755611,CL2,AMUNDI ETF LEV USA,Euronext Paris,CL2.PA,etf,EUR
LU2109787049,CLEM,Amundi MSCIEmBroad,Euronext Paris,CLEM.PA,etf,EUR
LU1563454310,CLIM,AMUNDI GREEN BOND,Euronext Paris,CLIM.PA,etf,EUR
IE00BN4PXC48,CLIMA,UBSETFLIMAIMETFP,ETF Plus,CLIMA.MI,etf,EUR
IE000GSIFIB0,CLIP,GLOETFSOLTBIETFP,ETF Plus,CLIP.MI,etf,EUR
IE00BNC1F287,CLMA,GUINNESS SUST ENG,Euronext Paris,CLMA.PA,etf,EUR
LU1563454401,CLMD,MULETFCLIMIMETFP,ETF Plus,CLMD.MI,etf,EUR
LU3028243122,CLO,UBSActCLOETFP,ETF Plus,CLO.MI,etf,EUR
IE000Y2JPPS4,CLOA,INVActCLOAETFP,ETF Plus,CLOA.MI,etf,EUR
IE000U7LIXH5,CLOD,INVActCLODETFP,ETF Plus,CLOD.MI,etf,EUR
IE00BMH5YF48,CLOU,GLOETFCLOUIMETFP,ETF Plus,CLOU.MI,etf,EUR
IE000PB4LRO2,CLWD,AmMSCIWorld ESG,Euronext Paris,CLWD.PA,etf,EUR
FR001400XS96,CM5E,CMAETFSX5TXPAR,Euronext Paris,CM5E.PA,etf,EUR
FR0010756114,CM9,AMUNDI ETF W X EMU,Euronext Paris,CM9.PA,etf,EUR
FR0014018UD8,CMEM,CMAETFGEASIMXPAR,Euronext Paris,CMEM.PA,etf,EUR
IE00B5WHFQ43,CMEX,iSHR Mexico Cap,Euronext Amsterdam,CMEX.AS,etf,EUR
IE000CYTPBT0,CMOC,INVETFBCOMCAETFP,ETF Plus,CMOC.MI,etf,EUR
IE00BD6FTQ80,CMOD,INVETFBLOCOMETFP,ETF Plus,CMOD.MI,etf,EUR
IE00BF4J0300,CMOE,INVETFBLOCOMETFP,ETF Plus,CMOE.MI,etf,EUR
DE000A0H0728,CMSE,iS Div Comm Swp DE,Euronext Paris,CMSE.PA,etf,EUR
FR0014018UB2,CMSP,CMAETFSP500XPAR,Euronext Paris,CMSP.PA,etf,EUR
LU1602144575,CMU,AM EMU ESG LEAD EU,Euronext Paris,CMU.PA,etf,EUR
LU2059756325,CMUD,AM EMU ESG LEAD D,Euronext Paris,CMUD.PA,etf,EUR
IE000OULL4R4,CMXUS,UBSETFCSUSIMETFP,ETF Plus,CMXUS.MI,etf,EUR
LU1681044647,CN1,AMUNDI ETF MS NOR,Euronext Paris,CN1.PA,etf,EUR
IE000AWRDWI7,CN50,INVETFCNT50UETFP,ETF Plus,CN50.MI,etf,EUR
FR0011720911,CNAA,MULTI Hwabao Chin,Euronext Paris,CNAA.PA,etf,EUR
LU1829218822,CNB,AMUNDI ESG CRPEXFN,Euronext Paris,CNB.PA,etf,EUR
IE00B53SZB19,CNDX,iSHR NASDAQ 100,Euronext Amsterdam,CNDX.AS,etf,EUR
LU2343997487,CNEG,Amundi MSCI CHINA,Euronext Paris,CNEG.PA,etf,EUR
IE0000H445G8,CNEW,VANETFCNEWIMETFP,ETF Plus,CNEW.MI,etf,EUR
IE00B44T3H88,CNY,HSBC MSCI CHINA,Euronext Paris,CNY.PA,etf,EUR
IE00BQT3WG13,CNYA,MSCI China A Acc,Euronext Amsterdam,CNYA.AS,etf,EUR
IE00BYPC1H27,CNYB,ISHETFCNYBIMETFP,ETF Plus,CNYB.MI,etf,EUR
IE00099GAJC6,CNYE,ISHETFCNYEIMETFP,ETF Plus,CNYE.MI,etf,EUR
IE00BFNNN343,COBA,WISETFCOBOIMETFP,ETF Plus,COBA.MI,etf,EUR
IE00BFNNN236,COBO,WISETFCOBOIMETFP,ETF Plus,COBO.MI,etf,EUR
IE000NM0ALX6,CODW,Amundi S&P Co Disc,Euronext Paris,CODW.PA,etf,EUR
IE0004HE5624,COME,SSGETFDC3MQEETFP,ETF Plus,COME.MI,etf,EUR
IE00B4WPHX27,COMF,L&G Lg Dat Commod,Euronext Amsterdam,COMF.AS,etf,EUR
LU1900069219,COMH,MULETFETFP,ETF Plus,COMH.MI,etf,EUR
IE000IIHLZL0,COMN,LG ETFBCCFBTETFP,ETF Plus,COMN.MI,etf,EUR
LU1829218749,COMO,AMUNDI BBG Eql wgt,Euronext Paris,COMO.PA,etf,EUR
IE00BNH72088,CONV,SSGETFCONVIMETFP,ETF Plus,CONV.MI,etf,EUR
IE00BN4GXL63,COOL,TABETFCOOLIMETFP,ETF Plus,COOL.MI,etf,EUR
IE00063FT9K6,COPM,ISHETFSTXCPPETFP,ETF Plus,COPM.MI,etf,EUR
IE000IQQEL77,COPR,HANETFNSCOPEETFP,ETF Plus,COPR.MI,etf,EUR
IE0003Z9E2Y3,COPX,GLOETFCOPXIMETFP,ETF Plus,COPX.MI,etf,EUR
IE00B7J7TB45,CORP,ISHETFCORPIMETFP,ETF Plus,CORP.MI,etf,EUR
FR001400KE06,COSE,Am PEA US ConsStpl,Euronext Paris,COSE.PA,etf,EUR
IE000ZIJ5B20,COSW,Amundi S&P Co Stap,Euronext Paris,COSW.PA,etf,EUR
LU1602144906,CP9,AM PAC XJP SRI EUR,Euronext Paris,CP9.PA,etf,EUR
IE00B52MJY50,CPXJ,iSHR Pac xJpn A,Euronext Amsterdam,CPXJ.AS,etf,EUR
IE000EBFYWX3,CROP,GLOETFCROPIMETFP,ETF Plus,CROP.MI,etf,EUR
LU1829219127,CRP,AMUNDI ESG EUR CRP,Euronext Paris,CRP.PA,etf,EUR
IE00BFM6TB42,CRPA,ISHETFCORPIMETFP,ETF Plus,CRPA.MI,etf,EUR
FR0010655746,CS1,AMUNDI ETF MS SPA,Euronext Paris,CS1.PA,etf,EUR
LU1681044308,CS9,AMUNDI ETF EU X SW,Euronext Paris,CS9.PA,etf,EUR
IE00B3VTMJ91,CSBGE3,ISHETFIBGSIMETFP,ETF Plus,CSBGE3.MI,etf,EUR
IE00B3VWN179,CSBGU3,ISHETFBGU3IMETFP,ETF Plus,CSBGU3.MI,etf,EUR
IE00B52SF786,CSCA,iSHR Canada,Euronext Amsterdam,CSCA.AS,etf,EUR
IE00B5L8K969,CSEMAS,ISHETFEMAEIMETFP,ETF Plus,CSEMAS.MI,etf,EUR
IE00B3VWMM18,CSEMUS,ISHETFETUSITETFP,ETF Plus,CSEMUS.MI,etf,EUR
FR0010510800,CSH,AMUNDI EUR CASH,Euronext Paris,CSH.PA,etf,EUR
LU1190417599,CSH2,LYXACTSMARTXPAR,Euronext Paris,CSH2.PA,etf,EUR
IE00B53QDK08,CSJP,iSHR Japan A,Euronext Amsterdam,CSJP.AS,etf,EUR
IE00B5W4TY14,CSKR,ISHETFCSKRIMETFP,ETF Plus,CSKR.MI,etf,EUR
IE00B53L4X51,CSMIB,ISHETFSMIBIMETFP,ETF Plus,CSMIB.MI,etf,EUR
IE00B52MJD48,CSNKY,ISHETFN225ETFP,ETF Plus,CSNKY.MI,etf,EUR
IE000Y7V5EW2,CSPEH,ISHETFSP500XAMS,Euronext Amsterdam,CSPEH.AS,etf,EUR
IE00B5BMR087,CSPX,iSHR S&P500 B A,Euronext Amsterdam,CSPX.AS,etf,EUR
IE00B52SFT06,CSUS,iSHR MSCI USA,Euronext Amsterdam,CSUS.AS,etf,EUR
IE00B3VWM098,CSUSS,ISHETFSUSSIMETFP,ETF Plus,CSUSS.MI,etf,EUR
LU1681044720,CSW,AMUNDI ETF MS SWI,Euronext Paris,CSW.PA,etf,EUR
IE00B53L3W79,CSX5,iSHR ESTX50 B A,Euronext Amsterdam,CSX5.AS,etf,EUR
IE00BMH5YL08,CTEK,GLOETFCTEKIMETFP,ETF Plus,CTEK.MI,etf,EUR
LU1681042864,CU2,AMUNDI ETF MSCI US,Euronext Paris,CU2.PA,etf,EUR
FR0010821819,CU9,AMUNDI ETF EU X EM,Euronext Paris,CU9.PA,etf,EUR
IE0007LAQ4A1,CUEB,ISHETFIDCOT3XAMS,Euronext Amsterdam,CUEB.AS,etf,EUR
IE000B9PQW54,CURE,VANETFCUREIMETFP,ETF Plus,CURE.MI,etf,EUR
LU1681042518,CV9,AMUNDI ETF EU VALU,Euronext Paris,CV9.PA,etf,EUR
LU1681043599,CW8,AMUNDI ETF MSCI WR,Euronext Paris,CW8.PA,etf,EUR
LU1681046006,CWE,AMUNDI ETF WLD NRJ,Euronext Paris,CWE.PA,etf,EUR
IE00BKT6VQ12,CYBE,ISHARES CNYB EHA,Euronext Amsterdam,CYBE.AS,etf,EUR
IE0005TF96I9,CYBO,VANETFMVIBIOETFP,ETF Plus,CYBO.MI,etf,EUR
IE00BJXRZJ40,CYBR,RIZETFCYBRIMXAMS,Euronext Amsterdam,CYBR.AS,etf,EUR
IE00BKPSFD61,CYEA,iS China Bond Acc,Euronext Paris,CYEA.PA,etf,EUR
IE00BMDKNW35,DAPP,VANETFDAPPIMXPAR,Euronext Paris,DAPP.PA,etf,EUR
IE000GA7JQV8,DATAC,AMUETFSOLGDCXPAR,Euronext Paris,DATAC.PA,etf,EUR
LU0252633754,DAX,AMUNDI ETF DAX,Euronext Paris,DAX.PA,etf,EUR
LU2240851688,DAXESG,AMUETFXESGIMETFP,ETF Plus,DAXESG.MI,etf,EUR
LU2951555403,DBMFE,IMGACTDBMFEXPAR,Euronext Paris,DBMFE.PA,etf,EUR
FR001400U5Q4,DCAM,AMUETFMSDEWIXPAR,Euronext Paris,DCAM.PA,etf,EUR
LU3038520774,DEFS,AMUETFSXDCRXPAR,Euronext Paris,DEFS.PA,etf,EUR
IE00B4QNHH68,DEL2,L&GSTRDEL2IMETFP,ETF Plus,DEL2.MI,etf,EUR
IE00BQQ3Q067,DEM,WISETFDEMRIMETFP,ETF Plus,DEM.MI,etf,EUR
IE00BDF12W49,DEMR,WISETFDEMRIMETFP,ETF Plus,DEMR.MI,etf,EUR
IE00B4QNHZ41,DES2,L&GSTRDES2IMETFP,ETF Plus,DES2.MI,etf,EUR
IE00BQZJC527,DFE,WISETFDFEAIMETFP,ETF Plus,DFE.MI,etf,EUR
IE00BDF16114,DFEA,WISETFDFEAIMETFP,ETF Plus,DFEA.MI,etf,EUR
IE000IAXNM41,DFEU,ISHETFSWEUTDXAMS,Euronext Amsterdam,DFEU.AS,etf,EUR
IE000U9ODG19,DFND,ISHETFSPDBADXPAR,Euronext Paris,DFND.PA,etf,EUR
IE000YYE6WK5,DFNS,VANETFMVKGDFXPAR,Euronext Paris,DFNS.PA,etf,EUR
IE00023EZQ82,DGGE,ISH DIG EN & ED US,Euronext Paris,DGGE.PA,etf,EUR
IE00BZ56RG20,DGRA,WT US QDG-USD Acc,Euronext Paris,DGRA.PA,etf,EUR
IE000CXVOXQ1,DGRE,WISETFWTDGNHETFP,ETF Plus,DGRE.MI,etf,EUR
IE00BQZJBM26,DGSE,WISETFDGSEIMETFP,ETF Plus,DGSE.MI,etf,EUR
IE00BYZK4883,DGTL,Dgtlstn Acc,Euronext Amsterdam,DGTL.AS,etf,EUR
IE00BQZJBQ63,DHS,WISETFDHSAIMETFP,ETF Plus,DHS.MI,etf,EUR
IE00BD6RZT93,DHSA,WISETFDHSAIMETFP,ETF Plus,DHSA.MI,etf,EUR
IE00BD6RZW23,DHSF,WISETFDHSFIMETFP,ETF Plus,DHSF.MI,etf,EUR
IE00BJK55B31,DHYE,ISHARES UHY ESG A,Euronext Amsterdam,DHYE.AS,etf,EUR
IE000I1D7D10,DI27,iBds D27 Term $ Ac,Euronext Paris,DI27.PA,etf,EUR
IE000Y9XFN19,DI35,ISHETFI40144XPAR,Euronext Paris,DI35.PA,etf,EUR
US78467X1090,DIA,SPDR DJIA TRUST,Euronext Amsterdam,DIA.AS,etf,EUR
IE000IMGE5W5,DIVA,FRAETFFLXDIMXPAR,Euronext Paris,DIVA.PA,etf,EUR
IE000ZZJ48Q0,DIVO,FRAETFFLQD71ETFP,ETF Plus,DIVO.MI,etf,EUR
IE000CO65C82,DIVW,WISETFWTGDHYETFP,ETF Plus,DIVW.MI,etf,EUR
FR0007056841,DJE,AMUNDI ETF DJIA,Euronext Paris,DJE.PA,etf,EUR
IE00B02KXL92,DJMC,ISHARES ESTOXX MID,Euronext Amsterdam,DJMC.AS,etf,EUR
IE00B02KXM00,DJSC,ISHARES ESTOXX SML,Euronext Amsterdam,DJSC.AS,etf,EUR
IE000FP52WM7,DMAT,GLOETFDMATIMETFP,ETF Plus,DMAT.MI,etf,EUR
IE00BK5BC677,DOCT,L&GETFDOCTIMETFP,ETF Plus,DOCT.MI,etf,EUR
IE00BF92J153,DPAY,L&GETFDPAYIMETFP,ETF Plus,DPAY.MI,etf,EUR
IE000CEUZ052,DRAM,HANETFIDGSMCXPAR,Euronext Paris,DRAM.PA,etf,EUR
IE00BLRPQL76,DRGN,L&GETFDRGNIMETFP,ETF Plus,DRGN.MI,etf,EUR
IE0003XW12I8,DRON,HANETFDRONESETFP,ETF Plus,DRON.MI,etf,EUR
IE000F4W1QI5,DRTD,WISActDRTDETFP,ETF Plus,DRTD.MI,etf,EUR
IE0005VCFMG0,DRTN,WISActDRTNETFP,ETF Plus,DRTN.MI,etf,EUR
IE00BMH5YR69,DRVE,GLOETFDRVEIMETFP,ETF Plus,DRVE.MI,etf,EUR
FR0010869578,DSB,AMUNDI BUND DDS,Euronext Paris,DSB.PA,etf,EUR
FR0010869495,DSD,AMUNDI ETF DAX DS2,Euronext Paris,DSD.PA,etf,EUR
LU1327051279,DSP5,MULSTRM004USXPAR,Euronext Paris,DSP5.PA,etf,EUR
IE000T8E6SX8,DTEH,ISHETFIDCOT2XAMS,Euronext Amsterdam,DTEH.AS,etf,EUR
NL0009272764,DTM,VE Conservative,Euronext Amsterdam,DTM.AS,etf,EUR
IE000N40JO74,DUEE,ISHActDUEEXAMS,Euronext Amsterdam,DUEE.AS,etf,EUR
LU3132432900,DXDC,AILETFBCMCTGETFP,ETF Plus,DXDC.MI,etf,EUR
LU3132433031,DXDCH,AILETFBCCTGMETFP,ETF Plus,DXDCH.MI,etf,EUR
LU2870272734,DXEU,AILETFNE7214ETFP,ETF Plus,DXEU.MI,etf,EUR
LU3008629340,DXEZ,AILETFNE7211ETFP,ETF Plus,DXEZ.MI,etf,EUR
LU2870273385,DXG10,AILETFI38815ETFP,ETF Plus,DXG10.MI,etf,EUR
LU2870273039,DXG3,AILETFI38181ETFP,ETF Plus,DXG3.MI,etf,EUR
LU2870273203,DXG5,AILETFI38183ETFP,ETF Plus,DXG5.MI,etf,EUR
IE00BVXC4854,DXJ,WISETFDXJIMETFP,ETF Plus,DXJ.MI,etf,EUR
IE00BYQCZJ13,DXJF,WISETFDXJFIMETFP,ETF Plus,DXJF.MI,etf,EUR
IE00BYQCZN58,DXJZ,WISETFDXJZIMETFP,ETF Plus,DXJZ.MI,etf,EUR
LU2870272577,DXUS,AILETFSAUAIMETFP,ETF Plus,DXUS.MI,etf,EUR
LU2870272650,DXUSH,AILETFHE7514ETFP,ETF Plus,DXUSH.MI,etf,EUR
LU2870272908,DXWO,AILETFSAWDIMETFP,ETF Plus,DXWO.MI,etf,EUR
LU2573966905,E127,MULETFGEASIMETFP,ETF Plus,E127.MI,etf,EUR
LU1805389258,E15S,UBSETFE15SIMETFP,ETF Plus,E15S.MI,etf,EUR
FR0010150458,E40,BNPP CAC 40 ESG,Euronext Paris,E40.PA,etf,EUR
IE00BRKWGL70,E500,INVETFIUSEIMETFP,ETF Plus,E500.MI,etf,EUR
LU1971906802,E50ESG,UBSETF0ESGIMETFP,ETF Plus,E50ESG.MI,etf,EUR
LU2825556892,EAAA,ALPActEAAAETFP,ETF Plus,EAAA.MI,etf,EUR
IE00BF1B7389,EACW,SSGETFEACWIMETFP,ETF Plus,EACW.MI,etf,EUR
IE000VVC8KW9,EAT1,INVETFIBXXCAETFP,ETF Plus,EAT1.MI,etf,EUR
IE000FG3UNB8,EATA,INVETFIBXXCAETFP,ETF Plus,EATA.MI,etf,EUR
LU1525418643,EBBB,AMUNDI EURCORP BBB,Euronext Paris,EBBB.PA,etf,EUR
IE00BMH5XY61,EBIZ,GLOETFEBIZIMETFP,ETF Plus,EBIZ.MI,etf,EUR
LU3322521785,EBND,AB ActEBNDETFP,ETF Plus,EBND.MI,etf,EUR
IE0001PY6688,EBOND,FRAActEBONDETFP,ETF Plus,EBOND.MI,etf,EUR
LU2023678878,EBUY,AMUNDI DIG ECO,Euronext Paris,EBUY.PA,etf,EUR
IE00BGL86Z12,ECAR,El Vcls Drng Tch A,Euronext Amsterdam,ECAR.AS,etf,EUR
LU2099992260,ECE,UBSETFECEIMETFP,ETF Plus,ECE.MI,etf,EUR
IE00022GJEG1,ECEH,LG ETFENCOIMETFP,ETF Plus,ECEH.MI,etf,EUR
IE000VU9AUN9,ECLO,SSGActECLOETFP,ETF Plus,ECLO.MI,etf,EUR
IE000Y3ON470,ECLU,ISHActECLUXAMS,Euronext Amsterdam,ECLU.AS,etf,EUR
IE00021E4FE3,ECMA,INVACTECMAETFP,ETF Plus,ECMA.MI,etf,EUR
IE000MUAJIF4,ECMD,INVACTECMDETFP,ETF Plus,ECMD.MI,etf,EUR
IE0006LBEDV2,ECMF,INVACTECMFETFP,ETF Plus,ECMF.MI,etf,EUR
IE000PA766T7,ECMS,INVACTECMSETFP,ETF Plus,ECMS.MI,etf,EUR
LU1377382368,ECN,BNPP EASY LOWCARB,Euronext Paris,ECN.PA,etf,EUR
LU1377382442,ECND,BNPP LC EU100D PAB,Euronext Paris,ECND.PA,etf,EUR
LU2099991536,ECO,UBSETFECOIMETFP,ETF Plus,ECO.MI,etf,EUR
IE00BF0M6N54,ECOM,L&G Ecommerce,Euronext Amsterdam,ECOM.AS,etf,EUR
LU2300294316,ECR1,AMUETFECR1IMXPAR,Euronext Paris,ECR1.PA,etf,EUR
LU1437018168,ECRP,AM EUR CORP SRI DR,Euronext Paris,ECRP.PA,etf,EUR
LU2037748774,ECRP3,AMUNDI EU CRP3 SRI,Euronext Paris,ECRP3.PA,etf,EUR
IE0005RKXDO7,ECSH,ISHETFSEST85XAMS,Euronext Amsterdam,ECSH.AS,etf,EUR
IE000WRQ9RR1,EDEF,GLOETFMAEUSHETFP,ETF Plus,EDEF.MI,etf,EUR
LU1615090864,EDEU,BNPP EQDEU ESG,Euronext Paris,EDEU.PA,etf,EUR
LU0959210781,EDIV,AMUNDI ETF DIV EUR,Euronext Paris,EDIV.PA,etf,EUR
IE00BHZPJ908,EDME,ISHETFEDMEIMETFP,ETF Plus,EDME.MI,etf,EUR
IE00BLR6QB00,EDOC,GLOETFEDOCIMETFP,ETF Plus,EDOC.MI,etf,EUR
LU2059756598,EDSRI,AMUETFUSRII3ETFP,ETF Plus,EDSRI.MI,etf,EUR
IE000CPG9HG3,EDVY,FIRETFNQVRDEETFP,ETF Plus,EDVY.MI,etf,EUR
LU0950381748,EEA,BNPP FTSE EUR ETFC,Euronext Paris,EEA.PA,etf,EUR
IE00BYTH5T38,EEDV,SPDR SP EU ArESG,Euronext Amsterdam,EEDV.AS,etf,EUR
LU0192223062,EEE,BNPP FTSE EUR ETFD,Euronext Paris,EEE.PA,etf,EUR
IE00BQZJBX31,EEI,WISETFEEIAIMXPAR,Euronext Paris,EEI.PA,etf,EUR
IE00BDF16007,EEIA,WISETFEEIAIMETFP,ETF Plus,EEIA.MI,etf,EUR
LU1291097779,EEMK,BNPP EmMk ESG ETF,Euronext Paris,EEMK.PA,etf,EUR
LU1291098827,EEMU,BNPP EMU ESG ETF,Euronext Paris,EEMU.PA,etf,EUR
LU2109787635,EESG,AMUNDI EESG ETF,Euronext Paris,EESG.PA,etf,EUR
LU1291101555,EESM,BNPP SC SRI PAB,Euronext Paris,EESM.PA,etf,EUR
LU1291099718,EEUE,BNPP EU ESG ETF,Euronext Paris,EEUE.PA,etf,EUR
IE00BJQRDL90,EEUR,INVETFEEURIMETFP,ETF Plus,EEUR.MI,etf,EUR
IE00BFD26097,EFPX,FIRETFEFPXIMETFP,ETF Plus,EFPX.MI,etf,EUR
LU1974694553,EGE,UBSETFEGEIMETFP,ETF Plus,EGE.MI,etf,EUR
LU1974693662,EGO,UBSETFEGOIMETFP,ETF Plus,EGO.MI,etf,EUR
LU1437018598,EGOV,AMUNDI EUR GOV DR,Euronext Paris,EGOV.PA,etf,EUR
IE00BZ56TQ67,EGRA,WT EZ QDG-EUR Acc,Euronext Paris,EGRA.PA,etf,EUR
LU2182388236,EGRI,AMUNDI EUR AGGSRI,Euronext Paris,EGRI.PA,etf,EUR
LU2244387887,EGRO,BNPP ESGGrowth ETF,Euronext Paris,EGRO.PA,etf,EUR
IE0008SEV3B2,EGTD,INVACTEGTDETFP,ETF Plus,EGTD.MI,etf,EUR
IE00BKWD3B81,EHBA,INVETFEHBAIMETFP,ETF Plus,EHBA.MI,etf,EUR
IE000CZJPCH1,EHEB,ISHActEHEBXAMS,Euronext Amsterdam,EHEB.AS,etf,EUR
IE00BJK55C48,EHYA,ISHARES EHY ESG A,Euronext Amsterdam,EHYA.AS,etf,EUR
IE00BKWD3966,EHYB,INVETFEHBAIMETFP,ETF Plus,EHYB.MI,etf,EUR
IE00BKLC5874,EHYD,ISHARES EHY ESG D,Euronext Amsterdam,EHYD.AS,etf,EUR
IE00BGJWWY63,EIB3,INVETFEIB3IMETFP,ETF Plus,EIB3.MI,etf,EUR
IE00BGJWWV33,EIB5,INVETFEIB5IMETFP,ETF Plus,EIB5.MI,etf,EUR
IE00BGJWWT11,EIB7,INVETFEIB7IMETFP,ETF Plus,EIB7.MI,etf,EUR
IE00BGJWWX56,EIBB,INVETFEIBBIMETFP,ETF Plus,EIBB.MI,etf,EUR
IE00BGJWWW40,EIBX,INVETFEIBXIMETFP,ETF Plus,EIBX.MI,etf,EUR
LU1659681313,EISR,BNP EM SRI PAB ED,Euronext Paris,EISR.PA,etf,EUR
LU1481203070,EJAH,BNPP EASY JPH ESG,Euronext Paris,EJAH.PA,etf,EUR
LU1291102447,EJAP,BNPP JP ESG ETF,Euronext Paris,EJAP.PA,etf,EUR
IE00BHZPJ452,EJPY,ISHETFEJPYIMETFP,ETF Plus,EJPY.MI,etf,EUR
LU1659681586,EKLDC,BNP US SRI PAB EC,Euronext Paris,EKLDC.PA,etf,EUR
LU1659681669,EKUS,BNP US SRI PAB ED,Euronext Paris,EKUS.PA,etf,EUR
LU2023679090,ELCR,AMUNDI FUTUR MOB,Euronext Paris,ELCR.PA,etf,EUR
LU1691909508,ELLE,AMUNDI GENDER EQUA,Euronext Paris,ELLE.PA,etf,EUR
IE00B466KX20,EMAE,SSGETFEMAEIMETFP,ETF Plus,EMAE.MI,etf,EUR
IE00B9M6RS56,EMBE,ISHETFEMBEIMETFP,ETF Plus,EMBE.MI,etf,EUR
LU1547515137,EMBH,BNPPJPM ESGEMH ETF,Euronext Paris,EMBH.PA,etf,EUR
LU1686831030,EMBHI,LYXETFEMBHIMETFP,ETF Plus,EMBHI.MI,etf,EUR
IE00B6TLBW47,EMCR,ISHETFEMCRIMETFP,ETF Plus,EMCR.MI,etf,EUR
IE00BLRPQP15,EMD5,L&GETFEMD5IMETFP,ETF Plus,EMD5.MI,etf,EUR
IE00BK8JH525,EMDE,SSGETFEMDEIMETFP,ETF Plus,EMDE.MI,etf,EUR
IE00B6YX5B26,EMDV,SSGETFEMDVIMETFP,ETF Plus,EMDV.MI,etf,EUR
IE000OVF8Q66,EMEE,ISHActEMEEETFP,ETF Plus,EMEE.MI,etf,EUR
IE00BHZPJ239,EMEG,ISHETFEMEGIMETFP,ETF Plus,EMEG.MI,etf,EUR
LU1547516291,EMEH,BNPP EMEHETF,Euronext Paris,EMEH.PA,etf,EUR
IE0004I037N4,EMERG,FRAETFEMGMIVXPAR,Euronext Paris,EMERG.PA,etf,EUR
LU2109787551,EMESG,AMUETFMESGIMETFP,ETF Plus,EMESG.MI,etf,EUR
IE00BFZPF546,EMGA,ISHETFGBIE10XPAR,Euronext Paris,EMGA.PA,etf,EUR
IE00B3Z3FS74,EMGEAS,UBSETFGEASIMETFP,ETF Plus,EMGEAS.MI,etf,EUR
IE000MINO564,EMGH,L&GETFEMD5IMETFP,ETF Plus,EMGH.MI,etf,EUR
IE00BP46NG52,EMH5,SSGETFEMH5IMETFP,ETF Plus,EMH5.MI,etf,EUR
IE00BYYXBF44,EMHD,IVZ FTSE EM HDLV,Euronext Paris,EMHD.PA,etf,EUR
IE00BJL36X53,EMHE,SSGETFEMHEIMETFP,ETF Plus,EMHE.MI,etf,EUR
LU1974695790,EMIG,UBSETFEMIGIMETFP,ETF Plus,EMIG.MI,etf,EUR
LU1974696418,EMIGE,UBSETFMIGEIMETFP,ETF Plus,EMIGE.MI,etf,EUR
IE00BKM4GZ66,EMIM,ISHARES EMIM,Euronext Amsterdam,EMIM.AS,etf,EUR
LU1659681230,EMIS,BNP EM SRI EC ESG,Euronext Paris,EMIS.PA,etf,EUR
LU1686830909,EMKTB,LYXETFMKTBIMETFP,ETF Plus,EMKTB.MI,etf,EUR
IE00BFWFPY67,EMLA,SSGETFEMLAIMETFP,ETF Plus,EMLA.MI,etf,EUR
IE00B4P11460,EMLB,PIMETFEMLIIMETFP,ETF Plus,EMLB.MI,etf,EUR
IE00BDS67326,EMLC,VANETFEMLCIMXPAR,Euronext Paris,EMLC.PA,etf,EUR
IE00B4613386,EMLD,SSGETFEMLAIMETFP,ETF Plus,EMLD.MI,etf,EUR
IE00BH3X8336,EMLI,PIMETFEMLIIMETFP,ETF Plus,EMLI.MI,etf,EUR
LU1720938841,EMLOC,UBSETFMLOCIMETFP,ETF Plus,EMLOC.MI,etf,EUR
IE000ZO4CUT7,EMMH,LG ETFEMUSIMETFP,ETF Plus,EMMH.MI,etf,EUR
LU0950674175,EMMUSC,UBSETFGEASIMETFP,ETF Plus,EMMUSC.MI,etf,EUR
IE000PN3F926,EMOVE,FAMETFMVCETTETFP,ETF Plus,EMOVE.MI,etf,EUR
IE000VAKCHT4,EMOVJ,FAMETFMVCETTETFP,ETF Plus,EMOVJ.MI,etf,EUR
IE00BL6K8D99,EMPA,MSCI EMU Prs-Alg A,Euronext Amsterdam,EMPA.AS,etf,EUR
IE00BN4Q1675,EMPAB,UBSETFEMPAIMETFP,ETF Plus,EMPAB.MI,etf,EUR
IE00BFYN8Y92,EMQQ,EMQQ-INTRNTECOMM,Euronext Paris,EMQQ.PA,etf,EUR
IE00B469F816,EMRG,SSGETFGEASIMETFP,ETF Plus,EMRG.MI,etf,EUR
IE00BF553838,EMSA,ISHARES JPMESG,Euronext Amsterdam,EMSA.AS,etf,EUR
LU1861138961,EMSRI,AMUNDI MSCI EM SRI,Euronext Paris,EMSRI.PA,etf,EUR
LU0950668870,EMUAA,UBSETFMUAAIMETFP,ETF Plus,EMUAA.MI,etf,EUR
IE00BNC0M913,EMUESG,UBSETFUESGIIETFP,ETF Plus,EMUESG.MI,etf,EUR
IE00BCLWRF22,EMUL,ISHETFEMULIMETFP,ETF Plus,EMUL.MI,etf,EUR
IE00BN4Q0L55,EMUPA,UBSETFMUPAIMETFP,ETF Plus,EMUPA.MI,etf,EUR
IE00BLRPRF81,EMUS,L&GETFEMUSIMETFP,ETF Plus,EMUS.MI,etf,EUR
LU0950674761,EMUSRI,UBSETFUSRIITETFP,ETF Plus,EMUSRI.MI,etf,EUR
IE00B8KGV557,EMV,ISHETFEMVIMETFP,ETF Plus,EMV.MI,etf,EUR
LU0446734369,EMVEUA,UBSETFMXEMETFP,ETF Plus,EMVEUA.MI,etf,EUR
LU2641925016,EMWD,BNPP WLD PAB ETF D,Euronext Paris,EMWD.PA,etf,EUR
LU1615092217,EMWE,BNP WD SRI PAB EC,Euronext Paris,EMWE.PA,etf,EUR
LU2009202107,EMXC,MULETFEMXCIMXPAR,Euronext Paris,EMXC.PA,etf,EUR
LU2345046655,EMXU,AMUETFMXEFEGXPAR,Euronext Paris,EMXU.PA,etf,EUR
LU1291104575,ENAM,BNPP N Am ESG ETF,Euronext Paris,ENAM.PA,etf,EUR
LU1547515723,ENAMH,BNPETFMXUEFMXPAR,Euronext Paris,ENAMH.PA,etf,EUR
IE00BFXR6159,ENCO,L&GETFENCOIMETFP,ETF Plus,ENCO.MI,etf,EUR
IE000FF2EBQ8,ENG,BNPP Infra ESG ETF,Euronext Paris,ENG.PA,etf,EUR
IE00BHZPJ015,ENMU,ISHETFENMUIMETFP,ETF Plus,ENMU.MI,etf,EUR
LU1834988278,ENRG,AMUNDI ST EU ENERG,Euronext Paris,ENRG.PA,etf,EUR
IE000BLN64M9,ENTR,LG ETFSOLENTETFP,ETF Plus,ENTR.MI,etf,EUR
IE00BHZPJ569,ENWD,ISHETFENWDIMETFP,ETF Plus,ENWD.MI,etf,EUR
IE000YPOHA39,EONS,INVETFSOESTRETFP,ETF Plus,EONS.MI,etf,EUR
LU2195226068,EPAB,AMUNDI EUROZONEPAB,Euronext Paris,EPAB.PA,etf,EUR
IE000HH3SU50,EPAD,MSCI E Prs-Alg D,Euronext Amsterdam,EPAD.AS,etf,EUR
IE000I4R3252,EPEA,ISHETFSEST85XPAR,Euronext Paris,EPEA.PA,etf,EUR
LU1291106356,EPEJ,BNPP Pac xJP ESG,Euronext Paris,EPEJ.PA,etf,EUR
IE000VCYXLY9,EPI,WISETFWTINDUETFP,ETF Plus,EPI.MI,etf,EUR
LU1437018838,EPRA,AMUNDI EPRA DR,Euronext Paris,EPRA.PA,etf,EUR
LU1681039480,EPRE,AMUNDI EPRA EUROPE,Euronext Paris,EPRE.PA,etf,EUR
IE00BFZXGZ54,EQAC,INVETFND100ETFP,ETF Plus,EQAC.MI,etf,EUR
IE00BYVTMS52,EQEU,INVETFND100ETFP,ETF Plus,EQEU.MI,etf,EUR
IE00BMD8KP97,EQQJ,INVETFEQQJIMETFP,ETF Plus,EQQJ.MI,etf,EUR
IE0032077012,EQQQ,IVZ EQQQ,Euronext Paris,EQQQ.PA,etf,EUR
LU1377382103,EQUA,BNPP Quali EU ESG,Euronext Paris,EQUA.PA,etf,EUR
IE00BCRY6557,ERNE,IS EURO ULTRASHORT,Euronext Amsterdam,ERNE.AS,etf,EUR
IE00BKWQ0Q14,ERO,SPDR MSCI EUROPE,Euronext Paris,ERO.PA,etf,EUR
LU2356220926,ERTH,AMUNDI Euro GovGrn,Euronext Paris,ERTH.PA,etf,EUR
IE0000N55FP4,ESCE,ISHETFM7EUSCXAMS,Euronext Amsterdam,ESCE.AS,etf,EUR
FR0011550185,ESE,BNPP SP500 EUR C,Euronext Paris,ESE.PA,etf,EUR
IE00BHZPJ783,ESEG,ISHETFESEGIMETFP,ETF Plus,ESEG.MI,etf,EUR
FR0013041530,ESEH,BNPP SP500 EURH C,Euronext Paris,ESEH.PA,etf,EUR
LU1940199711,ESGE,AMUNDI EUR ESGLEAD,Euronext Paris,ESGE.PA,etf,EUR
LU1940199984,ESGH,AMUNDI MSCI EU ESG,Euronext Paris,ESGH.PA,etf,EUR
IE00BNTVVR89,ESGO,HAN MINING ETF,Euronext Paris,ESGO.PA,etf,EUR
IE00BJQRDM08,ESGU,INVETFESGUIMETFP,ETF Plus,ESGU.MI,etf,EUR
IE000PEAJOT0,ESGUSA,AMUETFGUSAIMETFP,ETF Plus,ESGUSA.MI,etf,EUR
IE00BJQRDK83,ESGW,INVETFESGWIMETFP,ETF Plus,ESGW.MI,etf,EUR
IE00016PSX47,ESGWO,AMUETFSGWOIMETFP,ETF Plus,ESGWO.MI,etf,EUR
IE00BYWQWR46,ESPO,VANETFMVESPGXPAR,Euronext Paris,ESPO.PA,etf,EUR
IE000ST40PX8,ESPY,L&GETFESPYIMETFP,ETF Plus,ESPY.MI,etf,EUR
IE0003B9KF87,ESTA,INVActESTAETFP,ETF Plus,ESTA.MI,etf,EUR
IE000XE5BZ07,ESTD,INVActESTDETFP,ETF Plus,ESTD.MI,etf,EUR
IE000S3N6R34,ESWP,ISHETFGEASIMETFP,ETF Plus,ESWP.MI,etf,EUR
FR0012740983,ETBB,BNPP EURSTOX50 C/D,Euronext Paris,ETBB.PA,etf,EUR
FR0012739431,ETDD,BNPP EUROSTOXX50 C,Euronext Paris,ETDD.PA,etf,EUR
LU1931975079,ETFCOR,AMUETFFCRPIMETFP,ETF Plus,ETFCOR.MI,etf,EUR
LU1931974262,ETFEU,AMUETFTFEUIMETFP,ETF Plus,ETFEU.MI,etf,EUR
LU1931974429,ETFEZ,AMUETFTFEZIMETFP,ETF Plus,ETFEZ.MI,etf,EUR
LU1931975236,ETFGG,AMUETFTFGGIMETFP,ETF Plus,ETFGG.MI,etf,EUR
IE000QIF5N15,ETFGLO,AMUETFFGLOIMETFP,ETF Plus,ETFGLO.MI,etf,EUR
LU1931975152,ETFGOV,AMUETFFGOVIMETFP,ETF Plus,ETFGOV.MI,etf,EUR
LU1931974775,ETFJAP,AMUETFFJAPIMETFP,ETF Plus,ETFJAP.MI,etf,EUR
IE000IEGVMH6,ETFUSA,AMUETFFUSAIMETFP,ETF Plus,ETFUSA.MI,etf,EUR
LU2037749152,ETFUSC,AMUETFFUSCIMETFP,ETF Plus,ETFUSC.MI,etf,EUR
LU1931975319,ETFUST,AMUETFFUSTIMETFP,ETF Plus,ETFUST.MI,etf,EUR
IE000EKG45L0,ETIP,SSGETFTIPEIMETFP,ETF Plus,ETIP.MI,etf,EUR
LU3079566835,ETY,UBSActETYETFP,ETF Plus,ETY.MI,etf,EUR
FR0011550193,ETZ,BNPP Stoxx 600C,Euronext Paris,ETZ.PA,etf,EUR
FR0011550672,ETZD,BNPP Stoxx 600CD,Euronext Paris,ETZD.PA,etf,EUR
IE00BS7K8821,EU35,SSGETFEU35IMETFP,ETF Plus,EU35.MI,etf,EUR
LU1805389506,EUC,UBSETFI33251ETFP,ETF Plus,EUC.MI,etf,EUR
IE000Q9IHH10,EUCL,ISHActEUCLETFP,ETF Plus,EUCL.MI,etf,EUR
IE00B3T9LM79,EUCO,SSGETFXBLCIMETFP,ETF Plus,EUCO.MI,etf,EUR
LU0959210278,EUDIV,AMUNDI ETF DIV EUR,Euronext Paris,EUDIV.PA,etf,EUR
IE00B5M1WJ87,EUDV,SPDR EUR DIV ARIST,Euronext Paris,EUDV.PA,etf,EUR
IE0008471009,EUEA,ISHARES EURO STX50,Euronext Amsterdam,EUEA.AS,etf,EUR
IE000BUIVY49,EUEB,ISHActEUEBETFP,ETF Plus,EUEB.MI,etf,EUR
IE00000EF730,EUEE,ISHActEUEEETFP,ETF Plus,EUEE.MI,etf,EUR
IE000NBRE3P7,EUES,ISHETFIBXXEUETFP,ETF Plus,EUES.MI,etf,EUR
LU2206598109,EUESRI,UBSETFESRIIMETFP,ETF Plus,EUESRI.MI,etf,EUR
LU1600334798,EUEUA,UBSETFUEUAIMETFP,ETF Plus,EUEUA.MI,etf,EUR
IE00078SFIQ6,EUFG,ISHETFSXEFORXAMS,Euronext Amsterdam,EUFG.AS,etf,EUR
LU1804202403,EUFM,UBSETFEUFMIMETFP,ETF Plus,EUFM.MI,etf,EUR
IE000HDPAH09,EUGO,PIMActEUGOETFP,ETF Plus,EUGO.MI,etf,EUR
IE00BD8D5G25,EUHA,PIMActEUHAETFP,ETF Plus,EUHA.MI,etf,EUR
IE00BZ4BMM98,EUHD,INVETFEUHDIMETFP,ETF Plus,EUHD.MI,etf,EUR
IE00BD8D5H32,EUHI,PIMActEUHIETFP,ETF Plus,EUHI.MI,etf,EUR
IE000M02BVY5,EUHY,GOLActEUHYETFP,ETF Plus,EUHY.MI,etf,EUR
LU0599612842,EUMV,OSSACTEUMVETFP,ETF Plus,EUMV.MI,etf,EUR
IE0008470928,EUN,ISHETFSEU50ETFP,ETF Plus,EUN.MI,etf,EUR
IE00BL6K8C82,EUPB,MSCI E Prs-Alg A,Euronext Amsterdam,EUPB.AS,etf,EUR
IE00B910VR50,EURO,SSGETFSEMUIMETFP,ETF Plus,EURO.MI,etf,EUR
IE000TSWWSM5,EUROS,InvETFDJTOTETFP,ETF Plus,EUROS.MI,etf,EUR
IE000P2CI9P3,EURP,ISHETFSXEDOMXAMS,Euronext Amsterdam,EURP.AS,etf,EUR
IE00BN4Q0933,EURPA,UBSETFHPAEIMETFP,ETF Plus,EURPA.MI,etf,EUR
LU2206597804,EURSRI,UBSETFRSRIIMETFP,ETF Plus,EURSRI.MI,etf,EUR
LU3086388124,EUSC,AMUETFMXEUSCXPAR,Euronext Paris,EUSC.PA,etf,EUR
IE00082MOBL9,EUSD,GLOETFSEUSDIETFP,ETF Plus,EUSD.MI,etf,EUR
LU1861137484,EUSRI,AMUNDI MSCI EU SRI,Euronext Paris,EUSRI.PA,etf,EUR
IE000M284BG0,EUTA,INVActEUTAETFP,ETF Plus,EUTA.MI,etf,EUR
IE000Z6C4D62,EUTD,INVActEUTDETFP,ETF Plus,EUTD.MI,etf,EUR
LU3215536486,EUZON,BNPETFM7EMXPAR,Euronext Paris,EUZON.PA,etf,EUR
LU1377382285,EVAE,BNPP Value EU ESG,Euronext Paris,EVAE.PA,etf,EUR
LU1377381717,EVOE,BNPP LowVol EU ESG,Euronext Paris,EVOE.PA,etf,EUR
LU2655993207,EWLD,Amundi MSCI W Dist,Euronext Paris,EWLD.PA,etf,EUR
IE000MLMNYS0,EWSP,ISHETFXDEWIMXPAR,Euronext Paris,EWSP.PA,etf,EUR
DE000A2QP372,EXA1,ESTX Bk 30-15 EU A,Euronext Amsterdam,EXA1.AS,etf,EUR
IE0006D3PGW3,EXCN,FRAETFEXCNIVXPAR,Euronext Paris,EXCN.PA,etf,EUR
IE00BNC0MH93,EXCS,UBSETFNU7549ETFP,ETF Plus,EXCS.MI,etf,EUR
LU3243965780,EXS,EXAActEXSXPAR,Euronext Paris,EXS.PA,etf,EUR
DE0005933931,EXS1,Core DAX Acc,Euronext Amsterdam,EXS1.AS,etf,EUR
DE0002635307,EXSA,BLAETFSEU600ETFP,ETF Plus,EXSA.MI,etf,EUR
LU3243965608,EXSE,EXAActEXSEXPAR,Euronext Paris,EXSE.PA,etf,EUR
DE0002635299,EXSH,BLAETFSD3PETFP,ETF Plus,EXSH.MI,etf,EUR
DE000A0D8Q07,EXSI,BLAETFEURSTXETFP,ETF Plus,EXSI.MI,etf,EUR
IE0006WW1TQ4,EXUS,XTRETFM1WOUETFP,ETF Plus,EXUS.MI,etf,EUR
DE000A0Q4RZ9,EXVM,BLAETFEXVMIMETFP,ETF Plus,EXVM.MI,etf,EUR
DE000A0D8Q49,EXX5,BLAETFDJDVPETFP,ETF Plus,EXX5.MI,etf,EUR
LU3322522593,EYEG,AB ActEYEGETFP,ETF Plus,EYEG.MI,etf,EUR
IE0005F2R613,EYLA,INVETFIBXXEYETFP,ETF Plus,EYLA.MI,etf,EUR
IE0001KPAXU3,EYLD,INVETFIBXXEYETFP,ETF Plus,EYLD.MI,etf,EUR
IE00BYVTMZ20,FAEU,INVETFFAEUIMETFP,ETF Plus,FAEU.MI,etf,EUR
IE000AZOUN82,FAITH,FRAETFFLXAIVXPAR,Euronext Paris,FAITH.PA,etf,EUR
IE000EE3Q489,FAMAMW,FAMETFMAMWIMETFP,ETF Plus,FAMAMW.MI,etf,EUR
IE000O2G7VL0,FAMEUS,FAMETFMEUSIMETFP,ETF Plus,FAMEUS.MI,etf,EUR
IE000WMJVNE9,FAMLSS,FAMETFMLSSIMETFP,ETF Plus,FAMLSS.MI,etf,EUR
IE000VYO9NT0,FAMMAI,FAMETFMMAIIMETFP,ETF Plus,FAMMAI.MI,etf,EUR
IE000VDP6OY8,FAMMWF,FAMETFMMWFIMETFP,ETF Plus,FAMMWF.MI,etf,EUR
IE000C87OS21,FAMMWS,FAMETFMMWSIMETFP,ETF Plus,FAMMWS.MI,etf,EUR
IE000W6ZFH20,FAMSF3,FAMETFMSF3IMETFP,ETF Plus,FAMSF3.MI,etf,EUR
IE000NPK2VI6,FAMSFF,FAMETFMSFFIMETFP,ETF Plus,FAMSFF.MI,etf,EUR
IE000SACNHU2,FAMTEL,FAMETFMTELIMETFP,ETF Plus,FAMTEL.MI,etf,EUR
IE0000JVOLK2,FAMUSS,FAMETFMUSSIMETFP,ETF Plus,FAMUSS.MI,etf,EUR
IE0006XQ3YX3,FAMWCS,FAMETFMWCSIMETFP,ETF Plus,FAMWCS.MI,etf,EUR
IE000JEXZJT1,FBIE,FIDActFBIEETFP,ETF Plus,FBIE.MI,etf,EUR
IE000SCAG5Q1,FBIH,FIDActFBIHETFP,ETF Plus,FBIH.MI,etf,EUR
IE000W24OG76,FBIU,FIDActFBIUETFP,ETF Plus,FBIU.MI,etf,EUR
IE00BL0L0H60,FBT,FIRETFFBTIMETFP,ETF Plus,FBT.MI,etf,EUR
IE00BKPSPT20,FCSG,FT GCS ESG L,Euronext Amsterdam,FCSG.AS,etf,EUR
IE00BG0SSC32,FDNE,FT DJ Internet,Euronext Amsterdam,FDNE.AS,etf,EUR
IE00BT9PVG14,FDNI,FIRETFFDNIIMETFP,ETF Plus,FDNI.MI,etf,EUR
LU1233598447,FEDF,MULETFFEDFIMETFP,ETF Plus,FEDF.MI,etf,EUR
IE000OBK3UE0,FEGI,HANActFEGIETFP,ETF Plus,FEGI.MI,etf,EUR
IE0000VKUF67,FEIA,FIDActFEIAETFP,ETF Plus,FEIA.MI,etf,EUR
IE00BYSX4739,FEME,FIDETFFEMIIMETFP,ETF Plus,FEME.MI,etf,EUR
IE00BYSX4846,FEMI,FIDETFFEMIIMETFP,ETF Plus,FEMI.MI,etf,EUR
IE00BLRPN388,FEMR,FIDACTFEMRETFP,ETF Plus,FEMR.MI,etf,EUR
IE000HF69TA9,FEPI,HANActFEPIETFP,ETF Plus,FEPI.MI,etf,EUR
IE00BYSX4283,FEQD,FIDETFFEQDIMETFP,ETF Plus,FEQD.MI,etf,EUR
IE00BYSX4176,FEUI,FIDETFFEQDIMETFP,ETF Plus,FEUI.MI,etf,EUR
IE00BKSBGT50,FEUR,FIDACTFEURETFP,ETF Plus,FEUR.MI,etf,EUR
IE00B8X9NY41,FEUZ,FIRST EUROALPHADEX,Euronext Amsterdam,FEUZ.AS,etf,EUR
IE000G4ONBO6,FFGC,FIDETFSOLGOPETFP,ETF Plus,FFGC.MI,etf,EUR
IE0006KNOFD1,FFGE,FIDACTFFGEETFP,ETF Plus,FFGE.MI,etf,EUR
IE000IY9QFN9,FFLC,FIDActFFLCETFP,ETF Plus,FFLC.MI,etf,EUR
IE000TF2IRP1,FFLG,FIDActFFLGETFP,ETF Plus,FFLG.MI,etf,EUR
IE000PNL0242,FFSM,FIDActFFSMETFP,ETF Plus,FFSM.MI,etf,EUR
IE00BYTH6121,FGBL,FIRST TRUST GLOBAL,Euronext Paris,FGBL.PA,etf,EUR
IE000YUTMIU2,FGEA,FIDETFFGEUIMETFP,ETF Plus,FGEA.MI,etf,EUR
IE00BYV1YH46,FGEU,FIDETFFGEUIMETFP,ETF Plus,FGEU.MI,etf,EUR
IE000IF0HTJ9,FGGB,FIDETFETFP,ETF Plus,FGGB.MI,etf,EUR
IE0006OIQXE9,FGHY,FIDACTFGHYETFP,ETF Plus,FGHY.MI,etf,EUR
IE00BKSBGV72,FGLR,FIDACTFGLRETFP,ETF Plus,FGLR.MI,etf,EUR
IE0002XFS025,FGLV,FIDETFFIDGLQETFP,ETF Plus,FGLV.MI,etf,EUR
IE000R0M7C70,FGLY,FIDActFGLYETFP,ETF Plus,FGLY.MI,etf,EUR
IE00BYXVGZ48,FGQI,FIDETFFGEUIMETFP,ETF Plus,FGQI.MI,etf,EUR
LU0533032859,FINSW,AMUNDI MSCIW FINAN,Euronext Paris,FINSW.PA,etf,EUR
IE00BLCHJZ35,FINX,GLOETFFINXIMETFP,ETF Plus,FINX.MI,etf,EUR
IE00BNGFMX61,FJPR,FIDACTFJPRETFP,ETF Plus,FJPR.MI,etf,EUR
IE00BFWXDY69,FLES,FRAACTFLESETFP,ETF Plus,FLES.MI,etf,EUR
IE000STIHQB2,FLESA,FRAACTFLESAETFP,ETF Plus,FLESA.MI,etf,EUR
IE00BF11F458,FLOE,ISHETFFLOEIMETFP,ETF Plus,FLOE.MI,etf,EUR
IE0008ZGI5C1,FLPE,Flex Priv Equity,Euronext Amsterdam,FLPE.AS,etf,EUR
IE00BFWXDV39,FLQA,FRAETFFLQAIVXPAR,Euronext Paris,FLQA.PA,etf,EUR
IE00BHZRR253,FLRG,Frk Lib EUR Grn Bd,Euronext Amsterdam,FLRG.AS,etf,EUR
IE00BZ048462,FLTR,ISHETFFLOEIMETFP,ETF Plus,FLTR.MI,etf,EUR
IE00BFWXDX52,FLUC,FRAACTFLUCETFP,ETF Plus,FLUC.MI,etf,EUR
IE000E02WFD5,FLUSA,FRAETFLT12TRXPAR,Euronext Paris,FLUSA.PA,etf,EUR
IE00BHZRQY00,FLXB,Frk FTSE Brazil,Euronext Amsterdam,FLXB.AS,etf,EUR
IE00BHZRR147,FLXC,Frk FTSE China,Euronext Amsterdam,FLXC.AS,etf,EUR
IE00BF2B0L69,FLXD,FRAETFFLXDIMETFP,ETF Plus,FLXD.MI,etf,EUR
IE00BF2B0K52,FLXE,FRAETFFLXEIMETFP,ETF Plus,FLXE.MI,etf,EUR
IE00BHZRQZ17,FLXI,Frk FTSE India,Euronext Amsterdam,FLXI.AS,etf,EUR
IE00BHZRR030,FLXK,Frk FTSE Korea,Euronext Amsterdam,FLXK.AS,etf,EUR
IE000CM02H85,FLXT,FRAETFFLXTIVXPAR,Euronext Paris,FLXT.PA,etf,EUR
IE00BF2B0P08,FLXU,FRAETFFLXUIVXPAR,Euronext Paris,FLXU.PA,etf,EUR
IE00BF2B0M76,FLXX,FRAETFFLXXIMETFP,ETF Plus,FLXX.MI,etf,EUR
LU2872291278,FM26,AMUETFCFIIEBXPAR,Euronext Paris,FM26.PA,etf,EUR
LU2872291435,FM27,AMUETFCFIIEBXPAR,Euronext Paris,FM27.PA,etf,EUR
LU2780871310,FM28,AMUETFCFIIEBXPAR,Euronext Paris,FM28.PA,etf,EUR
LU2872291781,FM29,AMUETFCFIIEBXPAR,Euronext Paris,FM29.PA,etf,EUR
LU3120976132,FM30,AMUETFCFIIEBXPAR,Euronext Paris,FM30.PA,etf,EUR
LU1681037518,FMI,AMUNDI ETF MIB,Euronext Paris,FMI.PA,etf,EUR
IE000ZOKLHY7,FOFD,FRAETFFOFDIVXPAR,Euronext Paris,FOFD.PA,etf,EUR
IE0003WEWAX4,FOHW,FRAETFFOHWIVXPAR,Euronext Paris,FOHW.PA,etf,EUR
LU3307218399,FOLOW,BNPActFOLOWXPAR,Euronext Paris,FOLOW.PA,etf,EUR
LU1834985845,FOO,AMUNDI STX600 CONS,Euronext Paris,FOO.PA,etf,EUR
IE00BLRPQH31,FOOD,RIZETFFOODIMXAMS,Euronext Amsterdam,FOOD.AS,etf,EUR
IE000HEA19Q3,FORTE,FAMActFORTEETFP,ETF Plus,FORTE.MI,etf,EUR
IE000TSRT9O5,FORTJ,FAMActFORTJETFP,ETF Plus,FORTJ.MI,etf,EUR
IE00BNGFMY78,FPXR,FIDACTFPXRETFP,ETF Plus,FPXR.MI,etf,EUR
IE000EBPC0Z7,FRCP,FRAETFFVCHIVXPAR,Euronext Paris,FRCP.PA,etf,EUR
IE000QLV3SY5,FREP,FRAETFFVEMIVXPAR,Euronext Paris,FREP.PA,etf,EUR
IE00BM9GRP64,FSEM,FIDACTFSEMETFP,ETF Plus,FSEM.MI,etf,EUR
IE0006QCIHM0,FSME,FIDACTFSMEETFP,ETF Plus,FSME.MI,etf,EUR
IE00BM9GRM34,FSMF,FIDACTFSMFETFP,ETF Plus,FSMF.MI,etf,EUR
IE00BKS2X317,FSOV,FT LDGG Bond,Euronext Amsterdam,FSOV.AS,etf,EUR
IE000YIQZ0H6,FTAI,FIRETFBAISNETFP,ETF Plus,FTAI.MI,etf,EUR
IE0009F7UB30,FTEG,FIRETFCAPSGEETFP,ETF Plus,FTEG.MI,etf,EUR
IE000TIZ5AP4,FTEI,FIRETFIEURIIETFP,ETF Plus,FTEI.MI,etf,EUR
IE00097WZHZ9,FTEW,ISHETFFTAW01ETFP,ETF Plus,FTEW.MI,etf,EUR
LU3086269894,FUJI,BNPETFMSDEJNXPAR,Euronext Paris,FUJI.PA,etf,EUR
IE00BYXVGY31,FUSA,FIDETFFUSUIMETFP,ETF Plus,FUSA.MI,etf,EUR
IE00BYXVGX24,FUSD,FIDETFFUSUIMETFP,ETF Plus,FUSD.MI,etf,EUR
IE0001W4ZVM2,FUSE,FIDACTFUSEETFP,ETF Plus,FUSE.MI,etf,EUR
IE00BKSBGS44,FUSR,FIDACTFUSRETFP,ETF Plus,FUSR.MI,etf,EUR
IE00BYV1Y969,FUSU,FIDETFFUSUIMETFP,ETF Plus,FUSU.MI,etf,EUR
IE000MKIH0W7,FUSV,FIDETFFIDUSQETFP,ETF Plus,FUSV.MI,etf,EUR
IE0005C9DSV5,FUSY,FIDActFUSYETFP,ETF Plus,FUSY.MI,etf,EUR
LU3322522163,FWD,AB ActFWDETFP,ETF Plus,FWD.MI,etf,EUR
IE0006VDD4K1,FWEA,INVETFVWCEIMETFP,ETF Plus,FWEA.MI,etf,EUR
IE000716YHJ7,FWRA,INVETFVWCEIMETFP,ETF Plus,FWRA.MI,etf,EUR
IE000QOU09J7,FXAC,China Lg Cap USD A,Euronext Amsterdam,FXAC.AS,etf,EUR
IE00B02KXK85,FXC,ISHARES CHINA 50,Euronext Amsterdam,FXC.AS,etf,EUR
IE00BD5HBS12,FXEU,FT FACTOR FX EUR,Euronext Amsterdam,FXEU.AS,etf,EUR
IE000HDEYKM3,FYEI,FIDActFYEIETFP,ETF Plus,FYEI.MI,etf,EUR
IE000LRDPD24,G0BC,XTRETFG0BCETFP,ETF Plus,G0BC.MI,etf,EUR
LU1437024729,GAGG,AMUNDI G AGG500 DR,Euronext Paris,GAGG.PA,etf,EUR
LU1708330318,GAGH,AMUETFGLAEIMXPAR,Euronext Paris,GAGH.PA,etf,EUR
LU2439734141,GASR,AMUETFASRIIMXPAR,Euronext Paris,GASR.PA,etf,EUR
IE000XG0ZRI7,GBHE,INVETFYHIGWHETFP,ETF Plus,GBHE.MI,etf,EUR
IE000ZWSN3F7,GBHY,INVETFYHIGWHETFP,ETF Plus,GBHY.MI,etf,EUR
IE0002G3KSC2,GCAP,GOLActGCAPETFP,ETF Plus,GCAP.MI,etf,EUR
IE000FVQW7E7,GCBE,INVETFI38470ETFP,ETF Plus,GCBE.MI,etf,EUR
IE00BLRB0242,GCLE,INVETFGCLEIMETFP,ETF Plus,GCLE.MI,etf,EUR
IE0006K7DEL9,GCOR,FRAACTGCORETFP,ETF Plus,GCOR.MI,etf,EUR
IE00BDT6FP91,GCVE,SSGETFGCVEIMETFP,ETF Plus,GCVE.MI,etf,EUR
IE00BDFBTQ78,GDIG,VANETFSMINUSXPAR,Euronext Paris,GDIG.PA,etf,EUR
IE00BQQP9F84,GDX,VANETFGDXIMXPAR,Euronext Paris,GDX.PA,etf,EUR
IE00BQQP9G91,GDXJ,VANETFGDXJIMXPAR,Euronext Paris,GDXJ.PA,etf,EUR
LU3215539589,GE01,BNPETFGBIEIGXPAR,Euronext Paris,GE01.PA,etf,EUR
LU3025346910,GE110,BNPETFGBEIGXPAR,Euronext Paris,GE110.PA,etf,EUR
LU3086262709,GE710,BNPETFGBIEIGXPAR,Euronext Paris,GE710.PA,etf,EUR
LU2194286006,GEB,UBSETFGEBIMETFP,ETF Plus,GEB.MI,etf,EUR
IE000JMMZAP4,GEDE,LG ETFNU7547ETFP,ETF Plus,GEDE.MI,etf,EUR
IE000GUIUCJ1,GEDI,LG ETFNU7547ETFP,ETF Plus,GEDI.MI,etf,EUR
IE000UZO4IC7,GEME,GOLActGEMEETFP,ETF Plus,GEME.MI,etf,EUR
IE000EC86C06,GEMS,GOLActGEMSETFP,ETF Plus,GEMS.MI,etf,EUR
LU2244387457,GEMU,BNPP ESGEMU3-5 ETF,Euronext Paris,GEMU.PA,etf,EUR
IE00BDR5GT91,GENDED,UBSETFNDEDIMETFP,ETF Plus,GENDED.MI,etf,EUR
IE00BDR5H073,GENDEE,UBSETFNDEEIMETFP,ETF Plus,GENDEE.MI,etf,EUR
IE0001UQQ933,GERD,LG ETFSOLGERETFP,ETF Plus,GERD.MI,etf,EUR
LU2533810862,GEU3C,BNPP ESGEMU IG 3YC,Euronext Paris,GEU3C.PA,etf,EUR
LU2533810789,GEU3D,BNPP ESGEMU IG 3YD,Euronext Paris,GEU3D.PA,etf,EUR
LU2993392898,GEU7C,BNPETFGBIEIGXPAR,Euronext Paris,GEU7C.PA,etf,EUR
IE0000MK7GG1,GEUR,GOLActGEURETFP,ETF Plus,GEUR.MI,etf,EUR
IE000FRX67F3,GEVT,GOLActGEVTETFP,ETF Plus,GEVT.MI,etf,EUR
IE00BF540Z61,GFA,VANETFHWCFXPAR,Euronext Paris,GFA.PA,etf,EUR
LU2484583138,GGB,UBSETFH37026ETFP,ETF Plus,GGB.MI,etf,EUR
IE000NKC01D0,GGBD,INVETFLGTRTRETFP,ETF Plus,GGBD.MI,etf,EUR
LU2484583302,GGE,UBSETFH37026ETFP,ETF Plus,GGE.MI,etf,EUR
IE000RBFCPY3,GGED,INVETFLGTRTRETFP,ETF Plus,GGED.MI,etf,EUR
LU1437016204,GGOV,AMUNDI JPM GBI DR,Euronext Paris,GGOV.PA,etf,EUR
IE00BZ56SW52,GGRA,WT US GQDG-USD Acc,Euronext Paris,GGRA.PA,etf,EUR
IE0007M3MLF3,GGRE,WISETFWTDDGTETFP,ETF Plus,GGRE.MI,etf,EUR
IE00030Y2P41,GGRI,WT Gl QDG-USD INST,Euronext Paris,GGRI.PA,etf,EUR
IE00BZ56RN96,GGRW,WISETFGGRAIMETFP,ETF Plus,GGRW.MI,etf,EUR
LU2099295466,GHYE,LYXETFGHYEIMETFP,ETF Plus,GHYE.MI,etf,EUR
LU2099296274,GHYEH,LYXETFHYEHIMETFP,ETF Plus,GHYEH.MI,etf,EUR
IE0009EDBBS3,GIGE,GOLActGIGEETFP,ETF Plus,GIGE.MI,etf,EUR
IE0004MXQ328,GIGH,GOLActGIGHETFP,ETF Plus,GIGH.MI,etf,EUR
IE000RRCJI06,GIGU,GOLActGIGUETFP,ETF Plus,GIGU.MI,etf,EUR
IE000O6GI299,GIGX,GOLActGIGXXPAR,Euronext Paris,GIGX.PA,etf,EUR
IE000KDY10O3,GIJO,METAVRSE UCITS ETF,Euronext Paris,GIJO.PA,etf,EUR
LU1407893301,GILI,AMUNDI UK Gov Infl,Euronext Paris,GILI.PA,etf,EUR
LU1407892592,GILS,AMUNDI Core UK Gov,Euronext Paris,GILS.PA,etf,EUR
IE00BD842Y21,GINC,FIRETFNQGIHEXAMS,Euronext Amsterdam,GINC.AS,etf,EUR
LU1910940268,GISE,MULETFGISEIMETFP,ETF Plus,GISE.MI,etf,EUR
LU1910939849,GIST,MULETFGISTIMETFP,ETF Plus,GIST.MI,etf,EUR
IE00BF1QPL78,GLAE,SSGETFGLAEIMETFP,ETF Plus,GLAE.MI,etf,EUR
IE00B43QJJ40,GLAG,SSGETFGLAGIMETFP,ETF Plus,GLAG.MI,etf,EUR
LU2611731824,GLDM,Amundi NYSE Arca G,Euronext Paris,GLDM.PA,etf,EUR
IE00B9CQXS71,GLDV,SSGETFGLDVIMETFP,ETF Plus,GLDV.MI,etf,EUR
IE00BM9TV208,GLDVDE,UBSETFDVDEIMETFP,ETF Plus,GLDVDE.MI,etf,EUR
IE000KYX7IP4,GLFI,AMUETFSPDSEFXPAR,Euronext Paris,GLFI.PA,etf,EUR
IE0006FM6MI8,GLHL,AMUETFSPDSEHXPAR,Euronext Paris,GLHL.PA,etf,EUR
LU3322522080,GLIG,AB ActGLIGETFP,ETF Plus,GLIG.MI,etf,EUR
IE000E7EI9P0,GLIT,AMUETFSPDSETXPAR,Euronext Paris,GLIT.PA,etf,EUR
LU3138597383,GLOB,OSSActGLOBXPAR,Euronext Paris,GLOB.PA,etf,EUR
IE0006WOV4I9,GLOBE,FRAETFSPWRSGXPAR,Euronext Paris,GLOBE.PA,etf,EUR
LU3173209654,GLOEU,BNPETFMSTRUSXPAR,Euronext Paris,GLOEU.PA,etf,EUR
LU3322522247,GLRA,AB ActGLRAETFP,ETF Plus,GLRA.MI,etf,EUR
IE00BK5BC891,GLUG,L&GETFGLUGIMETFP,ETF Plus,GLUG.MI,etf,EUR
LU1681048630,GLUX,AMUNDI GLOBAL LUX,Euronext Paris,GLUX.PA,etf,EUR
IE000P0FL8E3,GMAY,FIRActGMAYETFP,ETF Plus,GMAY.MI,etf,EUR
IE00BM8R0N95,GNOM,GLOETFGNOMIMETFP,ETF Plus,GNOM.MI,etf,EUR
IE000OJ31JQ4,GNOV,FIRActGNOVETFP,ETF Plus,GNOV.MI,etf,EUR
LU1861132840,GOAI,AMUNDI STOXX GL AI,Euronext Paris,GOAI.PA,etf,EUR
IE00BL0BMZ89,GOAT,VANETFGOATIMXPAR,Euronext Paris,GOAT.PA,etf,EUR
LU2742533552,GOD10,BNPETFJPMGBXPAR,Euronext Paris,GOD10.PA,etf,EUR
IE00B7KMNP07,GOM,UBSETFSOLGLPETFP,ETF Plus,GOM.MI,etf,EUR
LU2742533636,GOV10,BNPETFJPMGBXPAR,Euronext Paris,GOV10.PA,etf,EUR
IE00BMYHQM42,GOVA,SSGETFGOVAIMETFP,ETF Plus,GOVA.MI,etf,EUR
IE000UDUSCI9,GOVB,PIMActGOVBETFP,ETF Plus,GOVB.MI,etf,EUR
IE000GDU4WA8,GOVE,HANActGOVEETFP,ETF Plus,GOVE.MI,etf,EUR
LU2099289147,GOVG,MULETFGOVGIMETFP,ETF Plus,GOVG.MI,etf,EUR
LU1708330235,GOVH,AMUNDI JPM GBI H E,Euronext Paris,GOVH.PA,etf,EUR
IE00B6YX5F63,GOVS,SSGETFGOVSIMETFP,ETF Plus,GOVS.MI,etf,EUR
IE00B3S5XW04,GOVY,SSGETFGOVAIMETFP,ETF Plus,GOVY.MI,etf,EUR
FR0014017NX3,GPEA,AMUETFNDEEWNXPAR,Euronext Paris,GPEA.PA,etf,EUR
IE000KEFZYE7,GQEM,GOLActGQEMXPAR,Euronext Paris,GQEM.PA,etf,EUR
IE000RITWOD4,GQEU,GOLActGQEUXPAR,Euronext Paris,GQEU.PA,etf,EUR
IE000ZUTO1I5,GQJY,GOLActGQJYXPAR,Euronext Paris,GQJY.PA,etf,EUR
IE000HYFO765,GQUS,GOLActGQUSXPAR,Euronext Paris,GQUS.PA,etf,EUR
IE000UFAX9L6,GQWD,GOLActGQWDXPAR,Euronext Paris,GQWD.PA,etf,EUR
IE0004VOU3Y2,GQWX,GOLActGQWXETFP,ETF Plus,GQWX.MI,etf,EUR
IE0007WMHDE3,GR8,HANETFSGIXEGXPAR,Euronext Paris,GR8.PA,etf,EUR
IE0007YP0PL1,GRCTB,BNPETFGDGRIMXPAR,Euronext Paris,GRCTB.PA,etf,EUR
FR0010405431,GRE,AMUNDI MSCI GREECE,Euronext Paris,GRE.PA,etf,EUR
LU2914558916,GREAD,BNPETFEPRACTXPAR,Euronext Paris,GREAD.PA,etf,EUR
LU2008763935,GREAL,BNPP EU GREEN ETF,Euronext Paris,GREAL.PA,etf,EUR
IE000H3AH951,GREIT,UBSETFREITIMETFP,ETF Plus,GREIT.MI,etf,EUR
IE000J80JTL1,GRID,FIRETFGRIDIMETFP,ETF Plus,GRID.MI,etf,EUR
IE000OQGOX00,GRNY,HANActGRNYETFP,ETF Plus,GRNY.MI,etf,EUR
IE00BMDBMN04,GRON,ISHETFGRONIMETFP,ETF Plus,GRON.MI,etf,EUR
LU1291109616,GSCE,BNPP GSCI ETF EUR,Euronext Amsterdam,GSCE.AS,etf,EUR
IE000L0X6L81,GSGR,GOLETFSOLESGETFP,ETF Plus,GSGR.MI,etf,EUR
IE0006B9CPY7,GSHY,GOLActGSHYETFP,ETF Plus,GSHY.MI,etf,EUR
IE000D3E0G47,GSIN,GOLActGSINETFP,ETF Plus,GSIN.MI,etf,EUR
IE00BJ5CNR11,GSLC,GOLETFGSLCIMETFP,ETF Plus,GSLC.MI,etf,EUR
IE000EPIJ442,GSM,UBSETFSOLGSMETFP,ETF Plus,GSM.MI,etf,EUR
IE000P0R7WK6,GSOV,FRAACTGSOVETFP,ETF Plus,GSOV.MI,etf,EUR
LU2365458814,GSSBD,BNPP Greenbond ETF,Euronext Paris,GSSBD.PA,etf,EUR
LU2365458731,GSSBO,BNPPGreenbondD ETF,Euronext Paris,GSSBO.PA,etf,EUR
LU3047998896,GUARD,BNPETFBSHIELXPAR,Euronext Paris,GUARD.PA,etf,EUR
LU1598688189,GWT,AMUNDI EMU GROWTH,Euronext Paris,GWT.PA,etf,EUR
IE000GNOSM10,GXPE,GOLETFMXWOPEXPAR,Euronext Paris,GXPE.PA,etf,EUR
IE0008BU0XC3,H10E,HSBETFI38895ETFP,ETF Plus,H10E.MI,etf,EUR
IE0009WMIIC0,H13E,HSBETFI38894ETFP,ETF Plus,H13E.MI,etf,EUR
IE000Q8F0M81,H2O,FIRETFGHHONETFP,ETF Plus,H2O.MI,etf,EUR
IE000CFH1JX2,H2OA,Gbl Water USD A,Euronext Amsterdam,H2OA.AS,etf,EUR
IE000MWUQBJ0,H50A,HSBETFEUS50ETFP,ETF Plus,H50A.MI,etf,EUR
IE000XGNMWE1,HAGG,HSBETFHAGGIMETFP,ETF Plus,HAGG.MI,etf,EUR
IE000E8WZD37,HBKS,HSBETFSBKUXPAR,Euronext Paris,HBKS.PA,etf,EUR
IE00B51B7Z02,HCAN,HSBC MSCI CANADA,Euronext Paris,HCAN.PA,etf,EUR
IE000Z4OYPZ6,HCAS,HSBCMSCICNAUSDACC,Euronext Paris,HCAS.PA,etf,EUR
IE0007P4PBU1,HCHA,HSBETFHMCHIMETFP,ETF Plus,HCHA.MI,etf,EUR
IE00BWTN6Y99,HDLV,IVZ SP500 HDLV,Euronext Paris,HDLV.PA,etf,EUR
IE00BMDH1538,HDRO,VANETFHDROIMETFP,ETF Plus,HDRO.MI,etf,EUR
IE00BYZK4776,HEAL,Hlthcre Inn Acc,Euronext Amsterdam,HEAL.AS,etf,EUR
IE0000KA1ZX3,HECB,HSBETFXBLCIMETFP,ETF Plus,HECB.MI,etf,EUR
IE00BYQCZX56,HEDF,WISETFEEIAIMETFP,ETF Plus,HEDF.MI,etf,EUR
IE000JF2FLH9,HEDGJ,FAMActHEDGJETFP,ETF Plus,HEDGJ.MI,etf,EUR
IE000I93LGG9,HEDGY,FAMActHEDGYETFP,ETF Plus,HEDGY.MI,etf,EUR
IE00BVXBH163,HEDJ,WISETFHEDJIMETFP,ETF Plus,HEDJ.MI,etf,EUR
IE00066KZ5B5,HEGB,HSBETFGOVAIMETFP,ETF Plus,HEGB.MI,etf,EUR
IE000VAZZYM3,HELO,JPMActHELOETFP,ETF Plus,HELO.MI,etf,EUR
IE000KCS7J59,HEMA,HSBCMSCIEMUSDACC,Euronext Paris,HEMA.PA,etf,EUR
IE000JIPY1U8,HEQQ,JPMActHEQQETFP,ETF Plus,HEQQ.MI,etf,EUR
IE00BLR6Q544,HERU,GLOETFHERUIMETFP,ETF Plus,HERU.MI,etf,EUR
IE00B5BD5K76,HEU,HSBC MSCI EUR ETF,Euronext Paris,HEU.PA,etf,EUR
IE0004L7EQG2,HEUR,HSBActHEURETFP,ETF Plus,HEUR.MI,etf,EUR
IE0006CHRED6,HGAE,HSBETFLEGATRETFP,ETF Plus,HGAE.MI,etf,EUR
IE0006NCFSW9,HGVU,HSBETFSBWGCETFP,ETF Plus,HGVU.MI,etf,EUR
IE00B5KQNG97,HHH,HSBC SP 500 ETF,Euronext Paris,HHH.PA,etf,EUR
IE00B46G8275,HIDD,HSBETFXMINIMETFP,ETF Plus,HIDD.MI,etf,EUR
IE000O359D06,HIDIJ,FAMETFM1WDHDETFP,ETF Plus,HIDIJ.MI,etf,EUR
IE000PZW9KB1,HIDIV,FAMETFM1WDHDETFP,ETF Plus,HIDIV.MI,etf,EUR
IE0009BC6K22,HIES,HSBC MSCI EMIS,Euronext Paris,HIES.PA,etf,EUR
IE00BF3N7094,HIGH,ISHETFIHYGIMXAMS,Euronext Amsterdam,HIGH.AS,etf,EUR
IE0001XCFC82,HIJS,H MSCI JP IS ESG,Euronext Paris,HIJS.PA,etf,EUR
IE000U679IT9,HINS,HSBETFENGLIRXPAR,Euronext Paris,HINS.PA,etf,EUR
IE000AGFZM58,HIPS,HSBC MSCI EU IS,Euronext Paris,HIPS.PA,etf,EUR
IE0008119MO8,HITC,HSBETFSPINTEETFP,ETF Plus,HITC.MI,etf,EUR
IE000I5NV504,HIUS,HSBC MSCI USA IS,Euronext Paris,HIUS.PA,etf,EUR
IE000X9FTI22,HIWS,HSBC MSCI WLD IS,Euronext Paris,HIWS.PA,etf,EUR
LU1900067940,HK,MULETFHKIMETFP,ETF Plus,HK.MI,etf,EUR
LU1169827224,HKDE,UBS ETF HKDU,Euronext Amsterdam,HKDE.AS,etf,EUR
IE00B3Z0X395,HKOR,HSBETFHKORIMETFP,ETF Plus,HKOR.MI,etf,EUR
LU1834986900,HLT,AMUNDI ST EU HLTHC,Euronext Paris,HLT.PA,etf,EUR
LU0533033238,HLTW,AMUNDI ETF MSC WHC,Euronext Paris,HLTW.PA,etf,EUR
IE00BF4NQ904,HMCA,HSBETFCNYEIMETFP,ETF Plus,HMCA.MI,etf,EUR
IE00B5SSQT16,HMEM,HSBETFGEASIMETFP,ETF Plus,HMEM.MI,etf,EUR
IE000ZQOIPB1,HMES,HSBCMSCIEUROEURACC,Euronext Paris,HMES.PA,etf,EUR
IE0006RFB3X2,HMJS,HSBCMSCIJAPNUSDACC,Euronext Paris,HMJS.PA,etf,EUR
IE000UQND7H4,HMWA,HSBETFMXWOETFP,ETF Plus,HMWA.MI,etf,EUR
IE00B5SG8Z57,HMXJ,HSBETFMSPAJAETFP,ETF Plus,HMXJ.MI,etf,EUR
IE000YDZG487,HNSC,HSBETFHNSCIMETFP,ETF Plus,HNSC.MI,etf,EUR
IE00BP2C0316,HPAE,HSBETFHPAEIMETFP,ETF Plus,HPAE.MI,etf,EUR
IE00BP2C1V62,HPAW,HSBETFHPAWIMETFP,ETF Plus,HPAW.MI,etf,EUR
IE00096S6AV7,HPNA,HSBETFENGLPAETFP,ETF Plus,HPNA.MI,etf,EUR
IE00B5L01S80,HPRD,HSBETFEWLDIMETFP,ETF Plus,HPRD.MI,etf,EUR
IE000KL4O2Z8,HQIW,HSBActHQIWETFP,ETF Plus,HQIW.MI,etf,EUR
IE0008JXFQK8,HQUS,HSBActHQUSETFP,ETF Plus,HQUS.MI,etf,EUR
IE000ZURGSV2,HQWA,HSBActHQWAETFP,ETF Plus,HQWA.MI,etf,EUR
IE00BKY59G90,HSEM,HSBETFHSEMIMETFP,ETF Plus,HSEM.MI,etf,EUR
IE00BKY55W78,HSEU,HSBETFHSEUIMETFP,ETF Plus,HSEU.MI,etf,EUR
IE000389GTC0,HSGE,HSBETFH36244ETFP,ETF Plus,HSGE.MI,etf,EUR
IE000J3F4J90,HSJA,HSBCJAPNSUSUSDDIST,Euronext Paris,HSJA.PA,etf,EUR
IE00BKY55S33,HSJD,HSBETFHSJDIMETFP,ETF Plus,HSJD.MI,etf,EUR
IE000MYK0IT4,HSOV,ISHActHSOVXAMS,Euronext Amsterdam,HSOV.AS,etf,EUR
IE000JZ473P7,HSPA,HSBETFSP500ETFP,ETF Plus,HSPA.MI,etf,EUR
LU2244386137,HSRID,BNPP EHY SRI D ETF,Euronext Paris,HSRID.PA,etf,EUR
IE00BMWXKN31,HSTE,HSBC HSENG TCH ETF,Euronext Paris,HSTE.PA,etf,EUR
IE00BKY40J65,HSUD,HSBETFHSUDIMETFP,ETF Plus,HSUD.MI,etf,EUR
IE00BKY53D40,HSUK,HSBC UK SUS EQ ETF,Euronext Paris,HSUK.PA,etf,EUR
IE00BKY59K37,HSWD,HSBETFHSWDIMETFP,ETF Plus,HSWD.MI,etf,EUR
IE00BKY58G26,HSXD,HSBETFHSXDIMETFP,ETF Plus,HSXD.MI,etf,EUR
IE00B3S1J086,HTWN,HSBETFHTWNIMETFP,ETF Plus,HTWN.MI,etf,EUR
IE00BMYDM794,HTWO,L&GETFHTWOIMETFP,ETF Plus,HTWO.MI,etf,EUR
IE000845MQC5,HUCB,HSBETFLUACTRETFP,ETF Plus,HUCB.MI,etf,EUR
IE000D2UDLG6,HUST,HSBETFTRSYIMETFP,ETF Plus,HUST.MI,etf,EUR
IE000QMIHY81,HWDE,HSBETFMXWOETFP,ETF Plus,HWDE.MI,etf,EUR
IE000C692SN6,HWSS,HSBCMSCIWLDSCAPESG,Euronext Paris,HWSS.PA,etf,EUR
IE000LYBU7X5,HWVL,HSBETFHWVLIMETFP,ETF Plus,HWVL.MI,etf,EUR
LU1215415214,HYBB,AMUNDI HIGH YLD BB,Euronext Paris,HYBB.PA,etf,EUR
LU2346257210,HYCC,AMUETFHYCIMXPAR,Euronext Paris,HYCC.PA,etf,EUR
IE00053WDH64,HYDE,INVETFHYDEIMETFP,ETF Plus,HYDE.MI,etf,EUR
LU2365458145,HYDRO,BNPP Hydrogen ETF,Euronext Paris,HYDRO.PA,etf,EUR
IE00BF541080,HYEM,VANETFHYEMIMXPAR,Euronext Paris,HYEM.PA,etf,EUR
IE000H92C4B8,HYEP,ISHETFI38113ETFP,ETF Plus,HYEP.MI,etf,EUR
IE00BD0Q9673,HYFA,IVZ US HYFA,Euronext Paris,HYFA.PA,etf,EUR
IE0002RPS3K2,HYGN,GLOETFHYGNIMETFP,ETF Plus,HYGN.MI,etf,EUR
IE00B74DQ490,HYLD,ISHETFHYLDIMETFP,ETF Plus,HYLD.MI,etf,EUR
LU1617164998,HYS,LYXETFHYSIMETFP,ETF Plus,HYS.MI,etf,EUR
LU2244386053,HYSRI,BNPP EHY SRI C ETF,Euronext Paris,HYSRI.PA,etf,EUR
IE00BMTX1Y45,I50E,ISHETFSP500XAMS,Euronext Amsterdam,I50E.AS,etf,EUR
IE00BMTX2B82,IAEA,IS AEX UCITS EUR A,Euronext Amsterdam,IAEA.AS,etf,EUR
IE00B0M62Y33,IAEX,ISHARES AEX,Euronext Amsterdam,IAEX.AS,etf,EUR
IE00B14X4T88,IAPD,ISHETFIAPDIMETFP,ETF Plus,IAPD.MI,etf,EUR
IE000G0E83X3,IART,ISHActIARTXPAR,Euronext Paris,IART.PA,etf,EUR
IE00B1FZS244,IASP,ISHARES PROP ASIA,Euronext Amsterdam,IASP.AS,etf,EUR
IE000SIZJ2B2,IB26,ISHETFI37615ETFP,ETF Plus,IB26.MI,etf,EUR
IE000ZOI8OK5,IB27,iBds D27 Term E Ac,Euronext Paris,IB27.PA,etf,EUR
IE000264WWY0,IB28,ISHETFI37617ETFP,ETF Plus,IB28.MI,etf,EUR
IE000AD2AYN2,IB36,ISHETFI40431XPAR,Euronext Paris,IB36.PA,etf,EUR
IE0007SRI1C7,IB37,ISHETFI40423XPAR,Euronext Paris,IB37.PA,etf,EUR
IE00B0M62X26,IBCI,ISHARES E INF-LINK,Euronext Amsterdam,IBCI.AS,etf,EUR
IE0032523478,IBCX,ISHARES E CORP BD,Euronext Amsterdam,IBCX.AS,etf,EUR
IE000H5X52W8,IBE7,iSh iBd Dc27 E Dst,Euronext Paris,IBE7.PA,etf,EUR
IE00B1FZS913,IBGL,ISHARES E GOV15-30,Euronext Amsterdam,IBGL.AS,etf,EUR
IE00B1FZS806,IBGM,ISHARES E GOV7-10,Euronext Amsterdam,IBGM.AS,etf,EUR
IE00B14X4Q57,IBGS,ISHARES E GOV1-3,Euronext Amsterdam,IBGS.AS,etf,EUR
IE00B1FZS681,IBGX,ISHARES E GOV3-5,Euronext Amsterdam,IBGX.AS,etf,EUR
IE00B14X4S71,IBTS,ISHARES US T 1-3,Euronext Amsterdam,IBTS.AS,etf,EUR
IE00B0M63516,IBZL,ISHARES BRAZIL,Euronext Amsterdam,IBZL.AS,etf,EUR
IE00072RHT03,ICBR,INVETFKGCYSNETFP,ETF Plus,ICBR.MI,etf,EUR
IE000JEHORH6,ICEH,ISHETFLUICTRXAMS,Euronext Amsterdam,ICEH.AS,etf,EUR
IE00BG0NY640,ICFP,INVETFICFPIMETFP,ETF Plus,ICFP.MI,etf,EUR
IE000PKN5N58,ICLO,INVActICLOETFP,ETF Plus,ICLO.MI,etf,EUR
IE0008GO35B5,ICLU,INVActICLUETFP,ETF Plus,ICLU.MI,etf,EUR
IE00B3B8Q275,ICOV,ISHARES E COV BOND,Euronext Amsterdam,ICOV.AS,etf,EUR
IE000REC8UF0,ID36,ISHETFI40425XPAR,Euronext Paris,ID36.PA,etf,EUR
IE00004OA765,ID37,ISHETFI40426XPAR,Euronext Paris,ID37.PA,etf,EUR
IE00B0M62V02,IDJG,ISHARES ESTOXX GRO,Euronext Amsterdam,IDJG.AS,etf,EUR
DE000A2QP380,IDVA,ESTX Div 30 EU A,Euronext Amsterdam,IDVA.AS,etf,EUR
IE00B0M62S72,IDVY,ISHARES ESTOXX DIV,Euronext Amsterdam,IDVY.AS,etf,EUR
IE000AK4O3W6,IE3E,ISHETFSUSEIMETFP,ETF Plus,IE3E.MI,etf,EUR
IE00BF11F565,IEAA,ISHETFXBLCIMETFP,ETF Plus,IEAA.MI,etf,EUR
IE00B3F81R35,IEAC,ISHARES B E CORP,Euronext Amsterdam,IEAC.AS,etf,EUR
IE00B3DKXQ41,IEAG,ISHARES B E AGG,Euronext Amsterdam,IEAG.AS,etf,EUR
IE00BSKRK281,IEBB,ISHETFIEBBIMETFP,ETF Plus,IEBB.MI,etf,EUR
IE00B4WXJJ64,IEGA,ISHARES IEGA,Euronext Amsterdam,IEGA.AS,etf,EUR
IE00B3FH7618,IEGE,ISHARES B E TR 0-1,Euronext Amsterdam,IEGE.AS,etf,EUR
IE0008U15456,IEGS,ISHETFGOVAIMETFP,ETF Plus,IEGS.MI,etf,EUR
IE00B4WXJG34,IEGY,ISHARES EG 5-7,Euronext Amsterdam,IEGY.AS,etf,EUR
IE00B4WXJH41,IEGZ,ISHARES EG 10-15,Euronext Amsterdam,IEGZ.AS,etf,EUR
IE00B4L5YC18,IEMA,ISHARES MSCI EM A,Euronext Amsterdam,IEMA.AS,etf,EUR
IE00B2NPKV68,IEMB,ISHETFJPEMIETFP,ETF Plus,IEMB.MI,etf,EUR
LU3195985372,IEMID,INDActIEMIDXPAR,Euronext Paris,IEMID.PA,etf,EUR
IE00B0M63177,IEMM,ISHARES EM MARKETS,Euronext Amsterdam,IEMM.AS,etf,EUR
IE00BQN1K786,IEMO,ISHETFIEMOIMETFP,ETF Plus,IEMO.MI,etf,EUR
IE00008UMP12,IENC,ISHActIENCXAMS,Euronext Amsterdam,IENC.AS,etf,EUR
IE00BQN1K562,IEQU,ISHETFIEQUIMETFP,ETF Plus,IEQU.MI,etf,EUR
IE00B52VJ196,IESE,IS MSCI EUR SRI,Euronext Amsterdam,IESE.AS,etf,EUR
IE00BQN1KC32,IESZ,ISHETFIESZIMETFP,ETF Plus,IESZ.MI,etf,EUR
IE00B14X4N27,IEUX,ISHARES EUROP EXUK,Euronext Amsterdam,IEUX.AS,etf,EUR
IE00BQN1K901,IEVL,ISHETFIEVLIMETFP,ETF Plus,IEVL.MI,etf,EUR
IE000L2SA8K5,IEWQ,INVETFNETRNNETFP,ETF Plus,IEWQ.MI,etf,EUR
IE00B4L5ZG21,IEXF,ISHETFIEXFIMETFP,ETF Plus,IEXF.MI,etf,EUR
IE00B0M63730,IFFF,ISHARES EAST EX-JP,Euronext Amsterdam,IFFF.AS,etf,EUR
IE000NHAIBN0,IFLX,ISHActIFLXXAMS,Euronext Amsterdam,IFLX.AS,etf,EUR
LU3447501068,IFRA,INDActIFRAXPAR,Euronext Paris,IFRA.PA,etf,EUR
IE00B7LGZ558,IFRB,ISH FR TREAS BD,Euronext Amsterdam,IFRB.AS,etf,EUR
IE00BP3QZJ36,IFRE,MSCI France Acc,Euronext Amsterdam,IFRE.AS,etf,EUR
IE00BZ0PKV06,IFSE,ISHETFIFSEIMETFP,ETF Plus,IFSE.MI,etf,EUR
IE00BZ0PKT83,IFSW,ISHETFIFSWIMETFP,ETF Plus,IFSW.MI,etf,EUR
IE000R7KKFN3,IFXL,ISHActIFXLXAMS,Euronext Amsterdam,IFXL.AS,etf,EUR
IE000D9WMGF0,IG31,ISHETFI38442XAMS,Euronext Amsterdam,IG31.AS,etf,EUR
IE000I660ZF8,IG32,ISHETFI38743XAMS,Euronext Amsterdam,IG32.AS,etf,EUR
IE000ZBGZQM8,IG33,ISHETFI38742XAMS,Euronext Amsterdam,IG33.AS,etf,EUR
IE000UY6XF65,IG34,ISHETFI38741XAMS,Euronext Amsterdam,IG34.AS,etf,EUR
IE000O1FWAW6,IG35,ISHETFI40143XPAR,Euronext Paris,IG35.PA,etf,EUR
IE000XRBP9E3,IGBY,ISHETFIBGLIMXAMS,Euronext Amsterdam,IGBY.AS,etf,EUR
IE00BKT6FT27,IGLE,ISHARES GBL GV EH,Euronext Amsterdam,IGLE.AS,etf,EUR
IE00B1FZSB30,IGLT,ISHETFIGLTIMETFP,ETF Plus,IGLT.MI,etf,EUR
LU3215538003,IGOV,BNPETFGGOVIMXPAR,Euronext Paris,IGOV.PA,etf,EUR
IE00B57X3V84,IGSG,ISHARES DJ GLO SUS,Euronext Amsterdam,IGSG.AS,etf,EUR
IE00B1TXK627,IH2O,ISHETFSPGWETFP,ETF Plus,IH2O.MI,etf,EUR
IE00BF3N7102,IHYE,ISHETFIHYUIMETFP,ETF Plus,IHYE.MI,etf,EUR
IE00B66F4759,IHYG,ISHETFIHYGIMETFP,ETF Plus,IHYG.MI,etf,EUR
IE00B4PY7Y77,IHYU,ISHETFIHYUIMETFP,ETF Plus,IHYU.MI,etf,EUR
IE000589MF42,IITA,ISHETFIITBIMETFP,ETF Plus,IITA.MI,etf,EUR
IE00B7LW6Y90,IITB,ISHETFIITBIMETFP,ETF Plus,IITB.MI,etf,EUR
IE00B4L5YX21,IJPA,ISHARES MSCI JAP A,Euronext Amsterdam,IJPA.AS,etf,EUR
IE00B42Z5J44,IJPE,MSCI JAP EH,Euronext Amsterdam,IJPE.AS,etf,EUR
IE00B02KXH56,IJPN,ISHARES JAPAN,Euronext Amsterdam,IJPN.AS,etf,EUR
IE00B0M63391,IKRA,ISHARES KOREA,Euronext Amsterdam,IKRA.AS,etf,EUR
IE00B4K48X80,IMAE,ISHARES MSCI EUR A,Euronext Amsterdam,IMAE.AS,etf,EUR
IE00BKP5L409,IMBE,iSHARES US MBS A,Euronext Amsterdam,IMBE.AS,etf,EUR
IE00B1YZSC51,IMEU,ISHARES EUROPE,Euronext Amsterdam,IMEU.AS,etf,EUR
IE00B1XNH568,IMIB,ISHETFFTMIBETFP,ETF Plus,IMIB.MI,etf,EUR
IE00B3YLTY66,IMIE,SPDR ACWI IMI,Euronext Paris,IMIE.PA,etf,EUR
IE00B14X4M10,INAA,ISHARES N-AMERICA,Euronext Amsterdam,INAA.AS,etf,EUR
IE0002LUYGW0,INAS,INVETFM1NAETFP,ETF Plus,INAS.MI,etf,EUR
IE00082967W7,INCE,FRAActINCEETFP,ETF Plus,INCE.MI,etf,EUR
IE0007FM00T9,INCI,ISHActINCIETFP,ETF Plus,INCI.MI,etf,EUR
LU1834987890,IND,AMUNDI STX600 INDU,Euronext Paris,IND.PA,etf,EUR
IE000MZFIJ99,INDE,UBSETFNU7541ETFP,ETF Plus,INDE.MI,etf,EUR
LU3180074463,INDEP,MULETFEUSTAUXPAR,Euronext Paris,INDEP.PA,etf,EUR
IE000N70F6V6,INDIA,UBSETFCI2IMETFP,ETF Plus,INDIA.MI,etf,EUR
LU1900065811,INDO,AMUNDI ETF MSCIIND,Euronext Paris,INDO.PA,etf,EUR
IE000LTA2082,INDW,Amundi S&P Indust,Euronext Paris,INDW.PA,etf,EUR
LU1645380442,INF1A,UBSETFNFL1IMETFP,ETF Plus,INF1A.MI,etf,EUR
IE000JS0HUM5,INFEA,HORActINFEAXAMS,Euronext Amsterdam,INFEA.AS,etf,EUR
LU2418815473,INFH,MULETFINFHIMETFP,ETF Plus,INFH.MI,etf,EUR
LU1390062245,INFL,AMUNDI 210INFBRKEV,Euronext Paris,INFL.PA,etf,EUR
LU1645380368,INFL1,UBSETFNFL1IMETFP,ETF Plus,INFL1.MI,etf,EUR
LU1645381689,INFL10,UBSETFFL10IMETFP,ETF Plus,INFL10.MI,etf,EUR
IE00B1FZS467,INFR,ISHARES INFRA GLO,Euronext Amsterdam,INFR.AS,etf,EUR
LU1390062831,INFU,AMUNDI 10YINFBRKEV,Euronext Paris,INFU.PA,etf,EUR
IE000WYTQSF9,INQQ,HANETFINQQETETFP,ETF Plus,INQQ.MI,etf,EUR
FR0010361683,INR,AMUNDI ETF INDIA,Euronext Paris,INR.PA,etf,EUR
IE000U58J0M1,INRE,Gbl Cln Enrgy US A,Euronext Paris,INRE.PA,etf,EUR
IE00B1XNHC34,INRG,ISHETFSPGCLETFP,ETF Plus,INRG.MI,etf,EUR
LU1834987973,INS,AMUNDI STX 600 INS,Euronext Paris,INS.PA,etf,EUR
IE00B1FZSD53,INXG,ISHETFINXGIMETFP,ETF Plus,INXG.MI,etf,EUR
IE00B6R51Z18,IOGP,OilGas Ex Prd A,Euronext Amsterdam,IOGP.AS,etf,EUR
IE000SE6KPV2,IPAB,ISHETF36928ETFP,ETF Plus,IPAB.MI,etf,EUR
IE00B0M63284,IPRP,ISHARES PROP EURO,Euronext Amsterdam,IPRP.AS,etf,EUR
IE00B1TXHL60,IPRV,ISHARES PRIVATE EQ,Euronext Amsterdam,IPRV.AS,etf,EUR
IE000S0JMIY6,IQAW,INVActIQAWETFP,ETF Plus,IQAW.MI,etf,EUR
IE000YNVI4W4,IQEA,INVActIQEAETFP,ETF Plus,IQEA.MI,etf,EUR
LU1603790731,IQEC,IQ EUR CORP SRI,Euronext Paris,IQEC.PA,etf,EUR
LU1603795458,IQEE,IQ EUROPE SRI,Euronext Paris,IQEE.PA,etf,EUR
IE000TZ4SIN6,IQGA,INVActIQGAETFP,ETF Plus,IQGA.MI,etf,EUR
IE000OHEH5Y9,IQGE,INVActIQGEETFP,ETF Plus,IQGE.MI,etf,EUR
LU1603797587,IQJP,IQ JAPAN SRI,Euronext Paris,IQJP.PA,etf,EUR
IE000U07IGB1,IQMA,INVActIQMAETFP,ETF Plus,IQMA.MI,etf,EUR
IE00BJQRDN15,IQSA,INVACTIQSAETFP,ETF Plus,IQSA.MI,etf,EUR
IE0008YN55P8,IQSD,INVACTIQSDETFP,ETF Plus,IQSD.MI,etf,EUR
IE00BJQRDP39,IQSE,INVACTIQSEETFP,ETF Plus,IQSE.MI,etf,EUR
IE000WLI0KY7,IQSM,INVActIQSMETFP,ETF Plus,IQSM.MI,etf,EUR
IE0009EGAHL0,IQUA,INVActIQUAETFP,ETF Plus,IQUA.MI,etf,EUR
IE0002QTP7B2,IQXU,INVActIQXUETFP,ETF Plus,IQXU.MI,etf,EUR
IE00B6X2VY59,IRCP,ISH NLD BD HEDGED,Euronext Amsterdam,IRCP.AS,etf,EUR
IE00B6R52143,ISAE,iS Agri bus Acc,Euronext Amsterdam,ISAE.AS,etf,EUR
FR001400SQV3,ISCH,AMUACTISCHXPAR,Euronext Paris,ISCH.PA,etf,EUR
IE00BGDPWW94,ISED,ISHARES EUROPE SRI,Euronext Amsterdam,ISED.AS,etf,EUR
IE0005042456,ISFA,ISHARES FTSE 100,Euronext Amsterdam,ISFA.AS,etf,EUR
FR001400SDK4,ISJH,AMUACTISJHXPAR,Euronext Paris,ISJH.PA,etf,EUR
IE00B2QWDY88,ISJP,ISHETFISJPIMETFP,ETF Plus,ISJP.MI,etf,EUR
IE00B6R52036,ISOE,iS Gold Pro Acc,Euronext Amsterdam,ISOE.AS,etf,EUR
IE00BYPLS672,ISPY,L&G Cyber Security,Euronext Amsterdam,ISPY.AS,etf,EUR
FR001400SDI8,ISRA,AMUACTISRAXPAR,Euronext Paris,ISRA.PA,etf,EUR
FR001400SDP3,ISRC,AMUACTISRCXPAR,Euronext Paris,ISRC.PA,etf,EUR
FR001400SDQ1,ISRD,AMUACTISRDXPAR,Euronext Paris,ISRD.PA,etf,EUR
FR001400SDL2,ISRG,AMUETFGEASIMXPAR,Euronext Paris,ISRG.PA,etf,EUR
FR001400SDJ6,ISRJ,AMUACTISRJXPAR,Euronext Paris,ISRJ.PA,etf,EUR
FR001400SDM0,ISRM,AMUACTISRMXPAR,Euronext Paris,ISRM.PA,etf,EUR
FR001400SDN8,ISRU,AMUACTISRUXPAR,Euronext Paris,ISRU.PA,etf,EUR
FR001400SDO6,ISUH,AMUACTISUHXPAR,Euronext Paris,ISUH.PA,etf,EUR
IE000D9S4LT3,ISVO,ISHActISVOXAMS,Euronext Amsterdam,ISVO.AS,etf,EUR
LU3411931689,ITAL,IMGActITALETFP,ETF Plus,ITAL.MI,etf,EUR
FR0011758085,ITAMID,MULETFAMIDIMETFP,ETF Plus,ITAMID.MI,etf,EUR
IE00BDDRF700,ITEK,HANETFITEKIMETFP,ETF Plus,ITEK.MI,etf,EUR
IE00B1FZS574,ITKY,ISHARES TURKEY,Euronext Amsterdam,ITKY.AS,etf,EUR
IE000F6XDNZ5,ITPD,ISHETFITPSIMETFP,ETF Plus,ITPD.MI,etf,EUR
IE00B0M63623,ITWN,ISHARES TAIWAN,Euronext Amsterdam,ITWN.AS,etf,EUR
IE00BG5QQ390,IU0E,ISHETFIU0EIMETFP,ETF Plus,IU0E.MI,etf,EUR
IE0008YWAFL1,IU28,ISHETFI40152XPAR,Euronext Paris,IU28.PA,etf,EUR
IE00094KNQN4,IU29,ISHETFISID25XPAR,Euronext Paris,IU29.PA,etf,EUR
IE00BYV12Y75,IUCB,SSGETFIUCBIMETFP,ETF Plus,IUCB.MI,etf,EUR
IE00B3ZW0K18,IUES,SP 500 EH,Euronext Amsterdam,IUES.AS,etf,EUR
IE00BMBKBZ46,IUHE,ISHARES HCSE DIS,Euronext Amsterdam,IUHE.AS,etf,EUR
IE00B0M63060,IUKD,ISHETFIUKDIMETFP,ETF Plus,IUKD.MI,etf,EUR
IE00B1TXLS18,IUKP,ISHETFIUKPIMETFP,ETF Plus,IUKP.MI,etf,EUR
IE0031442068,IUSA,ISHARES S&P 500,Euronext Amsterdam,IUSA.AS,etf,EUR
IE00B1FZSF77,IUSP,ISHARES PROP US,Euronext Amsterdam,IUSP.AS,etf,EUR
IE000LGWDNE5,IVAI,INVETFKGAIESETFP,ETF Plus,IVAI.MI,etf,EUR
IE000BRM9046,IVDF,INVETFKGDFNETFP,ETF Plus,IVDF.MI,etf,EUR
IE00B4L5Y983,IWDA,ISHARES MSCI WOR A,Euronext Amsterdam,IWDA.AS,etf,EUR
IE00B441G979,IWDE,MSCI WRD EH,Euronext Amsterdam,IWDE.AS,etf,EUR
IE00B1FZS350,IWDP,ISHARES PROP GLO,Euronext Amsterdam,IWDP.AS,etf,EUR
IE000F9IDGB5,IWDS,ISHETFMSCIWLXPAR,Euronext Paris,IWDS.PA,etf,EUR
IE00BP3QZ825,IWMO,ISHETFIWMOIMETFP,ETF Plus,IWMO.MI,etf,EUR
IE000U1MQKJ2,IWQE,ISHETF747073ETFP,ETF Plus,IWQE.MI,etf,EUR
IE00BP3QZ601,IWQU,ISHETFIWQUIMETFP,ETF Plus,IWQU.MI,etf,EUR
IE00B0M62Q58,IWRD,ISHARES WORLD,Euronext Amsterdam,IWRD.AS,etf,EUR
IE00BP3QZD73,IWSZ,ISHETFIWSZIMETFP,ETF Plus,IWSZ.MI,etf,EUR
IE00BP3QZB59,IWVL,ISHETFIWVLIMETFP,ETF Plus,IWVL.MI,etf,EUR
IE0003HV7CS6,IX28,ISHETFI39488XPAR,Euronext Paris,IX28.PA,etf,EUR
IE000UJSC3C9,IX29,ISHETFI39487XPAR,Euronext Paris,IX29.PA,etf,EUR
IE00BKT6BH25,IX5A,ISHARES ECP XFIN,Euronext Amsterdam,IX5A.AS,etf,EUR
LU2994521073,JAAE,JANActJAAEETFP,ETF Plus,JAAE.MI,etf,EUR
IE000OLIUP21,JAEU,ISHActJAEUETFP,ETF Plus,JAEU.MI,etf,EUR
IE0006MM8VN6,JAGA,JPMACTJAGAETFP,ETF Plus,JAGA.MI,etf,EUR
IE000PQQLZM7,JAGE,JPMACTJAGEETFP,ETF Plus,JAGE.MI,etf,EUR
IE000D0T0BO1,JAPAN,FRAETFFLXJIVXPAR,Euronext Paris,JAPAN.PA,etf,EUR
IE000TD3TI26,JAVA,JPMActJAVAETFP,ETF Plus,JAVA.MI,etf,EUR
IE000CQQ22C8,JAVE,JPMActJAVEETFP,ETF Plus,JAVE.MI,etf,EUR
LU1481202692,JBEM,BNP BB EURO AGG EC,Euronext Paris,JBEM.PA,etf,EUR
IE0002A3VE77,JCEU,TABActJCEUETFP,ETF Plus,JCEU.MI,etf,EUR
LU2941599081,JCL0,JANActJCL0ETFP,ETF Plus,JCL0.MI,etf,EUR
LU2941599164,JCLD,JANActJCLDETFP,ETF Plus,JCLD.MI,etf,EUR
IE000CV0WWL4,JCPN,TABActJCPNETFP,ETF Plus,JCPN.MI,etf,EUR
IE00BYVZV757,JE13,JP ETFJE13IMETFP,ETF Plus,JE13.MI,etf,EUR
IE00049TNTV6,JEAA,JPMActJEAAETFP,ETF Plus,JEAA.MI,etf,EUR
IE000YU9K6K2,JEDI,VANETFJEDIIMXPAR,Euronext Paris,JEDI.PA,etf,EUR
IE0000BNORX6,JEEA,JPMActJEEAETFP,ETF Plus,JEEA.MI,etf,EUR
IE000WX7BVB0,JEGA,JPMActJEGAETFP,ETF Plus,JEGA.MI,etf,EUR
IE000IEOQSJ3,JEHY,JPMActJEHYETFP,ETF Plus,JEHY.MI,etf,EUR
IE0000EAPBT6,JEIA,JPMActJEIAETFP,ETF Plus,JEIA.MI,etf,EUR
IE0006YCYW06,JEIE,JPMActJEIEETFP,ETF Plus,JEIE.MI,etf,EUR
IE00048C5NZ0,JEIG,JPMActJEIGETFP,ETF Plus,JEIG.MI,etf,EUR
IE0006SEWKA2,JEME,JPMActJEMEETFP,ETF Plus,JEME.MI,etf,EUR
IE00064TWYK9,JEPE,JPMActJEPEETFP,ETF Plus,JEPE.MI,etf,EUR
IE0003UVYC20,JEPG,JPMActJEPGETFP,ETF Plus,JEPG.MI,etf,EUR
IE000U5MJOZ6,JEPI,JPMActJEPIETFP,ETF Plus,JEPI.MI,etf,EUR
IE000U9J8HX9,JEPQ,JPMActJEPQETFP,ETF Plus,JEPQ.MI,etf,EUR
IE000N6I8IU2,JEQA,JPMActJEQAETFP,ETF Plus,JEQA.MI,etf,EUR
IE0006FIW9Z0,JEQE,JPMActJEQEETFP,ETF Plus,JEQE.MI,etf,EUR
IE00BD9MMF62,JEST,JPMACTJESTETFP,ETF Plus,JEST.MI,etf,EUR
IE000JUREXG2,JEUG,JPMActJEUGETFP,ETF Plus,JEUG.MI,etf,EUR
IE000MTYM4K8,JGAE,JPMActJGAEETFP,ETF Plus,JGAE.MI,etf,EUR
IE000Y3FZEN4,JGBL,JanActJGBLETFP,ETF Plus,JGBL.MI,etf,EUR
IE000UZZ5SU2,JGEH,JPMActJGEHETFP,ETF Plus,JGEH.MI,etf,EUR
IE0008P6LL15,JGEV,JPMActJGEVETFP,ETF Plus,JGEV.MI,etf,EUR
IE000BHH6TY7,JGHE,JPMActJGHEETFP,ETF Plus,JGHE.MI,etf,EUR
IE00BKKCKJ46,JGHY,JPMACTJGHYETFP,ETF Plus,JGHY.MI,etf,EUR
IE0005MWBFR7,JGIE,JPMActJGIEETFP,ETF Plus,JGIE.MI,etf,EUR
IE0009OCO2W4,JGLE,JPMActJGLEETFP,ETF Plus,JGLE.MI,etf,EUR
IE000JS4ANL9,JGOV,JPMActJGOVETFP,ETF Plus,JGOV.MI,etf,EUR
IE000AP27VA7,JGPD,JPMActJGPDETFP,ETF Plus,JGPD.MI,etf,EUR
IE0005CH3U28,JGRO,JPMActJGROETFP,ETF Plus,JGRO.MI,etf,EUR
IE000UZIKD07,JGSE,JPMACTJGSEETFP,ETF Plus,JGSE.MI,etf,EUR
IE000CCQKON9,JHES,TABActJHESETFP,ETF Plus,JHES.MI,etf,EUR
IE000S2QZKI8,JIGG,JPMActJIGGETFP,ETF Plus,JIGG.MI,etf,EUR
IE000RE0SQM6,JIPD,JPMActJIPDETFP,ETF Plus,JIPD.MI,etf,EUR
IE000QGWZZO0,JJEH,JPMACTJJEHETFP,ETF Plus,JJEH.MI,etf,EUR
IE000TGCBXG8,JLOC,JPMActJLOCETFP,ETF Plus,JLOC.MI,etf,EUR
IE0008EMOWT3,JLOE,JPMActJLOEETFP,ETF Plus,JLOE.MI,etf,EUR
IE000FASRFS4,JMAC,JPMActJMACETFP,ETF Plus,JMAC.MI,etf,EUR
IE000MVWFDH1,JMAG,JPMActJMAGETFP,ETF Plus,JMAG.MI,etf,EUR
IE000TWAN2K7,JMAM,JPMActJMAMETFP,ETF Plus,JMAM.MI,etf,EUR
IE00BJ06C937,JMBA,JP ETFJMBEIMETFP,ETF Plus,JMBA.MI,etf,EUR
IE00BDDRDY39,JMBE,JP ETFJMBEIMETFP,ETF Plus,JMBE.MI,etf,EUR
IE0002OP0LA0,JNKA,SSGETFJNKEIMXPAR,Euronext Paris,JNKA.PA,etf,EUR
IE00B6YX5M31,JNKE,SSGETFJNKEIMETFP,ETF Plus,JNKE.MI,etf,EUR
LU3444943800,JOFE,IMGActJOFEETFP,ETF Plus,JOFE.MI,etf,EUR
IE000AN3AFZ1,JOGS,HANActJOGSETFP,ETF Plus,JOGS.MI,etf,EUR
IE00BN4Q0X77,JPA,UBSETFJPAIMETFP,ETF Plus,JPA.MI,etf,EUR
IE00063SATO1,JPAE,JPMActJPAEETFP,ETF Plus,JPAE.MI,etf,EUR
IE0002VU15G5,JPAW,JPMActJPAWETFP,ETF Plus,JPAW.MI,etf,EUR
IE000W95TAE6,JPCE,JP ETFJPCEIMETFP,ETF Plus,JPCE.MI,etf,EUR
IE00BMDWYZ92,JPCT,JP ETFJPCTIMETFP,ETF Plus,JPCT.MI,etf,EUR
IE000JHYO4T6,JPE,UBSETFJPEIMETFP,ETF Plus,JPE.MI,etf,EUR
IE000H0H26Q8,JPEA,JPMActJPEAETFP,ETF Plus,JPEA.MI,etf,EUR
IE0009TJ5T70,JPEC,JPMETFJPCEIMETFP,ETF Plus,JPEC.MI,etf,EUR
IE00BNC0MD55,JPESG,UBSETFPESGIMETFP,ETF Plus,JPESG.MI,etf,EUR
IE00BJRCLL96,JPGL,JP ETFJPGLIMETFP,ETF Plus,JPGL.MI,etf,EUR
LU1646360542,JPHD,AMUETFMXJPSXXPAR,Euronext Paris,JPHD.PA,etf,EUR
LU1681039134,JPHE,AMUNDI JPNK EUR HD,Euronext Paris,JPHE.PA,etf,EUR
IE000LZI2UH4,JPHY,JPMActJPHYETFP,ETF Plus,JPHY.MI,etf,EUR
IE00BDFC6G93,JPMB,JP ETFJMBEIMETFP,ETF Plus,JPMB.MI,etf,EUR
IE000QCDDND5,JPMQ,FAMETFMVJPNQETFP,ETF Plus,JPMQ.MI,etf,EUR
IE000SM6I1K9,JPMQJ,FAMETFMVJPNQETFP,ETF Plus,JPMQJ.MI,etf,EUR
FR0010245514,JPN,AMUNDI ETF TOPIX,Euronext Paris,JPN.PA,etf,EUR
LU0950671825,JPNA,UBSETFMXJPETFP,ETF Plus,JPNA.MI,etf,EUR
LU1169822266,JPNE,UBSETFJPNEIMETFP,ETF Plus,JPNE.MI,etf,EUR
FR0011475078,JPNH,AMUNDI TOPIX DH,Euronext Paris,JPNH.PA,etf,EUR
LU1681038912,JPNK,AMUNDI JPXNK 400,Euronext Paris,JPNK.PA,etf,EUR
IE00BG8BCY43,JPSA,JPMACTJPSAETFP,ETF Plus,JPSA.MI,etf,EUR
LU1230561679,JPSR,UBS ETF JPSR,Euronext Amsterdam,JPSR.AS,etf,EUR
LU1273488715,JPSRE,UBSETFPSREIMETFP,ETF Plus,JPSRE.MI,etf,EUR
IE00BDFC6Q91,JPST,JPMACTJPSTETFP,ETF Plus,JPST.MI,etf,EUR
LU2233156749,JPX4,AMUNDI JPX4 ETF,Euronext Paris,JPX4.PA,etf,EUR
LU2269164310,JPXH,AMUNDI JPXH ETF,Euronext Paris,JPXH.PA,etf,EUR
IE000R7DCW45,JPYE,JPMActJPYEETFP,ETF Plus,JPYE.MI,etf,EUR
IE0006CJGQR9,JQPD,JPMActJQPDETFP,ETF Plus,JQPD.MI,etf,EUR
IE00BF59RW70,JR15,JPMACTJR15ETFP,ETF Plus,JR15.MI,etf,EUR
IE000A7N3IV0,JRAW,JPMActJRAWETFP,ETF Plus,JRAW.MI,etf,EUR
IE00BMDV7354,JREA,JPMACTJREAETFP,ETF Plus,JREA.MI,etf,EUR
IE00BF59RX87,JREB,JPMACTJREBETFP,ETF Plus,JREB.MI,etf,EUR
IE00BMDV7578,JREC,JPMACTJRECETFP,ETF Plus,JREC.MI,etf,EUR
IE00BF4G7183,JREE,JPMACTJREEETFP,ETF Plus,JREE.MI,etf,EUR
IE00BF4G6Y48,JREG,JPMACTJREGETFP,ETF Plus,JREG.MI,etf,EUR
IE00BP2NF958,JREJ,JPMACTJREJETFP,ETF Plus,JREJ.MI,etf,EUR
IE00BF4G6Z54,JREM,JPMACTJREMETFP,ETF Plus,JREM.MI,etf,EUR
IE00BF4G7076,JREU,JPMACTJREUETFP,ETF Plus,JREU.MI,etf,EUR
IE00004PGEY9,JREZ,JPMACTJREZETFP,ETF Plus,JREZ.MI,etf,EUR
IE0000UW95D6,JRGE,JPMACTJRGEETFP,ETF Plus,JRGE.MI,etf,EUR
IE000ZAJ6XQ2,JRIN,JPMActJRINETFP,ETF Plus,JRIN.MI,etf,EUR
IE00BF59RV63,JRUB,JPMACTJRUBETFP,ETF Plus,JRUB.MI,etf,EUR
IE0000J0F3C5,JRUE,JPMACTJRUEETFP,ETF Plus,JRUE.MI,etf,EUR
IE0001JABD69,JRWE,JPMActJRWEETFP,ETF Plus,JRWE.MI,etf,EUR
IE0003UN5CT1,JSEE,JPMActJSEEETFP,ETF Plus,JSEE.MI,etf,EUR
IE000BXC49I6,JSEG,JPMACTJSEGETFP,ETF Plus,JSEG.MI,etf,EUR
IE000ANHU3J3,JSEM,JPMActJSEMETFP,ETF Plus,JSEM.MI,etf,EUR
IE00069JGT58,JSEU,JPMACTJSEUETFP,ETF Plus,JSEU.MI,etf,EUR
IE0006HMLPV6,JSHE,JPMACTJSHEETFP,ETF Plus,JSHE.MI,etf,EUR
LU2098179695,JT13,UBSETFJT13IMETFP,ETF Plus,JT13.MI,etf,EUR
LU2098180271,JT13E,UBSETFH01670ETFP,ETF Plus,JT13E.MI,etf,EUR
IE00BD9MMD49,JU13,JP ETFJU13IMETFP,ETF Plus,JU13.MI,etf,EUR
IE000CN8T855,JUHE,JPMACTJUHEETFP,ETF Plus,JUHE.MI,etf,EUR
IE000W85O7M4,JUIE,JPMActJUIEETFP,ETF Plus,JUIE.MI,etf,EUR
IE0002HWPU75,JURY,HANETFSOLJURETFP,ETF Plus,JURY.MI,etf,EUR
IE000RSCXLM4,JUSE,JPMActJUSEETFP,ETF Plus,JUSE.MI,etf,EUR
IE000BZFW5H7,JUSH,JPMActJUSHETFP,ETF Plus,JUSH.MI,etf,EUR
IE0008DO91F6,JXUE,JPMActJXUEETFP,ETF Plus,JXUE.MI,etf,EUR
IE0006FBEDB6,JXUS,JPMActJXUSETFP,ETF Plus,JXUS.MI,etf,EUR
IE000YK1TO74,JYEH,JPMACTJYEHETFP,ETF Plus,JYEH.MI,etf,EUR
IE000SNMGYT5,KNG,FirETFSPATIETFP,ETF Plus,KNG.MI,etf,EUR
IE000O6Z73N7,KOID,KRAETFKOIDTRETFP,ETF Plus,KOID.MI,etf,EUR
LU1900066975,KRW,AMUNDI MSCI Korea,Euronext Paris,KRW.PA,etf,EUR
IE00BKPJY541,KSTR,KRAETFKSTRIMETFP,ETF Plus,KSTR.MI,etf,EUR
IE00BFXR7900,KWBE,KRAETFKWEBIMETFP,ETF Plus,KWBE.MI,etf,EUR
IE000K3YPA16,KWEH,KRAETFKWEBIMETFP,ETF Plus,KWEH.MI,etf,EUR
LU1650492173,L100,AMUNDI FTSE 100,Euronext Paris,L100.PA,etf,EUR
IE0007HKA9K1,LABL,LG ETFSOLARBETFP,ETF Plus,LABL.MI,etf,EUR
LU1287022708,LAFRI,MULETFAFRIIMETFP,ETF Plus,LAFRI.MI,etf,EUR
IE000QZF7EX2,LATM,ISHETFMXLA10XAMS,Euronext Amsterdam,LATM.AS,etf,EUR
LU2872291948,LC30,AMUETFCFIILCXPAR,Euronext Paris,LC30.PA,etf,EUR
LU2872292086,LC33,AMUETFCFIILCXPAR,Euronext Paris,LC33.PA,etf,EUR
LU2872292169,LC36,AMUETFCFIILCXPAR,Euronext Paris,LC36.PA,etf,EUR
LU2872292243,LC39,AMUETFCFIILCXPAR,Euronext Paris,LC39.PA,etf,EUR
LU1781541849,LCAS,MULETFEMAEIMETFP,ETF Plus,LCAS.MI,etf,EUR
LU1841731745,LCCN,MULETFXCS6IMXPAR,Euronext Paris,LCCN.PA,etf,EUR
LU2777377875,LCEUD,BNP LCEU PAB D ETF,Euronext Paris,LCEUD.PA,etf,EUR
LU1781541252,LCJP,MULETFCSJPIMETFP,ETF Plus,LCJP.MI,etf,EUR
LU2194449075,LCWLD,BNPP LCWPAB ETF,Euronext Paris,LCWLD.PA,etf,EUR
IE00BMYDMB35,LDAP,L&GETFLDAPIMETFP,ETF Plus,LDAP.MI,etf,EUR
IE00BP9F2J32,LDCE,PIMACTLDCEETFP,ETF Plus,LDCE.MI,etf,EUR
IE00BP9F2H18,LDCU,PIMACTLDCUETFP,ETF Plus,LDCU.MI,etf,EUR
IE00BMYDM919,LDEU,L&GETFLDEUIMETFP,ETF Plus,LDEU.MI,etf,EUR
IE000MRIQ479,LDGA,LG ETFGDXDGQETFP,ETF Plus,LDGA.MI,etf,EUR
IE0005AJA0P1,LDGL,LG ETFGDXDGQETFP,ETF Plus,LDGL.MI,etf,EUR
IE000FDU4IY8,LDIG,PIMActLDIGETFP,ETF Plus,LDIG.MI,etf,EUR
FR0010429068,LEM,AMUNDI ETF MSCI EM,Euronext Paris,LEM.PA,etf,EUR
LU2573967036,LEMA,MULETFGEASIMETFP,ETF Plus,LEMA.MI,etf,EUR
FR0010446658,LEVMIB,MULSTRVMIBIMETFP,ETF Plus,LEVMIB.MI,etf,EUR
IE00BFXR5W90,LGAP,L&G APAC x JP Eq.,Euronext Amsterdam,LGAP.AS,etf,EUR
IE00BFXR5V83,LGEU,L&G EU x UK Eq.,Euronext Amsterdam,LGEU.AS,etf,EUR
IE00BFXR5S54,LGGL,L&G Global Eq.,Euronext Amsterdam,LGGL.AS,etf,EUR
IE00BFXR5T61,LGJP,L&G Core Japan Eq.,Euronext Amsterdam,LGJP.AS,etf,EUR
IE00BYSZ6062,LGOV,SSGETFLGOVIMETFP,ETF Plus,LGOV.MI,etf,EUR
IE00BFXR5Q31,LGUS,L&G Core US Eq.,Euronext Amsterdam,LGUS.AS,etf,EUR
IE000PPEL1I4,LINXB,INVACTLINXBETFP,ETF Plus,LINXB.MI,etf,EUR
IE0006GUEKQ7,LINXC,INVACTLINXCETFP,ETF Plus,LINXC.MI,etf,EUR
IE000MJ79846,LION,LG ETFIBXXLSETFP,ETF Plus,LION.MI,etf,EUR
IE000WDG5795,LITM,ISHETFSTXCPPETFP,ETF Plus,LITM.MI,etf,EUR
IE00BLCHJN13,LITU,GLOETFLITUIMETFP,ETF Plus,LITU.MI,etf,EUR
IE00BG0J4C88,LOCK,Digital Sec Acc,Euronext Amsterdam,LOCK.AS,etf,EUR
IE00B802KR88,LOWV,SSGETFLOWVIMETFP,ETF Plus,LOWV.MI,etf,EUR
IE0032895942,LQDA,ISHARES USD CRP BD,Euronext Amsterdam,LQDA.AS,etf,EUR
IE00BCLWRB83,LQDH,IS USD HEDGED CB,Euronext Amsterdam,LQDH.AS,etf,EUR
FR0010342592,LQQ,Amundi NSDQ LEV,Euronext Paris,LQQ.PA,etf,EUR
IE00B27YCK28,LTAM,ISHARES LATIN AM,Euronext Amsterdam,LTAM.AS,etf,EUR
IE000W4A2Q38,LUNA,GLOETFMASPCEETFP,ETF Plus,LUNA.MI,etf,EUR
IE00BZ0G8860,LUSC,SSGETFLUSCIMETFP,ETF Plus,LUSC.MI,etf,EUR
IE00BYSZ5V04,LUTR,SSGETFLUTRIMETFP,ETF Plus,LUTR.MI,etf,EUR
FR0010592014,LVC,AMUNDI ETF LEV CAC,Euronext Paris,LVC.PA,etf,EUR
LU0252634307,LVD,AMUNDI ETF LEVDAX,Euronext Paris,LVD.PA,etf,EUR
FR0010468983,LVE,AMUNDI ETF SX50 DL,Euronext Paris,LVE.PA,etf,EUR
IE000N42HDP2,LVLC,INVACTLVLCETFP,ETF Plus,LVLC.MI,etf,EUR
IE000XIBT2R7,LVLE,INVACTLVLEETFP,ETF Plus,LVLE.MI,etf,EUR
LU0832435464,LVO,AMUNDI ETF VIX EUR,Euronext Amsterdam,LVO.AS,etf,EUR
LU2130768844,LWCE,AM EUR CLIM CTB,Euronext Paris,LWCE.PA,etf,EUR
IE0001GSQ2O9,LWCR,MSCI W ESG B CTB S,Euronext Paris,LWCR.PA,etf,EUR
FR0014010HV4,LWLD,MULStrMXWOLDXPAR,Euronext Paris,LWLD.PA,etf,EUR
IE000W1S2PT6,LYTE,HANETFIDGPINETFP,ETF Plus,LYTE.MI,etf,EUR
LU1829219556,MA13,AMUNDI EMTS BD 13Y,Euronext Paris,MA13.PA,etf,EUR
LU1829219713,MA35,AMUNDI EMTS BD 35Y,Euronext Paris,MA35.PA,etf,EUR
LU1287023342,MAA,AMUNDI EMTS HR MWG,Euronext Paris,MAA.PA,etf,EUR
IE00BLP53M98,MACV,ISHACTMACVETFP,ETF Plus,MACV.MI,etf,EUR
IE00BLLZQ805,MAGR,ISHACTMAGRETFP,ETF Plus,MAGR.MI,etf,EUR
IE000FCGBU62,MATW,Amundi S&P Mat,Euronext Paris,MATW.PA,etf,EUR
IE000Y1595P8,MAXD,ISHActMAXDETFP,ETF Plus,MAXD.MI,etf,EUR
IE000BMP9YJ5,MAXJ,ISHActMAXJETFP,ETF Plus,MAXJ.MI,etf,EUR
IE000INTB8Q8,MAXM,ISHActMAXMETFP,ETF Plus,MAXM.MI,etf,EUR
IE000ON9GR24,MAXS,ISHActMAXSETFP,ETF Plus,MAXS.MI,etf,EUR
LU2780871401,MB28,AMUETFCFIIEBETFP,ETF Plus,MB28.MI,etf,EUR
LU1681041460,MCEU,AMUNDI MSCI EURMOM,Euronext Paris,MCEU.PA,etf,EUR
IE00BK80XL30,MCHN,INVETFMCHNIMETFP,ETF Plus,MCHN.MI,etf,EUR
IE00BM8QS095,MCHT,INVETFMCHTIMETFP,ETF Plus,MCHT.MI,etf,EUR
IE000P1G9TM6,MCT,HANActMCTETFP,ETF Plus,MCT.MI,etf,EUR
IE00BHJYDV33,MDAX,INVETFMDAXETFP,ETF Plus,MDAX.MI,etf,EUR
LU3065087333,MDB1,UBSETFMDBS2XETFP,ETF Plus,MDB1.MI,etf,EUR
LU3065090717,MDB1D,UBSETFMDBE15ETFP,ETF Plus,MDB1D.MI,etf,EUR
LU3065094974,MDB1E,UBSETFMDBE15ETFP,ETF Plus,MDB1E.MI,etf,EUR
LU3333848920,MDB1Y,UBSETFMDB15JETFP,ETF Plus,MDB1Y.MI,etf,EUR
LU2880762781,MDB5,UBSETFMDBS25ETFP,ETF Plus,MDB5.MI,etf,EUR
LU2880762948,MDB5E,UBSETFMDBS25ETFP,ETF Plus,MDB5E.MI,etf,EUR
LU3333849068,MDB5Y,UBSETFMDB510ETFP,ETF Plus,MDB5Y.MI,etf,EUR
LU1852211215,MDBA,UBSETFMDBAIMETFP,ETF Plus,MDBA.MI,etf,EUR
LU1852211991,MDBE,UBSETFMDBEIMETFP,ETF Plus,MDBE.MI,etf,EUR
FR0011857234,MDX,MULETFMDAXNRXPAR,Euronext Paris,MDX.PA,etf,EUR
IE000LUZJNI7,MEEQ,INVETFM7EUEWETFP,ETF Plus,MEEQ.MI,etf,EUR
LU1812091194,MEH,Amundi FTSE Epra,Euronext Paris,MEH.PA,etf,EUR
IE000WCPJOV4,METAA,FAMETFMVMETVETFP,ETF Plus,METAA.MI,etf,EUR
IE000HA0OM03,METAJ,FAMETFMVMETVETFP,ETF Plus,METAJ.MI,etf,EUR
IE000IM4K4K2,METE,FRAETFFLRAIVXPAR,Euronext Paris,METE.PA,etf,EUR
IE000ROSD5J6,METL,ISHETFSPGEMPETFP,ETF Plus,METL.MI,etf,EUR
FR0010261198,MEU,AMUNDI MSCI EUR,Euronext Paris,MEU.PA,etf,EUR
LU0908500753,MEUD,AMUNDI COR STOX600,Euronext Paris,MEUD.PA,etf,EUR
LU3046617984,MEUR,OSSETFMSDEE1XPAR,Euronext Paris,MEUR.PA,etf,EUR
LU0908501132,MFDD,LYXETFMFDDIMETFP,ETF Plus,MFDD.MI,etf,EUR
LU1646360971,MFE,AMUNDI Core EMU,Euronext Paris,MFE.PA,etf,EUR
LU1646361276,MFEC,AMUNDI Core EMUACC,Euronext Paris,MFEC.PA,etf,EUR
LU0908501058,MFED,AMUNDI COR STOX300,Euronext Paris,MFED.PA,etf,EUR
LU3359622902,MFEH,IMGActMFEHXPAR,Euronext Paris,MFEH.PA,etf,EUR
IE000AEM1K78,MGMX,M&GActMGMXETFP,ETF Plus,MGMX.MI,etf,EUR
FR0007075494,MGT,LYXOR ETF DJ GT50,Euronext Paris,MGT.PA,etf,EUR
FR0010010827,MIB,AMUNDI FTSE MIB,Euronext Paris,MIB.PA,etf,EUR
FR0014002H76,MIBA,MULETFMIBNTRETFP,ETF Plus,MIBA.MI,etf,EUR
IE000DPO6LM8,MIDS,LG ETFM1WOMCETFP,ETF Plus,MIDS.MI,etf,EUR
LU2023678449,MILL,AMUNDI MILLENNIALS,Euronext Paris,MILL.PA,etf,EUR
IE0008EKJPN4,MINE,CoETFBMINENETFP,ETF Plus,MINE.MI,etf,EUR
IE000UDFKE13,MINR,FIRETFIGFEMIETFP,ETF Plus,MINR.MI,etf,EUR
IE00B67B7N93,MINT,PIMACTMINTETFP,ETF Plus,MINT.MI,etf,EUR
LU1589349734,MIVU,AMUNDI US MIN VO,Euronext Paris,MIVU.PA,etf,EUR
IE00B5VX7566,MJP,HSBC MSCIJAPAN ETF,Euronext Paris,MJP.PA,etf,EUR
IE000CO3P697,MJUN,FIRActMJUNETFP,ETF Plus,MJUN.MI,etf,EUR
IE00B8CJW150,MLPD,INVETFMLPDIMETFP,ETF Plus,MLPD.MI,etf,EUR
IE00B94ZB998,MLPS,INVETFMLPDIMETFP,ETF Plus,MLPS.MI,etf,EUR
FR001400S9V0,MLUX,AMUETFGLUXIMXPAR,Euronext Paris,MLUX.PA,etf,EUR
IE00BKPTXQ89,MMLP,HANETFMMLPIMETFP,ETF Plus,MMLP.MI,etf,EUR
LU1598689153,MMS,AMUNDI SMALL CAP,Euronext Paris,MMS.PA,etf,EUR
IE000F215NJ2,MNGA,M&GActMNGAETFP,ETF Plus,MNGA.MI,etf,EUR
IE00BQQP9H09,MOAT,VANETFMOATIMXPAR,Euronext Paris,MOAT.PA,etf,EUR
IE00BLLZQS08,MODR,ISHACTMODRETFP,ETF Plus,MODR.MI,etf,EUR
IE000VZO6W35,MONEJ,FAMETFSOEST1ETFP,ETF Plus,MONEJ.MI,etf,EUR
IE0005PGDJ30,MONEY,FAMETFSOEST1ETFP,ETF Plus,MONEY.MI,etf,EUR
IE000GLK5WA7,MOO,VANETFMVMOOTETFP,ETF Plus,MOO.MI,etf,EUR
IE0007I99HX7,MOTU,VANETFMWMFNXPAR,Euronext Paris,MOTU.PA,etf,EUR
IE000FOSCLU1,MPAB,MSCI EMU Prs-Alg D,Euronext Amsterdam,MPAB.AS,etf,EUR
FR0007054358,MSE,AMUNDI ESTOXX50,Euronext Paris,MSE.PA,etf,EUR
FR001400ZGP1,MSES,MULETFSX5TXPAR,Euronext Paris,MSES.PA,etf,EUR
LU3299677271,MSET,AMUETFSXCCTIXPAR,Euronext Paris,MSET.PA,etf,EUR
LU1048313974,MSRUSB,UBSETFRUSBIMETFP,ETF Plus,MSRUSB.MI,etf,EUR
LU1650487413,MTA,AMUNDI EUROGOV 13Y,Euronext Paris,MTA.PA,etf,EUR
LU1650488494,MTB,AMUNDI EUROGOV 35Y,Euronext Paris,MTB.PA,etf,EUR
LU1287023003,MTC,AMUNDI EUR GOV 57,Euronext Paris,MTC.PA,etf,EUR
LU1287023185,MTD,AMUNDI EUR GOV 710,Euronext Paris,MTD.PA,etf,EUR
LU1650489385,MTE,AMUNDI EUR GOV1015,Euronext Paris,MTE.PA,etf,EUR
LU1287023268,MTF,AMUNDI EUROMTS15PY,Euronext Paris,MTF.PA,etf,EUR
LU1686832194,MTH,AMUNDI LY DURA 25Y,Euronext Paris,MTH.PA,etf,EUR
LU1650491282,MTI,AMUNDI Eur Gov Inf,Euronext Paris,MTI.PA,etf,EUR
LU1737653714,MTIG,AMUETFMTIGIMETFP,ETF Plus,MTIG.MI,etf,EUR
IE00BMG6Z448,MTPI,ISH MSCI EXCHNA US,Euronext Paris,MTPI.PA,etf,EUR
IE0004U3TX15,MTVS,L&GETFMTVSIMETFP,ETF Plus,MTVS.MI,etf,EUR
IE00BNG70R26,MUNI,INVETFMUNIIMETFP,ETF Plus,MUNI.MI,etf,EUR
IE00B5WFQ436,MUS,HSBC MSCI USA ETF,Euronext Paris,MUS.PA,etf,EUR
IE0002W8NB38,MUSA,ISH USA SWAP EUR,Euronext Paris,MUSA.PA,etf,EUR
LU1953137681,MUSRI,BNPP EMU SRI PAB,Euronext Paris,MUSRI.PA,etf,EUR
IE00B86MWN23,MVEU,ISHETFMVEUIMETFP,ETF Plus,MVEU.MI,etf,EUR
IE00B8FHGS14,MVOL,ISHETFMVOLIMETFP,ETF Plus,MVOL.MI,etf,EUR
IE000RN58M26,MVRS,ISHETFGLMVEXXAMS,Euronext Amsterdam,MVRS.AS,etf,EUR
IE00B6SPMN59,MVUS,ISHETFMVUSIMETFP,ETF Plus,MVUS.MI,etf,EUR
IE000OEF25S1,MWEQ,INVETFM1WOEWETFP,ETF Plus,MWEQ.MI,etf,EUR
LU1832418773,MWO,AMUNDI EPRA G DEV,Euronext Paris,MWO.PA,etf,EUR
IE000M86QRT4,MWOQ,AMUETFSPXXEHXPAR,Euronext Paris,MWOQ.PA,etf,EUR
IE0004CIQ1O4,MWOS,AMUETFMXWEL5XPAR,Euronext Paris,MWOS.PA,etf,EUR
IE000BI8OT95,MWRD,Amundi MSCI World,Euronext Paris,MWRD.PA,etf,EUR
IE00B3DWVS88,MXFS,INVETFGEASIMETFP,ETF Plus,MXFS.MI,etf,EUR
IE00BK5LYT47,MXUD,INVETFMXUSIMETFP,ETF Plus,MXUD.MI,etf,EUR
IE000CH3OQ51,MXUE,INVETFHE7217ETFP,ETF Plus,MXUE.MI,etf,EUR
IE00B60SX170,MXUS,INVETFMXUSIMETFP,ETF Plus,MXUS.MI,etf,EUR
LU2780871666,MY28,AMUETFCFIIEYETFP,ETF Plus,MY28.MI,etf,EUR
IE00BPRCH686,N400,INVETFN400IMETFP,ETF Plus,N400.MI,etf,EUR
IE0001ZFMLN7,NAQS,ISHETFNASDAQXAMS,Euronext Amsterdam,NAQS.AS,etf,EUR
IE00041H4WT9,NATE,HANETFNATEEUETFP,ETF Plus,NATE.MI,etf,EUR
IE000OJ5TQP4,NATO,NATO UCITS ETF,Euronext Paris,NATO.PA,etf,EUR
IE000TAA0GK0,NATY,HANActNATYETFP,ETF Plus,NATY.MI,etf,EUR
IE0003BJ2JS4,NCLR,WISETFWTNCLRXPAR,Euronext Paris,NCLR.PA,etf,EUR
IE00BZCQB185,NDIA,iS MSCI India Acc,Euronext Amsterdam,NDIA.AS,etf,EUR
LU1681038599,NDXH,AMUNDI NDXH EUR HD,Euronext Paris,NDXH.PA,etf,EUR
IE000COQKPO9,NESG,INVETFNESGITETFP,ETF Plus,NESG.MI,etf,EUR
IE000QUCVEN9,NFRA,ARKETFFXBYNFETFP,ETF Plus,NFRA.MI,etf,EUR
LU3256186639,NOUSA,BNPETFM1WOUXPAR,Euronext Paris,NOUSA.PA,etf,EUR
IE000MYCJA42,NRAM,Amundi MSCINorthAm,Euronext Paris,NRAM.PA,etf,EUR
IE000J0LN0R5,NRGW,Amundi S&P Enrgy,Euronext Paris,NRGW.PA,etf,EUR
FR0010524777,NRJ,AMUNDI NEW ENER,Euronext Paris,NRJ.PA,etf,EUR
FR0014002CG3,NRJC,Amundi MSCI Energy,Euronext Paris,NRJC.PA,etf,EUR
LU3299677438,NSDT,AMUETFNDXTIIXPAR,Euronext Paris,NSDT.PA,etf,EUR
NL0009272772,NTM,VE Balanced,Euronext Amsterdam,NTM.AS,etf,EUR
IE00077IIPQ8,NTSG,WISETFWTNTSGXPAR,Euronext Paris,NTSG.PA,etf,EUR
IE000KF370H3,NTSX,WISETFWUSEFFETFP,ETF Plus,NTSX.MI,etf,EUR
IE000OV4XWA3,NTSZ,WISETFWTNTSZXPAR,Euronext Paris,NTSZ.PA,etf,EUR
IE000M7V94E1,NUCL,VANETFMVNUCLXPAR,Euronext Paris,NUCL.PA,etf,EUR
IE0006WPPA00,NUKZ,HANETFNUKZXETFP,ETF Plus,NUKZ.MI,etf,EUR
IE00BWTNM743,NXTG,FIRETFNXTGIMETFP,ETF Plus,NXTG.MI,etf,EUR
IE0003LX7GI0,NYSX,GLOETFNYS100ETFP,ETF Plus,NYSX.MI,etf,EUR
IE000UXI85C0,OBAA,HANActOBAAXPAR,Euronext Paris,OBAA.PA,etf,EUR
IE000V0Q8BV4,OBBA,HANActOBBAXPAR,Euronext Paris,OBBA.PA,etf,EUR
IE0001O9L5K4,OBGE,HANActOBGEXPAR,Euronext Paris,OBGE.PA,etf,EUR
FR0013346681,OBLI,AMUNDI PEA OBLI,Euronext Paris,OBLI.PA,etf,EUR
IE000YR7N5U8,OBUS,HANActOBUSXPAR,Euronext Paris,OBUS.PA,etf,EUR
NO0010257801,OBXD,OBXEDNB,Oslo Børs,OBXD.OL,etf,NOK
IE000IH9YO94,OCGP,HANActOCGPXPAR,Euronext Paris,OCGP.PA,etf,EUR
LU3174346000,OFIEU,GLOActOFIEUXPAR,Euronext Paris,OFIEU.PA,etf,EUR
LU3174346182,OFIUS,GLOActOFIUSXPAR,Euronext Paris,OFIUS.PA,etf,EUR
LU2069380306,OG35,OSSETFOG35IMETFP,ETF Plus,OG35.MI,etf,EUR
IE000NXF88S1,OIHV,VANETFMVKO10XPAR,Euronext Paris,OIHV.PA,etf,EUR
IE000F3AQVD2,OMNIS,InvETFMSTRUSETFP,ETF Plus,OMNIS.MI,etf,EUR
LU1847674733,OP2E,Os BLM (EUR),Euronext Paris,OP2E.PA,etf,EUR
LU1655103486,OP4E,Os BLM EX (EUR),Euronext Paris,OP4E.PA,etf,EUR
LU1655103643,OP5E,Os BLM JAP (Eur),Euronext Paris,OP5E.PA,etf,EUR
LU1655103726,OP5H,Os BLM JAP (HDG),Euronext Paris,OP5H.PA,etf,EUR
LU2491210618,OP6E,Os BLM ASIA P(EUR),Euronext Paris,OP6E.PA,etf,EUR
IE000IIED424,OP7E,Os Blm US (Eur),Euronext Paris,OP7E.PA,etf,EUR
IE000JCGTOP1,OP7H,Os Blm US (HGD),Euronext Paris,OP7H.PA,etf,EUR
IE000IVQPCG4,OP9E,OSSETFDMPABNXPAR,Euronext Paris,OP9E.PA,etf,EUR
IE000ANMCD25,ORBT,FirETFBSPENETFP,ETF Plus,ORBT.MI,etf,EUR
IE0006BDZN36,OVER,UBSETFSOLESTETFP,ETF Plus,OVER.MI,etf,EUR
LU3215541056,OVNI,BNPETFSOESTRXPAR,Euronext Paris,OVNI.PA,etf,EUR
FR0013412293,P500H,AMUNDI PEA SP500 H,Euronext Paris,P500H.PA,etf,EUR
IE0004HBJKG0,PAACE,BNP ACWI SRI ETF,Euronext Paris,PAACE.PA,etf,EUR
FR0013412012,PAASI,AMUNDI PEA EM ASIA,Euronext Paris,PAASI.PA,etf,EUR
IE00058B19U6,PABH,AmSP500 NetZH,Euronext Paris,PABH.PA,etf,EUR
IE000O5FBC47,PABU,AmSP500 NetZero,Euronext Paris,PABU.PA,etf,EUR
IE000CL68Z69,PABW,MSCI W Climate PA,Euronext Paris,PABW.PA,etf,EUR
LU2182388582,PABZ,AMUNDI EURZ CLIMPA,Euronext Paris,PABZ.PA,etf,EUR
IE00B9KNR336,PADV,SSGETFPADVIMETFP,ETF Plus,PADV.MI,etf,EUR
FR0013412020,PAEEM,AMUNDI PEA MSCI EM,Euronext Paris,PAEEM.PA,etf,EUR
FR0011869312,PAEJ,AM ASIP EXJ PEA,Euronext Paris,PAEJ.PA,etf,EUR
IE000PJL7R74,PAEM,INVETFPAEMIMETFP,ETF Plus,PAEM.MI,etf,EUR
IE000TI21P14,PAEU,INVETFPAEUIMETFP,ETF Plus,PAEU.MI,etf,EUR
IE000I8IKC59,PAJP,INVETFPAJPIMETFP,ETF Plus,PAJP.MI,etf,EUR
FR0013412004,PALAT,AMUNDI PEA EM ALAT,Euronext Paris,PALAT.PA,etf,EUR
LU3256186803,PANDA,BNPETFNU7187XPAR,Euronext Paris,PANDA.PA,etf,EUR
FR0013412269,PANX,AMUNDI PEA NASDAQ,Euronext Paris,PANX.PA,etf,EUR
IE00BMDPBY65,PARI,Fr STXX EU 600 Par,Euronext Amsterdam,PARI.AS,etf,EUR
FR0011871078,PASI,AMUNDI Chine PEA,Euronext Paris,PASI.PA,etf,EUR
IE000RLUE8E9,PAUS,INVETFPAUSIMETFP,ETF Plus,PAUS.MI,etf,EUR
IE00BLCHJ534,PAVE,GLOETFPAVEIMETFP,ETF Plus,PAVE.MI,etf,EUR
IE000V93BNU0,PAWD,INVETFPAWDIMETFP,ETF Plus,PAWD.MI,etf,EUR
FR0013412038,PCEU,AMUNDI PEA EUROPE,Euronext Paris,PCEU.PA,etf,EUR
IE00BKY4W127,PCOM,WISETFBLOCOMXPAR,Euronext Paris,PCOM.PA,etf,EUR
FR0011869270,PDJE,AMUNDI DJIA PEA,Euronext Paris,PDJE.PA,etf,EUR
IE00043ZI3D8,PDWD,PicActPDWDETFP,ETF Plus,PDWD.MI,etf,EUR
IE000RYWBSX8,PDWX,PicActPDWXETFP,ETF Plus,PDWX.MI,etf,EUR
FR0013412285,PE500,AMUNDI PEA SP500,Euronext Paris,PE500.PA,etf,EUR
IE00B23D8X81,PEF,INVETFPEFIMETFP,ETF Plus,PEF.MI,etf,EUR
IE00B23D9570,PEH,INVETFPEHIMETFP,ETF Plus,PEH.MI,etf,EUR
LU3384730795,PEHY,IMGActPEHYXPAR,Euronext Paris,PEHY.PA,etf,EUR
IE00BF51K132,PEMD,INVETFPEMDIMETFP,ETF Plus,PEMD.MI,etf,EUR
FR001400ZGO4,PEMS,AMUETFMXEECCXPAR,Euronext Paris,PEMS.PA,etf,EUR
IE00B3BPCH51,PEU,IVZ EURMTS CASH 3M,Euronext Paris,PEU.PA,etf,EUR
IE000BKMMHF9,PEX,UBSETFPEXIMETFP,ETF Plus,PEX.MI,etf,EUR
IE000BAF6X29,PEXE,UBSETFPEXEIMETFP,ETF Plus,PEXE.MI,etf,EUR
IE0008LRGGP4,PFFI,HANActPFFIETFP,ETF Plus,PFFI.MI,etf,EUR
IE00B23D8S39,PFT,IVZ FTSE RAFI US,Euronext Paris,PFT.PA,etf,EUR
IE000YYVSM16,PIKA,VANETFMVELECETFP,ETF Plus,PIKA.MI,etf,EUR
FR0011869320,PINR,AMUNDI INDIA PEA,Euronext Paris,PINR.PA,etf,EUR
IE00B5ZR2157,PJS1,PIMACTPJS1ETFP,ETF Plus,PJS1.MI,etf,EUR
IE00BVZ6SP04,PJSR,PIMActPJSRETFP,ETF Plus,PJSR.MI,etf,EUR
LU2370241684,PLAN,AMUNDI Corp GreenB,Euronext Paris,PLAN.PA,etf,EUR
FR0011440478,PLEM,AMUNDI MSCI EM PEA,Euronext Paris,PLEM.PA,etf,EUR
FR0011869304,PMEH,AM IMMO EUR PEA,Euronext Paris,PMEH.PA,etf,EUR
FR001400ZGR7,PNAS,AMUETFNSDQXPAR,Euronext Paris,PNAS.PA,etf,EUR
IE0007Z19996,PQED,PicActPQEDETFP,ETF Plus,PQED.MI,etf,EUR
IE000XFUFRR4,PQEU,PicActPQEUETFP,ETF Plus,PQEU.MI,etf,EUR
IE000DWHL026,PQUS,PicActPQUSETFP,ETF Plus,PQUS.MI,etf,EUR
IE00BDZCKK11,PQVM,INVETFPQVMIMETFP,ETF Plus,PQVM.MI,etf,EUR
IE000JBZXFH0,PQWD,PicActPQWDETFP,ETF Plus,PQWD.MI,etf,EUR
IE000X3D1YS5,PQWH,PicActPQWHETFP,ETF Plus,PQWH.MI,etf,EUR
IE000MS76E73,PQWX,PicActPQWXETFP,ETF Plus,PQWX.MI,etf,EUR
LU2089238625,PRAC,AMUETFXBLCIMXPAR,Euronext Paris,PRAC.PA,etf,EUR
LU2089238385,PRAJ,AMUETFFJAPIMXPAR,Euronext Paris,PRAJ.PA,etf,EUR
IE00BDVJF675,PRFD,INVETFPRFEIMETFP,ETF Plus,PRFD.MI,etf,EUR
IE00BDT8V027,PRFE,INVETFPRFEIMETFP,ETF Plus,PRFE.MI,etf,EUR
IE000DQNQS25,PRIMJ,FAMActPRIMJETFP,ETF Plus,PRIMJ.MI,etf,EUR
IE000ZHBBSR2,PRIMO,FAMActPRIMOETFP,ETF Plus,PRIMO.MI,etf,EUR
LU3307219793,PRIND,BNPActPRINDETFP,ETF Plus,PRIND.MI,etf,EUR
LU3307219520,PRINT,BNPActPRINTXPAR,Euronext Paris,PRINT.PA,etf,EUR
IE00BF51K249,PSFE,INVETFPSFEIMETFP,ETF Plus,PSFE.MI,etf,EUR
FR0011871128,PSP5,AMUNDI SP500 PEA,Euronext Paris,PSP5.PA,etf,EUR
FR0011871136,PSPH,AM PEA SP5H EUR,Euronext Paris,PSPH.PA,etf,EUR
FR001400ZGS5,PSPS,AMUETFSPXESAXPAR,Euronext Paris,PSPS.PA,etf,EUR
IE00B23LNQ02,PSRW,INVETFPSRWIMETFP,ETF Plus,PSRW.MI,etf,EUR
IE000X5OD4M3,PTAM,HANActPTAMETFP,ETF Plus,PTAM.MI,etf,EUR
IE000FVYOWC4,PTEU,HANActPTEUETFP,ETF Plus,PTEU.MI,etf,EUR
FR0013411980,PTPXE,AMUNDI PEA TOPIX,Euronext Paris,PTPXE.PA,etf,EUR
FR0013411998,PTPXH,AMUNDI PEA TOPIX H,Euronext Paris,PTPXH.PA,etf,EUR
IE00BF51K025,PUIG,INVETFPUIGIMETFP,ETF Plus,PUIG.MI,etf,EUR
FR0011871110,PUST,AM NSDQ 100 PEA,Euronext Paris,PUST.PA,etf,EUR
LU1681041890,QCEU,AMUNDI MSCI EURQUA,Euronext Paris,QCEU.PA,etf,EUR
IE00BDBRT036,QCLN,FT CLN EDG GRN NRG,Euronext Amsterdam,QCLN.AS,etf,EUR
LU2993394241,QEIG,BNPACTQEIGXPAR,Euronext Paris,QEIG.PA,etf,EUR
LU2993402101,QEUR,BNPACTQEURXPAR,Euronext Paris,QEUR.PA,etf,EUR
IE0002DDYPW4,QGLOE,BNPACTQGLOEXPAR,Euronext Paris,QGLOE.PA,etf,EUR
IE000YGEAK03,QGRW,WISETFWTQGRWETFP,ETF Plus,QGRW.MI,etf,EUR
IE0007Y8Y157,QNTM,VANETFMVQTMLETFP,ETF Plus,QNTM.MI,etf,EUR
IE000SVXJH05,QNXT,ISHETFNDX70UXPAR,Euronext Paris,QNXT.PA,etf,EUR
IE000ZEOCR03,QPEU,SSGETFSPEQFAETFP,ETF Plus,QPEU.MI,etf,EUR
IE0007YZZZN7,QQIA,INVActQQIAETFP,ETF Plus,QQIA.MI,etf,EUR
IE0008IQ0DI1,QQQI,HANStrNDXDCCETFP,ETF Plus,QQQI.MI,etf,EUR
IE000SA19OL0,QREU,ColActQREUETFP,ETF Plus,QREU.MI,etf,EUR
IE000953I6Z4,QRUS,ColActQRUSETFP,ETF Plus,QRUS.MI,etf,EUR
IE000Z7P04F4,QTOP,ISHETFNDX30UXPAR,Euronext Paris,QTOP.PA,etf,EUR
IE000C7EUDG1,QUAD,HANETFIPDEFNETFP,ETF Plus,QUAD.MI,etf,EUR
LU1481201611,QUED,BNPP QUALITYD ESG,Euronext Paris,QUED.PA,etf,EUR
IE00032YLFR3,QUSAE,BNPACTQUSAEXPAR,Euronext Paris,QUSAE.PA,etf,EUR
IE00BM8R0J59,QYLD,GLOSTRCNSQ10ETFP,ETF Plus,QYLD.MI,etf,EUR
IE000WFBC0W4,R2EH,SSGETFR2NHEUXPAR,Euronext Paris,R2EH.PA,etf,EUR
IE00BJ38QD84,R2US,SPDR RUSSELL 2K,Euronext Paris,R2US.PA,etf,EUR
IE000KHX9DX6,RARE,WISETFWTMRARXPAR,Euronext Paris,RARE.PA,etf,EUR
IE000XD7KCJ7,RAYZ,GLOETFRAYZIMETFP,ETF Plus,RAYZ.MI,etf,EUR
IE00BYZK4552,RBOE,iS A&R Acc,Euronext Amsterdam,RBOE.AS,etf,EUR
IE000D1DAPO5,RCEG,ROBActRCEGXAMS,Euronext Amsterdam,RCEG.AS,etf,EUR
IE000J5PESP7,RCTR,FIRETFBNUKESETFP,ETF Plus,RCTR.MI,etf,EUR
IE000VG2WCW5,RDYN,ROBActRDYNETFP,ETF Plus,RDYN.MI,etf,EUR
IE0002Z12PN9,REM3,ROBActREM3ETFP,ETF Plus,REM3.MI,etf,EUR
IE0002PG6CA6,REMX,VANETFREMXIMXPAR,Euronext Paris,REMX.PA,etf,EUR
IE00BK5BCH80,RENW,L&GETFRENWIMETFP,ETF Plus,RENW.MI,etf,EUR
IE0001J5A2T9,REUS,VANETFMVICIRETFP,ETF Plus,REUS.MI,etf,EUR
LU1953136527,REUSE,BNPP CE LEADER ETF,Euronext Paris,REUSE.PA,etf,EUR
IE0009D15VO0,REXC,HANETFNSREXCETFP,ETF Plus,REXC.MI,etf,EUR
IE000OHXGWO8,RGSC,ROBActRGSCETFP,ETF Plus,RGSC.MI,etf,EUR
IE0000LTAD82,RHYE,ROBActRHYEETFP,ETF Plus,RHYE.MI,etf,EUR
IE000LW5CCQ4,RHYG,ROBActRHYGETFP,ETF Plus,RHYG.MI,etf,EUR
IE000CBYU7J5,RIEM,LG ETFFXBYSCETFP,ETF Plus,RIEM.MI,etf,EUR
IE00BKLTRN76,RIEU,L&GETFRIEUIMETFP,ETF Plus,RIEU.MI,etf,EUR
LU1900066207,RIO,AMUNDI MSCI BRAZIL,Euronext Paris,RIO.PA,etf,EUR
IE00BKLWY790,RIUS,L&GETFRIUSIMETFP,ETF Plus,RIUS.MI,etf,EUR
IE000TD32PU3,RMBS,HANActRMBSETFP,ETF Plus,RMBS.MI,etf,EUR
IE00BLCHJH52,RNRG,GLOETFRNRGIMETFP,ETF Plus,RNRG.MI,etf,EUR
IE00BMW3QX54,ROBO,L&G  Robotics,Euronext Amsterdam,ROBO.AS,etf,EUR
IE00BL643144,ROE,HANETFDIGIIMETFP,ETF Plus,ROE.MI,etf,EUR
LU0875160326,RQFI,XTRETFXCHAIMETFP,ETF Plus,RQFI.MI,etf,EUR
LU1681038672,RS2K,AMUNDI RUSSEL 2K,Euronext Paris,RS2K.PA,etf,EUR
IE0000TZZ2B2,RSPS,INVETFSPXEWTETFP,ETF Plus,RSPS.MI,etf,EUR
IE00B3CNHJ55,RTWO,L&G Russell 2000,Euronext Amsterdam,RTWO.AS,etf,EUR
IE000OYABFQ2,RU2E,ISHETFRU20INETFP,ETF Plus,RU2E.MI,etf,EUR
IE000KXCEXR3,S500,Amundi S&P500 ETF,Euronext Paris,S500.PA,etf,EUR
IE00058MW3M8,S500H,Amundi S&P500 Hdg,Euronext Paris,S500H.PA,etf,EUR
LU0599613147,S6EW,OSSIAM EURP EQUI W,Euronext Paris,S6EW.PA,etf,EUR
IE000BNLRWE6,SAGE,SCHActSAGEETFP,ETF Plus,SAGE.MI,etf,EUR
DE000A2QP4A8,SAOT,ISH STX 600 A&P EU,Euronext Amsterdam,SAOT.AS,etf,EUR
LU3334220699,SARF,IMGActSARFXPAR,Euronext Paris,SARF.PA,etf,EUR
IE000G2LIHG9,SAUA,ISHETFSAUAIMETFP,ETF Plus,SAUA.MI,etf,EUR
IE000QRDCYW2,SAUB,SSGETFJPEIAGETFP,ETF Plus,SAUB.MI,etf,EUR
IE000C7DDDX4,SAUDI,FRAETFFLXSIVXPAR,Euronext Paris,SAUDI.PA,etf,EUR
IE000EA7I2N5,SAUE,SSGETFJPEIA2ETFP,ETF Plus,SAUE.MI,etf,EUR
IE00B5377D42,SAUS,ISHETFSAUSIMETFP,ETF Plus,SAUS.MI,etf,EUR
IE00BFNM3J75,SAWD,ISHETFSAWDIMETFP,ETF Plus,SAWD.MI,etf,EUR
IE000BRX9DZ0,SAWE,SSGActSAWEETFP,ETF Plus,SAWE.MI,etf,EUR
LU0879399441,SB10,UBSETFSB10IMETFP,ETF Plus,SB10.MI,etf,EUR
LU0879397742,SB5,UBSETFSB5IMETFP,ETF Plus,SB5.MI,etf,EUR
LU1324516050,SBEM,UBSETFSBEMIMETFP,ETF Plus,SBEM.MI,etf,EUR
LU1324516308,SBEME,UBSETFBEMEIMETFP,ETF Plus,SBEME.MI,etf,EUR
IE00BQ70R696,SBIO,IVZ NASDAQ BIOTECH,Euronext Amsterdam,SBIO.AS,etf,EUR
IE000BW2B3J3,SCAR,FIRETFBFANGXETFP,ETF Plus,SCAR.MI,etf,EUR
LU2037748345,SCITY,AMUNDI SMART CITY,Euronext Paris,SCITY.PA,etf,EUR
IE0006HIE7H2,SCOM,SSGETFDJCI3METFP,ETF Plus,SCOM.MI,etf,EUR
IE000H0TSO96,SCOR,FRAACTSCORETFP,ETF Plus,SCOR.MI,etf,EUR
IE000N1ZEIG9,SCTB,INVETFSPXCBPETFP,ETF Plus,SCTB.MI,etf,EUR
LU2903252349,SCWX,XTRETFACWEIMETFP,ETF Plus,SCWX.MI,etf,EUR
IE0005E47AH7,SDG9,XTRETFSD9NVFETFP,ETF Plus,SDG9.MI,etf,EUR
IE00BCRY6003,SDHY,IS USD SHORT HY CB,Euronext Amsterdam,SDHY.AS,etf,EUR
IE00077FRP95,SDIV,GLOETFSDIVIMETFP,ETF Plus,SDIV.MI,etf,EUR
IE00B60SWW18,SDJ600,INVETFJ600IMETFP,ETF Plus,SDJ600.MI,etf,EUR
IE00B60SWX25,SDJE50,INVETFEUSX5ETFP,ETF Plus,SDJE50.MI,etf,EUR
IE00B5B5TG76,SDJE5D,INVETFEUS50ETFP,ETF Plus,SDJE5D.MI,etf,EUR
IE0001R850E1,SDVY,FIRETFNQDVSMETFP,ETF Plus,SDVY.MI,etf,EUR
IE00B4L60045,SE15,ISHETFSE15IMETFP,ETF Plus,SE15.MI,etf,EUR
LU3121015484,SEAP,STAActSEAPETFP,ETF Plus,SEAP.MI,etf,EUR
IE00BLDGH553,SECA,ISHETFSECAIMETFP,ETF Plus,SECA.MI,etf,EUR
LU3121015302,SECM,STAActSECMETFP,ETF Plus,SECM.MI,etf,EUR
LU1812092168,SEL,AMUNDI STX EU SDIV,Euronext Paris,SEL.PA,etf,EUR
IE000I8KRLL9,SEME,iS Glo Semi Acc,Euronext Paris,SEME.PA,etf,EUR
IE00B5M4WH52,SEML,ISHETFSEMLIMETFP,ETF Plus,SEML.MI,etf,EUR
LU3121015211,SEMR,STAActSEMRETFP,ETF Plus,SEMR.MI,etf,EUR
LU3121015567,SEPE,STAActSEPEETFP,ETF Plus,SEPE.MI,etf,EUR
IE000SDZFVP4,SERA,HANETFVSERANETFP,ETF Plus,SERA.MI,etf,EUR
IE00B6YX5H87,SESR,SSGETFSESRIMETFP,ETF Plus,SESR.MI,etf,EUR
IE00BC7GZW19,SEUC,SSGETFSEUCIMETFP,ETF Plus,SEUC.MI,etf,EUR
IE000RJ3QL33,SEUE,SchActSEUEETFP,ETF Plus,SEUE.MI,etf,EUR
IE0003OZJ573,SEUS,SchActSEUSETFP,ETF Plus,SEUS.MI,etf,EUR
LU3121015138,SEZA,STAActSEZAETFP,ETF Plus,SEZA.MI,etf,EUR
LU3121015641,SGBE,STAActSGBEETFP,ETF Plus,SGBE.MI,etf,EUR
LU0832436512,SGQI,AMUNDI ETF SGQIEUR,Euronext Paris,SGQI.PA,etf,EUR
FR0010591362,SHC,AMUNDI ETF SHT CAC,Euronext Paris,SHC.PA,etf,EUR
LU1645385839,SHEMB,UBSETFHEMBIMETFP,ETF Plus,SHEMB.MI,etf,EUR
LU1645386480,SHEME,UBSETFHEMEIMETFP,ETF Plus,SHEME.MI,etf,EUR
IE000RW7V8Q4,SHORT,UBSETFSOLEUEETFP,ETF Plus,SHORT.MI,etf,EUR
LU3046618446,SHTE,OSSETFBXIITIXPAR,Euronext Paris,SHTE.PA,etf,EUR
IE0002U1PIC8,SICE,SchActSICEETFP,ETF Plus,SICE.MI,etf,EUR
IE000UL6CLP7,SILV,GLOETFSILVIMETFP,ETF Plus,SILV.MI,etf,EUR
IE000MMDB5G8,SJEA,SchActSJEAETFP,ETF Plus,SJEA.MI,etf,EUR
IE00BYTH5602,SJNE,SSGETFSJNEIMETFP,ETF Plus,SJNE.MI,etf,EUR
IE00B99FL386,SJNK,SSGETFSJNKIMETFP,ETF Plus,SJNK.MI,etf,EUR
IE00BKT6FV49,SJPE,ISHARES MSCI JAPEH,Euronext Amsterdam,SJPE.AS,etf,EUR
IE00BFD2H405,SKYE,FT CLOUD COM,Euronext Amsterdam,SKYE.AS,etf,EUR
LU3307220965,SLEEK,BNPActSLEEKXPAR,Euronext Paris,SLEEK.PA,etf,EUR
IE0008WICO06,SLVM,HANETFNSLVRUETFP,ETF Plus,SLVM.MI,etf,EUR
LU1248511575,SMARTU,LYXACTSMARTUETFP,ETF Plus,SMARTU.MI,etf,EUR
IE00BKWQ0M75,SMC,SPDR EU SM.CAP,Euronext Paris,SMC.PA,etf,EUR
IE00BMC38736,SMH,VANETFSMHIMXPAR,Euronext Paris,SMH.PA,etf,EUR
IE000SBU19F7,SMOT,VANETFMSUMMFXPAR,Euronext Paris,SMOT.PA,etf,EUR
IE00B60SWY32,SMSEUR,INVETFSMEAIMETFP,ETF Plus,SMSEUR.MI,etf,EUR
IE00B60SX287,SMSJPN,INVETFCSJPIMETFP,ETF Plus,SMSJPN.MI,etf,EUR
IE00B60SX394,SMSWLD,INVETFMSTRUSETFP,ETF Plus,SMSWLD.MI,etf,EUR
IE00BJLKK341,SMUA,ISHARES EUSR ACC,Euronext Amsterdam,SMUA.AS,etf,EUR
IE00BLCHJT74,SNSR,GLOETFSNSRIMETFP,ETF Plus,SNSR.MI,etf,EUR
LU2898088419,SNTE,OSSETFSOEST7ETFP,ETF Plus,SNTE.MI,etf,EUR
IE00BM8QRZ79,SOLR,INVETFSOLRIMETFP,ETF Plus,SOLR.MI,etf,EUR
IE000MU0FDZ8,SP1,LG ETFSPTRN1ETFP,ETF Plus,SP1.MI,etf,EUR
IE000YELA4E3,SP1E,LG ETFSPOEXEETFP,ETF Plus,SP1E.MI,etf,EUR
IE000VA628D5,SP20,ISHETFSPXT2CXPAR,Euronext Paris,SP20.PA,etf,EUR
LU0496786574,SP5,AMUNDI ETF SP500,Euronext Paris,SP5.PA,etf,EUR
LU1135865084,SP5C,AMUNDI SP500 C,Euronext Paris,SP5C.PA,etf,EUR
LU0959211243,SP5H,AMUNDI ETF SP5 DH,Euronext Paris,SP5H.PA,etf,EUR
IE0009BM62P2,SPAB,GLOStrSPBFAETFP,ETF Plus,SPAB.MI,etf,EUR
IE000HGH8PV2,SPAH,GLOStrSPBSAETFP,ETF Plus,SPAH.MI,etf,EUR
IE000JQ2IJD3,SPDA,UBSETFSPHDVAETFP,ETF Plus,SPDA.MI,etf,EUR
IE000S6476U8,SPDE,UBSETFSPHHENETFP,ETF Plus,SPDE.MI,etf,EUR
IE000DQLYVB9,SPEA,ISHETFSP500XPAR,Euronext Paris,SPEA.PA,etf,EUR
IE0004J37T45,SPEEU,BNPP SP500 ESG EUR,Euronext Paris,SPEEU.PA,etf,EUR
IE000U9SIPG4,SPEH,PIMActSPEHETFP,ETF Plus,SPEH.MI,etf,EUR
IE00BLSN7P11,SPEL,UBSETFSPELIMETFP,ETF Plus,SPEL.MI,etf,EUR
IE00BLSN7W87,SPELE,UBSETFPELEIMETFP,ETF Plus,SPELE.MI,etf,EUR
IE00BNGJJT35,SPEQ,INVETFXDEWIMETFP,ETF Plus,SPEQ.MI,etf,EUR
IE00BHXMHL11,SPESG,UBSETFPESGITETFP,ETF Plus,SPESG.MI,etf,EUR
IE000Q6C8036,SPEUH,BNPP SP500 ESG EUH,Euronext Paris,SPEUH.PA,etf,EUR
IE0004LCA3I5,SPGA,ISHETFLETSTRETFP,ETF Plus,SPGA.MI,etf,EUR
LU0959211326,SPHC,MULETF500HITXPAR,Euronext Paris,SPHC.PA,etf,EUR
IE000KR2IEH1,SPLU,PIMActSPLUETFP,ETF Plus,SPLU.MI,etf,EUR
IE00BKW9SX35,SPLW,INVETFSPLWIMETFP,ETF Plus,SPLW.MI,etf,EUR
IE000E6TPCH9,SPQA,INVETFSPXQUNETFP,ETF Plus,SPQA.MI,etf,EUR
IE000LSRKCB4,SPQB,GLOSTRETFP,ETF Plus,SPQB.MI,etf,EUR
IE000SNCKVM9,SPQD,INVETFSPXQUNETFP,ETF Plus,SPQD.MI,etf,EUR
IE000EPX8KB7,SPQH,GLOSTRETFP,ETF Plus,SPQH.MI,etf,EUR
LU2993390769,SPTRE,BNPETFSP500XPAR,Euronext Paris,SPTRE.PA,etf,EUR
LU2993390843,SPTRH,BNPETFSP500XPAR,Euronext Paris,SPTRH.PA,etf,EUR
IE00BYML9W36,SPXD,INVETFSP500TETFP,ETF Plus,SPXD.MI,etf,EUR
IE00BYYW2V44,SPXE,SSGETFSPXEIMETFP,ETF Plus,SPXE.MI,etf,EUR
IE00B4WXJD03,SPXJ,ISHETFMSPAJAETFP,ETF Plus,SPXJ.MI,etf,EUR
IE00B3YCGJ38,SPXS,IVZ S&P 500,Euronext Amsterdam,SPXS.AS,etf,EUR
IE00B4YBJ215,SPY4,SPDR S&P 400 MID,Euronext Paris,SPY4.PA,etf,EUR
IE00B6YX5C33,SPY5,SPDR S&P 500,Euronext Paris,SPY5.PA,etf,EUR
IE000SKTEI24,SPYC,HANActSPYCETFP,ETF Plus,SPYC.MI,etf,EUR
IE000XZSV718,SPYL,SPDR S&P 500 UCITS,Euronext Amsterdam,SPYL.AS,etf,EUR
IE00B60SX402,SR2000,INVETFRU2000ETFP,ETF Plus,SR2000.MI,etf,EUR
LU2446383254,SRI3C,BNPETFI34701XPAR,Euronext Paris,SRI3C.PA,etf,EUR
LU1859444769,SRIC,BNPP  EUR BOND SRI,Euronext Paris,SRIC.PA,etf,EUR
LU2008760592,SRIC3,BNPP CORP 1 3 ETF,Euronext Paris,SRIC3.PA,etf,EUR
LU2008761053,SRIC5,BNPP CORP 3 5 ETF,Euronext Paris,SRIC5.PA,etf,EUR
LU2446383338,SRIC6,BNPP BONDSRI5 ETF,Euronext Paris,SRIC6.PA,etf,EUR
LU2742532828,SRIC7,BNPETFI38479XPAR,Euronext Paris,SRIC7.PA,etf,EUR
LU1953136287,SRICD,BNPP  BONDSRI ETF,Euronext Paris,SRICD.PA,etf,EUR
LU2742532745,SRID7,BNPETFI38479XPAR,Euronext Paris,SRID7.PA,etf,EUR
LU1753045415,SRIE,BNP EU SRI PAB ED,Euronext Paris,SRIE.PA,etf,EUR
LU1753045332,SRIEC,BNP EU SRI PAB EC,Euronext Paris,SRIEC.PA,etf,EUR
LU1753045928,SRIJ,BNP JP SRI PAB ED,Euronext Paris,SRIJ.PA,etf,EUR
LU1753045845,SRIJC,BNP JP SRI PAB EC,Euronext Paris,SRIJC.PA,etf,EUR
LU2533812058,SRIUC,BNP EUR Ushr SRI C,Euronext Paris,SRIUC.PA,etf,EUR
LU2533811910,SRIUD,BNP EUR Ushr SRI D,Euronext Paris,SRIUD.PA,etf,EUR
IE00B52XQP83,SRSA,ISHETFIRSAIMETFP,ETF Plus,SRSA.MI,etf,EUR
LU0969639128,SS1EUA,UBSETF1EUAIMETFP,ETF Plus,SS1EUA.MI,etf,EUR
IE00B6R52259,SSAC,iS MSCI ACWI Acc,Euronext Amsterdam,SSAC.AS,etf,EUR
IE000A9G9R73,STAR,ISHETFSTARXVXPAR,Euronext Paris,STAR.PA,etf,EUR
DE000A2QP398,STEC,ISH STX 600 Tch EU,Euronext Amsterdam,STEC.AS,etf,EUR
IE00BF8HV600,STHE,PIMETFSTHEIMETFP,ETF Plus,STHE.MI,etf,EUR
IE00B7N3YW49,STHY,PIMETFSTHYIMETFP,ETF Plus,STHY.MI,etf,EUR
IE00BKWQ0K51,STK,SPDR MSCI TECHNO,Euronext Paris,STK.PA,etf,EUR
IE00BKWQ0F09,STN,SPDR MSCI ENERGY,Euronext Paris,STN.PA,etf,EUR
IE00BKWQ0L68,STP,SPDR MSCI MAT,Euronext Paris,STP.PA,etf,EUR
LU2018762653,STPU,AMUNDI US STEEPEN,Euronext Paris,STPU.PA,etf,EUR
IE00BKWQ0J47,STQ,SPDR MSCI INDUST,Euronext Paris,STQ.PA,etf,EUR
IE00BKWQ0C77,STR,SPDR MSCI CO.DI,Euronext Paris,STR.PA,etf,EUR
IE00BKWQ0D84,STS,SPDR MSCI CO.ST,Euronext Paris,STS.PA,etf,EUR
IE00BKWQ0N82,STT,SPDR MSCI COMM,Euronext Paris,STT.PA,etf,EUR
IE00BKWQ0P07,STU,SPDR MSCI UTIL,Euronext Paris,STU.PA,etf,EUR
IE00BKWQ0H23,STW,SPDR MSCI HLT,Euronext Paris,STW.PA,etf,EUR
IE00BKWQ0G16,STZ,SPDR MSCI FINANC,Euronext Paris,STZ.PA,etf,EUR
IE000L2TO2T2,SUA0,ISHETFSUOEIMETFP,ETF Plus,SUA0.MI,etf,EUR
IE00BYVJRR92,SUAU,MSCI US SRI Acc,Euronext Amsterdam,SUAU.AS,etf,EUR
IE00BYX8XC17,SUJP,iS MSCI Jp SRI Acc,Euronext Amsterdam,SUJP.AS,etf,EUR
IE00BK4W7N32,SUOD,ISHETFSUOUIMXAMS,Euronext Amsterdam,SUOD.AS,etf,EUR
IE00BYZTVT56,SUOE,ISHETFSUOEIMETFP,ETF Plus,SUOE.MI,etf,EUR
IE00BC7GZX26,SUSC,SSGETFSUSCIMETFP,ETF Plus,SUSC.MI,etf,EUR
IE00BYZTVV78,SUSE,ISHETFSUSEIMETFP,ETF Plus,SUSE.MI,etf,EUR
IE00BYVJRP78,SUSM,iS MSCI EM SRI Acc,Euronext Amsterdam,SUSM.AS,etf,EUR
IE00BYX2JD69,SUSW,MSCI W SRI Acc,Euronext Amsterdam,SUSW.AS,etf,EUR
LU1169830103,SVE,UBSETFSVEIMETFP,ETF Plus,SVE.MI,etf,EUR
LU0977261329,SW2CHB,UBSETF2CHBIMETFP,ETF Plus,SW2CHB.MI,etf,EUR
IE00BFY0GT14,SWRD,SPDR WORLD,Euronext Amsterdam,SWRD.AS,etf,EUR
IE000BZ1HVL2,SWRE,SSGETFM0WOHEETFP,ETF Plus,SWRE.MI,etf,EUR
IE000F2IX674,SWSC,SSGActSWSCETFP,ETF Plus,SWSC.MI,etf,EUR
IE00067X7JX0,SXEW,INVETFSX5EWTETFP,ETF Plus,SXEW.MI,etf,EUR
IE00BWBXM831,SXLB,SPDR US MATERIAL,Euronext Amsterdam,SXLB.AS,etf,EUR
IE00BFWFPX50,SXLC,SPDR US COMMS,Euronext Amsterdam,SXLC.AS,etf,EUR
IE00BWBXM492,SXLE,SPDR US ENERGY,Euronext Amsterdam,SXLE.AS,etf,EUR
IE00BWBXM500,SXLF,SPDR US FINAN,Euronext Amsterdam,SXLF.AS,etf,EUR
IE00BWBXM724,SXLI,SPDR US INDUST,Euronext Amsterdam,SXLI.AS,etf,EUR
IE00BWBXM948,SXLK,SPDR US TECH,Euronext Amsterdam,SXLK.AS,etf,EUR
IE00BWBXM385,SXLP,SPDR US CONS STAP,Euronext Amsterdam,SXLP.AS,etf,EUR
IE00BWBXMB69,SXLU,SPDR US ITILIT,Euronext Amsterdam,SXLU.AS,etf,EUR
IE00BWBXM617,SXLV,SPDR US HEALTH,Euronext Amsterdam,SXLV.AS,etf,EUR
IE00BWBXM278,SXLY,SPDR US CONS DIS,Euronext Amsterdam,SXLY.AS,etf,EUR
IE00B3VTN290,SXRQ,ISHETFIBGMIMETFP,ETF Plus,SXRQ.MI,etf,EUR
IE000SAXJ1M1,SYLD,GLOStrSX5ECCETFP,ETF Plus,SYLD.MI,etf,EUR
LU1459800030,T10A,UBSETFTRUDIMETFP,ETF Plus,T10A.MI,etf,EUR
LU1459799943,T10D,UBSETFTRUDIMETFP,ETF Plus,T10D.MI,etf,EUR
IE000DOZYQJ7,TAEH,TABETFTAEHIMETFP,ETF Plus,TAEH.MI,etf,EUR
NL0010273801,TAT,VE Gov AAA Bond,Euronext Amsterdam,TAT.AS,etf,EUR
NL0009690247,TCBT,VE Corp Bond,Euronext Amsterdam,TCBT.AS,etf,EUR
IE000DN0XQM1,TCQE,HANETFSTCQEXPAR,Euronext Paris,TCQE.PA,etf,EUR
NL0011683594,TDIV,VANETFTDIVIMXPAR,Euronext Paris,TDIV.PA,etf,EUR
NL0009272749,TDT,VE AEX,Euronext Amsterdam,TDT.AS,etf,EUR
IE000QYDXKV5,TDVX,VANETFMSDMXLETFP,ETF Plus,TDVX.MI,etf,EUR
NL0010731816,TEET,VanEck Sust EU EW,Euronext Amsterdam,TEET.AS,etf,EUR
LU1834988609,TELE,AMUNDI STX EU TELE,Euronext Paris,TELE.PA,etf,EUR
IE000EFHIFG3,TELW,Amundi S&P Co Serv,Euronext Paris,TELW.PA,etf,EUR
IE000O8S1EX4,TEMP,JPMACTTEMPETFP,ETF Plus,TEMP.MI,etf,EUR
IE000Z5YU8X3,TEND,ISHActTENDETFP,ETF Plus,TEND.MI,etf,EUR
IE000CZQJXB8,TENJ,ISHActTENJETFP,ETF Plus,TENJ.MI,etf,EUR
IE000AY2ERH5,TENM,ISHActTENMETFP,ETF Plus,TENM.MI,etf,EUR
IE00BJJYYX67,TFRN,WISETFTFRNIMETFP,ETF Plus,TFRN.MI,etf,EUR
NL0009690254,TGBT,VE Gov Bond,Euronext Amsterdam,TGBT.AS,etf,EUR
IE000O50THD5,THEW,ISHActTHEWETFP,ETF Plus,THEW.MI,etf,EUR
IE000YSUEJ32,TIGA,LG ETFTIGRIMETFP,ETF Plus,TIGA.MI,etf,EUR
IE00BL6K6H97,TIGR,L&GETFTIGRIMETFP,ETF Plus,TIGR.MI,etf,EUR
LU1459802754,TIP10D,UBSETFP10DIMETFP,ETF Plus,TIP10D.MI,etf,EUR
LU1459803059,TIP10E,UBSETFP10EIMETFP,ETF Plus,TIP10E.MI,etf,EUR
LU1459801517,TIP1A,UBSETFIP1DIMETFP,ETF Plus,TIP1A.MI,etf,EUR
LU1459801434,TIP1D,UBSETFIP1DIMETFP,ETF Plus,TIP1D.MI,etf,EUR
LU1459801780,TIP1E,UBSETFIP1EIMETFP,ETF Plus,TIP1E.MI,etf,EUR
IE00090GHHQ4,TIPA,SSGETFTIPSIMETFP,ETF Plus,TIPA.MI,etf,EUR
LU1452600437,TIPE,MULETFTIPEIMETFP,ETF Plus,TIPE.MI,etf,EUR
IE00BZ0G8977,TIPS,SSGETFTIPSIMETFP,ETF Plus,TIPS.MI,etf,EUR
LU1452600270,TIPU,MULETFTIPUIMETFP,ETF Plus,TIPU.MI,etf,EUR
IE000YS5XL05,TKNX,GLOETFMATOCNETFP,ETF Plus,TKNX.MI,etf,EUR
IE000E9W0ID3,TLCO,ISHETFNU7548ETFP,ETF Plus,TLCO.MI,etf,EUR
IE0007Z28IJ7,TMGT,WISETFWTTMTUXPAR,Euronext Paris,TMGT.PA,etf,EUR
LU1834988518,TNO,AMUNDI STX EU TECH,Euronext Paris,TNO.PA,etf,EUR
LU0533033667,TNOW,AMUNDI MSC WTEC,Euronext Paris,TNOW.PA,etf,EUR
NL0009272780,TOF,VE Growth,Euronext Amsterdam,TOF.AS,etf,EUR
IE00B1FZSC47,TPSA,ISHARES US TIPS,Euronext Amsterdam,TPSA.AS,etf,EUR
LU1681037609,TPXE,AMUNDI TOPIX EUR,Euronext Paris,TPXE.PA,etf,EUR
LU1681037864,TPXH,AMUNDI TOPIX HDG,Euronext Paris,TPXH.PA,etf,EUR
IE000ZMFFPP4,TRA3,SSGETFI00055ETFP,ETF Plus,TRA3.MI,etf,EUR
IE000191HKF0,TRA5,SSGETFI15682ETFP,ETF Plus,TRA5.MI,etf,EUR
IE000K22VCJ6,TRAX,SSGETFI00058ETFP,ETF Plus,TRAX.MI,etf,EUR
IE000QB5HJC8,TRAY,SSGETFI00054ETFP,ETF Plus,TRAY.MI,etf,EUR
IE00BF2FNG46,TRE3,INVETF1EUAITETFP,ETF Plus,TRE3.MI,etf,EUR
IE00BF2FNQ44,TRE7,INVETFTRE7IMETFP,ETF Plus,TRE7.MI,etf,EUR
IE00BKWD3C98,TREI,INVETFTREIIMETFP,ETF Plus,TREI.MI,etf,EUR
IE00BKWD3743,TREL,INVETFTRUDIMETFP,ETF Plus,TREL.MI,etf,EUR
IE00BF2GFH28,TRES,INVETFTRESIMETFP,ETF Plus,TRES.MI,etf,EUR
NL0009690239,TRET,VE Real Estate,Euronext Amsterdam,TRET.AS,etf,EUR
IE00BF2FN646,TREX,INVETF7EUAIMETFP,ETF Plus,TREX.MI,etf,EUR
IE000PCF9772,TREY,SSGETFH00054ETFP,ETF Plus,TREY.MI,etf,EUR
IE00BC7GZJ81,TRS3,SSGETFTRS3IMETFP,ETF Plus,TRS3.MI,etf,EUR
IE00B44CND37,TRSY,SSGETFTRSYIMETFP,ETF Plus,TRSY.MI,etf,EUR
IE000FXHG8D6,TRUD,INVETFTRUDIMETFP,ETF Plus,TRUD.MI,etf,EUR
LU1834988781,TRV,AMUNDI STX600 TRAV,Euronext Paris,TRV.PA,etf,EUR
IE00BF2FN869,TRXE,INVETF7EUAIMETFP,ETF Plus,TRXE.MI,etf,EUR
IE00BMFNW783,TRYP,HANACTTRYPXPAR,Euronext Paris,TRYP.PA,etf,EUR
NL0010408704,TSWE,VE ESG EQ World,Euronext Amsterdam,TSWE.AS,etf,EUR
IE000WXLHR76,TUCP,TABETFSOLES0ETFP,ETF Plus,TUCP.MI,etf,EUR
LU1900067601,TUR,AMUNDI MSCI TURKEY,Euronext Paris,TUR.PA,etf,EUR
LU1407890976,U10H,MULETFU10HIMETFP,ETF Plus,U10H.MI,etf,EUR
LU1407887329,U13H,MULETFU13HIMETFP,ETF Plus,U13H.MI,etf,EUR
LU2408468291,U15E,UBSETFU15EIMETFP,ETF Plus,U15E.MI,etf,EUR
LU2408467723,U15S,UBSETFU15SIMETFP,ETF Plus,U15S.MI,etf,EUR
LU1130155606,U1FA,UBS ETF CAHEUA,Euronext Amsterdam,U1FA.AS,etf,EUR
IE0005YK6564,U3O8,HANETFU3O8IMETFP,ETF Plus,U3O8.MI,etf,EUR
LU1525418726,UBBB,AMUETFUBBBIMETFP,ETF Plus,UBBB.MI,etf,EUR
LU0950668524,UBEUR,UBSETFMSDEE1ETFP,ETF Plus,UBEUR.MI,etf,EUR
IE00BD4TXW66,UBSPX,UBSETFSP500ETFP,ETF Plus,UBSPX.MI,etf,EUR
IE00B77D4428,UBU3,UBS IRL USAUSY,Euronext Amsterdam,UBU3.AS,etf,EUR
IE00B7KQ7B66,UBU7,UBS IRL WRDUSY,Euronext Amsterdam,UBU7.AS,etf,EUR
IE00B7K93397,UBU9,UBS IRL SP5USY,Euronext Amsterdam,UBU9.AS,etf,EUR
IE00BMP3HG27,UBUM,UBS IRL GLDVD,Euronext Amsterdam,UBUM.AS,etf,EUR
IE00BX7RQY03,UBUR,UBS IRL ULOVD,Euronext Amsterdam,UBUR.AS,etf,EUR
IE00BX7RR706,UBUS,UBS IRL UPVLD,Euronext Amsterdam,UBUS.AS,etf,EUR
IE00BX7RRJ27,UBUT,UBS IRL UQLTD,Euronext Amsterdam,UBUT.AS,etf,EUR
IE00BWT3KJ20,UBUV,UBS IRL ULOVE,Euronext Amsterdam,UBUV.AS,etf,EUR
IE00BWT3KL42,UBUW,UBS IRL UPVLE,Euronext Amsterdam,UBUW.AS,etf,EUR
IE00BWT3KN65,UBUX,UBS IRL UQLTE,Euronext Amsterdam,UBUX.AS,etf,EUR
LU1806495575,UCRP,AMUETFUCRPIMETFP,ETF Plus,UCRP.MI,etf,EUR
LU1169825954,UE24,UBS ETF SGPDU,Euronext Amsterdam,UE24.AS,etf,EUR
LU1215461085,UE25,UBS ETF CBSUS,Euronext Amsterdam,UE25.AS,etf,EUR
LU1215461325,UE27,UBS ETF CBSUSE,Euronext Amsterdam,UE27.AS,etf,EUR
IE00BWT3KS11,UE28,UBS IRL AUHEUA,Euronext Amsterdam,UE28.AS,etf,EUR
IE00BD4TYF66,UE31,UBS IRL USEUYH,Euronext Amsterdam,UE31.AS,etf,EUR
LU1280303014,UE33,UBS ETF USSRF,Euronext Amsterdam,UE33.AS,etf,EUR
LU1048317025,UEF0,UBS ETF CBUSE,Euronext Amsterdam,UEF0.AS,etf,EUR
LU1048313891,UEF5,UBS ETF MSRUSA,Euronext Amsterdam,UEF5.AS,etf,EUR
LU1048314196,UEF6,UBS ETF CBEU5,Euronext Amsterdam,UEF6.AS,etf,EUR
LU1048314949,UEF7,UBS ETF CBUS5,Euronext Amsterdam,UEF7.AS,etf,EUR
LU1048315243,UEF8,UBS ETF CBUS5E,Euronext Amsterdam,UEF8.AS,etf,EUR
LU1048316647,UEF9,UBS ETF CBUS,Euronext Amsterdam,UEF9.AS,etf,EUR
LU3086268573,UEFA,BNPETFSMEAIMXPAR,Euronext Paris,UEFA.PA,etf,EUR
LU0671493277,UEFD,UBS ETF ESCEUA,Euronext Amsterdam,UEFD.AS,etf,EUR
LU0721552544,UEFF,UBS ETF UT1USA,Euronext Amsterdam,UEFF.AS,etf,EUR
LU0721552973,UEFI,UBS ETF UT7USA,Euronext Amsterdam,UEFI.AS,etf,EUR
IE0008TKP6O7,UESG,AMUETFUESGITETFP,ETF Plus,UESG.MI,etf,EUR
IE000WOBV8X1,UGOV,HANActUGOVETFP,ETF Plus,UGOV.MI,etf,EUR
IE000JQ1PF28,UH100,FRAETFSUSM10ETFP,ETF Plus,UH100.MI,etf,EUR
IE000LG8P349,UIGB,UTIETFN7GSUSETFP,ETF Plus,UIGB.MI,etf,EUR
LU0136234068,UIM1,UBS ETF E50EUA,Euronext Amsterdam,UIM1.AS,etf,EUR
LU1215451524,UIM2,UBS ETF EQLTD,Euronext Amsterdam,UIM2.AS,etf,EUR
LU0147308422,UIM4,UBS ETF EMUEUA,Euronext Amsterdam,UIM4.AS,etf,EUR
LU0136240974,UIM5,UBS ETF JPNJPA,Euronext Amsterdam,UIM5.AS,etf,EUR
LU0446734872,UIM9,UBS ETF CANCDA,Euronext Amsterdam,UIM9.AS,etf,EUR
LU0446734104,UIMA,UBS ETF EUREUA,Euronext Amsterdam,UIMA.AS,etf,EUR
LU0446734526,UIMD,UBS ETF PACUSA,Euronext Amsterdam,UIMD.AS,etf,EUR
LU0480132876,UIMI,UBS ETF EMMUSA,Euronext Amsterdam,UIMI.AS,etf,EUR
LU0629459743,UIMM,UBS ETF WSRUSA,Euronext Amsterdam,UIMM.AS,etf,EUR
LU0629460089,UIMP,UBS ETF ASRUSA,Euronext Amsterdam,UIMP.AS,etf,EUR
LU0629460675,UIMR,UBS ETF ESREUA,Euronext Amsterdam,UIMR.AS,etf,EUR
LU0629460832,UIMT,UBS ETF PSRUSA,Euronext Amsterdam,UIMT.AS,etf,EUR
LU1215454460,UIMY,UBS ETF ELOVD,Euronext Amsterdam,UIMY.AS,etf,EUR
LU1215452928,UIMZ,UBS ETF EPVLD,Euronext Amsterdam,UIMZ.AS,etf,EUR
LU1169821292,UKE,UBSETFUKEIMETFP,ETF Plus,UKE.MI,etf,EUR
LU0950670850,UKGBPB,UBSETFMSCUKETFP,ETF Plus,UKGBPB.MI,etf,EUR
IE0008RSSHT4,UKIT,HANActUKITETFP,ETF Plus,UKIT.MI,etf,EUR
IE000R8PO127,UKRN,HANETFRBUAETFP,ETF Plus,UKRN.MI,etf,EUR
IE00BMP3HN93,UKSR,UBS IRL UKSR,Euronext Amsterdam,UKSR.AS,etf,EUR
IE00B42TW061,UKX,HSBC FTSE 100 ETF,Euronext Paris,UKX.PA,etf,EUR
IE00BD6GCF16,UNCA,FIRETFUNCAIMETFP,ETF Plus,UNCA.MI,etf,EUR
LU2023678282,UNIC,AMUNDI DISRUP TECH,Euronext Paris,UNIC.PA,etf,EUR
IE00075IVKF9,URNJ,HANETFNSURNJETFP,ETF Plus,URNJ.MI,etf,EUR
IE000NDWFGA5,URNU,GLOETFURNUIMETFP,ETF Plus,URNU.MI,etf,EUR
LU1407887089,US1,MULETF1EUAITETFP,ETF Plus,US1.MI,etf,EUR
LU1407890620,US10,MULETFUS10IMETFP,ETF Plus,US10.MI,etf,EUR
IE0008M1R3N4,US100,FRAETFSUSM10XPAR,Euronext Paris,US100.PA,etf,EUR
LU1407890547,US10C,MULETFS10CIMETFP,ETF Plus,US10C.MI,etf,EUR
LU1407887162,US13,MULTI UST 1-3Y,Euronext Paris,US13.PA,etf,EUR
LU1407888996,US37,MULTI UST 3-7Y,Euronext Paris,US37.PA,etf,EUR
LU1407888723,US37C,MULETFUS37IMXPAR,Euronext Paris,US37C.PA,etf,EUR
IE0006FAD976,US500,FRAETFSP5XSGXPAR,Euronext Paris,US500.PA,etf,EUR
LU1407887915,US7,MULETFTRSXIMETFP,ETF Plus,US7.MI,etf,EUR
IE000QQ8Z0D8,USA,AmUSA Climate,Euronext Paris,USA.PA,etf,EUR
IE0006IP4XZ8,USAC,AmUSA Climate,Euronext Paris,USAC.PA,etf,EUR
LU0136234654,USAEUA,UBSETFMXUSIMETFP,ETF Plus,USAEUA.MI,etf,EUR
IE000IP0UC52,USAL,AMUETFHE7322XPAR,Euronext Paris,USAL.PA,etf,EUR
IE00BN4Q0602,USAPA,UBSETFHPAUIMETFP,ETF Plus,USAPA.MI,etf,EUR
IE000F60HVH9,USAS,AMUETFMXUSSCXPAR,Euronext Paris,USAS.PA,etf,EUR
IE00BD4TXS21,USAUSW,UBSETFCSUSIMETFP,ETF Plus,USAUSW.MI,etf,EUR
LU2616774076,USCBC,BNPETFBUSCXFETFP,ETF Plus,USCBC.MI,etf,EUR
LU3000546336,USCBH,BNPETFBUSCXFXPAR,Euronext Paris,USCBH.PA,etf,EUR
IE00BFY0GV36,USCE,SPDR BB SB USCorEH,Euronext Amsterdam,USCE.AS,etf,EUR
IE000EOFR2K5,USDB,ISHActUSDBETFP,ETF Plus,USDB.MI,etf,EUR
IE00BLRPRD67,USDC,L&GETFUSDCIMETFP,ETF Plus,USDC.MI,etf,EUR
IE00B979GK47,USDE,SSGETFUSDEIMETFP,ETF Plus,USDE.MI,etf,EUR
IE000PEYL7P5,USDIS,FRAETFSPSVCDETFP,ETF Plus,USDIS.MI,etf,EUR
IE000Z4OBQK4,USDIV,FRAETFMSUDESXPAR,Euronext Paris,USDIV.PA,etf,EUR
IE00B6YX5D40,USDV,SSGETFUSDVIMETFP,ETF Plus,USDV.MI,etf,EUR
IE000HSER094,USDVD,FRAETFMSUDESETFP,ETF Plus,USDVD.MI,etf,EUR
IE000RJL5A30,USEC,ISHActUSECXAMS,Euronext Amsterdam,USEC.AS,etf,EUR
IE0009VWHAE6,USEE,ISHActUSEEETFP,ETF Plus,USEE.MI,etf,EUR
IE000R7HJVO6,USEH,ISHActUSEHETFP,ETF Plus,USEH.MI,etf,EUR
IE000CZU3JH0,USEN,FRAActUSENETFP,ETF Plus,USEN.MI,etf,EUR
IE00063GNWK1,USESG,UBSETFSESGIMETFP,ETF Plus,USESG.MI,etf,EUR
IE00BNC0M350,USESGA,UBSETFESGAIMETFP,ETF Plus,USESGA.MI,etf,EUR
IE000SWSI2U4,USESGE,UBSETFHE7227ETFP,ETF Plus,USESGE.MI,etf,EUR
IE00BD4TYG73,USEUWH,UBSETFEUWHIMETFP,ETF Plus,USEUWH.MI,etf,EUR
IE000J6CHW80,USFA,VANETFH0CFXPAR,Euronext Paris,USFA.PA,etf,EUR
IE000KG7KXI7,USFIN,FRAETFSPSVFNETFP,ETF Plus,USFIN.MI,etf,EUR
IE00BDGV0308,USFMD,UBSETFSFMDIMETFP,ETF Plus,USFMD.MI,etf,EUR
LU1681040900,USFRN,AMUETFHFRNIMETFP,ETF Plus,USFRN.MI,etf,EUR
IE000NL12KM9,USHB,ISHActUSHBXAMS,Euronext Amsterdam,USHB.AS,etf,EUR
LU1435356149,USHY,LYXETFUSHYIMXPAR,Euronext Paris,USHY.PA,etf,EUR
LU1435356065,USHYC,LYXETFSHYCIMETFP,ETF Plus,USHYC.MI,etf,EUR
LU1285959885,USIC,LYXETFUSICIMETFP,ETF Plus,USIC.MI,etf,EUR
LU1285959703,USIG,LYXETFUSICIMETFP,ETF Plus,USIG.MI,etf,EUR
LU1285960032,USIH,AMUNDI ESG USD CRP,Euronext Paris,USIH.PA,etf,EUR
IE0001T0BHM5,USINC,FRAActUSINCETFP,ETF Plus,USINC.MI,etf,EUR
IE000EQGURT5,USIT,FRAETFSPSVITETFP,ETF Plus,USIT.MI,etf,EUR
IE000XJA2OU4,USMID,FRAActUSMIDXPAR,Euronext Paris,USMID.PA,etf,EUR
IE00BDGV0746,USMUFE,UBSETFMUFEIMETFP,ETF Plus,USMUFE.MI,etf,EUR
IE00BMDPBZ72,USPA,Frk S&P 500 Paris,Euronext Amsterdam,USPA.AS,etf,EUR
IE000R85HL30,USRI,Amundi USASRI,Euronext Paris,USRI.PA,etf,EUR
IE0000U24AJ9,USRIH,AMUETFMXUSSXETFP,ETF Plus,USRIH.MI,etf,EUR
IE00050J4789,USSM,BNPETFMXUSFTXPAR,Euronext Paris,USSM.PA,etf,EUR
IE000XFXBGR0,USSMC,UBSETFCSUSIMETFP,ETF Plus,USSMC.MI,etf,EUR
IE00BJXT3C94,USSRI,UBSETFSSRIIMETFP,ETF Plus,USSRI.MI,etf,EUR
IE00BJXT3G33,USSRIE,UBSETFSRIEITETFP,ETF Plus,USSRIE.MI,etf,EUR
LU1829221024,UST,AMUNDI NASDAQ 100,Euronext Paris,UST.PA,etf,EUR
LU1459800113,UST10F,UBSETFT10FIMETFP,ETF Plus,UST10F.MI,etf,EUR
LU1324510525,UST1F,UBSETFST1FIMETFP,ETF Plus,UST1F.MI,etf,EUR
IE0003B4BV34,USTEC,UBSETFCSYUIMETFP,ETF Plus,USTEC.MI,etf,EUR
IE000TMJDGV1,USTEL,FRAETFSPSVCNETFP,ETF Plus,USTEL.MI,etf,EUR
LU1954152853,USTH,MULETFNDXHIMETFP,ETF Plus,USTH.MI,etf,EUR
FR001400KH45,USVE,AM PEA USA Value,Euronext Paris,USVE.PA,etf,EUR
IE00B78JSG98,USVEUY,UBSETFVEUYIMETFP,ETF Plus,USVEUY.MI,etf,EUR
LU1435356495,USYH,LYXETFUSHYIMETFP,ETF Plus,USYH.MI,etf,EUR
LU1834988864,UTI,AMUNDI ST EU UTILI,Euronext Paris,UTI.PA,etf,EUR
IE000PMX0MW6,UTIW,AMUETFSPDSEUETFP,ETF Plus,UTIW.MI,etf,EUR
LU3079567056,UTY,UBSActUTYETFP,ETF Plus,UTY.MI,etf,EUR
IE0009IAUUI1,UYLD,INVETFIBXXUYETFP,ETF Plus,UYLD.MI,etf,EUR
IE00BMVB5K07,V20A,VANGUARD LS20EQACC,Euronext Amsterdam,V20A.AS,etf,EUR
IE00BMVB5L14,V20D,VANGUARD LS20EQDIS,Euronext Amsterdam,V20D.AS,etf,EUR
IE00BNG8L278,V3AA,Vanguard ESGGAACC,Euronext Amsterdam,V3AA.AS,etf,EUR
IE00BNG8L385,V3AL,Vanguard ESGGADIS,Euronext Amsterdam,V3AL.AS,etf,EUR
IE000QUOSE01,V3EA,Vanguard ESGDEACC,Euronext Amsterdam,V3EA.AS,etf,EUR
IE000NRGX9M3,V3EL,Vanguard ESGDEDIS,Euronext Amsterdam,V3EL.AS,etf,EUR
IE00BNDS1Q47,V3GE,Vanguard ESG GCDIS,Euronext Amsterdam,V3GE.AS,etf,EUR
IE00BNDS1P30,V3GF,Vanguard ESG GCACC,Euronext Amsterdam,V3GF.AS,etf,EUR
IE000KPJJWM6,V3MA,Vanguard ESGEMACC,Euronext Amsterdam,V3MA.AS,etf,EUR
IE0001VXZTV7,V3ML,Vanguard ESGEMDIS,Euronext Amsterdam,V3ML.AS,etf,EUR
IE000O58J820,V3NA,Vanguard ESGNAACC,Euronext Amsterdam,V3NA.AS,etf,EUR
IE000L2ZNB07,V3NL,Vanguard ESGNADIS,Euronext Amsterdam,V3NL.AS,etf,EUR
IE000GOJO2A3,V3PA,Vanguard ESGDAACC,Euronext Amsterdam,V3PA.AS,etf,EUR
IE0008T6IUX0,V3PL,Vanguard ESGDADIS,Euronext Amsterdam,V3PL.AS,etf,EUR
IE000QADMYA3,V3RE,Vanguard ESGECBACC,Euronext Amsterdam,V3RE.AS,etf,EUR
IE000F37PGZ3,V3RF,Vanguard ESGECBDIS,Euronext Amsterdam,V3RF.AS,etf,EUR
IE00BMVB5M21,V40A,VANGUARD LS40EQACC,Euronext Amsterdam,V40A.AS,etf,EUR
IE00BMVB5N38,V40D,VANGUARD LS40EQDIS,Euronext Amsterdam,V40D.AS,etf,EUR
IE00BMVB5P51,V60A,VANGUARD LS60EQACC,Euronext Amsterdam,V60A.AS,etf,EUR
IE00BMVB5Q68,V60D,VANGUARD LS60EQDIS,Euronext Amsterdam,V60D.AS,etf,EUR
IE00BMVB5R75,V80A,VANGUARD LS80EQACC,Euronext Amsterdam,V80A.AS,etf,EUR
IE00BMVB5S82,V80D,VANGUARD LS80EQDIS,Euronext Amsterdam,V80D.AS,etf,EUR
IE00BG47KH54,VAGF,VANETFVAGFIMETFP,ETF Plus,VAGF.MI,etf,EUR
LU1598690169,VAL,AMUNDI EMU VALUE,Euronext Paris,VAL.PA,etf,EUR
LU1481201702,VALD,BNPP VALUED ESG,Euronext Paris,VALD.PA,etf,EUR
IE000VAHT5T0,VALL,VANETFACGNXAMS,Euronext Amsterdam,VALL.AS,etf,EUR
IE000CVUM3N6,VALLD,VANETFACGNXAMS,Euronext Amsterdam,VALLD.AS,etf,EUR
IE00B9F5YL18,VAPX,VANGUARD FTSE APXJ,Euronext Amsterdam,VAPX.AS,etf,EUR
IE000AFVKJZ0,VCASH,VANActVCASHXAMS,Euronext Amsterdam,VCASH.AS,etf,EUR
IE00BGYWSW13,VCDE,VANETFH33680ETFP,ETF Plus,VCDE.MI,etf,EUR
IE000SOORXS0,VCSHA,VANActVCSHAXAMS,Euronext Amsterdam,VCSHA.AS,etf,EUR
IE00BGYWSV06,VDCA,VANETFVDCAIMETFP,ETF Plus,VDCA.MI,etf,EUR
IE00BGYWFL94,VDCE,VANETFVDCEIMETFP,ETF Plus,VDCE.MI,etf,EUR
IE00BGYWCB81,VDEA,VANETFVDEAIMETFP,ETF Plus,VDEA.MI,etf,EUR
IE00BLRPPV00,VDST,VANETF100072ETFP,ETF Plus,VDST.MI,etf,EUR
IE00BGYWFS63,VDTA,VANETFVDTAIMETFP,ETF Plus,VDTA.MI,etf,EUR
IE000JR51TI1,VDTD,VANETFVDTAIMETFP,ETF Plus,VDTD.MI,etf,EUR
IE00BMX0B631,VDTE,VANETFVDTEIMETFP,ETF Plus,VDTE.MI,etf,EUR
IE00BGYWT403,VECA,VANETFVECAIMETFP,ETF Plus,VECA.MI,etf,EUR
IE00BZ163G84,VECP,VANGUARD EURCORPBD,Euronext Amsterdam,VECP.AS,etf,EUR
IE0005B8WVT6,VEGI,VANETFVEGIIMETFP,ETF Plus,VEGI.MI,etf,EUR
IE00BZ163L38,VEMT,VANGUARD USDEMGVBN,Euronext Amsterdam,VEMT.AS,etf,EUR
IE00BK5BQY34,VERE,VANETFVEREIMETFP,ETF Plus,VERE.MI,etf,EUR
IE00BKX55S42,VERX,VANGUARD FTSE DE,Euronext Amsterdam,VERX.AS,etf,EUR
IE00069H3LK0,VESC,VANETFSCDEUNXAMS,Euronext Amsterdam,VESC.AS,etf,EUR
IE000K7PC2G4,VESD,VANETFSCDEUNXAMS,Euronext Amsterdam,VESD.AS,etf,EUR
IE00BZ163H91,VETY,VANGUARD EURGVBD,Euronext Amsterdam,VETY.AS,etf,EUR
IE00B945VV12,VEUR,VANGUARD FTSE EUR,Euronext Amsterdam,VEUR.AS,etf,EUR
IE00BKX55T58,VEVE,VANGUARD FTSE DW,Euronext Amsterdam,VEVE.AS,etf,EUR
IE000VH3JSL8,VEZI,VANETFAWNT07XAMS,Euronext Amsterdam,VEZI.AS,etf,EUR
IE000Q4J3CW6,VEZU,VANETFAWNT07XAMS,Euronext Amsterdam,VEZU.AS,etf,EUR
IE00BK5BR733,VFEA,VANETFVFEAIMETFP,ETF Plus,VFEA.MI,etf,EUR
IE00B3VVMM84,VFEM,VANGUARD FTSE EM,Euronext Amsterdam,VFEM.AS,etf,EUR
IE00BH04GL39,VGEA,VANETFVGEAIMETFP,ETF Plus,VGEA.MI,etf,EUR
IE0003HUCA83,VGGE,VANETFH38855XAMS,Euronext Amsterdam,VGGE.AS,etf,EUR
IE000B1A2798,VGGF,VANETFH38855XAMS,Euronext Amsterdam,VGGF.AS,etf,EUR
IE00BK5BR626,VGWE,VanguardFAWHDYACC,Euronext Amsterdam,VGWE.AS,etf,EUR
IE00BK5BQV03,VHVE,VANETFVHVEIMETFP,ETF Plus,VHVE.MI,etf,EUR
IE00B8GKDB10,VHYL,VANGUARD FTSE HDY,Euronext Amsterdam,VHYL.AS,etf,EUR
IE00BLRPRR04,VITA,RIZETFLIFEIMETFP,ETF Plus,VITA.MI,etf,EUR
IE000128BSS1,VITD,VANETFUS37IMXAMS,Euronext Amsterdam,VITD.AS,etf,EUR
IE000VZ8BBU9,VITS,VANETFUS37IMXAMS,Euronext Amsterdam,VITS.AS,etf,EUR
IE000PY7F8J9,VITU,ARKETFFXBYLUETFP,ETF Plus,VITU.MI,etf,EUR
IE00BFMXYX26,VJPA,VANETFVJPAIMETFP,ETF Plus,VJPA.MI,etf,EUR
IE00BFMXYY33,VJPE,VANETFVJPEIMETFP,ETF Plus,VJPE.MI,etf,EUR
IE00B95PGT31,VJPN,VANGUARD FTSE JPN,Euronext Amsterdam,VJPN.AS,etf,EUR
IE000U882CN5,VLDP,VANETFTRSXIMXAMS,Euronext Amsterdam,VLDP.AS,etf,EUR
IE000UXDT343,VLDS,VANETFTRSXIMXAMS,Euronext Amsterdam,VLDS.AS,etf,EUR
LU1481201025,VLED,BNPP LWVOLEU ESG,Euronext Paris,VLED.PA,etf,EUR
IE00BFMXVQ44,VMIG,VANETFMXNUKETFP,ETF Plus,VMIG.MI,etf,EUR
IE00BK5BQW10,VNRA,VANETFVNRAIMETFP,ETF Plus,VNRA.MI,etf,EUR
IE00BKX55R35,VNRT,VANGUARD FTSE NA,Euronext Amsterdam,VNRT.AS,etf,EUR
IE00BKLF1R75,VOLT,WT Battery-USD Acc,Euronext Paris,VOLT.PA,etf,EUR
IE00BMH5Y327,VPN,GLOETFVPNIMETFP,ETF Plus,VPN.MI,etf,EUR
IE000J7AY5Y3,VRGU,VANETFRU1GN3XAMS,Euronext Amsterdam,VRGU.AS,etf,EUR
IE000650M1V4,VRMA,VANETFRUMCN3XAMS,Euronext Amsterdam,VRMA.AS,etf,EUR
IE00BG21M733,VRPS,INVETFVRPSIMETFP,ETF Plus,VRPS.MI,etf,EUR
IE000GTBEXG4,VRSA,VANETFRU2000XAMS,Euronext Amsterdam,VRSA.AS,etf,EUR
IE000US24HF4,VRVA,VANETFRU1VN3XAMS,Euronext Amsterdam,VRVA.AS,etf,EUR
IE00BDD48S37,VSCE,VANETFLE50TRXAMS,Euronext Amsterdam,VSCE.AS,etf,EUR
IE00BH04FZ00,VSCF,VANETFLE50TRXAMS,Euronext Amsterdam,VSCF.AS,etf,EUR
IE000HARFTG3,VSGE,VANETFGOVSIMXAMS,Euronext Amsterdam,VSGE.AS,etf,EUR
IE00004S2680,VSGF,VANETFGOVSIMXAMS,Euronext Amsterdam,VSGF.AS,etf,EUR
IE0007TPRF31,VSML,VANETFSCGNXAMS,Euronext Amsterdam,VSML.AS,etf,EUR
IE000F8RXD33,VSMLD,VANETFSCGNXAMS,Euronext Amsterdam,VSMLD.AS,etf,EUR
IE00BFMXXD54,VUAA,VANETFSP500ETFP,ETF Plus,VUAA.MI,etf,EUR
IE00BGYWFK87,VUCE,VANETFVUCEIMETFP,ETF Plus,VUCE.MI,etf,EUR
IE00BZ163K21,VUCP,VANGUARD USDCORPBD,Euronext Amsterdam,VUCP.AS,etf,EUR
IE000TAV7246,VUDE,VANETFH00055XAMS,Euronext Amsterdam,VUDE.AS,etf,EUR
IE000M6STPW4,VUDP,VANETFH00055XAMS,Euronext Amsterdam,VUDP.AS,etf,EUR
IE000H3Q3AF6,VUDS,VANETF1EUAITXAMS,Euronext Amsterdam,VUDS.AS,etf,EUR
IE000GU6MFI0,VUDY,VANETF1EUAITXAMS,Euronext Amsterdam,VUDY.AS,etf,EUR
IE00B810Q511,VUKE,VANETFS100IMETFP,ETF Plus,VUKE.MI,etf,EUR
IE00B3XXRP09,VUSA,VANGUARD S&P500,Euronext Amsterdam,VUSA.AS,etf,EUR
IE00BDD48R20,VUSC,VANETFVDCAIMETFP,ETF Plus,VUSC.MI,etf,EUR
IE00BZ163M45,VUTY,VANGUARD USDTRBOND,Euronext Amsterdam,VUTY.AS,etf,EUR
IE00BK5BQT80,VWCE,VanguardFAWACC,Euronext Amsterdam,VWCE.AS,etf,EUR
IE00BK5BQX27,VWCG,VanguardFDEACC,Euronext Amsterdam,VWCG.AS,etf,EUR
IE00B3RBWM25,VWRL,VANGUARD FTSE AW,Euronext Amsterdam,VWRL.AS,etf,EUR
IE000G1H7OC0,VXUD,VANETFAWXUSNXAMS,Euronext Amsterdam,VXUD.AS,etf,EUR
IE0009A5ADV9,VXUS,VANETFAWXUSNXAMS,Euronext Amsterdam,VXUS.AS,etf,EUR
IE000XHZP7D3,WAGI,WISETFWTAGIUETFP,ETF Plus,WAGI.MI,etf,EUR
FR0010527275,WAT,AMUNDI ETF W WATER,Euronext Paris,WAT.PA,etf,EUR
FR0014002CH1,WATC,Amundi MSCI Water,Euronext Paris,WATC.PA,etf,EUR
IE000AFVONT7,WBLD,WISETFWTEUBLXPAR,Euronext Paris,WBLD.PA,etf,EUR
IE000940RNE6,WBLK,WISETFWBLKIMXPAR,Euronext Paris,WBLK.PA,etf,EUR
IE00BLPK3577,WCBR,WT Cyb-USD Acc,Euronext Paris,WCBR.PA,etf,EUR
IE00BJGWQN72,WCLD,WT Cloud - USD Acc,Euronext Paris,WCLD.PA,etf,EUR
IE00BYMLZY74,WCOA,WISETFWCOAIMETFP,ETF Plus,WCOA.MI,etf,EUR
IE00BYTRR640,WCOD,SPDR MSCI W C DIS,Euronext Amsterdam,WCOD.AS,etf,EUR
IE00BG88WG77,WCOE,WISETFWCOEIMETFP,ETF Plus,WCOE.MI,etf,EUR
IE00BYTRR756,WCOS,SPDR MSCI W C STAP,Euronext Amsterdam,WCOS.AS,etf,EUR
IE000017NMH7,WDAF,WISETFWTADEFXPAR,Euronext Paris,WDAF.PA,etf,EUR
IE000AIFGRB9,WDEE,INVETFDKRHGYETFP,ETF Plus,WDEE.MI,etf,EUR
IE0002Y8CX98,WDEF,WISETFWTEUDEXPAR,Euronext Paris,WDEF.PA,etf,EUR
IE000TG1LGI4,WDESG,UBSETFDESGIMETFP,ETF Plus,WDESG.MI,etf,EUR
IE0009W21NT4,WDESGE,UBSETFESGEIMETFP,ETF Plus,WDESGE.MI,etf,EUR
IE00018LB0D8,WDFE,INVETFDKRHFIETFP,ETF Plus,WDFE.MI,etf,EUR
IE000KLC2EN9,WDGF,WISETFWTGDEFXPAR,Euronext Paris,WDGF.PA,etf,EUR
IE000L4EH2K5,WDHE,INVETFSPDKLEETFP,ETF Plus,WDHE.MI,etf,EUR
IE000Q0CAPZ0,WDIV,WISETFWTGDHYETFP,ETF Plus,WDIV.MI,etf,EUR
IE000EJ2EHO7,WDMVO,UBSETFDMVOIMETFP,ETF Plus,WDMVO.MI,etf,EUR
IE000O8KMPM1,WDNA,WISETFWDNAIMETFP,ETF Plus,WDNA.MI,etf,EUR
IE000C9LBYZ8,WDRD,WISActWDRDETFP,ETF Plus,WDRD.MI,etf,EUR
IE000RAY1B92,WDRT,WISActWDRTETFP,ETF Plus,WDRT.MI,etf,EUR
IE000Q0IU5T1,WDTE,INVETFMSUSKLETFP,ETF Plus,WDTE.MI,etf,EUR
IE000FSN19U2,WEBH,AMUETFCSUSIMETFP,ETF Plus,WEBH.MI,etf,EUR
IE0003XJA0J9,WEBN,AMUETFSGMLMCETFP,ETF Plus,WEBN.MI,etf,EUR
IE000LAP5Z18,WELE,AMUETFSPXELSETFP,ETF Plus,WELE.MI,etf,EUR
IE00BJQTJ848,WELL,HAN HLTH EQL WT,Euronext Paris,WELL.PA,etf,EUR
IE000Q1M7HB8,WEM,WISETFWTTRUEXPAR,Euronext Paris,WEM.PA,etf,EUR
IE000W8HP9L8,WEMT2,BNPP World ESG ETF,Euronext Paris,WEMT2.PA,etf,EUR
IE000EHPAS96,WEMTH,BNPETFMSCIWMXPAR,Euronext Paris,WEMTH.PA,etf,EUR
IE000MELAE65,WENE,ISHETFNU7476ETFP,ETF Plus,WENE.MI,etf,EUR
IE0007UE04X9,WENU,WISETFWTETMUXPAR,Euronext Paris,WENU.PA,etf,EUR
IE000K1P4V37,WESE,Am MSCI W SRI PAB,Euronext Paris,WESE.PA,etf,EUR
IE000A0GH076,WETFE,BNPETFMSTRUSXPAR,Euronext Paris,WETFE.PA,etf,EUR
IE0008D0AIU9,WEWEU,BNPETFNU7600XPAR,Euronext Paris,WEWEU.PA,etf,EUR
LU3351069201,WEXUS,BNPETFMXWMTEXPAR,Euronext Paris,WEXUS.PA,etf,EUR
IE00BYTRR970,WFIN,SPDR MSCI W FINCLS,Euronext Amsterdam,WFIN.AS,etf,EUR
IE000Y83YZ44,WGRO,WISETFWTGQGRETFP,ETF Plus,WGRO.MI,etf,EUR
IE0009QS7W62,WHCA,MSCI Wld Hlth US A,Euronext Amsterdam,WHCA.AS,etf,EUR
IE00BJ5JNZ06,WHCS,ISHETFNU7474ETFP,ETF Plus,WHCS.MI,etf,EUR
IE00BYTRRB94,WHEA,SPDR MSCI W HEALTH,Euronext Amsterdam,WHEA.AS,etf,EUR
IE000X1GW0A7,WIMI,XTRETFM1WOIMETFP,ETF Plus,WIMI.MI,etf,EUR
IE0000P0RPE6,WINA,ISHActWINAETFP,ETF Plus,WINA.MI,etf,EUR
IE00BYTRRC02,WIND,SPDR MSCI W INDUST,Euronext Amsterdam,WIND.AS,etf,EUR
IE00BYM31M36,WING,ISHETFWINGIMETFP,ETF Plus,WING.MI,etf,EUR
IE000O7Q2E56,WIRE,XTRETFVWCEIMETFP,ETF Plus,WIRE.MI,etf,EUR
IE000EDOZV89,WITA,INVActWITAETFP,ETF Plus,WITA.MI,etf,EUR
IE00BJ5JNY98,WITS,ISHETFNU7479ETFP,ETF Plus,WITS.MI,etf,EUR
FR0010315770,WLD,AMUNDI MSCI WOR,Euronext Paris,WLD.PA,etf,EUR
FR0014003IY1,WLDC,Amundi MSCI W II,Euronext Paris,WLDC.PA,etf,EUR
FR0011660927,WLDH,AMUNDI MSCI WDH,Euronext Paris,WLDH.PA,etf,EUR
FR0014003N93,WLDHC,MULTI MSCI WdHEUR,Euronext Paris,WLDHC.PA,etf,EUR
FR0013209921,WLDX,MULETFWLDXIMETFP,ETF Plus,WLDX.MI,etf,EUR
IE000QWCYQT0,WLSC,AMUETFMXWOSCXPAR,Euronext Paris,WLSC.PA,etf,EUR
IE00BYTRRF33,WMAT,SPDR MSCI W MTRL,Euronext Amsterdam,WMAT.AS,etf,EUR
IE0000902GT6,WMGT,WISETFWSMGDXXPAR,Euronext Paris,WMGT.PA,etf,EUR
IE00BJ5JP766,WMTS,ISHETFNU7470ETFP,ETF Plus,WMTS.MI,etf,EUR
IE0008RX29L5,WNDE,INVETFWNDEIMETFP,ETF Plus,WNDE.MI,etf,EUR
IE000JNHCBM6,WNDY,GLOETFWNDYIMETFP,ETF Plus,WNDY.MI,etf,EUR
IE000X9TLGN8,WNER,WISETFWTREIMETFP,ETF Plus,WNER.MI,etf,EUR
IE000SN2VKB0,WNGA,ISHETFWINGIMETFP,ETF Plus,WNGA.MI,etf,EUR
IE00BYTRR863,WNRG,SPDR MSCI W ENERGY,Euronext Amsterdam,WNRG.AS,etf,EUR
IE000D8XC064,WOEE,ISHActWOEEETFP,ETF Plus,WOEE.MI,etf,EUR
IE000P1IQS65,WOEH,ISHActWOEHETFP,ETF Plus,WOEH.MI,etf,EUR
IE0003ZXNJY5,WOOE,iS Glo Timber Acc,Euronext Amsterdam,WOOE.AS,etf,EUR
IE000CVOSY02,WORLD,FRAETFDWLDIVXPAR,Euronext Paris,WORLD.PA,etf,EUR
IE000LCKJ888,WPAI,WISETFWTPAIUXPAR,Euronext Paris,WPAI.PA,etf,EUR
IE0002XZSHO1,WPEA,iSh Wld Swp PEA EU,Euronext Paris,WPEA.PA,etf,EUR
IE0002VEN3U3,WPEE,ISHETFMSTRUSETFP,ETF Plus,WPEE.MI,etf,EUR
IE00055B2JD3,WPEH,ISHETFMSDEWIXPAR,Euronext Paris,WPEH.PA,etf,EUR
IE000W8WMSL2,WQTM,WISETFWTQTNMXPAR,Euronext Paris,WQTM.PA,etf,EUR
IE00B4X9L533,WRD,HSBC MSCI WORLD,Euronext Paris,WRD.PA,etf,EUR
IE00BD4TXV59,WRDA,UBSETFMSTRUSETFP,ETF Plus,WRDA.MI,etf,EUR
IE000TB15RC6,WRDE,UBSETFIWDEIMETFP,ETF Plus,WRDE.MI,etf,EUR
LU0340285161,WRDEUA,UBSETFMXWOETFP,ETF Plus,WRDEUA.MI,etf,EUR
IE000AZ2HZ31,WRDSC,UBSETFNCUDWIETFP,ETF Plus,WRDSC.MI,etf,EUR
IE000P3D0W60,WRNW,WISETFWTRENEETFP,ETF Plus,WRNW.MI,etf,EUR
IE00BKSCBX74,WSC,UBSETFWSCIMETFP,ETF Plus,WSC.MI,etf,EUR
IE000XNILW20,WSDG,WISETFSOLWTGETFP,ETF Plus,WSDG.MI,etf,EUR
IE000VDH1PG3,WSPC,WISETFWTSPCUXPAR,Euronext Paris,WSPC.PA,etf,EUR
IE000Y77LGG9,WSRI,Am Wrld Cli Net 0,Euronext Paris,WSRI.PA,etf,EUR
IE00BK72HJ67,WSRIA,UBSETFSRIAITETFP,ETF Plus,WSRIA.MI,etf,EUR
IE00BK72HM96,WSRIE,UBSETFSRIEIMETFP,ETF Plus,WSRIE.MI,etf,EUR
LU0950674332,WSRUS,UBSETFSRUSIMETFP,ETF Plus,WSRUS.MI,etf,EUR
IE00BDVPNG13,WTAI,WT AI - USD Acc,Euronext Paris,WTAI.PA,etf,EUR
IE00BYTRRD19,WTCH,SPDR MSCI W TECH,Euronext Amsterdam,WTCH.AS,etf,EUR
IE00BYTRRG40,WTEL,SPDR MSCI W COMM,Euronext Amsterdam,WTEL.AS,etf,EUR
IE000MO2MB07,WTRE,WISETFWTREIMETFP,ETF Plus,WTRE.MI,etf,EUR
IE0005HNE843,WTVE,WISETFWTVALEETFP,ETF Plus,WTVE.MI,etf,EUR
IE000D1017N2,WTVG,WISETFWTVALGETFP,ETF Plus,WTVG.MI,etf,EUR
IE000F9AQNW6,WTVU,WISETFWTVALUETFP,ETF Plus,WTVU.MI,etf,EUR
IE00BYTRRH56,WUTI,SPDR MSCI W UTIL,Euronext Amsterdam,WUTI.AS,etf,EUR
IE00BJXRT813,WVAL,SPDR MSCI WLD VAL,Euronext Amsterdam,WVAL.AS,etf,EUR
IE00BN4Q0370,WXUPAB,UBSETFHPAWIMETFP,ETF Plus,WXUPAB.MI,etf,EUR
LU2807512947,WXUS,UBSETFM1WOUETFP,ETF Plus,WXUS.MI,etf,EUR
LU0643975161,X03G,XTRETF QW3AETFP,ETF Plus,X03G.MI,etf,EUR
LU0290356871,X13E,XTRETFX13EIMETFP,ETF Plus,X13E.MI,etf,EUR
LU1681046345,X13G,AMUNDI LOW RAT 1-3,Euronext Paris,X13G.PA,etf,EUR
LU0290357507,X15E,XTRETFX15EIMETFP,ETF Plus,X15E.MI,etf,EUR
LU1681046774,X1G,AMUNDI ETF EX AAA,Euronext Paris,X1G.PA,etf,EUR
LU1681046857,X1GD,AMUNDI LW RATED D,Euronext Paris,X1GD.PA,etf,EUR
LU0290357846,X25E,XTRETFX25EIMETFP,ETF Plus,X25E.MI,etf,EUR
LU0290356954,X35E,XTRETFX35EIMETFP,ETF Plus,X35E.MI,etf,EUR
IE000HY30YW6,X500,XTRETFSP500ETFP,ETF Plus,X500.MI,etf,EUR
LU0290357176,X57E,XTRETFX57EIMETFP,ETF Plus,X57E.MI,etf,EUR
LU0290357259,X710,XTRETFX710IMETFP,ETF Plus,X710.MI,etf,EUR
IE00B5MTWD60,X7PS,INVETFX7PSIMETFP,ETF Plus,X7PS.MI,etf,EUR
IE000MQ5XEW1,XAGZ,LG ETFBCC4C4ETFP,ETF Plus,XAGZ.MI,etf,EUR
LU3367672022,XAHY,XTRActXAHYETFP,ETF Plus,XAHY.MI,etf,EUR
LU3367672295,XAIG,XTRActXAIGETFP,ETF Plus,XAIG.MI,etf,EUR
IE00BGV5VN51,XAIX,XTRETFXAIXIMETFP,ETF Plus,XAIX.MI,etf,EUR
IE00BFZPF439,XAT1,INVETFAT1IMETFP,ETF Plus,XAT1.MI,etf,EUR
LU0328474803,XAUS,XTRETFASA51ETFP,ETF Plus,XAUS.MI,etf,EUR
LU0322252171,XAXJ,XTRETFXAXJIMETFP,ETF Plus,XAXJ.MI,etf,EUR
LU2673523218,XB27,XTRETFI38092ETFP,ETF Plus,XB27.MI,etf,EUR
LU2810185665,XB28,XTRETFI38643ETFP,ETF Plus,XB28.MI,etf,EUR
LU2673523309,XB29,XTRETFI38094ETFP,ETF Plus,XB29.MI,etf,EUR
LU2809864296,XB30,XTRETFI38644ETFP,ETF Plus,XB30.MI,etf,EUR
LU2673523481,XB31,XTRETFI38096ETFP,ETF Plus,XB31.MI,etf,EUR
LU2809864452,XB32,XTRETFI38645ETFP,ETF Plus,XB32.MI,etf,EUR
LU2673523564,XB33,XTRETFI38097ETFP,ETF Plus,XB33.MI,etf,EUR
LU2809864619,XB34,XTRETFI38646ETFP,ETF Plus,XB34.MI,etf,EUR
LU3152892546,XB35,XTRETFI40158ETFP,ETF Plus,XB35.MI,etf,EUR
LU3152892629,XB36,XTRETFI40157ETFP,ETF Plus,XB36.MI,etf,EUR
LU0484968812,XB4F,XTRETFXB4FIMETFP,ETF Plus,XB4F.MI,etf,EUR
LU0942970798,XBAE,XTRETFXBAEIMETFP,ETF Plus,XBAE.MI,etf,EUR
LU0942970103,XBAG,XTRETFXBAEIMETFP,ETF Plus,XBAG.MI,etf,EUR
LU0484969463,XBAT,XTRETFI8KWETFP,ETF Plus,XBAT.MI,etf,EUR
IE000YMQ2SC9,XBHE,LG ETFJPEIGKETFP,ETF Plus,XBHE.MI,etf,EUR
LU0478205379,XBLC,XTRETFXBLCIMETFP,ETF Plus,XBLC.MI,etf,EUR
IE000CWS09Q9,XBNK,LG ETFJPEIGKETFP,ETF Plus,XBNK.MI,etf,EUR
LU0613540268,XBOT,XTRETFXBOTIMETFP,ETF Plus,XBOT.MI,etf,EUR
FR0010446666,XBRMIB,MULSTRRMIBIMETFP,ETF Plus,XBRMIB.MI,etf,EUR
LU0476289540,XCAN,XTRETFXCANIMETFP,ETF Plus,XCAN.MI,etf,EUR
LU0779800910,XCHA,XTRETFXCHAIMETFP,ETF Plus,XCHA.MI,etf,EUR
LU2469465822,XCNA,XTRETFXCNAIMETFP,ETF Plus,XCNA.MI,etf,EUR
LU1981860072,XCO2E,AMUETFCO2EIMETFP,ETF Plus,XCO2E.MI,etf,EUR
LU0494592974,XCS2,XTRETFXCS2IMETFP,ETF Plus,XCS2.MI,etf,EUR
LU0514695187,XCS5,XTRETFCI2IMETFP,ETF Plus,XCS5.MI,etf,EUR
LU0514695690,XCS6,XTRETFXCS6IMETFP,ETF Plus,XCS6.MI,etf,EUR
LU2456436083,XCS7,XTRETFXCS7IMETFP,ETF Plus,XCS7.MI,etf,EUR
LU2788421340,XCSI,XTRETFCSIH03ETFP,ETF Plus,XCSI.MI,etf,EUR
LU2376679564,XCTE,XTRETFXCTEIMETFP,ETF Plus,XCTE.MI,etf,EUR
LU0292095535,XD3E,XTRETFXD3EIMETFP,ETF Plus,XD3E.MI,etf,EUR
LU0846194776,XD5E,XTRETFSEMUIMETFP,ETF Plus,XD5E.MI,etf,EUR
IE00BG04M077,XD9E,XTRETFCSUSIMETFP,ETF Plus,XD9E.MI,etf,EUR
IE00BJ0KDR00,XD9U,XTRETFCSUSIMETFP,ETF Plus,XD9U.MI,etf,EUR
LU0274211480,XDAX,XTRETFDAXETFP,ETF Plus,XDAX.MI,etf,EUR
LU0292106167,XDBC,XTRETFXDBCIMETFP,ETF Plus,XDBC.MI,etf,EUR
IE00BL25JN58,XDEB,XTRETFXDEBIMETFP,ETF Plus,XDEB.MI,etf,EUR
IE0002EI5AG0,XDEE,XTRETFXDEWIMETFP,ETF Plus,XDEE.MI,etf,EUR
LU3061478973,XDEF,XTRETFSXDSCRETFP,ETF Plus,XDEF.MI,etf,EUR
IE00BL25JP72,XDEM,XTRETFXDEMIMETFP,ETF Plus,XDEM.MI,etf,EUR
IE00BYPHT736,XDEP,XTRETFXDEPIMETFP,ETF Plus,XDEP.MI,etf,EUR
IE00BL25JL35,XDEQ,XTRETFXDEQIMETFP,ETF Plus,XDEQ.MI,etf,EUR
LU0489337690,XDER,XTRETFEPDEVTETFP,ETF Plus,XDER.MI,etf,EUR
IE00BL25JM42,XDEV,XTRETFXDEVIMETFP,ETF Plus,XDEV.MI,etf,EUR
IE00BLNMYC90,XDEW,XTRETFXDEWIMETFP,ETF Plus,XDEW.MI,etf,EUR
IE00BM67HJ62,XDEX,XTRETFXDEXIMETFP,ETF Plus,XDEX.MI,etf,EUR
IE00036F4K40,XDG3,XTRETF3GHWBEETFP,ETF Plus,XDG3.MI,etf,EUR
IE0007WJ6B10,XDG6,XTRETF6CWATSETFP,ETF Plus,XDG6.MI,etf,EUR
IE000JZYIUN0,XDG7,XTRETF7RNWCEETFP,ETF Plus,XDG7.MI,etf,EUR
IE00BZ036J45,XDGE,XTRETFXDGEIMETFP,ETF Plus,XDGE.MI,etf,EUR
IE000PSF3A70,XDGI,XTRETFSIMPATETFP,ETF Plus,XDGI.MI,etf,EUR
IE00BZ036H21,XDGU,XTRETFXDGUIMETFP,ETF Plus,XDGU.MI,etf,EUR
LU1875395870,XDJE,XTRETFN225NTETFP,ETF Plus,XDJE.MI,etf,EUR
LU0839027447,XDJP,XTRETFN225ETFP,ETF Plus,XDJP.MI,etf,EUR
IE00BRB36B93,XDNE,XTRETFXDNEIMETFP,ETF Plus,XDNE.MI,etf,EUR
IE00BPVLQD13,XDNY,XTRETFXDNEIMETFP,ETF Plus,XDNY.MI,etf,EUR
IE00BM67HW99,XDPE,XTRETFIUSEIMETFP,ETF Plus,XDPE.MI,etf,EUR
IE000Z9SJA06,XDPU,XTRETFSP500ETFP,ETF Plus,XDPU.MI,etf,EUR
IE00BN2BCY94,XDRE,XTRETFDJDGREETFP,ETF Plus,XDRE.MI,etf,EUR
IE00BM67HM91,XDW0,XTRETFXDW0IMETFP,ETF Plus,XDW0.MI,etf,EUR
IE00BM67HP23,XDWC,XTRETFXDWCIMETFP,ETF Plus,XDWC.MI,etf,EUR
IE00BJ0KDQ92,XDWD,XTRETFMSTRUSETFP,ETF Plus,XDWD.MI,etf,EUR
IE00BM67HL84,XDWF,XTRETFXDWFIMETFP,ETF Plus,XDWF.MI,etf,EUR
IE00BM67HK77,XDWH,XTRETFXDWHIMETFP,ETF Plus,XDWH.MI,etf,EUR
IE00BM67HV82,XDWI,XTRETFXDWIIMETFP,ETF Plus,XDWI.MI,etf,EUR
IE00BM67HS53,XDWM,XTRETFXDWMIMETFP,ETF Plus,XDWM.MI,etf,EUR
IE00BM67HN09,XDWS,XTRETFXDWSIMETFP,ETF Plus,XDWS.MI,etf,EUR
IE00BM67HT60,XDWT,XTRETFXDWTIMETFP,ETF Plus,XDWT.MI,etf,EUR
IE00BM67HQ30,XDWU,XTRETFXDWUIMETFP,ETF Plus,XDWU.MI,etf,EUR
IE00BCHWNQ94,XDWY,XTRETFXDWYIMETFP,ETF Plus,XDWY.MI,etf,EUR
LU2641054122,XE01,XTRETFIBXXESETFP,ETF Plus,XE01.MI,etf,EUR
IE00002ZKAP0,XEEE,XTRActXEEEETFP,ETF Plus,XEEE.MI,etf,EUR
IE0002PGSLZ5,XEEU,XTRActXEEUETFP,ETF Plus,XEEU.MI,etf,EUR
IE00094GSCQ4,XEEW,XTRActXEEWETFP,ETF Plus,XEEW.MI,etf,EUR
LU0290358224,XEIN,XTRETFXEINIMETFP,ETF Plus,XEIN.MI,etf,EUR
LU0321462953,XEMB,XTRETFXEMBIMETFP,ETF Plus,XEMB.MI,etf,EUR
LU2158769930,XEML,XTRETFGBECP0ETFP,ETF Plus,XEML.MI,etf,EUR
IE000TZT8TI0,XEMN,XTRETFSIZEROETFP,ETF Plus,XEMN.MI,etf,EUR
LU1920015366,XEMU,XTRETFSEMUIMETFP,ETF Plus,XEMU.MI,etf,EUR
LU0290358497,XEON,XTRETFXEONIMETFP,ETF Plus,XEON.MI,etf,EUR
IE0001JH5CB4,XEPA,XTRETFXEPAIMETFP,ETF Plus,XEPA.MI,etf,EUR
LU3116008346,XEQ2,XTRActXEQ2ETFP,ETF Plus,XEQ2.MI,etf,EUR
LU3116008429,XEQ4,XTRActXEQ4ETFP,ETF Plus,XEQ4.MI,etf,EUR
LU3116008692,XEQ6,XTRActXEQ6ETFP,ETF Plus,XEQ6.MI,etf,EUR
LU3116008775,XEQ8,XTRActXEQ8ETFP,ETF Plus,XEQ8.MI,etf,EUR
IE000FO1A5D1,XEQW,XTRETFXDEWIMETFP,ETF Plus,XEQW.MI,etf,EUR
LU0380865021,XESC,XTRETFEUSX5ETFP,ETF Plus,XESC.MI,etf,EUR
LU0274211217,XESX,XTRETFEUS50ETFP,ETF Plus,XESX.MI,etf,EUR
LU0322253732,XEUM,XTRETFXEUMIMETFP,ETF Plus,XEUM.MI,etf,EUR
IE000IDLWOL4,XEWE,XTRETFSEQESGETFP,ETF Plus,XEWE.MI,etf,EUR
LU3119430067,XEZ1,XTRETFIBXXT1ETFP,ETF Plus,XEZ1.MI,etf,EUR
LU3119430141,XEZ3,XTRETFIBXXT3ETFP,ETF Plus,XEZ3.MI,etf,EUR
LU3119430224,XEZ5,XTRETFIBXXT5ETFP,ETF Plus,XEZ5.MI,etf,EUR
LU3119430497,XEZ7,XTRETFIBXXT7ETFP,ETF Plus,XEZ7.MI,etf,EUR
LU2504537445,XEZB,XTRETFXEZBIMETFP,ETF Plus,XEZB.MI,etf,EUR
IE00064N5UY4,XEZG,XTRETFEG05ETFP,ETF Plus,XEZG.MI,etf,EUR
LU0321465469,XFFE,XTRETFDBMFEDETFP,ETF Plus,XFFE.MI,etf,EUR
IE000F04HGE5,XFLN,XTRActXFLNETFP,ETF Plus,XFLN.MI,etf,EUR
IE000YDOORK7,XFNT,XTRETFXFNTIMETFP,ETF Plus,XFNT.MI,etf,EUR
LU0322252924,XFVT,XTRETFTFVTTUETFP,ETF Plus,XFVT.MI,etf,EUR
LU2641054551,XG01,XTRETFIBXXGEETFP,ETF Plus,XG01.MI,etf,EUR
IE000V0GDVU7,XG11,XTRETFS11CTCETFP,ETF Plus,XG11.MI,etf,EUR
IE000Y6ZXZ48,XG12,XTRETFS12RCPETFP,ETF Plus,XG12.MI,etf,EUR
LU0908508731,XG7S,XTRETFXG7SIMETFP,ETF Plus,XG7S.MI,etf,EUR
IE000MCVFK47,XGBE,XTRETFXGBEIMETFP,ETF Plus,XGBE.MI,etf,EUR
IE0003W9O921,XGBU,XTRETFXGBUIMETFP,ETF Plus,XGBU.MI,etf,EUR
IE000EUY91Y9,XGCE,XTRETFG0BCETFP,ETF Plus,XGCE.MI,etf,EUR
IE000KD0BZ68,XGEN,XTRETFXGENIMETFP,ETF Plus,XGEN.MI,etf,EUR
LU2504532487,XGEZ,XTRETFXGEZIMETFP,ETF Plus,XGEZ.MI,etf,EUR
LU0962078753,XGII,XTRETFXGIIIMETFP,ETF Plus,XGII.MI,etf,EUR
LU0290357929,XGIN,XTRETFXGINIMETFP,ETF Plus,XGIN.MI,etf,EUR
LU0908508814,XGIU,XTRETFXGIUIMETFP,ETF Plus,XGIU.MI,etf,EUR
IE000M8F3JA6,XGLA,XTRActXGLAETFP,ETF Plus,XGLA.MI,etf,EUR
LU0290355717,XGLE,XTRETFXGLEIMETFP,ETF Plus,XGLE.MI,etf,EUR
LU0292096186,XGSD,XTRETFSSD100ETFP,ETF Plus,XGSD.MI,etf,EUR
LU0378818131,XGSH,XTRETFXGSHIMETFP,ETF Plus,XGSH.MI,etf,EUR
LU0690964092,XGVD,XTRETFXGSHIMETFP,ETF Plus,XGVD.MI,etf,EUR
IE000DT6MI20,XHW0,XTRETFHW00ETFP,ETF Plus,XHW0.MI,etf,EUR
IE000AGH5ZI1,XHWE,XTRETFHW00ETFP,ETF Plus,XHWE.MI,etf,EUR
LU1109939865,XHY1,XTRETFXHY1IMETFP,ETF Plus,XHY1.MI,etf,EUR
LU1109943388,XHYA,XTRETFIHYGIMETFP,ETF Plus,XHYA.MI,etf,EUR
LU1109942653,XHYG,XTRETFXHYGIMETFP,ETF Plus,XHYG.MI,etf,EUR
IE00BYZNF849,XIFE,XTRETFDJBGGIETFP,ETF Plus,XIFE.MI,etf,EUR
IE000QVYFUT7,XIGB,XTRETFTIGRIMETFP,ETF Plus,XIGB.MI,etf,EUR
IE000PDUVTF3,XIUS,XTRETFAWXUSNETFP,ETF Plus,XIUS.MI,etf,EUR
LU0952581584,XJSE,XTRETFXJSEIMETFP,ETF Plus,XJSE.MI,etf,EUR
IE00B3XM3R14,XLBS,INVETFXLBSIMETFP,ETF Plus,XLBS.MI,etf,EUR
IE00BG7PP820,XLCS,INVETFXLCSIMETFP,ETF Plus,XLCS.MI,etf,EUR
IE00B435CG94,XLES,INVETFXLESIMETFP,ETF Plus,XLES.MI,etf,EUR
IE00B42Q4896,XLFS,INVETFXLFSIMETFP,ETF Plus,XLFS.MI,etf,EUR
IE00B3YC1100,XLIS,INVETFXLISIMETFP,ETF Plus,XLIS.MI,etf,EUR
IE00B3VSSL01,XLKS,INVETFXLKSIMETFP,ETF Plus,XLKS.MI,etf,EUR
LU0322250712,XLPE,XTRETFLPXMMETFP,ETF Plus,XLPE.MI,etf,EUR
IE00B435BG20,XLPS,INVETFXLPSIMETFP,ETF Plus,XLPS.MI,etf,EUR
IE00B3VPKB53,XLUS,INVETFXLUSIMETFP,ETF Plus,XLUS.MI,etf,EUR
IE00B3WMTH43,XLVS,INVETFXLVSIMETFP,ETF Plus,XLVS.MI,etf,EUR
IE00B449XP68,XLYS,INVETFXLYSIMETFP,ETF Plus,XLYS.MI,etf,EUR
LU2673522830,XM27,XTRETFI38092ETFP,ETF Plus,XM27.MI,etf,EUR
LU2673522913,XM29,XTRETFI38094ETFP,ETF Plus,XM29.MI,etf,EUR
LU2673523135,XM31,XTRETFI38096ETFP,ETF Plus,XM31.MI,etf,EUR
LU2673523051,XM33,XTRETFI38097ETFP,ETF Plus,XM33.MI,etf,EUR
IE000VXC51U5,XMAE,XTRETFXMAWIMETFP,ETF Plus,XMAE.MI,etf,EUR
LU0292107991,XMAS,XTRETFXMASIMETFP,ETF Plus,XMAS.MI,etf,EUR
IE00BGHQ0G80,XMAW,XTRETFXMAWIMETFP,ETF Plus,XMAW.MI,etf,EUR
LU0292109344,XMBR,XTRETFXMBRIMETFP,ETF Plus,XMBR.MI,etf,EUR
LU0292109005,XMEA,XTRETFXMEAIMETFP,ETF Plus,XMEA.MI,etf,EUR
LU0292107645,XMEM,XTRETFGEASIMETFP,ETF Plus,XMEM.MI,etf,EUR
LU0274209237,XMEU,XTRETFSMEAIMETFP,ETF Plus,XMEU.MI,etf,EUR
LU0476289466,XMEX,XTRETFMSMXTRETFP,ETF Plus,XMEX.MI,etf,EUR
IE000XL4IXU1,XMGA,AMUETFMXUSEMETFP,ETF Plus,XMGA.MI,etf,EUR
LU0274212538,XMIB,XTRETFFTMIBETFP,ETF Plus,XMIB.MI,etf,EUR
LU0476289623,XMIN,XTRETFXMINIMETFP,ETF Plus,XMIN.MI,etf,EUR
LU0274209740,XMJP,XTRETFCSJPIMETFP,ETF Plus,XMJP.MI,etf,EUR
LU0659580079,XMK9,XTRETFIJPEIMETFP,ETF Plus,XMK9.MI,etf,EUR
LU0292100046,XMKO,XTRETFXMKOIMETFP,ETF Plus,XMKO.MI,etf,EUR
IE00BTJRMP35,XMME,XTRETFGEASIMETFP,ETF Plus,XMME.MI,etf,EUR
IE00BGV5VR99,XMOV,XTRETFXMOVIMETFP,ETF Plus,XMOV.MI,etf,EUR
LU0274210672,XMUS,XTRETFCSUSIMETFP,ETF Plus,XMUS.MI,etf,EUR
IE00BDGN9Z19,XMVE,XTRETFXMVEIMETFP,ETF Plus,XMVE.MI,etf,EUR
LU0274208692,XMWO,XTRETFMSTRUSETFP,ETF Plus,XMWO.MI,etf,EUR
IE00BMFKG444,XNAS,XTRETFND100ETFP,ETF Plus,XNAS.MI,etf,EUR
IE000472H9T4,XNDQ,XTRETFNSDQETFP,ETF Plus,XNDQ.MI,etf,EUR
IE000XOQ9TK4,XNGI,XTRETFXNGIIMETFP,ETF Plus,XNGI.MI,etf,EUR
LU0292109690,XNIF,XTRETFSPCNXNETFP,ETF Plus,XNIF.MI,etf,EUR
IE00074JLU02,XNJP,XTRETFXNJPIMETFP,ETF Plus,XNJP.MI,etf,EUR
IE0006FFX5U1,XNNV,XTRETFXNNVIMETFP,ETF Plus,XNNV.MI,etf,EUR
IE0002ZM3JI1,XNUS,XTRETFXNUSIMETFP,ETF Plus,XNUS.MI,etf,EUR
IE000Y6L6LE6,XNZE,XTRETFXNZEIMETFP,ETF Plus,XNZE.MI,etf,EUR
IE000UZCJS58,XNZW,XTRETFXNZWIMETFP,ETF Plus,XNZW.MI,etf,EUR
LU0322252338,XPXJ,XTRETFXPXJIMETFP,ETF Plus,XPXJ.MI,etf,EUR
IE00BD4DX952,XQUA,XTRETFXQUAIMETFP,ETF Plus,XQUA.MI,etf,EUR
IE00BD4DXB77,XQUE,XTRETFXQUAIMETFP,ETF Plus,XQUE.MI,etf,EUR
LU0397221945,XQUI,XTRACTXQUIETFP,ETF Plus,XQUI.MI,etf,EUR
IE00BYM8JD58,XRES,INVETFXRESIMETFP,ETF Plus,XRES.MI,etf,EUR
IE000TSML5I8,XRME,XTRETFXRSMIMETFP,ETF Plus,XRME.MI,etf,EUR
IE00BJZ2DD79,XRS2,XTRETFRU2000ETFP,ETF Plus,XRS2.MI,etf,EUR
IE00BJZ2DC62,XRSM,XTRETFXRSMIMETFP,ETF Plus,XRSM.MI,etf,EUR
LU1109941689,XRTM,XTRETFIBXXYRETFP,ETF Plus,XRTM.MI,etf,EUR
LU0411078552,XS2L,XTRSTRXS2LIMETFP,ETF Plus,XS2L.MI,etf,EUR
LU2196472984,XS5E,XTRETFSP500ETFP,ETF Plus,XS5E.MI,etf,EUR
IE00B3Y8D011,XS7W,XTRACTXS7WETFP,ETF Plus,XS7W.MI,etf,EUR
LU0292104469,XS8R,XTRETFNE7345ETFP,ETF Plus,XS8R.MI,etf,EUR
LU0292106241,XSDX,XTRSTRXSDXIMETFP,ETF Plus,XSDX.MI,etf,EUR
LU0328476410,XSFR,XTRETFSPSFNETFP,ETF Plus,XSFR.MI,etf,EUR
LU0322253229,XSGI,XTRETFSPGTIETFP,ETF Plus,XSGI.MI,etf,EUR
LU0274221281,XSMI,XTRETFSWMIETFP,ETF Plus,XSMI.MI,etf,EUR
IE00BM9TSP27,XSOE,WISETFXSOEIMETFP,ETF Plus,XSOE.MI,etf,EUR
LU0322251520,XSPS,XTRSTRSPXTSETFP,ETF Plus,XSPS.MI,etf,EUR
LU0490618542,XSPX,XTRETFSP500TETFP,ETF Plus,XSPX.MI,etf,EUR
LU0292106753,XSSX,XTRSTRXSSXIMETFP,ETF Plus,XSSX.MI,etf,EUR
LU0321464652,XSTR,XTRETFDBMSONETFP,ETF Plus,XSTR.MI,etf,EUR
IE000ZDDJWZ5,XSUE,ISHETFM1WOUXAMS,Euronext Amsterdam,XSUE.AS,etf,EUR
IE000F354Q61,XSWC,XTRETFNCUDWIETFP,ETF Plus,XSWC.MI,etf,EUR
LU0328475792,XSX6,XTRETFSXXRETFP,ETF Plus,XSX6.MI,etf,EUR
LU2009147757,XSXD,XTRETFSP500ETFP,ETF Plus,XSXD.MI,etf,EUR
IE00BM97MR69,XT01,XTRETFXT01IMETFP,ETF Plus,XT01.MI,etf,EUR
LU0411078636,XT21,XTRSTRXT21IMETFP,ETF Plus,XT21.MI,etf,EUR
IE000X4A4GV2,XTAX,XTRActXTAXETFP,ETF Plus,XTAX.MI,etf,EUR
LU0321462870,XTC5,XTRETFITRXSXETFP,ETF Plus,XTC5.MI,etf,EUR
LU2504532131,XTIP,XTRETFXTIPIMETFP,ETF Plus,XTIP.MI,etf,EUR
LU1920015440,XUEB,XTRETFJPEIBNETFP,ETF Plus,XUEB.MI,etf,EUR
LU0677077884,XUEM,XTRETFXUEMIMETFP,ETF Plus,XUEM.MI,etf,EUR
IE00BDR5HM97,XUHY,XTRETFXUHYIMETFP,ETF Plus,XUHY.MI,etf,EUR
IE000X7DRW38,XUSA,WISETFWTGXUDXPAR,Euronext Paris,XUSA.PA,etf,EUR
IE000R4ZNTN3,XUSE,ISHETFNDDUWXETFP,ETF Plus,XUSE.MI,etf,EUR
LU0429458895,XUT3,XTRETFUS1IMETFP,ETF Plus,XUT3.MI,etf,EUR
IE00BGQYRS42,XUTC,XTRETFXUTCIMETFP,ETF Plus,XUTC.MI,etf,EUR
LU0429459356,XUTD,XTRETFXUTDIMETFP,ETF Plus,XUTD.MI,etf,EUR
LU1399300455,XUTE,XTRETFXUTDIMETFP,ETF Plus,XUTE.MI,etf,EUR
LU0659579733,XWEH,XTRETFMSTRUSETFP,ETF Plus,XWEH.MI,etf,EUR
IE0003NQ0IY5,XWEQ,XTRETFNU7520ETFP,ETF Plus,XWEQ.MI,etf,EUR
IE000LAUZQT6,XWEV,XTRETFNU7520ETFP,ETF Plus,XWEV.MI,etf,EUR
IE000I9HGDZ3,XWSC,XTRETFXDWYIMETFP,ETF Plus,XWSC.MI,etf,EUR
IE00BM67HR47,XWTS,XTRETFXWTSIMETFP,ETF Plus,XWTS.MI,etf,EUR
LU0292109856,XX25,XTRETFXX25IMETFP,ETF Plus,XX25.MI,etf,EUR
LU0322253906,XXSC,XTRETFNCUDEETFP,ETF Plus,XXSC.MI,etf,EUR
LU0524480265,XY4P,XTRETFXY4PIMETFP,ETF Plus,XY4P.MI,etf,EUR
IE00BF8J5974,XYLD,XTRETFXYLDIMETFP,ETF Plus,XYLD.MI,etf,EUR
IE0002L5QB31,XYLE,GLOStrBXMUETFP,ETF Plus,XYLE.MI,etf,EUR
LU0925589839,XYP1,XTRETFXYP1IMETFP,ETF Plus,XYP1.MI,etf,EUR
IE000UX5WPU4,XYPL,XTRETFXDEPIMETFP,ETF Plus,XYPL.MI,etf,EUR
LU3119430570,XZ10,XTRETFIBXXT1ETFP,ETF Plus,XZ10.MI,etf,EUR
IE00BL58LJ19,XZBU,XTRETFXZBUIMETFP,ETF Plus,XZBU.MI,etf,EUR
IE000NS5HRY9,XZDW,XTRETFNU7533ETFP,ETF Plus,XZDW.MI,etf,EUR
IE000VCBWFL8,XZDZ,XTRETFNE7533ETFP,ETF Plus,XZDZ.MI,etf,EUR
LU2178481649,XZE5,XTRETFXZE5IMETFP,ETF Plus,XZE5.MI,etf,EUR
LU2468423459,XZEB,XTRETFXZEBIMETFP,ETF Plus,XZEB.MI,etf,EUR
LU2385068593,XZEG,XTRETFXZWGIMETFP,ETF Plus,XZEG.MI,etf,EUR
IE00BG370F43,XZEM,XTRETFXZEMIMETFP,ETF Plus,XZEM.MI,etf,EUR
IE00BFMNHK08,XZEU,XTRETFXZEUIMETFP,ETF Plus,XZEU.MI,etf,EUR
IE0004MFRED4,XZEW,XTRETFSEQESGETFP,ETF Plus,XZEW.MI,etf,EUR
IE00BNC1G699,XZEZ,XTRETFXZEZIMETFP,ETF Plus,XZEZ.MI,etf,EUR
IE0006GNB732,XZHE,XTRETFXZHEIMETFP,ETF Plus,XZHE.MI,etf,EUR
IE0006YM7D84,XZHY,XTRETFXZHYIMETFP,ETF Plus,XZHY.MI,etf,EUR
IE0000MMQ5M5,XZME,XTRETFXZMUIMETFP,ETF Plus,XZME.MI,etf,EUR
IE00BG36TC12,XZMJ,XTRETFXZMJIMETFP,ETF Plus,XZMJ.MI,etf,EUR
IE00BFMNPS42,XZMU,XTRETFXZMUIMETFP,ETF Plus,XZMU.MI,etf,EUR
IE0007ULOZS8,XZSP,XTRETFPESGITETFP,ETF Plus,XZSP.MI,etf,EUR
IE00BZ02LR44,XZW0,XTRETFXZWEIMETFP,ETF Plus,XZW0.MI,etf,EUR
IE000E4BATC9,XZWD,XTRETFXZWEIMETFP,ETF Plus,XZWD.MI,etf,EUR
IE00BMY76136,XZWE,XTRETFXZWEIMETFP,ETF Plus,XZWE.MI,etf,EUR
LU2385068163,XZWG,XTRETFXZWGIMETFP,ETF Plus,XZWG.MI,etf,EUR
LU3227156927,YARA2,YOUActYARA2ETFP,ETF Plus,YARA2.MI,etf,EUR
IE000JJPY166,YCSH,ISHActYCSHXAMS,Euronext Amsterdam,YCSH.AS,etf,EUR
LU3119988031,YEHCB,YouETFMFCOEYETFP,ETF Plus,YEHCB.MI,etf,EUR
LU3119987140,YEICB,YouETFMFCOEEETFP,ETF Plus,YEICB.MI,etf,EUR
LU2976313655,YIAUH,YouETFHE7514ETFP,ETF Plus,YIAUH.MI,etf,EUR
LU2976312418,YICAU,YouETFNE7177ETFP,ETF Plus,YICAU.MI,etf,EUR
LU2976321161,YIE10,YouETFJNUC10ETFP,ETF Plus,YIE10.MI,etf,EUR
LU2976320866,YIE5P,YouETFJNUC5PETFP,ETF Plus,YIE5P.MI,etf,EUR
LU2976321328,YIEG,YouETFJNUCEUETFP,ETF Plus,YIEG.MI,etf,EUR
LU2976320437,YIEG3,YouETFJNUC13ETFP,ETF Plus,YIEG3.MI,etf,EUR
LU2976320601,YIEG5,YouETFJNUC35ETFP,ETF Plus,YIEG5.MI,etf,EUR
LU1812090543,YIEL,AMUNDI EUR H YIELD,Euronext Paris,YIEL.PA,etf,EUR
LU2976315601,YIEMU,YouETFMXEMEUETFP,ETF Plus,YIEMU.MI,etf,EUR
LU2976312335,YIEUS,YouETFNE7007ETFP,ETF Plus,YIEUS.MI,etf,EUR
LU2976315866,YIEUU,YouETFMXEUEUETFP,ETF Plus,YIEUU.MI,etf,EUR
LU2976319009,YII5P,YouETFJNUCITETFP,ETF Plus,YII5P.MI,etf,EUR
LU2976318613,YIIG3,YouETFJNUCITETFP,ETF Plus,YIIG3.MI,etf,EUR
LU2976318886,YIIG5,YouETFJNUCI2ETFP,ETF Plus,YIIG5.MI,etf,EUR
LU2976313812,YIJU,YouETFNE7162ETFP,ETF Plus,YIJU.MI,etf,EUR
LU2976314208,YIJUH,YouETFHE7514ETFP,ETF Plus,YIJUH.MI,etf,EUR
LU3053349448,YINA2,YouETFMXNAEUETFP,ETF Plus,YINA2.MI,etf,EUR
LU3249968184,YINAS,YouETFNNASIUETFP,ETF Plus,YINAS.MI,etf,EUR
LU2976314463,YIPU,YouETFNE7177ETFP,ETF Plus,YIPU.MI,etf,EUR
LU2976314620,YIPUH,YouETFHE7514ETFP,ETF Plus,YIPUH.MI,etf,EUR
LU3053351261,YIUG3,YouETFJPMTU1ETFP,ETF Plus,YIUG3.MI,etf,EUR
LU3053352152,YIUGH,YouETFJNUCEUETFP,ETF Plus,YIUGH.MI,etf,EUR
LU3053350024,YIUGU,YouETFNU7610ETFP,ETF Plus,YIUGU.MI,etf,EUR
LU3053350610,YIUS2,YouETFSESGIMETFP,ETF Plus,YIUS2.MI,etf,EUR
LU3053349364,YIUU2,YouETFM1USESETFP,ETF Plus,YIUU2.MI,etf,EUR
LU2976311444,YIUUH,YouETFHE7514ETFP,ETF Plus,YIUUH.MI,etf,EUR
LU3147499951,YIWSU,YouETFDESGIMETFP,ETF Plus,YIWSU.MI,etf,EUR
LU3147499878,YIWUU,YouETFM1WOESETFP,ETF Plus,YIWUU.MI,etf,EUR
IE000MMRLY96,YMAG,HANActYMAGETFP,ETF Plus,YMAG.MI,etf,EUR
IE00070SLDT6,ZAPP,GLOETFMAZAPUETFP,ETF Plus,ZAPP.MI,etf,EUR
