isin,symbol,name,market,yahoo_ticker,kind,currency
US58506Q1094,01P,"MEDPACE HOLDINGS   DL-,01",Xetra,01P.DE,stock,EUR
FI4000297767,04Q,NORDEA BANK ABP,Xetra,04Q.DE,stock,EUR
US2199481068,07G0,CORPAY INC.,Xetra,07G0.DE,stock,EUR
US6047491013,08D,"MIRUM PHARMAC.   DL-,0001",Xetra,08D.DE,stock,EUR
US4435731009,096,"HUBSPOT INC.      DL-,001",Xetra,096.DE,stock,EUR
US03852U1060,0AK,"ARAMARK           DL -,01",Xetra,0AK.DE,stock,EUR
AT0000BAWAG2,0B2,BAWAG GROUP AG,Xetra,0B2.DE,stock,EUR
US26856L1035,0EF,"E.L.F. BEAUTY INC  DL-,01",Xetra,0EF.DE,stock,EUR
LU3078637314,0EMU,OSSL-MSCI EMU U.ETF 1CEOA,Xetra,0EMU.DE,etf,EUR
LU3138596492,0G71,OSS E.G.B.7-10Y U.ETF 1CE,Xetra,0G71.DE,etf,EUR
US40171V1008,0GS,"GUIDEWIRE SOFTWA.DL-,0001",Xetra,0GS.DE,stock,EUR
US5132721045,0L5,LAMB WESTON HLDGS    DL 1,Xetra,0L5.DE,stock,EUR
US5165441032,0L8,"LANTHEUS HLDGS     DL-,01",Xetra,0L8.DE,stock,EUR
DE000A3ESL51,0M0,AVERDION SE INH. O.N.,Xetra,0M0.DE,stock,EUR
US0900431000,0M5,"BILL HOLDINGS   DL-,00001",Xetra,0M5.DE,stock,EUR
LU2451511526,0NS,AIS-A.US T.BD0-1ETFDRHSDA,Xetra,0NS.DE,etf,USD
US67059N1081,0NU,NUTANIX INC. A,Xetra,0NU.DE,stock,EUR
US6792951054,0OK,OKTA INC. CL.A    O.N.,Xetra,0OK.DE,stock,EUR
US36317J2096,0P0,"GALAXY DIGITAL     DL-,01",Xetra,0P0.DE,stock,EUR
US70438V1061,0P7,"PAYLOCITY HLDG    DL-,001",Xetra,0P7.DE,stock,EUR
US70975L1070,0P8,PENUMBRA INC.,Xetra,0P8.DE,stock,EUR
US08862E3071,0Q30,BEYOND MEAT INC O.N.,Xetra,0Q30.DE,stock,EUR
US60770K1079,0QF,"MODERNA INC.     DL-,0001",Xetra,0QF.DE,stock,EUR
US03990B1017,0QN,ARES MNGMT CORP.CL.A,Xetra,0QN.DE,stock,EUR
US82982L1035,0S0,"SITEO.LANDS.SUPP.INC.-,01",Xetra,0S0.DE,stock,EUR
US68268W1036,0S1,"ONEMAIN HOLDINGS   DL-,01",Xetra,0S1.DE,stock,EUR
US25402D1028,0SU,"DIGITALOCEAN HLD.-,000025",Xetra,0SU.DE,stock,EUR
LU3078637660,0SWE,OSSL-MSCI WO U.ETF 1CEOA,Xetra,0SWE.DE,etf,EUR
LU3078637405,0SWU,OSSL-MSCI WO U.ETF 1CDLA,Xetra,0SWU.DE,etf,USD
CH0244767585,0UB,"UBS GROUP AG      SF -,10",Xetra,0UB.DE,stock,EUR
LU2997383372,0USE,OSS LUX-O.SP500 1C EOA,Xetra,0USE.DE,etf,EUR
US92840M1027,0V6,"VISTRA CORP.       DL-,01",Xetra,0V6.DE,stock,EUR
NL0015000IY2,0VD,UNIVERSAL MUSIC GROUP EO1,Xetra,0VD.DE,stock,EUR
GB00BY2Z0H74,0VQ,PURETECH HEALTH PLC  LS 1,Xetra,0VQ.DE,stock,EUR
US46222L1089,0YB0,"IONQ INC. CL.A   DL-,0001",Xetra,0YB0.DE,stock,EUR
US98980G1022,0ZC,"ZSCALER INC.      DL-,001",Xetra,0ZC.DE,stock,EUR
US98954M2008,0ZG2,"ZILLOW GROUP C CAP.DL-,01",Xetra,0ZG2.DE,stock,EUR
LU1737652310,10AI,AIS-AC MSCI EU. UETFDREOD,Xetra,10AI.DE,etf,EUR
LU1737652823,10AJ,AIS-AM.FTSE EPR.N.G. UEUD,Xetra,10AJ.DE,etf,EUR
LU1737653631,10AK,AIS-AM.CO.GL.GO.BD UEUD,Xetra,10AK.DE,etf,EUR
LU1737653714,10AL,AIS-AM.CO.EUR GO.BD UEDD,Xetra,10AL.DE,etf,EUR
LU1737654019,10AM,AIS-A.CO.GL.AG.BD UEDED,Xetra,10AM.DE,etf,EUR
US0404132054,1170,ARISTA NET.INC. NEW O.N.,Xetra,1170.DE,stock,EUR
DE000A2P4HL9,123F,123FAHRSCHULE SE INH O.N.,Xetra,123F.DE,stock,EUR
US24703L2025,12DA,"DELL TECHS INC. C  DL-,01",Xetra,12DA.DE,stock,EUR
DE000A3CN9R8,14D,TOKENTUS INVESTMENT AG,Xetra,14D.DE,stock,EUR
US60786M1053,17M,"MOELIS+CO. A       DL-,01",Xetra,17M.DE,stock,EUR
US0138721065,185,ALCOA CORP. O.N.,Xetra,185.DE,stock,EUR
FR0010754200,18M1,AMUNDI ETF-GOV.0-6M EO IG,Xetra,18M1.DE,etf,EUR
FR0010717090,18M2,AMUNDI MSCI EMU HGH DIV.,Xetra,18M2.DE,etf,EUR
FR0010755611,18MF,AMUNDI MSCI USA DLY2XLEV,Xetra,18MF.DE,etf,EUR
LU1681043086,18MK,AIS-AM.MS.IN SW.2 UEEOA,Xetra,18MK.DE,etf,EUR
LU1602144906,18MM,AIS-MPXJSRICPA DREOA,Xetra,18MM.DE,etf,EUR
LU1681044993,18MN,AIS-AM.MSCI SWITZ. SFC,Xetra,18MN.DE,etf,EUR
US05464T1043,19X,AXSOME THERAPEUT. DL-0001,Xetra,19X.DE,stock,EUR
US01973R1014,1A7,ALLISON TRANSM.HLDGS DL-1,Xetra,1A7.DE,stock,EUR
NL0010832176,1AE,"ARGENX SE EO -,10",Xetra,1AE.DE,stock,EUR
AT100ASTA001,1AST,ASTA ENERGY SOLUTIONS AG,Xetra,1AST.DE,stock,EUR
US04010E1091,1AW,"ARGAN INC.         DL-,15",Xetra,1AW.DE,stock,EUR
US68236H2040,1B8,"ONDAS INC.       DL-,0001",Xetra,1B8.DE,stock,EUR
FR0013326246,1BR1,"URW (STAPLED SHS)  EO-,05",Xetra,1BR1.DE,stock,EUR
US1746101054,1C5,CITIZENS FINL GROUP DL-01,Xetra,1C5.DE,stock,EUR
IT0005599938,1F80,FINCANTIERI SPA   O.N.,Xetra,1F80.DE,stock,EUR
US85208M1027,1FA,"SPROUTS FMRS MKT  DL-,001",Xetra,1FA.DE,stock,EUR
US3397501012,1FD,"FLOOR + DECOR CL.A -,001",Xetra,1FD.DE,stock,EUR
DE000A3MQR99,1GBS,GBS SOFTWARE AG INH O.N.,Xetra,1GBS.DE,stock,EUR
US4485791028,1HTA,"HYATT HOTELS CL. A DL-,01",Xetra,1HTA.DE,stock,EUR
DE000A40QVM8,1INN,INNOSCRIPTA SE INH O.N.,Xetra,1INN.DE,stock,EUR
US49338L1035,1KT,"KEYSIGHT TECHS     DL-,01",Xetra,1KT.DE,stock,EUR
US4074971064,1M0,"HAMILTON LANE INC DL-,001",Xetra,1M0.DE,stock,EUR
US6267551025,1MU,"MURPHY USA INC.    DL-,01",Xetra,1MU.DE,stock,EUR
NL0012969182,1N8,"ADYEN N.V.         EO-,01",Xetra,1N8.DE,stock,EUR
BE0974293251,1NBA,ANHEUSER-BUSCH INBEV,Xetra,1NBA.DE,stock,EUR
US74164F1030,1PM,PRIMORIS SERVICES CORP.,Xetra,1PM.DE,stock,EUR
US19260Q1076,1QZ,"COINBASE GLB.CL.A -,00001",Xetra,1QZ.DE,stock,EUR
US76243J1051,1RV,"RHYTHM PHARMAC. DL-,001",Xetra,1RV.DE,stock,EUR
US3168411052,1S2,FIGMA INC. A O.N.,Xetra,1S2.DE,stock,EUR
US83304A1060,1SI,"SNAP INC. CL.A DL-,00001",Xetra,1SI.DE,stock,EUR
DE000A42FR12,1SMA,SMAG MOB.ANT.MASTS INH ON,Xetra,1SMA.DE,stock,EUR
DE000A3ENQ51,1SXP,SCHOTT PHARMA INH O.N.,Xetra,1SXP.DE,stock,EUR
GB00BDSFG982,1T1,TECHNIPFMC PLC DL 1,Xetra,1T1.DE,stock,EUR
NL0013654783,1TY,"PROSUS NV         EO -,05",Xetra,1TY.DE,stock,EUR
DE0005545503,1U1,1+1 AG  INH O.N.,Xetra,1U1.DE,stock,EUR
US92686J1060,1VT,"VIKING THERAPEUT.DL -,005",Xetra,1VT.DE,stock,EUR
US94419L1017,1WF,WAYFAIR INC. CL.A DL -001,Xetra,1WF.DE,stock,EUR
US64361Q1013,1XJ,"VIPER ENERGY DL-,000001",Xetra,1XJ.DE,stock,EUR
US11135F1012,1YD,"BROADCOM INC.     DL-,001",Xetra,1YD.DE,stock,EUR
US0937121079,1ZB,"BLOOM ENERGY A   DL-,0001",Xetra,1ZB.DE,stock,EUR
US09075V1026,22UA,BIONTECH SE SPON. ADRS 1,Xetra,22UA.DE,stock,EUR
DK0060257814,22Z,ZEALAND PHARMA A/S   DK 1,Xetra,22Z.DE,stock,EUR
US6837121036,25M,OPENDOOR TECHNOLOGIES INC,Xetra,25M.DE,stock,EUR
US45256X1037,26CA,"IMMUNITYBIO INC. DL-,0001",Xetra,26CA.DE,stock,EUR
IE000LZ7BZW8,26TP,IS.D.26 T.EO.IT EOD,Xetra,26TP.DE,etf,EUR
DE000A37FUP2,27N0,CANNOVUM CANNABIS INH ON,Xetra,27N0.DE,stock,EUR
IE000Q0UH3Y7,28IX,ISHS2-IBD28TCCE EOD,Xetra,28IX.DE,etf,EUR
IE000Q2EQ5K8,28IY,IS.D.28 T.EO.IT EOD,Xetra,28IY.DE,etf,EUR
US08975B1098,28K1,"BIGBEAR.AI HOLD. DL-,0001",Xetra,28K1.DE,stock,EUR
IE000IHURBR0,29GI,ISH.D.29 T.EO EOD,Xetra,29GI.DE,etf,EUR
IE00BYXG2H39,2B70,ISIV-NASDAQ US BIOTE. DLA,Xetra,2B70.DE,etf,EUR
IE00BYZK4552,2B76,ISHS IV-AUTO.+ROBOTIC.ETF,Xetra,2B76.DE,etf,EUR
IE00BYZK4669,2B77,ISHS IV-AGEING POPUL.ETF,Xetra,2B77.DE,etf,EUR
IE00BYZK4776,2B78,ISHS IV-HEALTHC.INNOV.ETF,Xetra,2B78.DE,etf,EUR
IE00BYZK4883,2B79,ISHSIV-DIGITALISATION DLA,Xetra,2B79.DE,etf,EUR
IE00B4KBBD01,2B7A,ISHSV-S+P500 UT.SECT.DL A,Xetra,2B7A.DE,etf,EUR
IE00B4MKCJ84,2B7B,ISHSV-S+P500MAT.SECT.DL A,Xetra,2B7B.DE,etf,EUR
IE00B4LN9N13,2B7C,ISHSV-S+P500IND.SECT.DL A,Xetra,2B7C.DE,etf,EUR
IE00B40B8R38,2B7D,ISHSV-S+P500C.S.SECT.DL A,Xetra,2B7D.DE,etf,EUR
IE00BYWZ0333,2B7F,ISHS IV-AUTO.+ROBO.ET.DLD,Xetra,2B7F.DE,etf,EUR
IE00BDZZTM54,2B7J,ISHSIV-MSCI WLD.SRI U.DLD,Xetra,2B7J.DE,etf,EUR
IE00BYX2JD69,2B7K,ISHSIV-MSCI WLD.SRI U.EOA,Xetra,2B7K.DE,etf,EUR
IE00BDFK1573,2B7S,IS DL T.BD1-3YR U.ETF EHA,Xetra,2B7S.DE,etf,EUR
US75776W1036,2BD,"REDWIRE CORP.  DL -,0001",Xetra,2BD.DE,stock,EUR
US40412C1018,2BH,"HCA HEALTHCARE INC.DL-,01",Xetra,2BH.DE,stock,EUR
US10806X1028,2CL,"BRIDGEBIO PHARMA  DL-,001",Xetra,2CL.DE,stock,EUR
US83417M1045,2ED,"SOLAREDGE TECHN. DL-,0001",Xetra,2ED.DE,stock,EUR
NL0011585146,2FE,FERRARI N.V.,Xetra,2FE.DE,stock,EUR
DE000A0HL8N9,2GB,2G ENERGY AG,Xetra,2GB.DE,stock,EUR
US42226A1079,2HE,"HEALTHEQUITY INC.DL-,0001",Xetra,2HE.DE,stock,EUR
US4415931009,2HL,"HOULIHAN LOKEY A  DL-,001",Xetra,2HL.DE,stock,EUR
US42824C1099,2HP,HEWLETT PACKARD ENT.,Xetra,2HP.DE,stock,EUR
US88688T2096,2HQ0,TILRAY BRANDS  NEW O.N.,Xetra,2HQ0.DE,stock,EUR
DE000A2E4T77,2HRA,H+R KGAA  INH. O.N.,Xetra,2HRA.DE,stock,EUR
US45780R1014,2IL,"INSTAL.BLDG PRODS DL -,01",Xetra,2IL.DE,stock,EUR
IE00BK9ZQ967,2IS,TRANE TECHNOLOG. PLC DL 1,Xetra,2IS.DE,stock,EUR
US49456B1017,2KD,"KINDER MORGAN P DL-,01",Xetra,2KD.DE,stock,EUR
US53115L1044,2LO,"LIBERTY ENERGY   A DL-,01",Xetra,2LO.DE,stock,EUR
IE00BTN1Y115,2M6,"MEDTRONIC PLC    DL-,0001",Xetra,2M6.DE,stock,EUR
NL0010773842,2NN,"NN GROUP NV EO -,12",Xetra,2NN.DE,stock,EUR
US2605571031,2OY,"DOW INC.           DL-,01",Xetra,2OY.DE,stock,EUR
US70450Y1038,2PP,"PAYPAL HDGS INC.DL-,0001",Xetra,2PP.DE,stock,EUR
US8606301021,2SI,"STIFEL FINL CORP.  DL-,15",Xetra,2SI.DE,stock,EUR
CH0432492467,2U3,"ALCON AG  NAM. SF -,04",Xetra,2U3.DE,stock,EUR
US98311A1051,2WY,WYNDHAM HT + RSTS INC.,Xetra,2WY.DE,stock,EUR
US22052L1044,2X0,"CORTEVA INC.      DL -,01",Xetra,2X0.DE,stock,EUR
FR0012333284,2X1,"ABIVAX SA         EO -,01",Xetra,2X1.DE,stock,EUR
US31188V1008,2Y7,"FASTLY INC. CL.ADL-,00002",Xetra,2Y7.DE,stock,EUR
IE000LX17BP9,30IG,ISH.D.30 T.EO EOD,Xetra,30IG.DE,etf,EUR
IE000I2WYEU9,31IG,ISHSVIBD31TEOC EOD,Xetra,31IG.DE,etf,EUR
IE0000MR4GH9,32XG,ISHSVIBD32TEOC EOD,Xetra,32XG.DE,etf,EUR
DE000A3MQRK6,3330,ROSTRA AGC INH O.N.,Xetra,3330.DE,stock,EUR
IE000E0NL9T3,33GI,ISHSVIBD33TEOC EOD,Xetra,33GI.DE,etf,EUR
US5500211090,33L,LULULEMON ATHLETICA INC.,Xetra,33L.DE,stock,EUR
IE000SBJO6L2,34GI,ISHSVIBD34TEOC EOD,Xetra,34GI.DE,etf,EUR
US90384S3031,34U,"ULTA BEAUTY DL-,01",Xetra,34U.DE,stock,EUR
IE000WLR06P0,35AI,ISHS2-IBD35TCE EOD,Xetra,35AI.DE,etf,EUR
IE00BDDRDW15,36B1,ISHSII-J.A.DLEMB.ETF  DLD,Xetra,36B1.DE,etf,EUR
IE00BGDPWW94,36B3,ISHSII-MSCI EUR.SRI EODIS,Xetra,36B3.DE,etf,EUR
IE00BGDQ0V72,36B4,ISHSIV-MSCI JAPAN SRI DL,Xetra,36B4.DE,etf,EUR
IE00BGDQ0T50,36B5,ISHSIV-MSCI EM SRI DLDIS,Xetra,36B5.DE,etf,EUR
IE00BZ173T46,36B6,ISHSIV-M.USA S. DLD,Xetra,36B6.DE,etf,EUR
IE00BJSFQW37,36B7,ISHS GL.CORP.BD ETF EOHD,Xetra,36B7.DE,etf,EUR
IE00BH4G7D40,36BA,ISH2-DL C.BD E.S.U.HGDEOD,Xetra,36BA.DE,etf,EUR
IE00BJ5JP212,36BB,ISHS V-MWCDISEADV ETF DLD,Xetra,36BB.DE,etf,EUR
IE00BKRWN659,36BD,ISH3-DL DBB ETF DLA,Xetra,36BD.DE,etf,EUR
IE00BK4W7N32,36BE,ISH2-DL C.BD E.S.U.DL DIS,Xetra,36BE.DE,etf,EUR
IE00BQT3WG13,36BZ,ISHSIV-MSCI CHINA A DL A,Xetra,36BZ.DE,etf,EUR
IE000RQJBQI6,36IB,IS.IBD D36 T.EO EOD,Xetra,36IB.DE,etf,EUR
NL0010545661,37C,"CNH INDUSTRIAL    EO -,01",Xetra,37C.DE,stock,EUR
US3802371076,38D,"GODADDY INC. CL.A DL-,001",Xetra,38D.DE,stock,EUR
US45826J1051,38I,"INTELLIA THERAPEU  DL-,01",Xetra,38I.DE,stock,EUR
US17253J1060,3A9,CIPHER DIGITAL INC.,Xetra,3A9.DE,stock,EUR
IE0007WLHX89,3D3D,ROB3DEUEQ EOA,Xetra,3D3D.DE,etf,EUR
IE000PUAKZP8,3DCE,ROB-3D EN.I.CRE EOA,Xetra,3DCE.DE,etf,EUR
IE000JJMOWY0,3DCG,ROB-3D GL.EN.CR DLA,Xetra,3DCG.DE,etf,EUR
IE000A537EY2,3DCH,ROB-3D GL.EN.CR ETFDLD,Xetra,3DCH.DE,etf,EUR
IE00042EX8S2,3DGD,ROBECO-R.3D GL.EQ.UE DLD,Xetra,3DGD.DE,etf,EUR
IE000WJ7OF21,3DGE,ROBECO-R.3D GL.EQ.UE EOA,Xetra,3DGE.DE,etf,EUR
IE000Q8N7WY1,3DGL,ROBECO-R.3D GL.EQ.UE DLA,Xetra,3DGL.DE,etf,EUR
IE0008H4JHA2,3DUE,ROB3DUSEQ HETFEOA,Xetra,3DUE.DE,etf,EUR
IE000XERHYF0,3DUS,ROB3DUSEQ DLA,Xetra,3DUS.DE,etf,EUR
IE000CPG9HG3,3DVY,FTGF-F.TR.EO R.D.ACH.AEOA,Xetra,3DVY.DE,etf,EUR
NL0013056914,3E1,ELASTIC N.V.,Xetra,3E1.DE,stock,EUR
US29786A1060,3E2,"ETSY INC.         DL-,001",Xetra,3E2.DE,stock,EUR
IE00B8KQN827,3EC,"EATON CORP.PLC    DL -,01",Xetra,3EC.DE,stock,EUR
US16679L1098,3HH,"CHEWY INC.         DL-,01",Xetra,3HH.DE,stock,EUR
US55354G1004,3HM,"MSCI INC. A        DL-,01",Xetra,3HM.DE,stock,EUR
US8299331004,3HY,SIRIUS XM HLDGS INC. O.N.,Xetra,3HY.DE,stock,EUR
DE000A40ET13,3ITN,AUDIUS SE  NA O.N.,Xetra,3ITN.DE,stock,EUR
US5380341090,3LN,"LIVE NATION ENTMT.DL -,01",Xetra,3LN.DE,stock,EUR
DK0060252690,3P7,PANDORA A/S         DK 1,Xetra,3P7.DE,stock,EUR
US72703H1014,3PL,"PLANET FITNESS A DL-,0001",Xetra,3PL.DE,stock,EUR
US23804L1035,3QD,"DATADOG INC.  A DL-,00001",Xetra,3QD.DE,stock,EUR
GB00BSZBP530,3RB0,"RECKITT BENCK.LS-,1041666",Xetra,3RB0.DE,stock,EUR
US86771W1053,3S9,"SUNRUN INC.      DL-,0001",Xetra,3S9.DE,stock,EUR
US8318652091,3SM,SMITH -A.O.- CORP.   DL 1,Xetra,3SM.DE,stock,EUR
NL0010872388,3SQ1,A.H.T. SYNGAS TECH.  EO 1,Xetra,3SQ1.DE,stock,EUR
IE00BJ5JPH63,3SUD,ISHSII-JPM DL EM BD EOHA,Xetra,3SUD.DE,etf,EUR
IE00BJ5JP329,3SUE,ISHS.V-M.W.C.ST.S.ESG DLD,Xetra,3SUE.DE,etf,EUR
IE00BZ173V67,3SUR,ISHSIV-M.USA S. EOD,Xetra,3SUR.DE,etf,EUR
IE000QZ7JON9,3SUS,IS-MSCI US.SWAP HGDEOA,Xetra,3SUS.DE,etf,EUR
IE000YD0IAD2,3SUU,IS-MSCI US.SWAP HGDEOD,Xetra,3SUU.DE,etf,EUR
US90353W1036,3UB,UBIQUITI INC.,Xetra,3UB.DE,stock,EUR
US18452B2097,3UX,"CLEANSPARK INC.  DL-,001",Xetra,3UX.DE,stock,EUR
US92826C8394,3V64,"VISA INC. CL. A DL -,0001",Xetra,3V64.DE,stock,EUR
US14316J1088,3VU,CARLYLE GROUP INC.,Xetra,3VU.DE,stock,EUR
US00217D1000,3ZU0,"AST SPACEMOBIL.A DL-,0001",Xetra,3ZU0.DE,stock,EUR
IE000Q4EBR54,400X,SPDR SP400USMCL UH.DLA,Xetra,400X.DE,etf,EUR
US76155X1000,42Z,"REVOLUTION MED.  DL-,0001",Xetra,42Z.DE,stock,EUR
US2372661015,43D,"DARLING INGRED.INC.DL-,01",Xetra,43D.DE,stock,EUR
US22788C1053,45C,"CROWDSTRIKE HLD. DL-,0005",Xetra,45C.DE,stock,EUR
US6323071042,45E,"NATERA INC.      DL-,0001",Xetra,45E.DE,stock,EUR
ES0105066007,472,"CELLNEX TELECOM SA EO-,25",Xetra,472.DE,stock,EUR
US69047Q1022,47Q,"OVINTIV INC.       DL-,01",Xetra,47Q.DE,stock,EUR
ES0140609019,48CA,CAIXABANK S.A. EO,Xetra,48CA.DE,stock,EUR
US0494681010,48D,ATLASSIAN CORP. CL.A,Xetra,48D.DE,stock,EUR
US4432011082,48Z,"HOWMET AEROSPACE   DL-,01",Xetra,48Z.DE,stock,EUR
CH1134540470,49G,"ON HOLDING AG A SF-,01",Xetra,49G.DE,stock,EUR
US92537N1081,49V,"VERTIV HOL.CL A DL-,0001",Xetra,49V.DE,stock,EUR
US00287Y1091,4AB,"ABBVIE INC.        DL-,01",Xetra,4AB.DE,stock,EUR
IT0000066123,4BE,BPER BANCA           EO 3,Xetra,4BE.DE,stock,EUR
DE000A0Q4R85,4BRZ,ISH.MSCI.BRAZIL U.ETF DE,Xetra,4BRZ.DE,etf,USD
US05605H1005,4BW,"BWX TECHS INC.     DL-,01",Xetra,4BW.DE,stock,EUR
IE0003Z9E2Y3,4COP,GLXETFS-CP.MIN. DLA,Xetra,4COP.DE,etf,EUR
DE0007830572,4DS,DALDRUP+SOEHNE AG,Xetra,4DS.DE,stock,EUR
US7181721090,4I1,PHILIP MORRIS INTL INC.,Xetra,4I1.DE,stock,EUR
US48020Q1076,4J2,"JONES LANG LASALLE DL-,01",Xetra,4J2.DE,stock,EUR
US5011471027,4KB,"KRYSTAL BIOTECH DL-,00001",Xetra,4KB.DE,stock,EUR
US6655313079,4LT1,NORTHERN OIL A.GAS DL-001,Xetra,4LT1.DE,stock,EUR
US57667L1070,4MGN,"MATCH GR.INC. NEW DL-,001",Xetra,4MGN.DE,stock,EUR
IE000JCW3DZ3,4MMR,GLX-DEFEN.TECH DLA,Xetra,4MMR.DE,etf,EUR
US68902V1070,4PG,"OTIS WORLDWID.CORP DL-,01",Xetra,4PG.DE,stock,EUR
US14448C1045,4PN,"CARRIER GLBL CORP  DL-,01",Xetra,4PN.DE,stock,EUR
US81762P1021,4S0,"SERVICENOW INC.   DL-,001",Xetra,4S0.DE,stock,EUR
US8926721064,4T0,"TRADEWEB MARKETS -,00001",Xetra,4T0.DE,stock,EUR
IE00BK72HM96,4UB1,UBS(I)-U.M.W.S.R.ETF HEOA,Xetra,4UB1.DE,etf,EUR
IE00BK72HH44,4UB9,UBS(I)-UBS MWSR ETF   DLD,Xetra,4UB9.DE,etf,EUR
IE00BD4TXS21,4UBB,UBSIEETF-UBS C.M.UE DLA,Xetra,4UBB.DE,etf,EUR
IE00BJXT3G33,4UBD,UBS(I)ETF-MSUSSCRS HEOA,Xetra,4UBD.DE,etf,EUR
LU1484799843,4UBF,UBSBBGMSCIEOALQCSUS EOA,Xetra,4UBF.DE,etf,EUR
IE00BK72HJ67,4UBH,UBS(I)-UBS MWSR ETF   DLA,Xetra,4UBH.DE,etf,EUR
IE00BJXT3C94,4UBI,UBS(I)ETF-MSUSSCRS ADLA,Xetra,4UBI.DE,etf,EUR
IE00BJXT3B87,4UBK,UBS(I)ETF-MSUSSCRS ADLD,Xetra,4UBK.DE,etf,EUR
LU2050966394,4UBL,UBSMSCIEMEXCHINA DLA,Xetra,4UBL.DE,etf,EUR
LU2099991536,4UBP,UBSBBGMSCIGLLCS DLA,Xetra,4UBP.DE,etf,EUR
IE00BHXMHL11,4UBQ,UBS(I.)ETF-SP500SS DLA,Xetra,4UBQ.DE,etf,EUR
LU2099992260,4UBR,UBSBBGMSCIGLLCS HEOA,Xetra,4UBR.DE,etf,EUR
IE00BLP1HW54,4VK,"AON PLC A         DL -,01",Xetra,4VK.DE,stock,EUR
AT0000A3FW25,4X0,STEYR MOTORS AG,Xetra,4X0.DE,stock,EUR
US00187Y1001,4XY,API GROUP CORP.,Xetra,4XY.DE,stock,EUR
US60937P1066,526,MONGODB INC. CL.A,Xetra,526.DE,stock,EUR
FR0010821819,540H,AM. MSCI EU X EMU ESG SEL,Xetra,540H.DE,etf,EUR
LU1681044720,540J,AIS-AM.MSCI SWITZ. EOC,Xetra,540J.DE,etf,EUR
US00090Q1031,541,"ADT INC.  DL-,01",Xetra,541.DE,stock,EUR
US5533681012,55H0,"MP MATERIALS A  DL -,0001",Xetra,55H0.DE,stock,EUR
FR0013154002,56S1,"SARTOR.STED.B. EO-,20",Xetra,56S1.DE,stock,EUR
NL0015435975,58H,"DAVIDE CAMPARI-MIL.EO-,01",Xetra,58H.DE,stock,EUR
US6974351057,5AP,"PALO ALTO NETWKS DL-,0001",Xetra,5AP.DE,stock,EUR
US11133T1034,5B9,BROADRIDGE FINL SOL.DL-01,Xetra,5B9.DE,stock,EUR
IE000QF66PE6,5ESE,IN.MK.-I.S+P HDEOA,Xetra,5ESE.DE,etf,EUR
IE00BKS7L097,5ESG,IN.MK.-I.S+P,Xetra,5ESG.DE,etf,EUR
IE000U9ODG19,5J50,ISHSV-ISHS GL.AER.+D. DLA,Xetra,5J50.DE,etf,EUR
IE00BG0SKF03,5MVL,ISHSIV-E.MSCI EM VAL. DLA,Xetra,5MVL.DE,etf,EUR
IE00BJ5JP105,5MVW,ISV-M.W.EN.SC. DLD,Xetra,5MVW.DE,etf,EUR
IE0009BM62P2,5PAB,GLXSP500ABETF DLA,Xetra,5PAB.DE,etf,EUR
IE000HGH8PV2,5PAH,GLXSP500ATHETF DLA,Xetra,5PAH.DE,etf,EUR
IE000KR2IEH1,5PSU,PIMCO-STKPLS U.E.DLA,Xetra,5PSU.DE,etf,EUR
US74275K1088,5PT,"PROCORE TECH.INC.DL-,0001",Xetra,5PT.DE,stock,EUR
US8334451098,5Q5,"SNOWFLAKE INC.  DL-,0001",Xetra,5Q5.DE,stock,EUR
US74767V1098,5QZ0,"QUANTUMSCAPE  A  DL-,0001",Xetra,5QZ0.DE,stock,EUR
IE00BKKKWJ26,5UOA,ISH2-DL C.BD E.S.U.DL ACC,Xetra,5UOA.DE,etf,EUR
US75513E1010,5UR,"RTX CORP.            -,01",Xetra,5UR.DE,stock,EUR
US92243G1085,5VA,"VAXCYTE INC.  DL -,001",Xetra,5VA.DE,stock,EUR
US98980L1017,5ZM,"ZOOM COMMUNIC. A DL -,001",Xetra,5ZM.DE,stock,EUR
IE00BFRT3W74,60A,ALLEGION PLC         DL 1,Xetra,60A.DE,stock,EUR
IE000ST59DS4,619A,ENOVA-ACCEUS U.ETFEOA,Xetra,619A.DE,etf,EUR
LU1778762911,639,SPOTIFY TECH. S.A.  EUR 1,Xetra,639.DE,stock,EUR
US04626A1034,64B,ASTERA LABS INC.  O.N.,Xetra,64B.DE,stock,EUR
US83418M1036,68S,"SOLARIS ENER.INF A DL-,01",Xetra,68S.DE,stock,EUR
CNE1000031C1,690D,HAIER SMART HOME CO.D YC1,Xetra,690D.DE,stock,EUR
LU1681038243,6AQQ,AIS-AM.NAS.-100 SW.UE EOC,Xetra,6AQQ.DE,etf,EUR
US83406F1021,6B0,SOFI TECHNOLOGIES,Xetra,6B0.DE,stock,EUR
US00790R1041,6DA,"ADVANCED DRAIN.SYS.DL-,01",Xetra,6DA.DE,stock,EUR
US33829M1018,6F1,"FIVE BELOW INC.   DL -,01",Xetra,6F1.DE,stock,EUR
US3773221029,6GJ,"GLAUKOS CORP.     DL-,001",Xetra,6GJ.DE,stock,EUR
US46269C1027,6IC,"IRIDIUM COMCTNS DL-,001",Xetra,6IC.DE,stock,EUR
FR0013233012,6IV,"INVENTIVA S.A.(PROM.)-,01",Xetra,6IV.DE,stock,EUR
US58933Y1055,6MK,"MERCK CO.          DL-,01",Xetra,6MK.DE,stock,EUR
IE00B23D8S39,6PSA,IM3-IRUFVUE D,Xetra,6PSA.DE,etf,EUR
IE00B23D8X81,6PSC,IM3-IREFVUE D,Xetra,6PSC.DE,etf,EUR
IE00BK5LYT47,6PSE,INVESCOMI MSCI USA ETF D,Xetra,6PSE.DE,etf,EUR
IE00B23D9570,6PSK,IM3-IREMFVUE D,Xetra,6PSK.DE,etf,EUR
US74624M1027,6PU,EVERPURE INC CL.A DL-0001,Xetra,6PU.DE,stock,EUR
US7731211089,6RJ0,"ROCKET LAB CORP. DL-,0001",Xetra,6RJ0.DE,stock,EUR
US03831W1080,6RV,"APPLOVIN CORP.A  -,00003",Xetra,6RV.DE,stock,EUR
LU2082999132,6TVL,MUF-AM.ST.EO600CONS.D.UED,Xetra,6TVL.DE,etf,EUR
LU0496786657,6TVM,MULACSPP500 U DIS,Xetra,6TVM.DE,etf,EUR
US01749D1054,6V5,"ALLEGRO MICROSYS.  DL-,01",Xetra,6V5.DE,stock,EUR
US75734B1008,6VO,REDDIT INC. CL.A,Xetra,6VO.DE,stock,EUR
US0090661010,6Z1,"AIRBNB INC.     DL-,01",Xetra,6Z1.DE,stock,EUR
NL0012817175,703,"ALFEN N.V. EO -,10",Xetra,703.DE,stock,EUR
US8887871080,71Y,"TOAST INC.CL.A DL-,000001",Xetra,71Y.DE,stock,EUR
US0517741072,77F,AURORA INNOVATION INC.,Xetra,77F.DE,stock,EUR
US22266T1097,788,"COUPANG INC.CL.A DL-,0001",Xetra,788.DE,stock,EUR
US03674X1063,7A6,"ANTERO RES CORP.  DL -,01",Xetra,7A6.DE,stock,EUR
US81730H1095,7B0,"SENTINELONE INC.A -,0001",Xetra,7B0.DE,stock,EUR
US25278X1090,7DB,"DIAMONDBACK ENERGY DL-,01",Xetra,7DB.DE,stock,EUR
US2566771059,7DG,"DOLLAR GENER.CORP.DL-,875",Xetra,7DG.DE,stock,EUR
US30233Q1085,7DZ,EXX.HO.COR. O.N.,Xetra,7DZ.DE,stock,EUR
US3580391056,7FP,"FRESHPET INC.     DL-,001",Xetra,7FP.DE,stock,EUR
US40434L1052,7HP,"HP INC            DL -,01",Xetra,7HP.DE,stock,EUR
US63942X1063,7J70,"NAVITAS SEM.CL.A DL-,0001",Xetra,7J70.DE,stock,EUR
US7707001027,7KY,"ROBINH.MKTS CL.A DL-,0001",Xetra,7KY.DE,stock,EUR
US50212V1008,7LI,"LPL FINANCIAL HLDS DL-,01",Xetra,7LI.DE,stock,EUR
US5764852050,7MR,"MATADOR RESOURSES DL -,01",Xetra,7MR.DE,stock,EUR
IT0003796171,7PI,"POSTE ITALIANE SPA EO-,51",Xetra,7PI.DE,stock,EUR
US00404A1097,7RA,"ACADIA HEALTHCARE  DL-,01",Xetra,7RA.DE,stock,EUR
IE00BMFNW783,7RIP,HANETF-USGLITRV DLA,Xetra,7RIP.DE,etf,EUR
LU1407888137,7USH,AM US TBD 7-10Y HEOA,Xetra,7USH.DE,etf,EUR
DE000A3C35W0,7V0,NOVOGENIA AG INH O.N.,Xetra,7V0.DE,stock,EUR
US15102K1007,7VR,"CELCUITY INC.    DL -,001",Xetra,7VR.DE,stock,EUR
US21874A1060,7ZD,CORE SCIENTIFIC NEW  O.N.,Xetra,7ZD.DE,stock,EUR
US00402L1070,801,"AC.SPORT.+OUTD.INC DL-,01",Xetra,801.DE,stock,EUR
CH0451123589,81D,"SWISSNET AG       SF -,10",Xetra,81D.DE,stock,EUR
US4330001060,82W,"HIMS+HERS HERS A DL-,0001",Xetra,82W.DE,stock,EUR
IE00BKVD2N49,847,"SEAGATE TEC.HLD.DL-,00001",Xetra,847.DE,stock,EUR
IE00BMG6Z448,84X0,ISHSIV-MSCI EM EX-CH.DLAC,Xetra,84X0.DE,etf,EUR
US91680M1071,855,"UPSTART HOLDINGS DL-,0001",Xetra,855.DE,stock,EUR
US92846Q1076,85E,"THE VITA COCO CO.INC.-,01",Xetra,85E.DE,stock,EUR
US72703X1063,85H1,"PLANET LABS PBC A  -,0001",Xetra,85H1.DE,stock,EUR
US2528281080,87E,DIANTHUS THERAPEUTICS,Xetra,87E.DE,stock,EUR
GB00BMCLYF79,88Q,4BASEBIO PLC         EO 1,Xetra,88Q.DE,stock,EUR
US31816X1063,89C,FIREFLY AEROSPACE INC  ON,Xetra,89C.DE,stock,EUR
IE00B56GVS15,8AK,"ALKERMES PLC       DL-,01",Xetra,8AK.DE,stock,EUR
US05550J1016,8BJ,"BJ'S WHOLESALE C.H.DL-,01",Xetra,8BJ.DE,stock,EUR
US18915M1071,8CF,"CLOUDFLARE INC. A DL-,001",Xetra,8CF.DE,stock,EUR
US98956A1051,8EO,"ZETA GLOBAL HLD.A DL-,001",Xetra,8EO.DE,stock,EUR
US37045V1008,8GM,"GENERAL MOTORS     DL-,01",Xetra,8GM.DE,stock,EUR
IE0007WMHDE3,8GRT,HANMKNGEUGRTAGN EA,Xetra,8GRT.DE,etf,EUR
US37637K1088,8K2,"GITLAB CL.A   DL-,0000025",Xetra,8K2.DE,stock,EUR
LU2439734141,8OUU,AIS-A.GL.AGG.BD ESG UEDRC,Xetra,8OUU.DE,etf,EUR
LU2439734141,8OUV,AIS-A.GL.AGG.BD ESG UEDRC,Xetra,8OUV.DE,etf,USD
LU1646360039,8R80,AIS-AMJSCPAUE DRHSFC,Xetra,8R80.DE,etf,CHF
IE000I7E6HL0,8RMY,HANETF-F.E.DE.SC.ETF AEOA,Xetra,8RMY.DE,etf,EUR
US89377M1099,8T8,TRANSMEDICS GROUP,Xetra,8T8.DE,stock,EUR
NL00150001Q9,8TI,"STELLANTIS NV     EO -,01",Xetra,8TI.DE,stock,EUR
KYG651631007,8TQ,"JOBY AVIATION    DL-,0001",Xetra,8TQ.DE,stock,EUR
DE000TRAT0N7,8TRA,TRATON SE   INH O.N.,Xetra,8TRA.DE,stock,EUR
US01675A2087,8W80,SMARTBIRD INC. CL.A,Xetra,8W80.DE,stock,EUR
NL0015001FS8,8ZQ,"FERROVIAL N.V. EO-,01",Xetra,8ZQ.DE,stock,EUR
US04247X1028,91A,ARMSTRONG WLD IND. NEW,Xetra,91A.DE,stock,EUR
US20464U1007,91D,"COMPASS INC.CL.A -,00001",Xetra,91D.DE,stock,EUR
DE000A289V03,93M1,MPH HEALTH CARE  INH O.N,Xetra,93M1.DE,stock,EUR
IE00BLCHJ534,94VE,GLXETFGXUSIDEV DLA,Xetra,94VE.DE,etf,EUR
US34379V1035,98W,"FLUENCE ENER. CL.A-,00001",Xetra,98W.DE,stock,EUR
US76954A1034,99U,"RIVIAN AUTOMOT.A DL-,0001",Xetra,99U.DE,stock,EUR
US1999081045,9CF,"COMFORT SYST. USA  DL-,01",Xetra,9CF.DE,stock,EUR
LU2439113387,9E0E,AIS-A.EO A.BD ESG UEDREOD,Xetra,9E0E.DE,etf,EUR
US5738741041,9MW,"MARVELL TECH. GRP DL-,002",Xetra,9MW.DE,stock,EUR
US8190471016,9SH,"SHAKE SHACK INC. A DL-,01",Xetra,9SH.DE,stock,EUR
US90364P1057,9UV,"UIPATH INC.   A DL-,00001",Xetra,9UV.DE,stock,EUR
US6877931096,9VY,"OSCAR HEALTH CL.A -,00001",Xetra,9VY.DE,stock,EUR
LU2314312849,9W1,BE-M.C.S.S.S10C UETFEO,Xetra,9W1.DE,etf,EUR
LU2314312922,9W1A,BE-M.C.S.S.S10C UC.ETF,Xetra,9W1A.DE,etf,USD
US88262P1021,9WY,"TEXAS PAC.LD CORP. DL-,01",Xetra,9WY.DE,stock,EUR
US76655K1034,A00,"RIGETTI COMPUTNG DL-,0001",Xetra,A00.DE,stock,EUR
IE00087GRUR0,A01T,BNPPE2 BBG USTR.0-1YUEDLA,Xetra,A01T.DE,etf,EUR
IE00087GRUR0,A01U,BNPPE2 BBG USTR.0-1YUEDLA,Xetra,A01U.DE,etf,USD
IE000PO34ON2,A0DT,BNPPE2 BBG USTR.0-1YUEDLD,Xetra,A0DT.DE,etf,EUR
IE000PO34ON2,A0DU,BNPPE2 BBG USTR.0-1YUEDLD,Xetra,A0DU.DE,etf,USD
NL0011872643,A16,"ASR NEDERLAND N.V.EO-,16",Xetra,A16.DE,stock,EUR
US03945R1023,A1C0,"ARCHER AVIATION  A -,0001",Xetra,A1C0.DE,stock,EUR
US02376R1023,A1G,AMERICAN AIRLINES GRP,Xetra,A1G.DE,stock,EUR
DE000A41YH20,A1O,ALL FOR ONE GROUP NA VERK,Xetra,A1O.DE,stock,EUR
DE0005110001,A1OS,ALL FOR ONE GROUP NA O.N.,Xetra,A1OS.DE,stock,EUR
IE000WUTBLT5,A1P0,HII-DAPIUE DLA,Xetra,A1P0.DE,etf,EUR
US29670G1022,A2A,"ESSENTIAL UTILIC.  DL-,50",Xetra,A2A.DE,stock,EUR
IE000WPH0239,A2DT,BNPPE2 BBGUSTR.25Y+UE DLD,Xetra,A2DT.DE,etf,EUR
IE000WPH0239,A2DU,BNPPE2 BBGUSTR.25Y+UE DLD,Xetra,A2DU.DE,etf,USD
ES0105046017,A441,AENA SME S.A.       EO 1,Xetra,A441.DE,stock,EUR
LU1525418643,A4H7,AIS-AECBD15YESG UETFEOA,Xetra,A4H7.DE,etf,EUR
LU1437018168,A4H8,AIS-A.EO CRP.BD ESG UEDRC,Xetra,A4H8.DE,etf,EUR
LU1437018598,A4HC,AIS-AM.CO.EUR GO.BD UETFA,Xetra,A4HC.DE,etf,EUR
LU1708330235,A4HD,AIS-AM.CO.GL.GO.BD UEDEH,Xetra,A4HD.DE,etf,EUR
US0367521038,A58,"ELEVANCE HEALTH    DL-,01",Xetra,A58.DE,stock,EUR
US03823U1025,A59,"APPLIED OPTOELECT.DL-,001",Xetra,A59.DE,stock,EUR
DE0005209589,A6T,ARTEC TECHNOLOGIES O.N.,Xetra,A6T.DE,stock,EUR
US44952J1043,A83,"CRESCENT ENER. A DL-,04",Xetra,A83.DE,stock,EUR
US83443Q1031,A8E,"SOLSTICE ADV.MTLS DL-,001",Xetra,A8E.DE,stock,EUR
DE0005093108,AAD,AMADEUS FIRE AG,Xetra,AAD.DE,stock,EUR
DE000A2DAM03,AAG,AUMANN AG  INH O.N.,Xetra,AAG.DE,stock,EUR
IE000O5M6XO1,AAKG,ARK IU-A.GEN.REV.UETF DLA,Xetra,AAKG.DE,etf,EUR
IE0003A512E4,AAKI,ARK AR.I.RO. ETFDLA,Xetra,AAKI.DE,etf,EUR
US0003602069,AAO,"AAON INC.         DL-,004",Xetra,AAO.DE,stock,EUR
DE000A3H2101,AAQ1,AAP IMPLANTATE AG O.N.,Xetra,AAQ1.DE,stock,EUR
DE000A428XC1,AAVD,ACATIS ALTERSVORSORGE.ETF,Xetra,AAVD.DE,etf,EUR
NL0011540547,AB2,ABN AMRO BANK EO1,Xetra,AB2.DE,stock,EUR
DE0005760029,AB9,ABO ENERGY INH O.N.,Xetra,AB9.DE,stock,EUR
US02079K3059,ABEA,"ALPHABET INC.CL.A DL-,001",Xetra,ABEA.DE,stock,EUR
US02079K1079,ABEC,"ALPHABET INC.CL.C DL-,001",Xetra,ABEC.DE,stock,EUR
CH0012221716,ABJ,"ABB LTD. NA     SF 0,12",Xetra,ABJ.DE,stock,EUR
US0028241000,ABL,ABBOTT LABS,Xetra,ABL.DE,stock,EUR
DE000A1EWXA4,ABO,CLEARVISE AG INH O.N.,Xetra,ABO.DE,stock,EUR
CA06849F1080,ABR0,BARRICK MINING CORP.,Xetra,ABR0.DE,stock,EUR
AT0000609607,ABS2,PORR AG,Xetra,ABS2.DE,stock,EUR
DE000A0M93V6,ABX,ADV.BLOCKCHAIN AG INH ON,Xetra,ABX.DE,stock,EUR
FR0010756114,ACM9,AMUNDI MSCI WLD X EMU,Xetra,ACM9.DE,etf,EUR
IE000GWD7R65,ACPE,BEII GLILBDOPP HEOA,Xetra,ACPE.DE,etf,EUR
IE000J4FE268,ACPH,BEII GLILBDOPP DLA,Xetra,ACPH.DE,etf,EUR
IE000J4FE268,ACPI,BEII GLILBDOPP DLA,Xetra,ACPI.DE,etf,USD
FR0000120404,ACR,ACCOR SA INH.        EO 3,Xetra,ACR.DE,stock,EUR
DE000A41YHG1,ACT0,ALZCHEM GROUP AG NA O.N.,Xetra,ACT0.DE,stock,EUR
LU1681042864,ACU2,AIS-PEAMSCIUSAESGSUE EOC,Xetra,ACU2.DE,etf,EUR
LU2059756598,ACU7,AIS-AMEOSCPA ETF      EOD,Xetra,ACU7.DE,etf,EUR
LU2059756754,ACUG,AIS-AMEMSCPA UETFDR DLD,Xetra,ACUG.DE,etf,EUR
LU2439119236,ACUU,AIS-MSAFXJESGSEL.UETFDRUH,Xetra,ACUU.DE,etf,EUR
LU2439119236,ACUV,AIS-MSAFXJESGSEL.UETFDRUH,Xetra,ACUV.DE,etf,USD
DE000A1TNNN5,ACWN,A.S.CREATION TAPETEN NA,Xetra,ACWN.DE,stock,EUR
DE000A0DNAY5,ACX,BET-AT-HOME.COM AG O.N.,Xetra,ACX.DE,stock,EUR
US00724F1012,ADB,ADOBE INC.,Xetra,ADB.DE,stock,EUR
DE000A1TNV91,ADE,BITCOIN GROUP SE  O.N.,Xetra,ADE.DE,stock,EUR
NL0000888691,ADG,AMG CRITICAL MATER. EO-02,Xetra,ADG.DE,stock,EUR
CH0012138605,ADI1,"ADECCO GROUP AG N. SF 0,1",Xetra,ADI1.DE,stock,EUR
LU1250154413,ADJ,ADLER GROUP S.A. NPV,Xetra,ADJ.DE,stock,EUR
IE000GBYNAU4,ADLT,BNPPE2 BBGUSTR.25Y+UE DLA,Xetra,ADLT.DE,etf,EUR
IE000GBYNAU4,ADLU,BNPPE2 BBGUSTR.25Y+UE DLA,Xetra,ADLU.DE,etf,USD
DE000A0Z23Q5,ADN1,ADESSO SE  INH O.N.,Xetra,ADN1.DE,stock,EUR
US0530151036,ADP,"AUTOM. DATA PROC. DL -,10",Xetra,ADP.DE,stock,EUR
DE000A1EWWW0,ADS,ADIDAS AG NA O.N.,Xetra,ADS.DE,stock,EUR
IE000GA7JQV8,ADTC,AEI-GL.D.C.E DLA,Xetra,ADTC.DE,etf,EUR
DE0005103006,ADV,ADTRAN NETW.SE INH O.N.,Xetra,ADV.DE,stock,EUR
FR0010790980,AE50,AMUNDI STOXX EUROPE 50,Xetra,AE50.DE,etf,EUR
LU2573966905,AE5A,MUL-AMUNDI MSCI EM UE DIS,Xetra,AE5A.DE,etf,EUR
LU2608817958,AE5B,MUL-AMSCIEUAC U.ETFEOD,Xetra,AE5B.DE,etf,EUR
IE0004HMINW0,AEAE,BEII EOAGBDOP EOA,Xetra,AEAE.DE,etf,EUR
US0258161092,AEC1,"AMER. EXPRESS     DL -,20",Xetra,AEC1.DE,stock,EUR
IE000APK27S2,AEGE,ISHS3-GABDESGSRIETF  EOHA,Xetra,AEGE.DE,etf,EUR
LU2970735911,AEHY,MUL-AMUNDI EO HY C.BD UEA,Xetra,AEHY.DE,etf,EUR
DE000A2GS633,AEIN,ALLGEIER SE  NA O.N.,Xetra,AEIN.DE,stock,EUR
IE00094AECT1,AEJE,BEII EOAGBDOP EOD,Xetra,AEJE.DE,etf,EUR
LU1737652583,AEMD,AIS-A.CO.MSCI E.M.UETFDRD,Xetra,AEMD.DE,etf,EUR
US0255371017,AEP,"AMER. EL. PWR     DL 6,50",Xetra,AEP.DE,stock,EUR
IT0004176001,AEU,"PRYSMIAN S.P.A.   EO 0,10",Xetra,AEU.DE,stock,EUR
CH0044328745,AEX,"CHUBB LTD.       SF 24,15",Xetra,AEX.DE,stock,EUR
IE000WYNFVU8,AFDE,BEII GLILBDOPP HEOD,Xetra,AFDE.DE,etf,EUR
IE0004D7VJE6,AFDT,BEII GLILBDOPP DLD,Xetra,AFDT.DE,etf,EUR
IE0004D7VJE6,AFDU,BEII GLILBDOPP DLD,Xetra,AFDU.DE,etf,USD
US02553E1064,AFG,AMER. EAGLE OUTFITTERS,Xetra,AFG.DE,stock,EUR
FR001400J770,AFR0,AIR FRANCE-KLM INH.  EO 1,Xetra,AFR0.DE,stock,EUR
US0082521081,AFS,AFFILIATED MGRS GRP,Xetra,AFS.DE,stock,EUR
US0028962076,AFT,ABERCROMBIE + FITCH A,Xetra,AFT.DE,stock,EUR
US0162551016,AFW,"ALIGN TECHNOLOGY DL-,0001",Xetra,AFW.DE,stock,EUR
DE0005313704,AFX,CARL ZEISS MEDITEC AG,Xetra,AFX.DE,stock,EUR
DE000A2LQ884,AG1,AUTO1 GROUP SE  INH O.N.,Xetra,AG1.DE,stock,EUR
US00846U1016,AG8,"AGILENT TECHS INC. DL-,01",Xetra,AG8.DE,stock,EUR
IE000C5H8FC1,AGAE,BNPEIIGLHYOP HEOA,Xetra,AGAE.DE,etf,EUR
IE000E77RQE2,AGYE,BNPEIIGLHYOP HEOD,Xetra,AGYE.DE,etf,EUR
IE000O2QIHN4,AGYT,BNPEIIGLHYOP DLA,Xetra,AGYT.DE,etf,EUR
IE000O2QIHN4,AGYU,BNPEIIGLHYOP DLA,Xetra,AGYU.DE,etf,USD
LU1310477036,AH50,XTR.HARV.CSI A500 1D,Xetra,AH50.DE,etf,EUR
US01609W1027,AHLA,A.G.HLD.ADR8 DL-000003125,Xetra,AHLA.DE,stock,EUR
NL0011794037,AHOG,"AHOLD DELHAIZE,KON.EO-,01",Xetra,AHOG.DE,stock,EUR
US00246W1036,AHV,"AXT INC.          DL-,001",Xetra,AHV.DE,stock,EUR
LU2469335538,AHYA,AIS-AM.CO.GL.GO.BD UDRUH,Xetra,AHYA.DE,etf,USD
LU2469335611,AHYB,AIS-A.G.AGG.BD E.UEDRHDLC,Xetra,AHYB.DE,etf,USD
LU2469335884,AHYC,AIS-A.EO C.BD E.UEDRHDLC,Xetra,AHYC.DE,etf,USD
LU2439733507,AHYD,AIS-A.G.AGG.BD E.UEDRHEOC,Xetra,AHYD.DE,etf,EUR
LU1681040496,AHYE,AIS-AM.EO HY BD ESG UC ET,Xetra,AHYE.DE,etf,EUR
LU2470620761,AHYF,AIS-A.G.A.BD1-5YE.UEDRDLC,Xetra,AHYF.DE,etf,EUR
LU2470620761,AHYG,AIS-A.G.A.BD1-5YE.UEDRDLC,Xetra,AHYG.DE,etf,USD
LU2470620845,AHYH,AIS-A.GA.BD1-5YE.UEDRHEOC,Xetra,AHYH.DE,etf,EUR
LU2572256662,AHYI,AIS-PEA DJ INAV U.ETFDLD,Xetra,AHYI.DE,etf,EUR
LU2572256662,AHYL,AIS-PEA DJ INAV U.ETFDLD,Xetra,AHYL.DE,etf,USD
LU2572257124,AHYQ,AIS-A.C.MSCI W.S. ETF DIS,Xetra,AHYQ.DE,etf,EUR
LU2572257124,AHYR,AIS-A.C.MSCI W.S. ETF DIS,Xetra,AHYR.DE,etf,USD
LU1617164998,AHYS,AIS-AM EURHY CO ETFD,Xetra,AHYS.DE,etf,EUR
IE000IAPH329,AHYT,BNPPE2 US HY OPPS UE DLA,Xetra,AHYT.DE,etf,EUR
IE000IAPH329,AHYU,BNPPE2 US HY OPPS UE DLA,Xetra,AHYU.DE,etf,USD
LU3206582846,AHYW,AIS-ACMSCIWS U.ETFDLA,Xetra,AHYW.DE,etf,USD
LU3206582846,AHYX,AIS-ACMSCIWS U.ETFDLA,Xetra,AHYX.DE,etf,EUR
LU3206582929,AHYY,AIS-ACMSCIWS U.ETF HGDEOA,Xetra,AHYY.DE,etf,EUR
LU2490201840,AHYZ,AIS-AISMJESGBRTRA UEDRHEA,Xetra,AHYZ.DE,etf,EUR
ES0109067019,AI3A,"AMADEUS IT GRP SA EO 0,01",Xetra,AI3A.DE,stock,EUR
IE000Q9W2IR3,AIAA,ISHS AI AD.AP. DLA,Xetra,AIAA.DE,etf,EUR
IE00018U4PN8,AICT,BPEII-EMCPAB DLA,Xetra,AICT.DE,etf,EUR
IE00018U4PN8,AICU,BPEII-EMCPAB DLA,Xetra,AICU.DE,etf,USD
IE00053HJRU7,AIDE,BEII EOCRPBOPP EOD,Xetra,AIDE.DE,etf,EUR
IE000X59ZHE2,AIFS,ISHS AI INF.E. DLA,Xetra,AIFS.DE,etf,EUR
IE0000FA5GB7,AIGT,BNPEIIGLHYOP DLD,Xetra,AIGT.DE,etf,EUR
IE0000FA5GB7,AIGU,BNPEIIGLHYOP DLD,Xetra,AIGU.DE,etf,USD
IE00069MGEE1,AIHT,BNPPE2 US HY OPPS UE DLD,Xetra,AIHT.DE,etf,EUR
IE00069MGEE1,AIHU,BNPPE2 US HY OPPS UE DLD,Xetra,AIHU.DE,etf,USD
FR0000120073,AIL,"AIR LIQUIDE INH. EO 5,50",Xetra,AIL.DE,stock,EUR
IE000YASIPS3,AIME,BNPEII MEUPAB EOA,Xetra,AIME.DE,etf,EUR
IE000JBB8CR7,AIPE,BEII EOCRPBOPP EOA,Xetra,AIPE.DE,etf,EUR
IE000N0TTJQ9,AIPT,BNPPE2 DL CR.PABOPP.UEDLA,Xetra,AIPT.DE,etf,EUR
IE000N0TTJQ9,AIPU,BNPPE2 DL CR.PABOPP.UEDLA,Xetra,AIPU.DE,etf,USD
NL0000235190,AIR,AIRBUS SE,Xetra,AIR.DE,stock,EUR
IE000AXIKJM8,AIUT,BNPEIIMUSPAB DLA,Xetra,AIUT.DE,etf,EUR
IE000AXIKJM8,AIUU,BNPEIIMUSPAB DLA,Xetra,AIUU.DE,etf,USD
DE000A0WMPJ6,AIXA,AIXTRON SE NA O.N.,Xetra,AIXA.DE,stock,EUR
DE000A1A6WE6,AJ91,DOCCHECK AG NA O.N.,Xetra,AJ91.DE,stock,EUR
US0311001004,AK1,"AMETEK INC.        DL-,01",Xetra,AK1.DE,stock,EUR
LU2606055775,AK8A,AIS-A.GL.A.BD1-5YE.UEHSFC,Xetra,AK8A.DE,etf,CHF
LU2611732806,AK8B,AIS-A.GL.G.T.GR.BD UED,Xetra,AK8B.DE,etf,USD
LU2611732806,AK8C,AIS-A.GL.G.T.GR.BD UED,Xetra,AK8C.DE,etf,EUR
LU2780871401,AK8E,AISFM28EUGBDBRD U.ETFEOD,Xetra,AK8E.DE,etf,EUR
LU2780871666,AK8F,AISFM28EGBDYLD U.ETFEOD,Xetra,AK8F.DE,etf,EUR
LU2780871823,AK8G,AISFM27GBUNDGBD U.ETFEOD,Xetra,AK8G.DE,etf,EUR
NL0013267909,AKU1,"AKZO NOBEL      EO 0,5",Xetra,AKU1.DE,stock,EUR
IE000BWKUES1,AKWA,GLXETFS-CLWAT DLA,Xetra,AKWA.DE,etf,EUR
US4385162056,ALD0,HONEYWELL INTL NEW O.N.,Xetra,ALD0.DE,stock,EUR
DE0006569403,ALG,ALBIS LEASING AG O.N.,Xetra,ALG.DE,stock,EUR
CA0203987072,ALI1,ALMONTY INDUSTRY O.N.,Xetra,ALI1.DE,stock,EUR
IE000L6ZMMC4,ALLW,X.IEX.ALL-W.E. 1CDLA,Xetra,ALLW.DE,etf,EUR
US0200021014,ALS,"ALLSTATE CORP.     DL-,01",Xetra,ALS.DE,stock,EUR
DE0008404005,ALV,ALLIANZ SE NA O.N.,Xetra,ALV.DE,stock,EUR
US0126531013,AMC,"ALBEMARLE CORP.    DL-,01",Xetra,AMC.DE,stock,EUR
US0079031078,AMD,"ADVANCED MIC.DEV.  DL-,01",Xetra,AMD.DE,stock,EUR
LU1681040223,AME6,AIS-AM.STX EUR.600 ESG,Xetra,AME6.DE,etf,EUR
LU1681044480,AMEA,AIS-AM.MSCI EM A. EOC,Xetra,AMEA.DE,etf,EUR
LU2037748345,AMEC,AIS-AMSCISM A,Xetra,AMEC.DE,etf,EUR
LU1602144575,AMED,AM.MSCI EMUESGSEL.UETFDRE,Xetra,AMED.DE,etf,EUR
FR0010930644,AMEE,AM.GLBL HY. UCITS ETF-ACC,Xetra,AMEE.DE,etf,EUR
LU1861138961,AMEI,AIS-AMEMSCPA UETFDR DLA,Xetra,AMEI.DE,etf,EUR
LU1681045024,AMEL,AIS-AM.MSCI EM L.A.EOC,Xetra,AMEL.DE,etf,EUR
LU1681045370,AMEM,AIS-AM.MSCI EM.MA.S. EOA,Xetra,AMEM.DE,etf,EUR
LU1681041890,AMEQ,AIS-AM.MSCI EU.Q.F. EOC,Xetra,AMEQ.DE,etf,EUR
FR0010655746,AMES,MUF - AMUNDI IBEX 35,Xetra,AMES.DE,etf,EUR
LU2914157412,AMEV,MULAMUNDIJPNETF U.HGDDLA,Xetra,AMEV.DE,etf,USD
LU1681043599,AMEW,AIS-AM.MSCI WLD S. UE EOA,Xetra,AMEW.DE,etf,EUR
LU1681043599,AMEX,AIS-AM.MSCI WLD S. UE EOA,Xetra,AMEX.DE,etf,USD
US0311621009,AMG,"AMGEN INC.       DL-,0001",Xetra,AMG.DE,stock,EUR
DE0008131350,AMI,MEDONDO HLDG AG INH O.N.,Xetra,AMI.DE,stock,EUR
US0316521006,AMK,"AMKOR TECHN.      DL-,001",Xetra,AMK.DE,stock,EUR
DE000A40KXL9,AMM,GROUNDS R.EST. NA O.N.,Xetra,AMM.DE,stock,EUR
DE000AUM0V10,AMV0,AUMOVIO SE NA O.N.,Xetra,AMV0.DE,stock,EUR
DE000A42ERT3,AMX,A.S.E.B.AC.ETF EUR-U.-ETF,Xetra,AMX.DE,etf,EUR
US0231351067,AMZ,"AMAZON.COM INC.    DL-,01",Xetra,AMZ.DE,stock,EUR
IE000QDFFK00,ANAU,BNPEII NSDQ100 DLA,Xetra,ANAU.DE,etf,USD
IE000QDFFK00,ANAV,BNPEII NSDQ100 DLA,Xetra,ANAV.DE,etf,EUR
FR0004125920,ANI,"AMUNDI S.A.      EO 2,50",Xetra,ANI.DE,stock,EUR
US0326541051,ANL,ANALOG DEVICES INC.DL-166,Xetra,ANL.DE,stock,EUR
IE000A2YGZU5,ANSD,AEI-A.C.N.100E. DLA,Xetra,ANSD.DE,etf,EUR
DE0005104400,AOF,ATOSS SOFTWARE SE INH O.N,Xetra,AOF.DE,stock,EUR
FR0010220475,AOMD,ALSTOM S.A. INH.     EO 7,Xetra,AOMD.DE,stock,EUR
US0382221051,AP2,APPLIED MATERIALS INC.,Xetra,AP2.DE,stock,EUR
US0091581068,AP3,AIR PROD. CHEM.      DL 1,Xetra,AP3.DE,stock,EUR
US7672921050,AP4N,"RIOT PLATFORMS    DL-,001",Xetra,AP4N.DE,stock,EUR
US0378331005,APC,APPLE INC.,Xetra,APC.DE,stock,EUR
IE00BMDBMK72,APJX,ISHS3MSCI PXJ CEEUETF DLA,Xetra,APJX.DE,etf,EUR
NL0000238145,APM,"AD PEPPER MEDIA   EO 0,05",Xetra,APM.DE,stock,EUR
LU2402389261,APXJ,AIS-MPXJSRICPA DR UEOA,Xetra,APXJ.DE,etf,EUR
US00508Y1029,AQ8,"ACUITY             DL-,01",Xetra,AQ8.DE,stock,EUR
IE00066L6LB9,AQDT,BPEII-EMCPAB DLD,Xetra,AQDT.DE,etf,EUR
IE00066L6LB9,AQDU,BPEII-EMCPAB DLD,Xetra,AQDU.DE,etf,USD
IE000J7QYHD8,ARAW,ABRDN3FURAMAETF ETFDLA,Xetra,ARAW.DE,etf,EUR
IE000J7QYHD8,ARAX,ABRDN3FURAMAETF ETFDLA,Xetra,ARAX.DE,etf,USD
LU1598757687,ARRD,ARCELORMITTAL S.A. NOUV.,Xetra,ARRD.DE,stock,EUR
IE000GA3D489,ARXK,ARK IN.E. ETFDLA,Xetra,ARXK.DE,etf,EUR
IE000AON7ET1,ARXX,ARK S+DEF.INOV.ETF DLAETF,Xetra,ARXX.DE,etf,EUR
US21871X1090,AS5,COREBRIDGE FINANCIAL INC.,Xetra,AS5.DE,stock,EUR
IE000EDRD2Z8,ASBD,AMEI-EO U.STBA DLA,Xetra,ASBD.DE,etf,EUR
IE000G9O8QD4,ASCH,ABRDN3FUSUCHETF ETFDLA,Xetra,ASCH.DE,etf,EUR
IE000G9O8QD4,ASCI,ABRDN3FUSUCHETF ETFDLA,Xetra,ASCI.DE,etf,USD
IT0000062072,ASG,GENERALI S.P.A.,Xetra,ASG.DE,stock,EUR
IE0002FPYN09,ASHE,BPEII SHDUIOPP HD,Xetra,ASHE.DE,etf,EUR
IE000N3TZN02,ASHT,BPEII SHDUIOPP DLA,Xetra,ASHT.DE,etf,EUR
IE000N3TZN02,ASHU,BPEII SHDUIOPP DLA,Xetra,ASHU.DE,etf,USD
IE000P0AMD16,ASLT,BPEII SHDUIOPP DLD,Xetra,ASLT.DE,etf,EUR
IE000P0AMD16,ASLU,BPEII SHDUIOPP DLD,Xetra,ASLU.DE,etf,USD
NL0010273215,ASME,"ASML HOLDING    EO -,09",Xetra,ASME.DE,stock,EUR
IE000MNNJDT4,ASPF,AM.SP 500 FNCLS DLA,Xetra,ASPF.DE,etf,EUR
LU2533813296,ASR1,BNP PAR.E-EGEBE U.ETFDLA,Xetra,ASR1.DE,etf,USD
LU2008760592,ASR3,BNPPE-EO CBD SP 1-3Y UETF,Xetra,ASR3.DE,etf,EUR
LU2008761053,ASR5,BNPPE EO CB S.P.3-5Y UETF,Xetra,ASR5.DE,etf,EUR
LU1547515053,ASRC,BNPPE-J.S.E.GDC UETF DLA,Xetra,ASRC.DE,etf,USD
LU1547515137,ASRD,BNPPE-J.S.E.GDC UETF HEOA,Xetra,ASRD.DE,etf,EUR
LU2244387457,ASRE,B-JPMTILEGBD IG 3-5YUEEOA,Xetra,ASRE.DE,etf,EUR
LU2244386053,ASRF,BNPPE-EO HY S.FOSSFR. EOA,Xetra,ASRF.DE,etf,EUR
LU2244386137,ASRG,BNPPE-EO HY S.FOSSFR. EOD,Xetra,ASRG.DE,etf,EUR
LU1859444769,ASRI,BNPPE-EO CRP.BD SRIPAB UE,Xetra,ASRI.DE,etf,EUR
LU2365458731,ASRN,BNPPEA-JPMSGS+SIGEOBDUEOD,Xetra,ASRN.DE,etf,EUR
LU2365458814,ASRQ,BNPPEA-JPMSGS+SIGEOBDUEOA,Xetra,ASRQ.DE,etf,EUR
LU1753045332,ASRR,BNPPE-M.EUR.SRI PAB CAP,Xetra,ASRR.DE,etf,EUR
LU2365458145,ASRS,BNPE-ECPIGESGHE U.ETFEOA,Xetra,ASRS.DE,etf,EUR
LU1953136287,ASRT,BNPPE-EO C.BD S.P.UETFEOD,Xetra,ASRT.DE,etf,EUR
IE0008FB2WZ1,ASRW,BPEI-MWMTE U.ETFDLA,Xetra,ASRW.DE,etf,USD
LU2446383338,ASRX,BNPPE EO CB SP 3-5Y UEEOA,Xetra,ASRX.DE,etf,EUR
IE000W8HP9L8,ASRY,BPEI-MWMTE U.ETF HEOA,Xetra,ASRY.DE,etf,EUR
LU2533813023,ASRZ,BNPE-ECPIGESGHE U.ETFDLA,Xetra,ASRZ.DE,etf,USD
IE0006WPPA00,ASWA,HANETF-INF.C.NUC.REN.DLA,Xetra,ASWA.DE,etf,EUR
IE000OJ5TQP4,ASWC,HANETF-FUT.OF DEFENCE ADL,Xetra,ASWC.DE,etf,EUR
IE000IQQEL77,ASWD,HANE-SP.PU.PL.CO.MI.DLA,Xetra,ASWD.DE,etf,EUR
IE00BMYMHS24,ASWE,HANETF-S.AL-K.GL.F.EQ.DLA,Xetra,ASWE.DE,etf,EUR
IE000P1G9TM6,ASWF,HANETF-MI.CA.I. CDD,Xetra,ASWF.DE,etf,EUR
IE00041H4WT9,ASWG,HANETF-FD DE.SC DLA,Xetra,ASWG.DE,etf,EUR
IE000C7EUDG1,ASWJ,HAN-K.I.P.D.U.ETF DLA,Xetra,ASWJ.DE,etf,EUR
IE000HF69TA9,ASWK,HETFII-REXTIPI DLD,Xetra,ASWK.DE,etf,EUR
IE000OBK3UE0,ASWL,HETFII-REXTIIG DLD,Xetra,ASWL.DE,etf,EUR
IE0008BA4TY1,ASWM,HETFII-REXCEIG DLD,Xetra,ASWM.DE,etf,EUR
IE0008LRGGP4,ASWN,HANE2-INCAPRIN DLD,Xetra,ASWN.DE,etf,EUR
IE000SKTEI24,ASWS,HE2I-ICS500OIE DLD,Xetra,ASWS.DE,etf,EUR
LU1673108939,AT1,"AROUNDTOWN EO-,01",Xetra,AT1.DE,stock,EUR
US03820C1053,AT4,APPLIED IND. TECHS,Xetra,AT4.DE,stock,EUR
IE000VVC8KW9,ATE1,IM4-E.T1 C.B.E. EOD,Xetra,ATE1.DE,etf,EUR
IE000FG3UNB8,ATEA,IM4-E.T1 C.B.E. EOA,Xetra,ATEA.DE,etf,EUR
US0527691069,AUD,AUTODESK INC.,Xetra,AUD.DE,stock,EUR
LU1681048804,AUM5,AIS-AM.S+P500 SW.UETF EOC,Xetra,AUM5.DE,etf,EUR
LU3231307524,AUMA,AM.EO CR.SP.WDG U.ETFEOA,Xetra,AUMA.DE,etf,EUR
IE000K975W13,AVEM,AMC.AV.EM EQ. DLA,Xetra,AVEM.DE,etf,EUR
IE000SDFJUU0,AVEU,AM.CE.I-AV.EU.E ETFDLA,Xetra,AVEU.DE,etf,EUR
US05352A1007,AVG,"AVANTOR INC.       DL-,01",Xetra,AVG.DE,stock,EUR
IE000T62NEO6,AVPE,AM.CE.I-AV.PA.E ETFDLA,Xetra,AVPE.DE,etf,EUR
NL0000334118,AVS,"ASM INTL N.V.      EO-,04",Xetra,AVS.DE,stock,EUR
IE000OW54ZX1,AVUS,AM.CE.I-AV.AM.E ETFDLA,Xetra,AVUS.DE,etf,EUR
IE000RJECXS5,AVWC,AMC.AV.GL.EQ. DLA,Xetra,AVWC.DE,etf,EUR
IE0003R87OG3,AVWS,AMC.AV.GLSMCV DLA,Xetra,AVWS.DE,etf,EUR
US0079731008,AVX,"ADVANCED EN. INDS DL-,001",Xetra,AVX.DE,stock,EUR
IE00BN4Q0370,AW10,UIE-MSCI W.EXUS CPA DLA,Xetra,AW10.DE,etf,EUR
IE00BN4PXC48,AW11,UIE-C.A.G.D.E.C DLA,Xetra,AW11.DE,etf,EUR
IE00BN4Q1675,AW12,UIE-EM C.P.A. DLA,Xetra,AW12.DE,etf,EUR
IE00BN4Q0933,AW13,UBS IE-EUR.C.P.A. EOA,Xetra,AW13.DE,etf,EUR
IE00BN4Q0P93,AW14,UIE-ACWI C.P.A. DLA,Xetra,AW14.DE,etf,EUR
IE00BN4Q0X77,AW15,UBS(I)ETF-JP C.P.A. YNA,Xetra,AW15.DE,etf,EUR
IE00BN4Q0602,AW16,UIE-USA C.P.A. DLA,Xetra,AW16.DE,etf,EUR
IE00BLSN7W87,AW1B,S+P500ESG ELITE UE HEOA,Xetra,AW1B.DE,etf,EUR
IE00BLSN7P11,AW1C,S+P500ESG ELITE UE DLA,Xetra,AW1C.DE,etf,EUR
IE00BNC0M350,AW1F,UBS(I)USA U. DLA,Xetra,AW1F.DE,etf,EUR
IE00BNC0M913,AW1H,UBS(I)E.UN. EOA,Xetra,AW1H.DE,etf,EUR
IE00BNC0MD55,AW1I,UBS(I)JAP.U.U.E. YNA,Xetra,AW1I.DE,etf,EUR
IE00BNC0MH93,AW1J,UBS(I)EMEXCHSORE DLA,Xetra,AW1J.DE,etf,EUR
LU2408468291,AW1M,UBSBBGMSCIUSLC1-5SUE HEOA,Xetra,AW1M.DE,etf,EUR
IE00BDR55471,AW1P,UBS(I)-U.M.A.S.R.ETF  DLA,Xetra,AW1P.DE,etf,EUR
IE000JHYO4T6,AW1Q,UBS(I)ETF-JPCPA.IRHGDAEOA,Xetra,AW1Q.DE,etf,EUR
IE00BDR55927,AW1R,UBS(I)-U.M.A.S.R.ETF HEOA,Xetra,AW1R.DE,etf,EUR
LU0950669845,AW1T,UBSMSCIEMUVAL EOA,Xetra,AW1T.DE,etf,EUR
LU0950668870,AW1V,UBSCOREMSCIEMU EOA,Xetra,AW1V.DE,etf,EUR
IE00BN4Q0L55,AW1Z,UBS IE-EMU C.P.A. EOA,Xetra,AW1Z.DE,etf,EUR
US0304201033,AWC,"AMERICAN WATER WKS DL-,01",Xetra,AWC.DE,stock,EUR
IE000TT7HZ88,AWDE,BNPPE2 MSCI WLDEQPAB EOHA,Xetra,AWDE.DE,etf,EUR
IE000SU7USQ3,AWDT,BNPPE2 MSCI WLDEQ.PAB DLA,Xetra,AWDT.DE,etf,EUR
IE000SU7USQ3,AWDU,BNPPE2 MSCI WLDEQ.PAB DLA,Xetra,AWDU.DE,etf,USD
IE000YKHGYN2,AWEX,X.IEX.A-WEXUS E 1CDLA,Xetra,AWEX.DE,etf,EUR
IE000LEIJUY9,AWHD,AEI-SP AW.H.DY DLD,Xetra,AWHD.DE,etf,EUR
US83088M1027,AWM,"SKYWORKS SOL.      DL-,25",Xetra,AWM.DE,stock,EUR
US00751Y1064,AWN,"ADVANCE AUTO PA. DL-,0001",Xetra,AWN.DE,stock,EUR
IE000WZU35H0,AWST,BNPPE2 MSCI WLDEQ.PAB DLD,Xetra,AWST.DE,etf,EUR
IE000WZU35H0,AWSU,BNPPE2 MSCI WLDEQ.PAB DLD,Xetra,AWSU.DE,etf,USD
FR0000120628,AXA,"AXA S.A. INH.     EO 2,29",Xetra,AXA.DE,stock,EUR
IT0004056880,AXNA,"AMPLIFON S.P.A.    EO-,02",Xetra,AXNA.DE,stock,EUR
IE000Y65F5C2,AXQE,BEII MEMEXCPAB EOA,Xetra,AXQE.DE,etf,EUR
IE00BJK55C48,AYE2,IS2-EOHYCBESGSRI ETF  EOA,Xetra,AYE2.DE,etf,EUR
IE000G2LIHG9,AYEE,ISHSIV-MSCI USA SCR.HGEOA,Xetra,AYEE.DE,etf,EUR
IE00BFNM3P36,AYEM,ISHSIV-MSCI EM IMI SR.DLA,Xetra,AYEM.DE,etf,EUR
IE00BGDPWV87,AYEP,ISHSII-ASIA PROP.YLD DLA,Xetra,AYEP.DE,etf,EUR
IE00BKTLJC87,AYEU,ISIV-SM.CITY INFR. DL ACC,Xetra,AYEU.DE,etf,EUR
IE00BKTLJB70,AYEV,ISIV-SM.CITY INFR. DL DIS,Xetra,AYEV.DE,etf,EUR
IE00BJ5JNY98,AYEW,ISHS V-MSCI WITSSAUE DLD,Xetra,AYEW.DE,etf,EUR
FR0004056851,AYJ,"VALNEVA SE        EO -,15",Xetra,AYJ.DE,stock,EUR
AT0000730007,AZ2,ANDRITZ AG,Xetra,AZ2.DE,stock,EUR
US0533321024,AZ5,"AUTOZONE INC.      DL-,01",Xetra,AZ5.DE,stock,EUR
IE00018QXOE3,AZBE,AGIE-SM.GL.EQAC (H)EOA,Xetra,AZBE.DE,etf,EUR
IE000NZURBQ4,AZBQ,AGIE-SM.GL.EQAC DLA,Xetra,AZBQ.DE,etf,EUR
IE000XNGQNH4,AZC0,AGIE-SECB1-10A EOA,Xetra,AZC0.DE,etf,EUR
IE000519M2U5,AZCQ,AGIE-SM.EUEQAC. EOA,Xetra,AZCQ.DE,etf,EUR
IE000D5R9C23,AZEH,ISHS3-A.XJPEQ.EN.ACT.DLA,Xetra,AZEH.DE,etf,EUR
IE000X8XBOX6,AZFE,AGIE-SM.US EQAC (H)EOA,Xetra,AZFE.DE,etf,EUR
IE000LST78X7,AZFQ,AGIE-SM.US EQAC DLA,Xetra,AZFQ.DE,etf,EUR
IE0001Y8Y3Z2,AZIV,AGIE-SEGB1-10A EOA,Xetra,AZIV.DE,etf,EUR
US12008R1077,B1F,"BUILDERS FIRSTSOUR.DL-,01",Xetra,B1F.DE,stock,EUR
IE000PTMIE90,B1LD,ISHS EU INF.BU. EOA,Xetra,B1LD.DE,etf,EUR
US75524B1044,B1X,"RBC BEARINGS INC.  DL-,01",Xetra,B1X.DE,stock,EUR
IE000BUSGFL9,B29D,ISHS2-IBD29TCCE EOD,Xetra,B29D.DE,etf,EUR
IE000UJSC3C9,B29I,ISHS2-IBD29TCCE EOA,Xetra,B29I.DE,etf,EUR
IE000PS0J481,B41J,GLX-EUR.INF.DEV EOA,Xetra,B41J.DE,etf,EUR
LU1681048127,B500,AIS-AM.S+P500 BB EOC,Xetra,B500.DE,etf,EUR
DE000A0JM2M1,B7E,BLUE CAP             O.N.,Xetra,B7E.DE,stock,EUR
FI4000523675,B7J1,SRV YHTIOET OYJ,Xetra,B7J1.DE,stock,EUR
US8726571016,B81,"TPG INC CLASS A  DL-,001",Xetra,B81.DE,stock,EUR
DE000A4BGGM7,B8FK,BIOFRONTERA AG NA O.N.,Xetra,B8FK.DE,stock,EUR
LU1233598447,B8TC,MUL-AM.DL FED F.RATE UE A,Xetra,B8TC.DE,etf,EUR
LU1910940268,B8TQ,MUL AMU IN1-10 ETF EURH D,Xetra,B8TQ.DE,etf,EUR
US92343V1044,BAC,"VERIZON COMM. INC. DL-,10",Xetra,BAC.DE,stock,EUR
DE000BASF111,BAS,BASF SE NA O.N.,Xetra,BAS.DE,stock,EUR
IE00BMYDM802,BAT3,LG UK Q.D.E.W.ETF LSDETF,Xetra,BAT3.DE,etf,EUR
IE00BF0M2Z96,BATE,L+G-L+G BAT.VAL.CH.E.DLA,Xetra,BATE.DE,etf,EUR
IE000Z9UVQ99,BATF,LG.AS.P.X.J E. DLA,Xetra,BATF.DE,etf,EUR
IE000CBYU7J5,BATI,LG.EM EQ.UE DLAETF,Xetra,BATI.DE,etf,EUR
IE00022GJEG1,BATJ,L+G-M.S.E.C. HGD ETFEOA,Xetra,BATJ.DE,etf,EUR
DE000BAY0017,BAYN,BAYER AG NA O.N.,Xetra,BAYN.DE,stock,EUR
IE00BLSNMW37,BBCK,INVESCOM3 GLO BUYBACK A,Xetra,BBCK.DE,etf,EUR
IE00BJK9HD13,BBEG,JPM-BB EU GOV BD UE A,Xetra,BBEG.DE,etf,EUR
US89832Q1094,BBK,TRUIST FINL CORP.    DL 5,Xetra,BBK.DE,stock,EUR
IE00BJK3WF00,BBLL,JPM-BB USTB 01Y UE A,Xetra,BBLL.DE,etf,EUR
US09260D1072,BBN1,"BLACKSTONE INC. DL-,00001",Xetra,BBN1.DE,stock,EUR
IE00BJK9HH50,BBTR,JPM-BB US TB UE A,Xetra,BBTR.DE,etf,EUR
IE00BJK9H753,BBUS,JPM-BB US EQ UE A,Xetra,BBUS.DE,etf,EUR
CH0038389992,BBZA,"BB BIOTECH NAM.   SF 0,20",Xetra,BBZA.DE,stock,EUR
DE0005158703,BC8,BECHTLE AG O.N.,Xetra,BC8.DE,stock,EUR
IE000BKMMHF9,BCFB,UBS-MSCIPAEXJAI DLA,Xetra,BCFB.DE,etf,EUR
IE000WJCYGB4,BCFC,UBS(I)-U.C.FC SF ETF DLA,Xetra,BCFC.DE,etf,EUR
IE0004YRJHW4,BCFD,UBSIETFMCDUNUE ACDA,Xetra,BCFD.DE,etf,EUR
IE00BYYLVJ24,BCFE,UBS FDSO-UBS BBG C.C.EOHA,Xetra,BCFE.DE,etf,EUR
IE000S4A5WE2,BCFF,UB.SP.CL.TR.E.E DLA,Xetra,BCFF.DE,etf,EUR
IE0009WWNY77,BCFG,UB.SP.CL.TR.E.E A HEDGEOA,Xetra,BCFG.DE,etf,EUR
IE000RW7V8Q4,BCFH,UBS IE-SH.BD ESG E. EOA,Xetra,BCFH.DE,etf,EUR
IE000TB15RC6,BCFI,UBS(I)ETF-UCMWLD ETF HEOA,Xetra,BCFI.DE,etf,EUR
IE000V6KDJC9,BCFJ,UBSIETFMWSETF EOD,Xetra,BCFJ.DE,etf,EUR
IE0008GBXCA4,BCFK,UBS-UBSSP500EQWESF DLA,Xetra,BCFK.DE,etf,EUR
IE000MZFIJ99,BCFL,UIE-M.INDIA UN.U.E. DLD,Xetra,BCFL.DE,etf,EUR
IE000PWGE381,BCFM,UBS-NA100 ESGEN DLA,Xetra,BCFM.DE,etf,EUR
IE0003RQ9F90,BCFN,UBS(I)ETF-NASDAQ-100 ADLD,Xetra,BCFN.DE,etf,EUR
IE000SB4G4I4,BCFP,UBS(I)ETF-NAS100 DLA,Xetra,BCFP.DE,etf,EUR
IE0006BDZN36,BCFQ,UBSIEEOONRSFETF AEOA,Xetra,BCFQ.DE,etf,EUR
IE000EPIJ442,BCFR,UBS-SOUSLIGOSIM DLA,Xetra,BCFR.DE,etf,USD
IE000V73IL86,BCFS,UBS(I)-UBS USEDPW ETF HEA,Xetra,BCFS.DE,etf,EUR
IE00BD4TXW66,BCFT,UBS-CSP500UETF DLA,Xetra,BCFT.DE,etf,EUR
IE00BYYLVH00,BCFU,UBS FDSO-UBS BBG C.C.DLA,Xetra,BCFU.DE,etf,USD
IE000YCD1TY0,BCFV,UBS I.ETF-UBS MSCI U.DLAC,Xetra,BCFV.DE,etf,EUR
IE0009TPHUV6,BCFW,UBS(IE)E.NUC.EC DLA,Xetra,BCFW.DE,etf,EUR
US0970231058,BCO,BOEING CO.           DL 5,Xetra,BCO.DE,stock,EUR
IE000UIPBPY3,BCRB,AMEI-GL.C.B.AC EOA,Xetra,BCRB.DE,etf,EUR
IE000HM5TZ60,BCRP,AE2-A.EUR C.B. EOA,Xetra,BCRP.DE,etf,EUR
DE000A4231H9,BCT1,BIT GL.TECH.LEAD.UCIT.ETF,Xetra,BCT1.DE,etf,EUR
GB0031348658,BCY,"BARCLAYS PLC      LS 0,25",Xetra,BCY.DE,stock,EUR
IE000W6YTDH7,BD30,IM2-BU.30EOCOBD EOD,Xetra,BD30.DE,etf,EUR
ES0113860A34,BDSB,"BCO DE SABADELL A EO-,125",Xetra,BDSB.DE,stock,EUR
DE0005232805,BDT,BERTRANDT AG O.N.,Xetra,BDT.DE,stock,EUR
IE000AYJ75E5,BE26,IM2-BU.26EOCOBD EOD,Xetra,BE26.DE,etf,EUR
IE000XOS4OJ6,BE27,IM2-BU.27EOCOBD EOD,Xetra,BE27.DE,etf,EUR
IE000LKGEZQ6,BE28,IM2-BU.28EOCOBD EOD,Xetra,BE28.DE,etf,EUR
IE000ZC4C5Q1,BE29,IM2-BU.29EOCOBD EOD,Xetra,BE29.DE,etf,EUR
DE0005200000,BEI,BEIERSDORF AG O.N.,Xetra,BEI.DE,stock,EUR
DE000A11QLP3,BENH,BENO HOLDING AG  INH O.N.,Xetra,BENH.DE,stock,EUR
DE0005201602,BEZ,BERENTZEN-GRP.AG,Xetra,BEZ.DE,stock,EUR
US1156372096,BF5B,BROWN-FORMAN CORP B DL-15,Xetra,BF5B.DE,stock,EUR
LU1704650164,BFSA,BEFESA S.A. ORD. O.N.,Xetra,BFSA.DE,stock,EUR
BG9000011163,BGX,EXPAT BUL.SOFIX UCITS ETF,Xetra,BGX.DE,etf,EUR
US69366J2006,BH3,"PTC THERAPEUTICS  DL-,001",Xetra,BH3.DE,stock,EUR
US1091941005,BHA,"BRIGHT HOR.FAM.SO.DL-,001",Xetra,BHA.DE,stock,EUR
DE000BGAG0J3,BIG,BIO-GATE AG INH O.N.,Xetra,BIG.DE,stock,EUR
DE0005229504,BIJ,BIJOU BRIGITTE O.N.,Xetra,BIJ.DE,stock,EUR
DE000A3CQ7F4,BIKE,BIKE24 HLDG O.N.,Xetra,BIKE.DE,stock,EUR
LU2868143954,BJL1,BNPPE-J.S.E.GDC UETF HSFA,Xetra,BJL1.DE,etf,CHF
LU2868144093,BJL2,BNPPE-J.S.E.GDC UETF HLSA,Xetra,BJL2.DE,etf,GBP
LU2929405640,BJL5,BNPPE-J.S.E.GDC UETF HADA,Xetra,BJL5.DE,etf,AUD
LU2881684745,BJL6,BNPPE-ESG ENH.EUROPEEOA,Xetra,BJL6.DE,etf,EUR
LU2914558916,BJL7,BNPPE-FDEGRC U.ETFEOD,Xetra,BJL7.DE,etf,EUR
LU3047998896,BJL8,BNPPESYBBGEUDEF U.ETFEOA,Xetra,BJL8.DE,etf,EUR
LU2993392898,BJL9,JTILEMUGBIG5-7Y UETFEOA,Xetra,BJL9.DE,etf,EUR
IE0006O3TTP9,BJLB,B.P.E.I-E.G.E.I DLA,Xetra,BJLB.DE,etf,USD
LU2533810276,BJLC,BNPPE-CIRECLDRS U.ETFDLA,Xetra,BJLC.DE,etf,USD
LU2533812728,BJLD,BNPPEEOABDSRIFFR UETFEOD,Xetra,BJLD.DE,etf,EUR
LU2194447293,BJLE,BNP PAR.E-EGEBE UEEOA,Xetra,BJLE.DE,etf,EUR
LU2533812991,BJLF,BNPPEEOABDSRIFFR UETFEOA,Xetra,BJLF.DE,etf,EUR
LU2533810862,BJLG,BNPPEJTEGBIG13Y U.ETFEOA,Xetra,BJLG.DE,etf,EUR
LU2533810789,BJLH,BNPPEJTEGBIG13Y U.ETFEOD,Xetra,BJLH.DE,etf,EUR
LU2533812058,BJLI,BNPPEEOCBSRIFFUSD UETFEOA,Xetra,BJLI.DE,etf,EUR
LU2616774076,BJLJ,B.P.E.C.BO.S U.ETFDLA,Xetra,BJLJ.DE,etf,USD
LU2616776444,BJLK,B.P.E.C.BO.S U.ETFDLD,Xetra,BJLK.DE,etf,USD
LU2533811910,BJLL,BNPPEEOCBSRIFFUSD UETFEOD,Xetra,BJLL.DE,etf,EUR
LU2697597552,BJLM,BNPPE-ESG EN.EOGOBD EOA,Xetra,BJLM.DE,etf,EUR
LU2697596745,BJLN,BNPPE-ESG E.EO COBD UEEOA,Xetra,BJLN.DE,etf,EUR
LU2697596828,BJLP,BNPPE-ESG E.EO COBD UEEOD,Xetra,BJLP.DE,etf,EUR
LU2697597719,BJLQ,BNPPE-ESG EN.EOGOBD EOD,Xetra,BJLQ.DE,etf,EUR
LU2742533552,BJLR,BPPE-JTEGBI10+ U.ETFEOD,Xetra,BJLR.DE,etf,EUR
LU2742533636,BJLS,BPPE-JTEGBI10+ U.ETFEOA,Xetra,BJLS.DE,etf,EUR
LU2742532745,BJLT,BNPPE-EO CBD SP 7-10Y EOD,Xetra,BJLT.DE,etf,EUR
LU2742532828,BJLU,BNPPE-EO CBD SP 7-10Y EOA,Xetra,BJLU.DE,etf,EUR
LU2823896811,BJLW,BNPPE-ESG E.EO CB1229 EOA,Xetra,BJLW.DE,etf,EUR
LU2823895847,BJLX,BNPPE-ESG E.EO CB1232 EOA,Xetra,BJLX.DE,etf,EUR
LU2823895763,BJLY,BNPPE-ESG E.EO CB1232 EOD,Xetra,BJLY.DE,etf,EUR
LU2823896738,BJLZ,BNPPE-ESG E.EO CB1229 EOD,Xetra,BJLZ.DE,etf,EUR
US1167941087,BKD,"BRUKER CORP.      DL -,01",Xetra,BKD.DE,stock,EUR
DE000A2GSU42,BKHT,BROCKHAUS TECHN. NA O.N.,Xetra,BKHT.DE,stock,EUR
IE000XAGSCY5,BLCH,GLXETFS-BLOCKCH DLA,Xetra,BLCH.DE,etf,EUR
IE00BF5DXP42,BLOK,FTGF-FT FAC.FX UETF ADL,Xetra,BLOK.DE,etf,EUR
GB0002875804,BMT,"BRIT.AMER.TOBACCO  LS-,25",Xetra,BMT.DE,stock,EUR
DE0005190003,BMW,BAY.MOTOREN WERKE AG ST,Xetra,BMW.DE,stock,EUR
US0640581007,BN9,"BK N.Y. MELLON    DL -,01",Xetra,BN9.DE,stock,EUR
DE0005203947,BNN,BRAIN BIOTEC  NA O.N.,Xetra,BNN.DE,stock,EUR
FR0000131104,BNP,BNP PARIBAS INH.     EO 2,Xetra,BNP.DE,stock,EUR
DE000A1DAHH0,BNR,BRENNTAG SE NA O.N.,Xetra,BNR.DE,stock,EUR
IE00BGBN6P67,BNXG,INV.COINSH.GL.BLOCKCH. A,Xetra,BNXG.DE,etf,EUR
US1033041013,BO5,"BOYD GAMING CORP.  DL-,01",Xetra,BO5.DE,stock,EUR
DE000A0S9QZ8,BOG,STOCK3 AG  NA O.N.,Xetra,BOG.DE,stock,EUR
DE000A1PHFF7,BOSS,HUGO BOSS AG NA O.N.,Xetra,BOSS.DE,stock,EUR
US0758871091,BOX,"BECTON, DICKINSON    DL 1",Xetra,BOX.DE,stock,EUR
ES0113211835,BOY,BCO BIL.VIZ.ARG.NOM.EO-49,Xetra,BOY.DE,stock,EUR
IE00060Z4AE1,BPDE,NEI-BEGDSEE DLA,Xetra,BPDE.DE,etf,EUR
IE00060Z4AE1,BPDU,NEI-BEGDSEE DLA,Xetra,BPDU.DE,etf,USD
GB0007980591,BPE5,"BP PLC             DL-,25",Xetra,BPE5.DE,stock,EUR
IE000ASNLWH9,BPGE,NEI-B.E.G.S.E.E DLA,Xetra,BPGE.DE,etf,EUR
IE000ASNLWH9,BPGU,NEI-B.E.G.S.E.E DLA,Xetra,BPGU.DE,etf,USD
IT0005218380,BPM,BCA BPM S.P.A.,Xetra,BPM.DE,stock,EUR
IE000OJF8NN4,BPUE,NEI-B.E.E.S.E.E EOA,Xetra,BPUE.DE,etf,EUR
US75644T1007,BQ73,"RED CAT HDGS INC.DL -,001",Xetra,BQ73.DE,stock,EUR
LU2491211004,BQGE,OSS.LU-O.B.QE.N U.ETF 1CE,Xetra,BQGE.DE,etf,EUR
US1101221083,BRM,BRISTOL-MYERS SQUIBBDL-10,Xetra,BRM.DE,stock,EUR
DE000A41YEE3,BRN,BRANICKS GROUP AG NA JGE,Xetra,BRN.DE,stock,EUR
DE000A1X3XX4,BRNK,BRANICKS GROUP AG NA O.N.,Xetra,BRNK.DE,stock,EUR
US0846707026,BRYN,"BERKSH. H.B NEW DL-,00333",Xetra,BRYN.DE,stock,EUR
IE000O36LOH8,BS26,IM2-I.BS26 DLCB DLD,Xetra,BS26.DE,etf,EUR
IE000BMDG046,BS27,IM2-I.BS27 DLCB DLD,Xetra,BS27.DE,etf,EUR
IE000A0RC215,BS28,IM2-I.BS28 DLCB DLD,Xetra,BS28.DE,etf,EUR
IE000C5Q64P6,BS29,IM2-I.BS29 DLCB DLD,Xetra,BS29.DE,etf,EUR
IE000GB2EQ90,BS30,IM2-I.BS30 DLCB DLD,Xetra,BS30.DE,etf,EUR
US08265T2087,BS81,"BENTLEY SYSTEMS B  DL-,01",Xetra,BS81.DE,stock,EUR
ES0113900J37,BSD2,"BCO SANTANDER N.EO0,5",Xetra,BSD2.DE,stock,EUR
IE000I25S1V5,BSE0,IM2-BU.30EOCOBD EOA,Xetra,BSE0.DE,etf,EUR
IE0004QWOTD5,BSE6,IM2-BU.26EOCOBD EOA,Xetra,BSE6.DE,etf,EUR
IE000LGHLQ71,BSE7,IM2-BU.27EOCOBD EOA,Xetra,BSE7.DE,etf,EUR
IE00079EUF59,BSE8,IM2-BU.28EOCOBD EOA,Xetra,BSE8.DE,etf,EUR
IE000P5IB8I8,BSE9,IM2-BU.29EOCOBD EOA,Xetra,BSE9.DE,etf,EUR
NL0012866412,BSI,"BE SEMICON.INDSINH.EO-,01",Xetra,BSI.DE,stock,EUR
DE0005102008,BSL,BASLER AG O.N.,Xetra,BSL.DE,stock,EUR
FR0000120644,BSN,"DANONE S.A. EO -,25",Xetra,BSN.DE,stock,EUR
GB0002634946,BSP,"BAE SYSTEMS PLC   LS-,025",Xetra,BSP.DE,stock,EUR
DE000A1X3YY0,BST,BASTEI LUEBBE AG  O.N.,Xetra,BST.DE,stock,EUR
US1011371077,BSX,"BOSTON SCIENTIFIC  DL-,01",Xetra,BSX.DE,stock,EUR
US1152361010,BTW,"BROWN + BROWN      DL-,10",Xetra,BTW.DE,stock,EUR
IE00BMH5Y871,BUG,GL X ETF-GXCYBERS DLA,Xetra,BUG.DE,etf,EUR
US1220171060,BUI,BURLINGTON STORES DL-0001,Xetra,BUI.DE,stock,EUR
US0865161014,BUY,"BEST BUY CO.       DL-,10",Xetra,BUY.DE,stock,EUR
DK0015998017,BV3,BAVARIAN NOR  NAM.  DK 10,Xetra,BV3.DE,stock,EUR
DE0005493092,BVB,BORUSSIA DORTMUND,Xetra,BVB.DE,stock,EUR
US80004C2008,BW9,"SANDISK CORP.     DL -,01",Xetra,BW9.DE,stock,EUR
DE0005088108,BWB,BAADER BANK AG,Xetra,BWB.DE,stock,EUR
CA0909741062,BXT,BIONXT SOLUTIONS INC.,Xetra,BXT.DE,stock,EUR
DE0005194005,BYW,BAYWA AG   NA O.N.,Xetra,BYW.DE,stock,EUR
DE0005194062,BYW6,BAYWA AG VINK.NA. O.N.,Xetra,BYW6.DE,stock,EUR
IE000IVNQZ81,BZ4,"TE CONNECTIVITY   DL-,01",Xetra,BZ4.DE,stock,EUR
US0995021062,BZ9,BOOZ ALL.HAM. CL.A DL-001,Xetra,BZ9.DE,stock,EUR
LU2611732046,C001,AIS-AM.C.DAX ETF DIST,Xetra,C001.DE,etf,EUR
LU3206583067,C002,AIS-AM.C.DAX U.ETFEOA,Xetra,C002.DE,etf,EUR
LU2611731741,C003,AIS AMUNDI DIVDAX ETF D,Xetra,C003.DE,etf,EUR
LU2611732475,C005,AIS AMUNDI SDAX ETF D,Xetra,C005.DE,etf,EUR
LU2611732129,C006,AIS AMUNDI FAZ ETF DIST,Xetra,C006.DE,etf,EUR
LU2611731667,C007,AIS AMUNDI MDAXESG ETF D,Xetra,C007.DE,etf,EUR
LU2572256746,C024,AIS-C.M.CN A S. U.ETFDLD,Xetra,C024.DE,etf,EUR
LU2572256746,C025,AIS-C.M.CN A S. U.ETFDLD,Xetra,C025.DE,etf,USD
LU3206583901,C026,AIS-CMSCICAS U.ETFDLA,Xetra,C026.DE,etf,USD
LU3206583901,C027,AIS-CMSCICAS U.ETFDLA,Xetra,C027.DE,etf,EUR
LU2611732632,C030,AIS AMUNDI SWITIT30 ETF D,Xetra,C030.DE,etf,EUR
LU2611732558,C051,AIS EUSTOSELDIV30UETF EOD,Xetra,C051.DE,etf,EUR
LU1900069219,C099,MUL-A.B.E-W.C.XA ETF EOHA,Xetra,C099.DE,etf,EUR
LU2090062352,C101,MUL-AM.DL FED F.RATE UE D,Xetra,C101.DE,etf,EUR
DE000A0KE043,C1V0,MVISE AG O.N. INH,Xetra,C1V0.DE,stock,EUR
IE000K9Z3SF5,C3AE,INVESCOM-SP CHINA 300SWAP,Xetra,C3AE.DE,etf,EUR
DE000A41YFJ9,C3R,CHERRY SE  O.N.,Xetra,C3R.DE,stock,EUR
IE000UWJUW87,C47B,HA.2 KRC CAT BD DLA,Xetra,C47B.DE,etf,EUR
US1252691001,C4F,"CF INDS HLDGS      DL-,01",Xetra,C4F.DE,stock,EUR
IE000R6TN604,C4RE,WAYS-BELL.HEALT DLA,Xetra,C4RE.DE,etf,EUR
IE0000FCGYF9,C5ME,INVESCOM-SPCHINA MC 500SW,Xetra,C5ME.DE,etf,EUR
US12503M1080,C67,"CBOE GLOB.MKTS INC.DL-,01",Xetra,C67.DE,stock,EUR
IE000GSIFIB0,C71P,G.X E.I.G.X 1-3 DLD,Xetra,C71P.DE,etf,EUR
US2270461096,C7N,"CROCS INC. DL-,001",Xetra,C7N.DE,stock,EUR
IE0000ZL1RD2,C8PX,GLX-AISEMIQUANT  DLA,Xetra,C8PX.DE,etf,EUR
LU2439874319,C9DF,FRANKFTR.ETF-MOD.VAL.PEOA,Xetra,C9DF.DE,etf,EUR
LU2679277744,C9DY,UMWELTBANK ETF-G.SDG.PEOA,Xetra,C9DY.DE,etf,EUR
US1696561059,C9F,"CHIPOTLE MEX.GR.  DL -,01",Xetra,C9F.DE,stock,EUR
US2189371006,C9X0,CORE NATURAL RESOURCES,Xetra,C9X0.DE,stock,EUR
DE000A2YN355,CA1,CIRCUS SE INH O.N.,Xetra,CA1.DE,stock,EUR
US1271903049,CA8A,"CACI INTL INC. A    DL-,1",Xetra,CA8A.DE,stock,EUR
IE000ZDPZL69,CAKD,WEI-CAIE DLD,Xetra,CAKD.DE,etf,EUR
IE000DHZXD61,CAKE,WEI-CAIE DLA,Xetra,CAKE.DE,etf,EUR
US2058871029,CAO,CONAGRA BRANDS INC.  DL 5,Xetra,CAO.DE,stock,EUR
FR0000120172,CAR,"CARREFOUR S.A. INH.EO 2,5",Xetra,CAR.DE,stock,EUR
US1491231015,CAT1,CATERPILLAR INC.     DL 1,Xetra,CAT1.DE,stock,EUR
IE00094FRAA6,CAUT,GLXETFS2-CNEVBT DLA,Xetra,CAUT.DE,etf,EUR
US21036P1084,CB1A,"CONST.BRANDS A     DL-,01",Xetra,CB1A.DE,stock,EUR
LU1681046261,CB3G,AIS-A.EO GV.TLT.GR.BD EOC,Xetra,CB3G.DE,etf,EUR
LU2977997381,CBDE,AIS-AM.C.USD CO.BD HGDEOA,Xetra,CBDE.DE,etf,EUR
DK0010181759,CBGB,CARLSBERG A/S NAM. B DK20,Xetra,CBGB.DE,stock,EUR
DK0060448595,CBHD,COLOPLAST NAM. B    DK 1,Xetra,CBHD.DE,stock,EUR
DE000CBK1001,CBK,COMMERZBANK AG,Xetra,CBK.DE,stock,EUR
DE000A41YE64,CBK0,COMMERZBANK AG Z. VERK.,Xetra,CBK0.DE,stock,EUR
IE00BF16M727,CBRS,FTGF-NASDQ CYBSEC.UE ADLA,Xetra,CBRS.DE,etf,EUR
IE000XJA2OU4,CBSM,F.T.CB US SC E CLDLA,Xetra,CBSM.DE,etf,EUR
IE000H22E3N8,CBU0,ISHS CORP HGDEOA,Xetra,CBU0.DE,etf,EUR
IE000VSFIC94,CBU1,ISHSIII-BRDL HGDEOA,Xetra,CBU1.DE,etf,EUR
IE000CR3ZDF9,CBU2,ISHS3-GABDESGSRIETF   EOA,Xetra,CBU2.DE,etf,EUR
IE0000VITHT2,CBU4,ISHSV IBD28TDLC DLD,Xetra,CBU4.DE,etf,EUR
IE0000UJ3480,CBU5,ISHSV IBD28TDLC DLA,Xetra,CBU5.DE,etf,EUR
IE0007UPSEA3,CBU8,ISHSV IBD26TDLC DLD,Xetra,CBU8.DE,etf,EUR
IE00BL6K8C82,CBUA,IS2-MEURPACUETF EOA,Xetra,CBUA.DE,etf,EUR
IE000U7L59A3,CBUC,ISHS4 MSCIUSACTBEE UE EOA,Xetra,CBUC.DE,etf,EUR
IE000CR424L6,CBUD,ISHSII-MSCI EUR.SRI EOHD,Xetra,CBUD.DE,etf,EUR
IE00BGPP6473,CBUE,ISHSVII-DLTB.3-7YR EUDH,Xetra,CBUE.DE,etf,EUR
IE00BJ5JNZ06,CBUF,ISHS V-M.WHCS ADV.UE DLD,Xetra,CBUF.DE,etf,EUR
IE000T9EOCL3,CBUG,ISHS3-MSCIWSC CEE UETF A,Xetra,CBUG.DE,etf,EUR
IE000L5NW549,CBUH,ISIV-MSCI WLD MF ADV.DLA,Xetra,CBUH.DE,etf,EUR
IE000H1H16W5,CBUI,ISHSIV-M.WLD VAL.F.ADV.A,Xetra,CBUI.DE,etf,EUR
IE000ZX8CQG2,CBUJ,ISH3-EOCOESGPAC ()EOD,Xetra,CBUJ.DE,etf,EUR
IE000NFR7C63,CBUK,ISHS4-MCNTCHETF DLA,Xetra,CBUK.DE,etf,EUR
IE000WIQIPT2,CBUL,ISHS TIPS HGD DEOD,Xetra,CBUL.DE,etf,EUR
IE000CR7DJI8,CBUM,ISHS-SP500 SCOR.+SCR.HDGA,Xetra,CBUM.DE,etf,EUR
IE00023EZQ82,CBUN,ISIV-D.E.E. DLA,Xetra,CBUN.DE,etf,EUR
IE000IZO7033,CBUP,ISHS 2 EO GR.BD ETF EOA,Xetra,CBUP.DE,etf,EUR
IE00013A2XD6,CBUQ,ISHS-MS.ACW.SRI DLD,Xetra,CBUQ.DE,etf,EUR
IE000BI0GCN3,CBUS,ISHS UK GILT HGD(EOD,Xetra,CBUS.DE,etf,EUR
IE000RDRMSD1,CBUT,ISHS3-BLO.TEC. ()DLA,Xetra,CBUT.DE,etf,EUR
IE000RN58M26,CBUV,ISHS IV-IS.META DLA,Xetra,CBUV.DE,etf,EUR
IE000D8FCSD8,CBUW,ISHS LISTED DLA,Xetra,CBUW.DE,etf,EUR
IE000CK5G8J7,CBUX,ISHSII-GL INFRASTR.DLACC,Xetra,CBUX.DE,etf,EUR
IE000JTPK610,CBUY,ISHS-MS.ACW.SRI DLA,Xetra,CBUY.DE,etf,EUR
LU1296758029,CCAP,"CORESTATE CAPITAL EO-,075",Xetra,CCAP.DE,stock,EUR
US1912161007,CCC3,"COCA-COLA CO.      DL-,25",Xetra,CCC3.DE,stock,EUR
US1720621010,CCJ,CINCINNATI FINL      DL 2,Xetra,CCJ.DE,stock,EUR
LU3281687312,CCNA,OM MSCI EUROPE UN. ETFEOA,Xetra,CCNA.DE,etf,EUR
LU3281687668,CCNB,OM MSCI USA UN. ETF EOA,Xetra,CCNB.DE,etf,EUR
LU3281687825,CCNC,OM MSCI WORLD UN. ETF EOA,Xetra,CCNC.DE,etf,EUR
LU3281688120,CCNE,OM MSCI EM.MKTS UN.ETFEOA,Xetra,CCNE.DE,etf,EUR
LU3281688476,CCNG,OM MSCI EO G.B 1M-1Y EOA,Xetra,CCNG.DE,etf,EUR
LU3281688633,CCNH,OM MSCI EURO GOV.B ETFEOA,Xetra,CCNH.DE,etf,EUR
LU3281688807,CCNI,OM MSCI EO IG UN.CO. EOA,Xetra,CCNI.DE,etf,EUR
IE00020O1MD6,CD1,COMDIR.SPALW.S.S.E.UH.EOA,Xetra,CD1.DE,etf,EUR
LU2611731824,CD91,AIS-A.GO.MI. U.ETFDLD,Xetra,CD91.DE,etf,EUR
US1921085049,CDM1,"COEUR MINING DL -,01",Xetra,CDM1.DE,stock,EUR
US1273871087,CDS,"CADENCE DESIGN SYS DL-,01",Xetra,CDS.DE,stock,EUR
US12514G1085,CDW,"CDW CORP.          DL-,01",Xetra,CDW.DE,stock,EUR
DE000A3E5C24,CDZ0,MHP HOTEL AG INH O.N.,Xetra,CDZ0.DE,stock,EUR
LU1681045537,CE8G,AIS-AM.MSCI WLD E.E.EOC,Xetra,CE8G.DE,etf,EUR
DE0006201106,CEA,FRIWO AG O.N.,Xetra,CEA.DE,stock,EUR
IE000W336086,CEB0,ISHSIV-ISH.C HGDEOD,Xetra,CEB0.DE,etf,EUR
IE000GHXL2Q3,CEB1,ISHS BD20 EOA,Xetra,CEB1.DE,etf,EUR
IE000TY854T9,CEB2,ISH.JP GO.B.E EOHA,Xetra,CEB2.DE,etf,EUR
IE0002SCQ8X0,CEB3,ISHS4-MSCIJP CEE UETF EOA,Xetra,CEB3.DE,etf,EUR
IE000HARJEE2,CEB4,IS-C.FTSE100 (HGD)EOA,Xetra,CEB4.DE,etf,EUR
IE0004L9EID2,CEB5,IS4-IN.INRGO.BD ()DLD,Xetra,CEB5.DE,etf,EUR
IE000ANOU8J3,CEB6,ISHS INDINRG DLA,Xetra,CEB6.DE,etf,EUR
IE000Z3S26J2,CEB7,ISH.SP500S.U.E. HGDEOA,Xetra,CEB7.DE,etf,EUR
IE000VNGJFV0,CEB8,ISHS DUR B HGDEOD,Xetra,CEB8.DE,etf,EUR
IE0003ZXNJY5,CEB9,ISHS TIMBER DLA,Xetra,CEB9.DE,etf,EUR
IE000H5X52W8,CEBD,IV-IB1227TEEOCO ()EOD,Xetra,CEBD.DE,etf,EUR
IE000WA6L436,CEBE,ISHSV IBD26TEOC ()EOA,Xetra,CEBE.DE,etf,EUR
IE00B5WHFQ43,CEBG,ISHSVII-MSCI MX.CPD DLACC,Xetra,CEBG.DE,etf,EUR
IE000I1D7D10,CEBK,ISHSV-IBO27TDLC ()DLD,Xetra,CEBK.DE,etf,EUR
IE00B5L8K969,CEBL,ISHSVII-MSCI EM AS.DL ACC,Xetra,CEBL.DE,etf,EUR
IE00BWZN1T31,CEBP,ISHSVII-MSCI E.DL H.ACC,Xetra,CEBP.DE,etf,EUR
IE00091SR7N7,CEBR,ISHS GHYCB ETF HGD(EOA,Xetra,CEBR.DE,etf,EUR
IE00063FT9K6,CEBS,ISH4-COP.MINERS DLA,Xetra,CEBS.DE,etf,EUR
IE000ROSD5J6,CEBT,ISH-ESS.MET.P DLA,Xetra,CEBT.DE,etf,EUR
IE000AWT6D61,CEBU,ISHS IV.D.C.BD HGDEOA,Xetra,CEBU.DE,etf,EUR
IE000WJWZK35,CEBV,ISHS.L.C.B.0-5Y HGDEOA,Xetra,CEBV.DE,etf,EUR
IE000EEJLWG1,CEBW,IS US MBS HGD(EOD,Xetra,CEBW.DE,etf,EUR
IE00093SKUY4,CEBX,ISHS AGGR HGD(EOD,Xetra,CEBX.DE,etf,EUR
IE000NBRE3P7,CEBY,ISIV-EO UL.BD ESG SRI EOA,Xetra,CEBY.DE,etf,EUR
IE000MAO75G5,CEBZ,ISII-CMSCIEU ()EOA,Xetra,CEBZ.DE,etf,EUR
DE0007257503,CEC,CECONOMY AG  INH O.N.,Xetra,CEC.DE,stock,EUR
DE000A40ZVV0,CECV,CECONOMY AG ON Z.VERK.,Xetra,CECV.DE,stock,EUR
DE0005407407,CEK,CEOTRONICS AG O.N.,Xetra,CEK.DE,stock,EUR
IE0002VEN3U3,CEMA,ISHSVI-MW.SW.E. HDGDEOA,Xetra,CEMA.DE,etf,EUR
IE000XFP47S2,CEMB,IS.BR.GL.G.B.E. HDGEOA,Xetra,CEMB.DE,etf,EUR
IE00043L4HU0,CEMC,I2-DLTRBD1020Y EOA,Xetra,CEMC.DE,etf,EUR
IE000PLCL3C9,CEMD,ISHS.G.C.B.ETF EOA,Xetra,CEMD.DE,etf,EUR
IE000QWO5FT3,CEME,ISHS JAPAN EOA,Xetra,CEME.DE,etf,EUR
IE000K1VI152,CEMF,IS2-DL TB 7-10 EOA,Xetra,CEMF.DE,etf,EUR
IE00BKM4H197,CEMG,ISHSV-MSCI EM CO.GWTH DLA,Xetra,CEMG.DE,etf,EUR
IE0000BQ75C2,CEMH,ISH DL SDHYCB EOD,Xetra,CEMH.DE,etf,EUR
IE000ATRYEA4,CEMI,ISHSIV-M.USA S. HGDEOA,Xetra,CEMI.DE,etf,EUR
IE000FZ1S3M3,CEMJ,IS2-DL CBESU HGDEOA,Xetra,CEMJ.DE,etf,EUR
IE000WV38GP5,CEMK,ISHS GOV BD EOA,Xetra,CEMK.DE,etf,EUR
IE000PYEKKW0,CEML,ISHS2MEQDADV EOA,Xetra,CEML.DE,etf,EUR
IE000PYIUPH0,CEMM,ISHS UK GILT HGDEOA,Xetra,CEMM.DE,etf,EUR
IE000R3K9FF7,CEMN,ISHS4-MSCIW CEE UETF HEOA,Xetra,CEMN.DE,etf,EUR
IE00BQN1K562,CEMQ,ISHSIV-E.MSCI EU.QU.F.EOA,Xetra,CEMQ.DE,etf,EUR
IE00BQN1K786,CEMR,ISHSIV-E.MSCI EO M.F.EO A,Xetra,CEMR.DE,etf,EUR
IE00BQN1K901,CEMS,ISHSIV-E.MSCI EUR.V.F.EOA,Xetra,CEMS.DE,etf,EUR
IE000Y7V5EW2,CEMV,ISH.CO.S&P500UE HGDSFA,Xetra,CEMV.DE,etf,EUR
IE000XGYMCA8,CEMX,I-IBE HGDEOA,Xetra,CEMX.DE,etf,EUR
IE000EB0LQO5,CEMY,ISHS 3-WEHIE HGDEOA,Xetra,CEMY.DE,etf,EUR
IE0001ARVVZ9,CEPP,IS7-SP5003PRCA HGDEOA,Xetra,CEPP.DE,etf,EUR
LU1437015735,CEU2,AIS-AC MSCI EUR.UETFDREOA,Xetra,CEU2.DE,etf,EUR
LU2678230652,CEUE,AIS-MEURESGBTRA DREOD,Xetra,CEUE.DE,etf,EUR
LU1681042609,CEUG,AIS-M.EUR.ESG BR.TR. CEOA,Xetra,CEUG.DE,etf,EUR
LU2873560481,CEUH,AIS-AMEEBTUE U.HDDEOA,Xetra,CEUH.DE,etf,EUR
DE000A0LBKW6,CFC,ACONNIC AG INH O.N.,Xetra,CFC.DE,stock,EUR
US2298991090,CFZ,"CULLEN/FROST BANKE.DL-,01",Xetra,CFZ.DE,stock,EUR
FR0010655712,CG1G,AMUNDI ETF DAX U.ETF DR,Xetra,CG1G.DE,etf,EUR
LU1094612022,CGB,XTR.II HARV.CH.GOV.BD 1D,Xetra,CGB.DE,etf,EUR
US12653C1080,CGD,"CNX RES CORP.      DL-,01",Xetra,CGD.DE,stock,EUR
FR0000125338,CGM,CAPGEMINI SE INH. EO 8,Xetra,CGM.DE,stock,EUR
US1255231003,CGN,"CIGNA GROUP, THE     DL 1",Xetra,CGN.DE,stock,EUR
DE000A0N3EU3,CGX,CGRE AG INH O.N.,Xetra,CGX.DE,stock,EUR
US5494982029,CH2,LUCID GROUP INC. NEW O.N.,Xetra,CH2.DE,stock,EUR
DE0006618309,CHG,CHAPTERS GROUP INH O.N.,Xetra,CHG.DE,stock,EUR
IE0001QF56M0,CHIN,KSI-ICBCU BS S+P CN500UE,Xetra,CHIN.DE,etf,EUR
US16411R2085,CHQ1,"CHENIERE ENERGY   DL-,003",Xetra,CHQ1.DE,stock,EUR
US1714841087,CHR,CHURCHILL DOWNS INC.,Xetra,CHR.DE,stock,EUR
LU2484583138,CHSA,UBSGGBESG1-10 ADLA,Xetra,CHSA.DE,etf,EUR
IE000JQ2IJD3,CHSB,UBS-SP USDIAREE (A)DLD,Xetra,CHSB.DE,etf,EUR
LU1169821029,CHSC,UBSLFS-MSCI UK HEOD,Xetra,CHSC.DE,etf,EUR
LU2098179695,CHSD,UBS BBG JAP.GOV1-3 UE YNA,Xetra,CHSD.DE,etf,EUR
LU1971906984,CHSE,UBSEOSTXX50ESG EOA,Xetra,CHSE.DE,etf,EUR
LU0969639474,CHSF,UBS C.BBG EO GV1-10UE EOA,Xetra,CHSF.DE,etf,EUR
LU2807512947,CHSI,UBS-MSCI W.E.US DLA,Xetra,CHSI.DE,etf,EUR
LU3028243122,CHSJ,UBSEOAAACLOETF EOA,Xetra,CHSJ.DE,etf,EUR
LU1852211645,CHSK,UBSSUSTDEVBKBDS HEOD,Xetra,CHSK.DE,etf,EUR
LU1805389506,CHSM,UBS C.BBG EO A.L.C.UE EOA,Xetra,CHSM.DE,etf,EUR
LU1645380442,CHSN,UBS C.BBGEOI-LBD1-10 EOAA,Xetra,CHSN.DE,etf,EUR
LU1974694470,CHSP,UBSLFS-UJGGVESGLIQBD HEOD,Xetra,CHSP.DE,etf,EUR
LU1459800030,CHSQ,UBS CORE BBG US TREAS.DLA,Xetra,CHSQ.DE,etf,EUR
LU2250132763,CHSR,ULFS-U.MSCI SW.IMI SR SFA,Xetra,CHSR.DE,etf,EUR
LU1459799943,CHSS,UBS CORE BBG US TREAS.DLD,Xetra,CHSS.DE,etf,EUR
LU2099992187,CHST,UBSBBGMSCIGLLCS AHEOD,Xetra,CHST.DE,etf,EUR
LU0950668524,CHSU,UBS CORE MSCI EUR. EOA,Xetra,CHSU.DE,etf,EUR
LU0950676469,CHSV,UBS C.BBGUSTR.1-10UE DLA,Xetra,CHSV.DE,etf,EUR
LU3079566835,CHSW,UBSLS-EOTRYIPL EOA,Xetra,CHSW.DE,etf,EUR
LU3079567130,CHSX,UBSLS-DLTRYIPL DLD,Xetra,CHSX.DE,etf,EUR
LU3079567056,CHSY,UBSLS-DLTRYIPL DLA,Xetra,CHSY.DE,etf,EUR
LU3079566918,CHSZ,UBSLS-EOTRYIPL EOD,Xetra,CHSZ.DE,etf,EUR
US1667641005,CHV,"CHEVRON CORP.      DL-,75",Xetra,CHV.DE,stock,EUR
IE0005TF96I9,CIB0,VEE-MED.R.A.BIO.ENG. 1DLA,Xetra,CIB0.DE,etf,EUR
US1717793095,CIE1,"CIENA CORP. NEW    DL-,01",Xetra,CIE1.DE,stock,EUR
IE000RMSPY39,CIRC,ARK I.UI-R.C.E.E.UIE DLA,Xetra,CIRC.DE,etf,EUR
US17275R1023,CIS,"CISCO SYSTEMS    DL-,001",Xetra,CIS.DE,stock,EUR
US1729081059,CIT,CINTAS CORP.,Xetra,CIT.DE,stock,EUR
IE00BMH5YF48,CL0U,GL X ETF-GXCLDCOM DLA,Xetra,CL0U.DE,etf,EUR
US1423391002,CLE,CARLISLE COS. INC.   DL 1,Xetra,CLE.DE,stock,EUR
US14149Y1082,CLH,CARDINAL HEALTH INC.,Xetra,CLH.DE,stock,EUR
DE000A35JS40,CLIQ,CLIQ DIGITAL AG  NA O.N.,Xetra,CLIQ.DE,stock,EUR
IE000Y2JPPS4,CLOA,IM2-EO AAA CLO EOA,Xetra,CLOA.DE,etf,EUR
IE000U7LIXH5,CLOD,IM2-EO AAA CLO EOD,Xetra,CLOD.DE,etf,EUR
IE000PB4LRO2,CLWD,AMUNDI-M.W.E.BT.U.ETF EOD,Xetra,CLWD.DE,etf,USD
US20337X1090,CM9,"VISTANCE NETW.INC.DL-,01",Xetra,CM9.DE,stock,EUR
US46625H1005,CMC,JPMORGAN CHASE       DL 1,Xetra,CMC.DE,stock,EUR
IE0004QLGLF6,CMEA,LE.GE.LG M.N.C. HGDEOA,Xetra,CMEA.DE,etf,EUR
LU3178805456,CMMF,AM.I-EUR CA AC U.ETFEOA,Xetra,CMMF.DE,etf,EUR
IE000CYTPBT0,CMOC,IM-BL.CO.CARB.T.ETF DL,Xetra,CMOC.DE,etf,EUR
IE00BF4J0300,CMOE,INVESCOMI BB CMTY EUR HDG,Xetra,CMOE.DE,etf,EUR
LU1681044647,CN1G,AIS-AM.MSCI NORDIC EOC,Xetra,CN1G.DE,etf,EUR
FR0011720911,CNAA,MUF-AMU.MSCI CHINA A ACC,Xetra,CNAA.DE,etf,EUR
IE000AWRDWI7,CNFY,IM2-CHINEXT 50 DLA,Xetra,CNFY.DE,etf,EUR
IE0000H445G8,CNIE,VANECK N CHINA UC.ETF,Xetra,CNIE.DE,etf,EUR
US4571871023,CNP,"INGREDION INC.     DL-,01",Xetra,CNP.DE,stock,EUR
IE00BKFB6K94,CNUA,UBS FDSO-UBS MSCICASF DLA,Xetra,CNUA.DE,etf,EUR
IE000N70F6V6,CNUB,UBS MSCI IN SF DLA,Xetra,CNUB.DE,etf,EUR
IE000QVOGR82,CNUC,UBSIEDLONRSFETF DLA,Xetra,CNUC.DE,etf,USD
IE000AZ2HZ31,CNUD,UBS MSCI W.S.C. DLA,Xetra,CNUD.DE,etf,EUR
LU2439735890,CNYE,AIS-CHN CNY BDS UETFDRUDL,Xetra,CNYE.DE,etf,EUR
LU2439735890,CNYF,AIS-CHN CNY BDS UETFDRUDL,Xetra,CNYF.DE,etf,USD
DE0005419105,COK,CANCOM SE O.N.,Xetra,COK.DE,stock,EUR
DE0005439004,CON,CONTINENTAL AG O.N.,Xetra,CON.DE,stock,EUR
IE00BF8HV717,COVR,PIMCO ADV.COV.BD UE EOI,Xetra,COVR.DE,etf,EUR
US8760301072,COY,"TAPESTRY INC.      DL-,01",Xetra,COY.DE,stock,EUR
US1924461023,COZ,COGNIZANT TECH. SOL.A,Xetra,COZ.DE,stock,EUR
US2166485019,CP60,COOPER COS. INC. O.N.,Xetra,CP60.DE,stock,EUR
US1941621039,CPA,COLGATE-PALMOLIVE    DL 1,Xetra,CPA.DE,stock,EUR
US16119P1084,CQD,CHARTER COM. CL. A,Xetra,CQD.DE,stock,EUR
IT0005239360,CRIN,UNICREDIT,Xetra,CRIN.DE,stock,EUR
US1727551004,CRU,CIRRUS LOGIC INC.,Xetra,CRU.DE,stock,EUR
US1651677353,CS1,"EXPAND ENERGY      DL-,01",Xetra,CS1.DE,stock,EUR
IE00B4BNMY34,CSA,"ACCENTURE A   DL-,0000225",Xetra,CSA.DE,stock,EUR
LU2564007743,CSE,CASE INV.-SUSTAIN FUT.EOA,Xetra,CSE.DE,etf,EUR
LU2564007743,CSEA,CASE INV.-SUSTAIN FUT.EOA,Xetra,CSEA.DE,etf,CHF
FR0000121329,CSF,THALES S.A.          EO 3,Xetra,CSF.DE,stock,EUR
US1258961002,CSG,"CMS ENERGY CORP.   DL-,01",Xetra,CSG.DE,stock,EUR
DE0005407100,CSH,CENIT AG O.N.,Xetra,CSH.DE,stock,EUR
IE000UBAW7M3,CSP5,AME-CORE SP 500 DLA,Xetra,CSP5.DE,etf,EUR
IE000UBAW7M3,CSP6,AME-CORE SP 500 DLA,Xetra,CSP6.DE,etf,USD
LU2082998837,CSTA,MUL-AMUN ST600 TECH ETFD,Xetra,CSTA.DE,etf,EUR
LU0908500837,CSXE,AIS-AMUN STEUR600 U.ETF D,Xetra,CSXE.DE,etf,EUR
IE000OULL4R4,CSY1,UBSIETFMUNSLETF DLA,Xetra,CSY1.DE,etf,EUR
IE00063GNWK1,CSY2,UBSIETFMUSUETF ADLA,Xetra,CSY2.DE,etf,EUR
IE000TG1LGI4,CSY5,UBSIETFMWSETF DLA,Xetra,CSY5.DE,etf,EUR
IE0009W21NT4,CSY7,UBSIETFMWSETF A(HGD EO)E,Xetra,CSY7.DE,etf,EUR
IE000XFXBGR0,CSY8,UBSIETFMUSCS ADLA,Xetra,CSY8.DE,etf,EUR
IE000EJ2EHO7,CSY9,UBSIETFFMWSMV ADLA,Xetra,CSY9.DE,etf,EUR
IE0003B4BV34,CSYU,UBSIETFMUT125EU ADLA,Xetra,CSYU.DE,etf,EUR
IE000H3AH951,CSYZ,UBSIETFENDETF ADLD,Xetra,CSYZ.DE,etf,EUR
IE00BMH5YL08,CT3C,GL X ETF-GXCLNTCH DLA,Xetra,CT3C.DE,etf,EUR
IE000N1ZEIG9,CTBA,IMII-SP500CNPE DLA,Xetra,CTBA.DE,etf,EUR
US22160K1051,CTO,"COSTCO WHOLESALE  DL-,005",Xetra,CTO.DE,stock,EUR
US20030N1019,CTP2,"COMCAST CORP.   A  DL-,01",Xetra,CTP2.DE,stock,EUR
IE000Z8J5HD7,CTUS,AM.SP 500CL.TR. DLA,Xetra,CTUS.DE,etf,USD
IE000Z8J5HD7,CTUT,AM.SP 500CL.TR. DLA,Xetra,CTUT.DE,etf,EUR
US0537741052,CUCA,"AVIS BUDGET GROUP  DL-,01",Xetra,CUCA.DE,stock,EUR
LU2368674631,CUIK,AIS-AMUISPAU DR EOD,Xetra,CUIK.DE,etf,EUR
US2310211063,CUM,"CUMMINS INC.      DL 2,50",Xetra,CUM.DE,stock,EUR
IE000B9PQW54,CURE,VANECK-GEON.+HEALTHC.1DLA,Xetra,CURE.DE,etf,EUR
US1468691027,CV0,CARVANA CO.,Xetra,CV0.DE,stock,EUR
US1266501006,CVS,"CVS HEALTH CORP.   DL-,01",Xetra,CVS.DE,stock,EUR
DE0005403901,CWC,CEWE STIFT.KGAA  O.N.,Xetra,CWC.DE,stock,EUR
US16359R1032,CXM,CHEMED CORP.         DL 1,Xetra,CXM.DE,stock,EUR
US1264081035,CXR,CSX CORP.            DL 1,Xetra,CXR.DE,stock,EUR
US1713401024,CXU,CHURCH + DWIGHT CO. DL 1,Xetra,CXU.DE,stock,EUR
US1890541097,CXX,CLOROX CO.           DL 1,Xetra,CXX.DE,stock,EUR
DE000A2AAE22,CY1K,SBF AG,Xetra,CY1K.DE,stock,EUR
DE000A2E4SV8,CYR,CYAN AG  INH O.N.,Xetra,CYR.DE,stock,EUR
BGCZPX003174,CZX,EXPAT CZECH PX UCITS ETF,Xetra,CZX.DE,etf,EUR
LU1650492256,D100,MUL-A.C.FTSE100 SWAP ETFD,Xetra,D100.DE,etf,EUR
IE000BWITBP9,D26A,ISHSV IBD26TDLC DLA,Xetra,D26A.DE,etf,EUR
DK0060094928,D2G,ORSTED A/S          DK 10,Xetra,D2G.DE,stock,EUR
US26441C2044,D2MN,"DUKE EN.CORP.    DL -,001",Xetra,D2MN.DE,stock,EUR
IE00BYML9W36,D500,INVESCOMI S+P 500 DIST A,Xetra,D500.DE,etf,EUR
LU0468896575,D5BB,XTR.II GER.GOV.BD 1D,Xetra,D5BB.DE,etf,EUR
LU0468897110,D5BC,XTR.II GER.GOV.BD 1-3 1D,Xetra,D5BC.DE,etf,EUR
LU0429458895,D5BE,XTR.II US TREAS.1-3 1D,Xetra,D5BE.DE,etf,EUR
LU0478205379,D5BG,XTR.II EUR CORP.BD 1C,Xetra,D5BG.DE,etf,EUR
LU0476289540,D5BH,XTR.MSCI CANADA SCR.1C,Xetra,D5BH.DE,etf,EUR
LU0476289466,D5BI,XTR.MSCI MEXICO 1C,Xetra,D5BI.DE,etf,EUR
LU0489337690,D5BK,XTR.FTSE DEV.EUR.R.EST.1C,Xetra,D5BK.DE,etf,EUR
LU0486851024,D5BL,XTR.MSCI EUROPE VAL. 1C,Xetra,D5BL.DE,etf,EUR
LU0490618542,D5BM,XTRACK.S+P 500 SWAP UE 1C,Xetra,D5BM.DE,etf,EUR
IE000FP52WM7,D6AT,GL X ETF-GXDISRMA DLA,Xetra,D6AT.DE,etf,EUR
US2041661024,D6I,"COMMVAULT SYS INC  DL-,01",Xetra,D6I.DE,stock,EUR
DE000ETFL599,D6RA,DK.M.EO C.C.C.E.CTB UE,Xetra,D6RA.DE,etf,EUR
DE000ETFL607,D6RD,DEKA FUT.ENER.ESG UE,Xetra,D6RD.DE,etf,EUR
DE000ETFL615,D6RE,DEKA IBX M.ESG EO C.GR.BD,Xetra,D6RE.DE,etf,EUR
DE000ETFL623,D6RH,DEKA NASDAQ-100 UCITS ETF,Xetra,D6RH.DE,etf,EUR
DE000ETFL631,D6RI,DEKA S+P 500 UCITS ETF,Xetra,D6RI.DE,etf,EUR
DE000ETFL649,D6RJ,DEKA ACTIVE EUR HIGH YLD,Xetra,D6RJ.DE,etf,EUR
DE000ETFL581,D6RP,DEKA MSCI WOR.C.C.CTB ESG,Xetra,D6RP.DE,etf,EUR
DE000ETFL573,D6RQ,DEKA MS.USA CL.CH.CTB ESG,Xetra,D6RQ.DE,etf,EUR
DE000ETFL565,D6RR,DEKA MSCI EU.C.CH.CTB ESG,Xetra,D6RR.DE,etf,EUR
DE000ETFL557,D6RS,DEKA MSCI EMU C.CH.CTB UE,Xetra,D6RS.DE,etf,EUR
DE000ETFL540,D6RT,DEKA MSCI G.CL.CH.ESG CTB,Xetra,D6RT.DE,etf,EUR
DE000ETFL664,D6RU,DEKA EUROPE DEF.UCITS ETF,Xetra,D6RU.DE,etf,EUR
DE000A3DW408,D77,DN GROUP AG NA O.N.,Xetra,D77.DE,stock,EUR
DE0005498901,DAM,DATA MODUL AG O.N.,Xetra,DAM.DE,stock,EUR
US2358511028,DAP,"DANAHER CORP.      DL-,01",Xetra,DAP.DE,stock,EUR
DE000A0V9LA7,DAR,DATRON AG INH.O.N.,Xetra,DAR.DE,stock,EUR
IE00BMDKNW35,DAVV,VNEV-CR.BL.INN.,Xetra,DAVV.DE,etf,EUR
DE0005810055,DB1,DEUTSCHE BOERSE NA O.N.,Xetra,DB1.DE,stock,EUR
DE000A1TNUT7,DBAN,DT.BETEILIG.AG   NA O.N.,Xetra,DBAN.DE,stock,EUR
DE0005140008,DBK,DEUTSCHE BANK AG NA O.N.,Xetra,DBK.DE,stock,EUR
LU2951555585,DBMF,IMGP-DBI MA.FU.RETFDLD,Xetra,DBMF.DE,etf,USD
LU0411075020,DBPD,XTR.SHORTDAX X2 DA.SW. 1C,Xetra,DBPD.DE,etf,EUR
LU0411075376,DBPE,XTR.LEVDAX DA.SWAP 1C,Xetra,DBPE.DE,etf,EUR
LU0411078552,DBPG,XTR.S+P 500 2X L.D.S. 1C,Xetra,DBPG.DE,etf,EUR
LU0411078636,DBPK,XTR.S+P500 2XINV.D.SW. 1C,Xetra,DBPK.DE,etf,EUR
IE000EOFR2K5,DBUS,IS6SP500DBETF DLA,Xetra,DBUS.DE,etf,EUR
FR0010417345,DBV,"DBV TECHNOLOGIES  EO -,10",Xetra,DBV.DE,stock,EUR
LU0292108619,DBX3,X.MSCIEMLASW 1C,Xetra,DBX3.DE,etf,EUR
LU0292109187,DBX5,XTR.MSCI TAIWAN 1C,Xetra,DBX5.DE,etf,EUR
LU0292109690,DBX7,XTR.NIFTY 50 SWAP 1C,Xetra,DBX7.DE,etf,EUR
LU0292100046,DBX8,XTR.MSCI KOREA 1C,Xetra,DBX8.DE,etf,EUR
LU0292109856,DBX9,XTR.MSCI CHINA A U.ETF 1C,Xetra,DBX9.DE,etf,EUR
LU0274211480,DBXD,XTR.DAX 1C,Xetra,DBXD.DE,etf,EUR
LU0290357507,DBXF,XTR.II EUR.GOV.BD15-30 1C,Xetra,DBXF.DE,etf,EUR
LU0290357846,DBXG,XTR.II EURZ.GOV.BD 25+ 1C,Xetra,DBXG.DE,etf,EUR
LU0274212538,DBXI,XTR.FTSE MIB 1D,Xetra,DBXI.DE,etf,EUR
LU0274209740,DBXJ,XTR.MSCI JAPAN 1C,Xetra,DBXJ.DE,etf,EUR
LU0290356871,DBXP,XTR.II EUROZ.GOV.BD1-3 1C,Xetra,DBXP.DE,etf,EUR
LU0290356954,DBXQ,XTR.II EURZ.GOV.BD 3-5 1C,Xetra,DBXQ.DE,etf,EUR
LU0274208692,DBXW,XTR.MSCI WORLD SWAP 1C,Xetra,DBXW.DE,etf,EUR
LU0378818131,DBZB,XTR.II GBL GOV.BD 1CEOH,Xetra,DBZB.DE,etf,EUR
US2521311074,DC4,"DEXCOM INC.       DL-,001",Xetra,DC4.DE,stock,EUR
US2441991054,DCO,DEERE CO.            DL 1,Xetra,DCO.DE,stock,EUR
US25809K1051,DD2,"DOORDASH INC.CL.A -,00001",Xetra,DD2.DE,stock,EUR
IE00BLR6QB00,DDOC,GL X-TLM.DI.H. DLA,Xetra,DDOC.DE,etf,EUR
LU1681046691,DE5A,AIS-AM.E.G.H.R.I.G. UEEOA,Xetra,DE5A.DE,etf,EUR
IE00BHJYDV33,DEAM,INVESCOM2 MDAX A,Xetra,DEAM.DE,etf,EUR
LU2240851688,DECD,AIS-MSCI EMU SCR.UE UHEOA,Xetra,DECD.DE,etf,EUR
LU1737653987,DECR,AIS-A.EO CRP.BD ESG UEDRD,Xetra,DECR.DE,etf,EUR
DE000A13SUL5,DEF,DEFAMA AG,Xetra,DEF.DE,stock,EUR
IE000XKK4AV2,DEGA,DIM.-US C.EQ.M. DLA,Xetra,DEGA.DE,etf,EUR
IE0002YHUWS3,DEGB,GL.EX US C.EQ. DLA,Xetra,DEGB.DE,etf,EUR
IE000EGGFVG6,DEGC,DIM.GL.C.EQ. DLA,Xetra,DEGC.DE,etf,EUR
IE000S67ID55,DEGT,DIM.GL.TAR.VA. DLA,Xetra,DEGT.DE,etf,EUR
IE00B4QNHH68,DEL2,L+G-L+G DAX DAI.2L.EUETFA,Xetra,DEL2.DE,etf,EUR
IE00BKLTRN76,DELF,L+G MSCI EUR.SEL.U.ETF EO,Xetra,DELF.DE,etf,EUR
IE00BKLWY790,DELG,LG ETF-US ESG PA.AL.DLA,Xetra,DELG.DE,etf,EUR
DE0007480204,DEQ,DEUTSCHE EUROSHOP NA O.N.,Xetra,DEQ.DE,stock,EUR
IE00B4QNHZ41,DES2,L+G-L+G DAX D.2X SH.EEOA,Xetra,DES2.DE,etf,EUR
DE0005146807,DEX,DELTICOM AG  NA O.N.,Xetra,DEX.DE,stock,EUR
DE0006305006,DEZ,DEUTZ AG O.N.,Xetra,DEZ.DE,stock,EUR
IE000IR2DEM6,DFCU,ISHS V-US AE.DE DLA,Xetra,DFCU.DE,etf,USD
IE000YYE6WK5,DFEN,VANECKETFSDFNS ADLA,Xetra,DFEN.DE,etf,EUR
IE000IAXNM41,DFNC,IS5-EUR.DEF.E. EOA,Xetra,DFNC.DE,etf,EUR
LU1686832277,DFOB,AIS AMU EUR GOV25+ ETFD,Xetra,DFOB.DE,etf,EUR
LU2082997359,DFOP,MUF-AM.STXX EO600C.ST.UED,Xetra,DFOP.DE,etf,EUR
IE0008GRJRO8,DFSV,SS SPDR SP EU D.V.UH.EOA,Xetra,DFSV.DE,etf,EUR
DE000A2AA204,DFTK,DF DT.FORFAIT AG  NA O.N.,Xetra,DFTK.DE,stock,EUR
US1508701034,DG3,"CELANESE CORP. DL-,0001",Xetra,DG3.DE,stock,EUR
DE0005533400,DGR,DT.GRUNDST.AUKT.AG,Xetra,DGR.DE,stock,EUR
IE000X7DRW38,DGXU,WTI-GL.EXUS EOA,Xetra,DGXU.DE,etf,EUR
US2333311072,DGY,DTE EN. CO.,Xetra,DGY.DE,stock,EUR
DE000A41YH12,DHE1,DELIVERY HERO SE NA VERK.,Xetra,DHE1.DE,stock,EUR
DE000A2E4K43,DHER,DELIVERY HERO SE NA O.N.,Xetra,DHER.DE,stock,EUR
DE0005552004,DHL,DHL AG,Xetra,DHL.DE,stock,EUR
DE0005580005,DIE,DIERIG HOLDING AG O.N.,Xetra,DIE.DE,stock,EUR
IE000JY1X8B3,DIGG,L.U.-B.V.D.W.I.UE DLD,Xetra,DIGG.DE,etf,EUR
FR0000130403,DIO,CHRISTIAN DIOR INH.  EO 2,Xetra,DIO.DE,stock,EUR
LU1407890620,DJAD,MUL-AMUN US TREAS ETF DIS,Xetra,DJAD.DE,etf,EUR
FR0007056841,DJAM,AMU DJ INDL AV.U.ETF DIS.,Xetra,DJAM.DE,etf,EUR
DE000A14KRD3,DKG,DT.KONSUM REAL EST.AG,Xetra,DKG.DE,stock,EUR
DE000A0MZ4B0,DLX,DELIGNIT AG      INH.O.N.,Xetra,DLX.DE,stock,EUR
NL0009434992,DLY,"LYONDELLBAS.IND.A EO -,04",Xetra,DLY.DE,stock,EUR
DE000A2GS5D8,DMP,DERMAPHARM HLDG INH O.N.,Xetra,DMP.DE,stock,EUR
DE000A0XFSF0,DMRE,DEMIRE DT.MTS.RE AG,Xetra,DMRE.DE,stock,EUR
US2435371073,DO2,"DECKERS OUTDOOR    DL-,01",Xetra,DO2.DE,stock,EUR
US25746U1097,DOD,DOMINION ENERGY INC.,Xetra,DOD.DE,stock,EUR
IE000P2CI9P3,DOME,ISHS 2-E.D.F.E. EOA,Xetra,DOME.DE,etf,EUR
DE000BEAU1Y4,DOU,DOUGLAS AG  NA O.N.,Xetra,DOU.DE,stock,EUR
DK0010244425,DP4A,A.P.MOELL.-M.NAM A DK1000,Xetra,DP4A.DE,stock,EUR
DK0010244508,DP4B,A.P.MOELL.-M.NAM B DK1000,Xetra,DP4B.DE,stock,EUR
US49271V1008,DP5,"KEURIG DR PEPPER   DL-,01",Xetra,DP5.DE,stock,EUR
IE00BF92J153,DPGA,L+G U.ETF-L+G DI.PA.E.DLA,Xetra,DPGA.DE,etf,EUR
DE000A0XYG76,DR0,DT.ROHSTOFF AG NA O.N.,Xetra,DR0.DE,stock,EUR
IE00BMH5YR69,DR7E,GL X ETF-GXAUTELV DLA,Xetra,DR7E.DE,etf,EUR
IE000CEUZ052,DRAM,DEFI.MEMORY E. DLA,Xetra,DRAM.DE,etf,EUR
IE000F472DU7,DRGE,LG E.C.CNY B.E. EOD,Xetra,DRGE.DE,etf,EUR
IE00BLRPQL76,DRGN,LG E.C.CNY B.E. DLD,Xetra,DRGN.DE,etf,EUR
IE0003XW12I8,DRON,HANETF 2-DEF.DRONE UE DLA,Xetra,DRON.DE,etf,EUR
IE000F4W1QI5,DRTD,WT-DE.DE.R.A.EO EOD,Xetra,DRTD.DE,etf,EUR
IE0005VCFMG0,DRTN,WT-DEF.R.AU.EO EOD,Xetra,DRTN.DE,etf,EUR
LU2023678282,DRUP,AMUNDI GL.MEM.CHIPS UEDLA,Xetra,DRUP.DE,etf,EUR
DE0005550636,DRW3,DRAEGERWERK VZO O.N.,Xetra,DRW3.DE,stock,EUR
DE0005550602,DRW8,DRAEGERWERK ST.A.O.N.,Xetra,DRW8.DE,stock,EUR
US2561631068,DS3,"DOCUSIGN INC    DL-,0001",Xetra,DS3.DE,stock,EUR
DK0060079531,DS81,DSV AKTIER           DK 1,Xetra,DS81.DE,stock,EUR
US2533931026,DSG,"DICK'S SPORTING    DL-,01",Xetra,DSG.DE,stock,EUR
DK0010274414,DSN,DANSKE BK   NAM.    DK 10,Xetra,DSN.DE,stock,EUR
FR0014003TT8,DSYA,"DASSAULT SYS SE INH.EO0,1",Xetra,DSYA.DE,stock,EUR
US2567461080,DT3,"DOLLAR TREE INC.   DL-,01",Xetra,DT3.DE,stock,EUR
DE0001262152,DTD2,B+S BANKSYSTEME AG O.N.,Xetra,DTD2.DE,stock,EUR
DE0005557508,DTE,DT.TELEKOM AG NA,Xetra,DTE.DE,stock,EUR
DE000DTR0CK8,DTG,DAIMLER TRUCK HLDG NA ON,Xetra,DTG.DE,stock,EUR
IE000Z5YU8X3,DTNE,ISH US LC M.B.D. DLA,Xetra,DTNE.DE,etf,EUR
DE0005565204,DUE,DUERR AG O.N.,Xetra,DUE.DE,stock,EUR
US02043Q1076,DUL,"ALNYLAM PHARMACE.DL-,0001",Xetra,DUL.DE,stock,EUR
IE000IMGE5W5,DVDE,FTFREQUALDIVETF EO ACC,Xetra,DVDE.DE,etf,EUR
IE000ZZJ48Q0,DVDG,FT-FRGLEQSRIETF CLDLA,Xetra,DVDG.DE,etf,EUR
IE000HSER094,DVDU,FT IC.FR.US DIV DLA,Xetra,DVDU.DE,etf,EUR
US92333F1012,DW3,VENTURE GLOBAL  A O.N.,Xetra,DW3.DE,stock,EUR
US6174464486,DWD,"MORGAN STANLEY     DL-,01",Xetra,DWD.DE,stock,EUR
IE000CVOSY02,DWLD,FT-FTSE DEV W. CL-DLA,Xetra,DWLD.DE,etf,EUR
DE000A0HN5C6,DWNI,DEUTSCHE WOHNEN SE INH,Xetra,DWNI.DE,stock,EUR
DE000DWS1007,DWS,DWS GROUP GMBH+CO.KGAA ON,Xetra,DWS.DE,stock,EUR
LU0322250712,DX2D,XTR.LPX PRIV.EQU.SWAP 1C,Xetra,DX2D.DE,etf,EUR
LU0322253229,DX2E,XTR.S+P GBL INFR.SWAP 1C,Xetra,DX2E.DE,etf,EUR
LU0322250985,DX2G,XTR.CAC 40 1D,Xetra,DX2G.DE,etf,EUR
LU0322253732,DX2I,XTR.MSCI EURO.SCR.1C,Xetra,DX2I.DE,etf,EUR
LU0328474803,DX2S,XTR.S+P ASX 200 1D,Xetra,DX2S.DE,etf,EUR
LU0328476410,DX2Z,XTR.S+P SEL.FRONT.SWAP 1C,Xetra,DX2Z.DE,etf,EUR
LU2755521270,DXPJ,XT.MSCIPEXJP 1D,Xetra,DXPJ.DE,etf,EUR
LU0322248146,DXS0,XTR.SLI 1D,Xetra,DXS0.DE,etf,EUR
LU0321464652,DXS1,XTR.II GBP OV.RATE SW. 1D,Xetra,DXS1.DE,etf,EUR
LU0322251520,DXS3,XTR.S+P 500 IN.DA.SW. 1C,Xetra,DXS3.DE,etf,EUR
LU0322252338,DXS6,XT.MSCIPEXJP 1C,Xetra,DXS6.DE,etf,EUR
LU0292095535,DXSA,XTR.EO STOXX QUAL.DIV.1D,Xetra,DXSA.DE,etf,EUR
LU0292100806,DXSC,XTR.MSCIEUMT 1C,Xetra,DXSC.DE,etf,EUR
LU0292103222,DXSE,XTR.MSCIEUHLTHC 1C,Xetra,DXSE.DE,etf,EUR
LU0292104030,DXSG,XTR.MSCIECMSVCS 1C,Xetra,DXSG.DE,etf,EUR
LU0292105359,DXSK,XTR.MSCIECSTPLS 1C,Xetra,DXSK.DE,etf,EUR
LU0292106084,DXSL,XTR-MSCIEUINDLS 1C,Xetra,DXSL.DE,etf,EUR
LU0292106241,DXSN,XTR.SHORTDAX DAILY SW. 1C,Xetra,DXSN.DE,etf,EUR
LU0292106753,DXSP,XTR.EU.ST.50 SH.DA.SW. 1C,Xetra,DXSP.DE,etf,EUR
US2674751019,DYI,"DYCOM INDS INC.   DL-,333",Xetra,DYI.DE,stock,EUR
IE000BVD0KE7,DYLD,GL.X DAX CO.CA EOD,Xetra,DYLD.DE,etf,EUR
IE000LOAUP03,DZEU,HE2-DZB E.S.50 U.E. EOA,Xetra,DZEU.DE,etf,EUR
IE0003FHAKK4,DZGB,HEI-DESA13UE EOA,Xetra,DZGB.DE,etf,EUR
IE000B5MAME7,DZMU,HE2-DZB M.W.U.E. DLA,Xetra,DZMU.DE,etf,USD
IE000B5MAME7,DZMW,HE2-DZB M.W.U.E. DLA,Xetra,DZMW.DE,etf,EUR
IE000DN1DKF8,DZUS,HE2-DZB SP500UE DLA,Xetra,DZUS.DE,etf,EUR
IE000DN1DKF8,DZUU,HE2-DZB SP500UE DLA,Xetra,DZUU.DE,etf,USD
US29355A1079,E0P,"ENPHASE ENERGY INC.DL-,01",Xetra,E0P.DE,stock,EUR
IE000JLXYKJ8,E0UA,IEOG B 0-3 M E. EOA,Xetra,E0UA.DE,etf,EUR
LU2090062782,E15G,MUL AMU E GOB15+ ETF DIST,Xetra,E15G.DE,etf,EUR
LU1650491795,E15H,MUL AMUN GOV INFL ETF DIS,Xetra,E15H.DE,etf,EUR
US2787681061,E20,"ECHOSTAR CORP. A DL -,001",Xetra,E20.DE,stock,EUR
FR0010221234,E3B,EUTELSAT COMMS       EO 1,Xetra,E3B.DE,stock,EUR
US29414B1044,E3M,"EPAM SYSTEMS INC. DL-,001",Xetra,E3M.DE,stock,EUR
US30212P3038,E3X1,"EXPEDIA GRP INC. DL-,0001",Xetra,E3X1.DE,stock,EUR
DE0005854343,E4C,ECOTEL COMMUNICATION AG,Xetra,E4C.DE,stock,EUR
IE00BRKWGL70,E500,INVESCOMI S+P500 EUR HDG,Xetra,E500.DE,etf,EUR
US26969P1084,E5M,"EAGLE MATLS       DL -,01",Xetra,E5M.DE,stock,EUR
IE000XSFZL82,E600,ISH-STOX.EU 600 EOA,Xetra,E600.DE,etf,EUR
IE00BMH5XY61,E61Z,GL XETF-GLXECOM DLA,Xetra,E61Z.DE,etf,EUR
LU2082996385,E6BR,MUL-AMUN ST600 RESOU ETFD,Xetra,E6BR.DE,etf,EUR
US00766T1007,E6Z,"AECOM             DL -,01",Xetra,E6Z.DE,stock,EUR
US45579U1097,E7P,INDIVIOR PHARMAC. O.N.,Xetra,E7P.DE,stock,EUR
US21037T1097,E7S,CONSTELLATION ENERGY,Xetra,E7S.DE,stock,EUR
DE000ETF9033,E903,AMUNDI-A.DIVDAX2 U.E.DIST,Xetra,E903.DE,etf,EUR
DE000ETF9074,E907,AMUNDI-A.MDAX ESG2 UE DIS,Xetra,E907.DE,etf,EUR
DE000ETF9082,E908,AMUNDI-A.TECDAX U.E. DIST,Xetra,E908.DE,etf,EUR
DE000ETF9090,E909,AMUNDI-A.DAX50ESG2 UE DIS,Xetra,E909.DE,etf,EUR
DE000ETF9603,E960,AMUNDI-A.ST.EO600ESG2 DIS,Xetra,E960.DE,etf,EUR
LU2825556892,EAAA,ALPHA-FOACFD UCITSETFEOA,Xetra,EAAA.DE,etf,EUR
LU2130768844,EABE,AIS-AMECPAUE EOA,Xetra,EABE.DE,etf,EUR
US2774321002,EAC,"EASTMAN CHEM. CO.  DL-,01",Xetra,EAC.DE,stock,EUR
LU2356220926,EAH,MUL AMU GO GREENB ETF ACC,Xetra,EAH.DE,etf,EUR
US2786421030,EBA,"EBAY INC.         DL-,001",Xetra,EBA.DE,stock,EUR
DE0005220008,EBK,ENBW ENERGIE BAD.-WUE. ON,Xetra,EBK.DE,stock,EUR
LU3322521785,EBND,AB I-EO C.B.P. U.ETFEOA,Xetra,EBND.DE,etf,EUR
AT0000652011,EBO,ERSTE GROUP BNK INH. O.N.,Xetra,EBO.DE,stock,EUR
LU2023678878,EBUY,MUL-A.MSCI DIG.ECONO. DLA,Xetra,EBUY.DE,etf,EUR
IE000ESLTCW9,EBXA,IMII-EUR.G.B710 EOA,Xetra,EBXA.DE,etf,EUR
BGCROEX03189,ECDC,EXPAT CROAT.CROBEX UCITS,Xetra,ECDC.DE,etf,EUR
DE000A12UK08,ECF,MOUNTAIN ALLIANCE NA O.N.,Xetra,ECF.DE,stock,EUR
US2788651006,ECJ,ECOLAB INC.          DL 1,Xetra,ECJ.DE,stock,EUR
IE00BNC1F287,ECLM,HANETF-GU.SUS.EN.UETF DLA,Xetra,ECLM.DE,etf,EUR
IE00021E4FE3,ECMA,INVESCOM2-EUR COR B ESG A,Xetra,ECMA.DE,etf,EUR
IE000MUAJIF4,ECMD,INVESCOM2-EURCBESG SHORTD,Xetra,ECMD.DE,etf,EUR
IE0006LBEDV2,ECMF,INVESCOM2-EUR COR B ESG D,Xetra,ECMF.DE,etf,EUR
IE000PA766T7,ECMS,INVESCOM2-EURCBESG SHORTD,Xetra,ECMS.DE,etf,EUR
LU2300294316,ECR1,AIS-A.EO C.BD0-1Y E.UEDRC,Xetra,ECR1.DE,etf,EUR
LU2037748774,ECR3,AIS-A.EO C.BD0-3ESG UEDRC,Xetra,ECR3.DE,etf,EUR
IE000U3XZQN5,ECTA,EUR.CL.T.AWARE EOA,Xetra,ECTA.DE,etf,EUR
IE000ZQF1PE1,ECTD,EUR.CL.T.AWARE EOD,Xetra,ECTD.DE,etf,EUR
IE000WRQ9RR1,ED3F,GL.X-EUR.DE.TE. EOA,Xetra,ED3F.DE,etf,EUR
CH0303692047,ED4,"EDAG ENGINEERING G.SF-,04",Xetra,ED4.DE,stock,EUR
US2091151041,EDC,CONSOLIDATED EDISON,Xetra,EDC.DE,stock,EUR
LU2823895250,EDE0,GL.A.B.SRI F.F. U.ETFDLA,Xetra,EDE0.DE,etf,USD
LU3086264317,EDE2,BNPPE-MS.EM.E.C DLA,Xetra,EDE2.DE,etf,USD
LU2993390843,EDEA,BNPP E.SP500 2 U.ETFEOA,Xetra,EDEA.DE,etf,EUR
LU2993390686,EDEC,BNPP E.SP500 2 U.ETFDLD,Xetra,EDEC.DE,etf,USD
LU2993390769,EDED,BNPP E.SP500 2 U.ETF HEOA,Xetra,EDED.DE,etf,EUR
LU2993390504,EDEE,BNPP E.SP500 2 U.ETFDLA,Xetra,EDEE.DE,etf,USD
LU3047998979,EDEF,BNPPESYBBGEUDEF U.ETFEOD,Xetra,EDEF.DE,etf,EUR
LU3025345516,EDEG,BNPPE-EUR OVERNIGHT EOA,Xetra,EDEG.DE,etf,EUR
LU2993401392,EDEH,BNPPE-A.ENGL.HY U.ETFDLA,Xetra,EDEH.DE,etf,EUR
LU2993397939,EDEI,BNPPE-A.E.DL C.BD UETFDLA,Xetra,EDEI.DE,etf,EUR
LU2993402101,EDEJ,BNPPE-ALPH.ENH.EUR UEEOA,Xetra,EDEJ.DE,etf,EUR
LU2993394241,EDEK,BNPPE-ALPH.ENH.C.BD UEEOA,Xetra,EDEK.DE,etf,EUR
LU3086265710,EDEL,BNPPE-MSCI ACWI U.ETFDLA,Xetra,EDEL.DE,etf,USD
LU3086273813,EDEM,BNPPE-MSCI EM. U.ETFDLA,Xetra,EDEM.DE,etf,USD
LU3025346910,EDEN,BNPPE-JPMTILEMU1-10YUEEOA,Xetra,EDEN.DE,etf,EUR
LU3086271106,EDEP,BNPPE-MSCI W.2 U.ETFDLA,Xetra,EDEP.DE,etf,USD
LU3086268227,EDEQ,BNPPE-ESGENHEMU U.ETFDLA,Xetra,EDEQ.DE,etf,EUR
LU2993401392,EDER,BNPPE-A.ENGL.HY U.ETFDLA,Xetra,EDER.DE,etf,USD
LU2993397939,EDES,BNPPE-A.E.DL C.BD UETFDLA,Xetra,EDES.DE,etf,USD
LU3025345789,EDET,BNPPE-EO OVERNGHT UETFEOD,Xetra,EDET.DE,etf,EUR
LU1615090864,EDEU,BNPPE-DIVIDEND EUROPE C,Xetra,EDEU.DE,etf,EUR
LU3086262709,EDEV,BNPPE-JTEGBDIG7-10UEEOA,Xetra,EDEV.DE,etf,EUR
LU3086267096,EDEW,BPE-BB U.TR.1-3 U.ETFDLA,Xetra,EDEW.DE,etf,USD
LU3086268573,EDEX,BPE-MSCI EUR. U.ETFEOA,Xetra,EDEX.DE,etf,EUR
LU3086269894,EDEY,BPE-MSCI JP U.ETFEOA,Xetra,EDEY.DE,etf,EUR
LU3086272419,EDEZ,BPE-BB US TR. U.ETFDLA,Xetra,EDEZ.DE,etf,USD
LU3038520774,EDFS,AIS-STXX EU DEF U.ETFEOA,Xetra,EDFS.DE,etf,EUR
FR0014018VJ3,EDHE,AMMSCIEMUHDI DEOD,Xetra,EDHE.DE,etf,EUR
DE0005649503,EDL,EDEL SE+CO.KGAA INH O.N.,Xetra,EDL.DE,stock,EUR
IE00BHZPJ239,EDM2,ISHSIV-M.EM ESG ENH.CTB A,Xetra,EDM2.DE,etf,EUR
IE00BHZPJ015,EDM4,ISHS4-MSCI ECEE UETF EOA,Xetra,EDM4.DE,etf,EUR
IE00BHZPJ783,EDM6,ISHS4 MSCIEURCTBEE UE EOA,Xetra,EDM6.DE,etf,EUR
IE00008UMP12,EDMB,ISHS3-USEQHINE HGDEOA,Xetra,EDMB.DE,etf,EUR
IE00BHZPJ452,EDMJ,ISHS4-MSCIJP CEE UETF A,Xetra,EDMJ.DE,etf,EUR
IE00BHZPJ908,EDMU,ISHS4 MSCIUSACTBEE UE DLA,Xetra,EDMU.DE,etf,EUR
IE00BHZPJ569,EDMW,ISHS4-MSCI WLD CEE UETF A,Xetra,EDMW.DE,etf,EUR
LU3405561609,EEA0,B.E.-GL.EQ.L/S U.E.RHEOA,Xetra,EEA0.DE,etf,USD
LU3215533467,EEA1,B.P.E.-MSC.CN A U.ETFDLA,Xetra,EEA1.DE,etf,USD
LU2446383254,EEA3,BNPPE-EO CB SP 1-3Y UEEOA,Xetra,EEA3.DE,etf,EUR
LU0950381748,EEAA,BNPPE.-F.E./N.E.C.UECEO,Xetra,EEAA.DE,etf,EUR
LU3243907741,EEAB,BNPPE-MSCI ACWI U.ETFEOA,Xetra,EEAB.DE,etf,EUR
LU3250315499,EEAC,GL.A.B.SRI F.F. U.ETFEOA,Xetra,EEAC.DE,etf,EUR
LU3257630510,EEAD,BNPPE-MS.EM.E.C U.ETFEOA,Xetra,EEAD.DE,etf,EUR
LU3257630437,EEAE,BNPP EA-MSCI EM U.ETFEOA,Xetra,EEAE.DE,etf,EUR
LU3173209654,EEAF,BNPPE-MSCI W.2 U.ETFEOA,Xetra,EEAF.DE,etf,EUR
LU3215536486,EEAG,BNPP EA-MSCIEMU U.ETFEOA,Xetra,EEAG.DE,etf,EUR
LU3086271288,EEAH,BNPPE-MSCI W.2 U.ETFDLD,Xetra,EEAH.DE,etf,USD
LU3215529275,EEAI,BNPPEBBGUST3-7 U.ETFDLA,Xetra,EEAI.DE,etf,USD
LU3215530521,EEAJ,BNPPEBBGUST7-10 U.ETFDLA,Xetra,EEAJ.DE,etf,USD
LU3215539589,EEAK,BPEJPMETGBIG0-1 U.ETFEOA,Xetra,EEAK.DE,etf,EUR
LU3215538003,EEAM,JPM GL.G.BD IG U.ETFEOA,Xetra,EEAM.DE,etf,EUR
LU3215527659,EEAP,B.P.E-MS.W.X US U.ETFDLA,Xetra,EEAP.DE,etf,USD
LU3256186639,EEAR,B.P.E-MS.W.X US U.ETFEOA,Xetra,EEAR.DE,etf,EUR
LU3307220965,EEAS,B.E.-GL.EQ.L/S U.ETFEOA,Xetra,EEAS.DE,etf,EUR
LU3307215619,EEAT,B.E.-E.E.B.J.26 U.ETFEOA,Xetra,EEAT.DE,etf,EUR
LU3307218399,EEAU,B.E.-MAN.FUT. U.ETFEOA,Xetra,EEAU.DE,etf,EUR
LU3307219520,EEAV,B.E.-EQ.PRE.IN. U.ETFEOA,Xetra,EEAV.DE,etf,EUR
LU3307219793,EEAW,B.E.-EQ.PRE.IN. U.ETFEOD,Xetra,EEAW.DE,etf,EUR
LU3307215700,EEAX,B.E.-E.E.B.J.26 U.ETFEOD,Xetra,EEAX.DE,etf,EUR
LU3307214216,EEAY,BPE-M.W.X U.M.T U.ETFDLA,Xetra,EEAY.DE,etf,USD
LU3351069201,EEAZ,BPE-M.W.X U.M.T U.ETFEOA,Xetra,EEAZ.DE,etf,EUR
IE000GVBJMO6,EEGF,ERSTE ETF GLOBAL EQ.,Xetra,EEGF.DE,etf,EUR
LU2008763935,EEPG,BNP PE-F.E/N D.EO G.U.ETF,Xetra,EEPG.DE,etf,EUR
LU1291101555,EESM,BNPPE-MS.EU.SC PAB UECE,Xetra,EESM.DE,etf,EUR
LU1291099718,EEUX,BNPPE-MSCI EUR.X CW UECEO,Xetra,EEUX.DE,etf,EUR
FR0000130452,EF3,EIFFAGE SA INH.      EO 4,Xetra,EF3.DE,stock,EUR
DE000A41YCR9,EFF0,DT.EFF.U.WECH.-BET.G.,Xetra,EFF0.DE,stock,EUR
DE000ETFL383,EFQ8,DK IBOXX EO L.NON-FI.DIV.,Xetra,EFQ8.DE,etf,EUR
DE000ETFL656,EFQA,DEKA FUT.WATER ESG UC.ETF,Xetra,EFQA.DE,etf,EUR
IE000NVM56L3,EFRB,IS2-EO.F.R.BD AD.ETF EOA,Xetra,EFRB.DE,etf,EUR
IE00BF5GB717,EFRN,IS2-EO.F.R.BD AD.ETF EOD,Xetra,EFRN.DE,etf,EUR
IE000DVLBQ03,EFRW,ISHS3-SP500EQWE HGD(EOA,Xetra,EFRW.DE,etf,EUR
US29358P1012,EGB,"ENSIGN GROUP INC. DL-,001",Xetra,EGB.DE,stock,EUR
IE000OVF8Q66,EGEE,ISHS3-EM.MK.EQ.EN.A.DLA,Xetra,EGEE.DE,etf,EUR
LU2244387887,EGRE,BNPPE-GROWTH EUROPE EOA,Xetra,EGRE.DE,etf,EUR
LU2082997946,EGV1,MUL-AMUN ST600 INSU ETF D,Xetra,EGV1.DE,etf,EUR
LU2082999306,EGV2,MUL-AM.SM.OVERN.RET.UETFD,Xetra,EGV2.DE,etf,EUR
LU1650487926,EGV3,MUL AMU E GOB1-3 ETF DIST,Xetra,EGV3.DE,etf,EUR
LU1650488817,EGV5,MUL AMU E GOB3-5 ETF DIST,Xetra,EGV5.DE,etf,EUR
LU2090062865,EGV7,MUL AMU E GOB5-7 ETF DIST,Xetra,EGV7.DE,etf,EUR
IE0007BT2BH8,EGVA,INVESCOM2-EUR GOV GREEN A,Xetra,EGVA.DE,etf,EUR
IE0008SEV3B2,EGVD,INVESCOM2-EUR GOV GREEN D,Xetra,EGVD.DE,etf,EUR
IE00BG0J4B71,EH1Y,ISHSIII-IS HY C.BD DEOD,Xetra,EH1Y.DE,etf,EUR
IE00BKWD3B81,EHBA,INVESCOM2 EUR CORPHYBBOND,Xetra,EHBA.DE,etf,EUR
IE00BKWD3966,EHBD,INVESCOM2 EUR CORPHYBBOND,Xetra,EHBD.DE,etf,EUR
IE00BYYXBF44,EHDL,INVESCOM3 FT EM HD LV A,Xetra,EHDL.DE,etf,EUR
IE00BZ4BMM98,EHDV,INVESCOM3 EUROSTX HDL A,Xetra,EHDV.DE,etf,EUR
LU1681041973,EHF1,AIS-AM.E.H.D.F.EOC,Xetra,EHF1.DE,etf,EUR
LU3402750635,EHFC,AIS-MSCIEHDF U.ETFEOD,Xetra,EHFC.DE,etf,EUR
LU2082997516,EHLT,MUL-AMUN ST600 HEALT ETFD,Xetra,EHLT.DE,etf,EUR
IE00BGJWWY63,EIB3,INVESCOM2 EUR GOVB1-3Y A,Xetra,EIB3.DE,etf,EUR
IE00BGJWWV33,EIB5,INVESCOM2 EURGOV B3-5Y A,Xetra,EIB5.DE,etf,EUR
IE00BGJWWT11,EIB7,INVESCOM2 EURGOV B5-7Y A,Xetra,EIB7.DE,etf,EUR
IE00BGJWWX56,EIBB,INVESCOM2 EUR GOV BD A,Xetra,EIBB.DE,etf,EUR
IE00BGJWWW40,EIBX,INVESCOM2 EURGOVB 7-10YA,Xetra,EIBX.DE,etf,EUR
DE0005653604,EIF,MEDNATION AG INH O.N.,Xetra,EIF.DE,stock,EUR
IE0001PY6688,EIGA,FT I.F.E.I.C.E EOA,Xetra,EIGA.DE,etf,EUR
IE000H0TSO96,EIGC,FT I.F.E.I.C.E EOD,Xetra,EIGC.DE,etf,EUR
DE000A40ESU3,EIN,EINHELL GERMANY VZO O.N.,Xetra,EIN.DE,stock,EUR
LU1481203070,EJAH,BNPPE-MSCI JA.X CW UEEOHC,Xetra,EJAH.DE,etf,EUR
LU1291102447,EJAP,BNPPE-MSCI JAP.EX CW UECE,Xetra,EJAP.DE,etf,EUR
GB00B7KR2P84,EJT1,"EASYJET PLC  LS-,27285714",Xetra,EJT1.DE,stock,EUR
LU1291103338,EKLD,BNPPE-M.USA SRI PAB UECDL,Xetra,EKLD.DE,etf,USD
DE0005313506,EKT,ENERGIEKONTOR O.N.,Xetra,EKT.DE,stock,EUR
LU1659681669,EKUS,BNPPE-M.USA SRI PAB UEEOD,Xetra,EKUS.DE,etf,EUR
DE000ETFL342,EL40,DEKA MSCI EM ESG F.SEL.UE,Xetra,EL40.DE,etf,EUR
DE000ETFL276,EL41,DK MSCI USA MC,Xetra,EL41.DE,etf,EUR
DE000ETFL284,EL42,DK MSCI EUROPE,Xetra,EL42.DE,etf,EUR
DE000ETFL292,EL43,DK MSCI EUROPE MC,Xetra,EL43.DE,etf,EUR
DE000ETFL300,EL44,DK MSCI JAPAN,Xetra,EL44.DE,etf,EUR
DE000ETFL318,EL45,DEKA MSCI J.CL.CH.ESG CTB,Xetra,EL45.DE,etf,EUR
DE000ETFL326,EL46,DK MSCI CHIN.EX A SH.U.E.,Xetra,EL46.DE,etf,EUR
DE000ETFL359,EL48,DK IBOXX EO L.GE.COV.DIV.,Xetra,EL48.DE,etf,EUR
DE000ETFL375,EL49,DK IBOXX EO LIQ.CORP.DIV.,Xetra,EL49.DE,etf,EUR
DE000ETFL011,EL4A,DK DAX,Xetra,EL4A.DE,etf,EUR
DE000ETFL029,EL4B,DK EURO STOXX 50,Xetra,EL4B.DE,etf,EUR
DE000ETFL037,EL4C,DK STOXX EUR.STR.GROW.20,Xetra,EL4C.DE,etf,EUR
DE000ETFL045,EL4D,DK STOXX EUR.STR.VALUE 20,Xetra,EL4D.DE,etf,EUR
DE000ETFL052,EL4E,DK STOXX EUR.STR.STY.C.40,Xetra,EL4E.DE,etf,EUR
DE000ETFL060,EL4F,DK DAX (AUSSCHUETTEND),Xetra,EL4F.DE,etf,EUR
DE000ETFL078,EL4G,DK EO STOXX SEL.DIVID.30,Xetra,EL4G.DE,etf,EUR
DE000ETFL094,EL4I,DK MSCI USA LC,Xetra,EL4I.DE,etf,EUR
DE000ETFL110,EL4K,DK IB EO LIQ.SOV.DIV.1-10,Xetra,EL4K.DE,etf,EUR
DE000ETFL128,EL4L,DK IB EO LIQ.SOV.DIV.1-3,Xetra,EL4L.DE,etf,EUR
DE000ETFL136,EL4M,DK IB EO LIQ.SOV.DIV.3-5,Xetra,EL4M.DE,etf,EUR
DE000ETFL144,EL4N,DK IB EO LIQ.SOV.DIV.5-7,Xetra,EL4N.DE,etf,EUR
DE000ETFL151,EL4P,DK IB EO LIQ.SOV.DIV.7-10,Xetra,EL4P.DE,etf,EUR
DE000ETFL169,EL4Q,DK IB EO LIQ.SOV.DIV.10+,Xetra,EL4Q.DE,etf,EUR
DE000ETFL177,EL4R,DK DB EUROG.GERMANY,Xetra,EL4R.DE,etf,EUR
DE000ETFL185,EL4S,DK DB EUROG.GERMANY 1-3,Xetra,EL4S.DE,etf,EUR
DE000ETFL193,EL4T,DK DB EUROG.GERMANY 3-5,Xetra,EL4T.DE,etf,EUR
DE000ETFL201,EL4U,DK DB EUROG.GERMANY 5-10,Xetra,EL4U.DE,etf,EUR
DE000ETFL219,EL4V,DK DB EUROG.GERMANY 10+,Xetra,EL4V.DE,etf,EUR
DE000ETFL227,EL4W,DK DB EUROG.GER.MONEYM.,Xetra,EL4W.DE,etf,EUR
DE000ETFL235,EL4X,DK DAXPLUS MAX.DIVIDEND,Xetra,EL4X.DE,etf,EUR
DE000ETFL250,EL4Y,DK STOXX EUROPE 50,Xetra,EL4Y.DE,etf,EUR
DE000ETFL268,EL4Z,DK MSCI USA,Xetra,EL4Z.DE,etf,EUR
US5184391044,ELAA,"ESTEE LAUDER COS A DL-,01",Xetra,ELAA.DE,stock,EUR
DE000A11Q059,ELB,ELUMEO SE,Xetra,ELB.DE,stock,EUR
LU2023679090,ELCR,MUL-AM.MSCISMFL UEDLA,Xetra,ELCR.DE,etf,EUR
DE000ETFL433,ELF0,DK DAX EX FINANCIALS 30,Xetra,ELF0.DE,etf,EUR
DE000ETFL441,ELF1,DEKA MDAX,Xetra,ELF1.DE,etf,EUR
DE000ETFL466,ELFA,D.E.ST50ESGF,Xetra,ELFA.DE,etf,EUR
DE000ETFL474,ELFB,DEKA EURO PRIME ESG UETF,Xetra,ELFB.DE,etf,EUR
DE000ETFL482,ELFC,DK EO ISTO.EX F.D.+ U.ETF,Xetra,ELFC.DE,etf,EUR
DE000ETFL490,ELFD,DEKA EUROZ.R.P.1-10 U.ETF,Xetra,ELFD.DE,etf,EUR
DE000ETFL524,ELFE,DEKA US TREAS.7-10 UC.ETF,Xetra,ELFE.DE,etf,EUR
DE000ETFL532,ELFF,DEKA EO CORP.0-3 LIQ.U.E.,Xetra,ELFF.DE,etf,EUR
DE000ETFL508,ELFW,DEKA MSCI WORLD UCITS ETF,Xetra,ELFW.DE,etf,EUR
DE0005677108,ELG,ELMOS SEMICOND. INH O.N.,Xetra,ELG.DE,stock,EUR
IE000J6CHW80,EM1A,VANECKUSFAHYB ADLA,Xetra,EM1A.DE,etf,EUR
IE00BDS67326,EM1C,VANECK J.P. EM BO UC.ETF,Xetra,EM1C.DE,etf,EUR
IE00BLRPQP15,EMA5,LGEMGB(D)0-5YS.ETF DLDETF,Xetra,EMA5.DE,etf,EUR
IE00BLRPRF81,EMAB,LG EM CB(DL)SC.ETF DLDETF,Xetra,EMAB.DE,etf,EUR
LU1953136527,EMEC,BNP P.EASY-ECPI CEL UETFC,Xetra,EMEC.DE,etf,EUR
LU1547516291,EMEH,BNP P.EASY-E.M.E.R.UERHEO,Xetra,EMEH.DE,etf,EUR
IE000GTF7GF4,EMGD,FT-FTSE EM CLDLD,Xetra,EMGD.DE,etf,EUR
IE0004I037N4,EMGM,FT-FTSE EM CL-DLA,Xetra,EMGM.DE,etf,EUR
DE000A2YN777,EMH,PFERDEWETTEN.DE AG NA ON,Xetra,EMH.DE,stock,EUR
LU1974696418,EMIE,UBSJPMDLEMIGSCRDVBD HEOA,Xetra,EMIE.DE,etf,EUR
LU1974695790,EMIG,UBSJPMDLEMIGSCRDVBD DLA,Xetra,EMIG.DE,etf,EUR
LU1291097779,EMKX,BNPPE-MSCI EM MT UEEOC,Xetra,EMKX.DE,etf,EUR
IE00BG11HV38,EMND,ISHS4-MSCI WLD CEE UETF D,Xetra,EMND.DE,etf,EUR
IE00BHZPHZ28,EMNE,ISHS4-MSCI ECEE UETF EOD,Xetra,EMNE.DE,etf,EUR
IE00BHZPJ346,EMNJ,ISHS4-MSCIJP CEE UETF D,Xetra,EMNJ.DE,etf,EUR
IE00BHZPJ676,EMNU,ISHS4 MSCIEURCTBEE UE EOD,Xetra,EMNU.DE,etf,EUR
IE00BFYN8Y92,EMQQ,HANETF-EMEMINTN DLA,Xetra,EMQQ.DE,etf,EUR
US2910111044,EMR,"EMERSON EL.       DL -,50",Xetra,EMR.DE,stock,EUR
IE00BF51K132,EMSB,INVESCOM2 EM USD B A,Xetra,EMSB.DE,etf,EUR
IE00B3DWVS88,EMSM,INVESCOMI MSCI EM A,Xetra,EMSM.DE,etf,EUR
LU1953137681,EMUS,BNP PE-MSCI EMU SRI PAB,Xetra,EMUS.DE,etf,EUR
LU1291098827,EMUX,BNPPE-MSCI EMU X CW UECEO,Xetra,EMUX.DE,etf,EUR
LU1615092217,EMWE,BNPPE-M.W.SRI PAB UECEO,Xetra,EMWE.DE,etf,EUR
LU2009202107,EMXC,MUL-A.M.E.E.C.S. DLA,Xetra,EMXC.DE,etf,EUR
LU2345046655,EMXU,AIS-MEMEXCHESGS UETF DRDL,Xetra,EMXU.DE,etf,EUR
IE00BFXR6159,EN4C,L+G-M.S.E.C. DLA,Xetra,EN4C.DE,etf,EUR
ES0130670112,ENA,"ENDESA INH.       EO 1,20",Xetra,ENA.DE,stock,EUR
IE000MINO564,ENDH,LGEMGB(DL)0-5Y S.ETF EOHA,Xetra,ENDH.DE,etf,EUR
IT0003132476,ENI,ENI S.P.A.,Xetra,ENI.DE,stock,EUR
IT0003128367,ENL,ENEL S.P.A.          EO 1,Xetra,ENL.DE,stock,EUR
LU1291104575,ENOA,BNPPE-MSCI USA M.T. UECEO,Xetra,ENOA.DE,etf,EUR
US29362U1043,ENQ,"ENTEGRIS INC.      DL-,01",Xetra,ENQ.DE,stock,EUR
DE000ENER6Y0,ENR,SIEMENS ENERGY AG NA O.N.,Xetra,ENR.DE,stock,EUR
IE000BLN64M9,ENTR,LG-LG E.T.C.E. DLA,Xetra,ENTR.DE,etf,EUR
NL0006294274,ENXB,"EURONEXT N.V. WI EO 1,60",Xetra,ENXB.DE,stock,EUR
US26875P1012,EO5,"EOG RESOURCES      DL-,01",Xetra,EO5.DE,stock,EUR
DE000ENAG999,EOAN,E.ON SE NA O.N.,Xetra,EOAN.DE,stock,EUR
LU2932780914,EPAZ,MUL AMUN S+P EU U.ETF DLD,Xetra,EPAZ.DE,etf,EUR
IE000VCYXLY9,EPIN,WISDOMT IN EA I SYS.HDGDE,Xetra,EPIN.DE,etf,EUR
IE000S3N6R34,EPSW,I.VI-I.M.E.S.E. DLA,Xetra,EPSW.DE,etf,EUR
US26884L1098,EQ6,EQT CORP.,Xetra,EQ6.DE,stock,EUR
IE00BYVTMS52,EQEU,INVESCOM3 NA 100 EURH A,Xetra,EQEU.DE,etf,EUR
IE00BFZXGZ54,EQQB,INVESCOM3 NASDAQ-100 A,Xetra,EQQB.DE,etf,EUR
IE000RUF4QN8,EQQD,IVSC-ND.100SW DL DIS.,Xetra,EQQD.DE,etf,EUR
IE00BMD8KP97,EQQJ,INVESCOM2 NASDAQ NEXTGEN,Xetra,EQQJ.DE,etf,EUR
IE0032077012,EQQQ,INVESCOM3 NASDAQ-100 A,Xetra,EQQQ.DE,etf,EUR
IE00BNRQM384,EQQX,INVESCOMI NASDAQ100 SWAP,Xetra,EQQX.DE,etf,EUR
LU2991918421,EQSP,MUL-AMSP500EQWE U.ETFDLA,Xetra,EQSP.DE,etf,EUR
LU2991918421,EQSU,MUL-AMSP500EQWE U.ETFDLA,Xetra,EQSU.DE,etf,USD
FR0000131757,ER7,"ERAMET SA INH.    EO 3,05",Xetra,ER7.DE,stock,EUR
DE000A161077,ERAG,ERNST RUSS AG NA O.N.,Xetra,ERAG.DE,stock,EUR
SE0000108656,ERCB,ERICSSON B (FRIA),Xetra,ERCB.DE,stock,EUR
SE0000108649,ERCG,ERICSSON A (FRIA),Xetra,ERCG.DE,stock,EUR
IE000RHYOR04,ERNX,ISHS ULTRA EOA,Xetra,ERNX.DE,etf,EUR
DE000A1X3WX6,ERWE,ERWE IMMOB. AG INH O.N.,Xetra,ERWE.DE,stock,EUR
IE000LXEN6X4,ES50,ISHSV EOST50ESG EOA,Xetra,ES50.DE,etf,EUR
IE000ST40PX8,ES6Y,LG-CYB.SEC.INNOV. ETFDLA,Xetra,ES6Y.DE,etf,EUR
IE000Q6C8036,ESAA,BNPPSP500SASETF EOHA,Xetra,ESAA.DE,etf,EUR
IE0004HBJKG0,ESAB,BNPP-M.A.MIN TE U.ETF EOA,Xetra,ESAB.DE,etf,EUR
IE000WQ5O293,ESAC,BNPP-M.A.MIN TE U.ETF DLA,Xetra,ESAC.DE,etf,USD
IE0007YP0PL1,ESAD,BNPPEFENGDGC U.ETFEOA,Xetra,ESAD.DE,etf,EUR
IE0008D0AIU9,ESAE,BNPPE-MSCIWEWS U.EOA,Xetra,ESAE.DE,etf,EUR
IE000ALI2E45,ESAF,BNPPE-MSCIWEWS U.ETFDLA,Xetra,ESAF.DE,etf,USD
IE00050J4789,ESAG,BNPPE-MUSSCMITE U.ETFEOA,Xetra,ESAG.DE,etf,EUR
IE000ZME9TM4,ESAH,BNPPE-MUSSCMITE U.ETFDLA,Xetra,ESAH.DE,etf,USD
IE000V3AQGW3,ESAI,BNPPE-ALPHA ENH.US UE DLA,Xetra,ESAI.DE,etf,USD
IE00032YLFR3,ESAJ,BNPPE-ALPHA ENH.US UE EOA,Xetra,ESAJ.DE,etf,EUR
IE0002DDYPW4,ESAK,BNPPE-ALPHA ENH.WLD UEEOA,Xetra,ESAK.DE,etf,EUR
IE0009WYJCP8,ESAL,BNPPE-ALPHA ENH.WLD UEDLA,Xetra,ESAL.DE,etf,USD
IE000Y2ZYZ66,ESAM,B.E.I.M.W.E. U.ETFDLA,Xetra,ESAM.DE,etf,USD
IE000A0GH076,ESAN,B.E.I.M.W.E. U.ETFEOA,Xetra,ESAN.DE,etf,EUR
FR0011550177,ESAP,BNPPEFR-S+P 500 UETF DLC,Xetra,ESAP.DE,etf,USD
IE000CPT8DH7,ESAQ,BNP.EASY-MS.US U.ETFDLA,Xetra,ESAQ.DE,etf,USD
IE000M46QA27,ESAR,BNP.EASY-MS.US U.ETFEOA,Xetra,ESAR.DE,etf,EUR
FR0011550680,ESEA,BNPPEFR-S+P 500 UE DLCD,Xetra,ESEA.DE,etf,USD
FR0011550185,ESEE,BNPPEFR-S+P 500 UETF EOC,Xetra,ESEE.DE,etf,EUR
FR0013041530,ESEH,BNPPEFR-S+P 500 UETF EOH,Xetra,ESEH.DE,etf,EUR
FR0014000MR3,ESF0,"EUROFINS SCI.INH.EO 0,01",Xetra,ESF0.DE,stock,EUR
IE00BJQRDL90,ESGE,IM2-MSCI EUR.U.S.ETF EOA,Xetra,ESGE.DE,etf,EUR
IE00BMDBMV87,ESGJ,IM2-MSCI JAPAN US ETF DLA,Xetra,ESGJ.DE,etf,EUR
IE00BMDBMY19,ESGM,IM2-MSCI EM UN.SC.ETF DLA,Xetra,ESGM.DE,etf,EUR
IE00BMDBMT65,ESGP,IM2-MSCI P.X.JPN ETF DLA,Xetra,ESGP.DE,etf,EUR
IE00BJQRDM08,ESGU,IM2-MSCI USA U.S.ETF DLA,Xetra,ESGU.DE,etf,EUR
IE00BJQRDK83,ESGW,IMI2-MSCI W.U.S.ETF DLA,Xetra,ESGW.DE,etf,EUR
IE00BMDBMW94,ESGX,IM2-MSCI EUR.X.UK ETF EOA,Xetra,ESGX.DE,etf,EUR
IE00BMW42298,ESIC,ISVP.-IS.M.ECDS EOA,Xetra,ESIC.DE,etf,EUR
IE00BMW42637,ESIE,ISVP.-IS.M.EES EOA,Xetra,ESIE.DE,etf,EUR
IE00BMW42306,ESIF,ISVP.-IS.M.EFS EOA,Xetra,ESIF.DE,etf,EUR
IE00BMW42181,ESIH,ISVP.-ISH.M.HCS EOA,Xetra,ESIH.DE,etf,EUR
IE00BMW42520,ESIN,ISVP.-IS.M.EIS EOA,Xetra,ESIN.DE,etf,EUR
IE00BMW42074,ESIS,ISVP.-IS.M.ECSS EOA,Xetra,ESIS.DE,etf,EUR
IE00BMW42413,ESIT,ISVP.-IS.M.EITS EOA,Xetra,ESIT.DE,etf,EUR
FR0000121667,ESL,"ESSILORLUXO. INH. EO -,18",Xetra,ESL.DE,stock,EUR
BGSRBBE05183,ESNB,EXPAT SERB.BELEX15 UCITS,Xetra,ESNB.DE,etf,EUR
IE00BYWQWR46,ESP0,VANECK VID ESPORTS UC.ETF,Xetra,ESP0.DE,etf,EUR
LU1291098314,ESRI,BNPPE-M.EM.SRI PAB UECDL,Xetra,ESRI.DE,etf,USD
IE0003B9KF87,ESTA,IM IV-EO IG CBS EOA,Xetra,ESTA.DE,etf,EUR
IE000XE5BZ07,ESTD,IM IV-EO IG CBS EOD,Xetra,ESTD.DE,etf,EUR
IE000UKN7GP4,ESUF,ERSTE ETF US EQ DLA,Xetra,ESUF.DE,etf,EUR
US1725731079,ET9,"CIRCLE INT.GRP A DL-,0001",Xetra,ET9.DE,stock,EUR
FR0012740983,ETBB,BNPPEFR-EU.S.50 UETF EOCD,Xetra,ETBB.DE,etf,EUR
FR0012739431,ETDD,BNPPEFR-EU.S.50 UETF CEO,Xetra,ETDD.DE,etf,EUR
DE000A0MVLS8,ETG,ENVITEC BIOGAS O.N.,Xetra,ETG.DE,stock,EUR
IE00B4WPHX27,ETL2,L+G-L.DAT.A.COM.U.E.DLA,Xetra,ETL2.DE,etf,EUR
IE00BF0BCP69,ETLF,L+G-L+G ALL COMM.U.E.DLA,Xetra,ETLF.DE,etf,EUR
IE00BF0M6N54,ETLH,L+G-L+G ECOMM.LOGIS.E.DLA,Xetra,ETLH.DE,etf,EUR
IE00BF0H7608,ETLI,L+G-L+G PHARM.BREAK.E.DLA,Xetra,ETLI.DE,etf,EUR
IE00BFXR5W90,ETLK,L+G-AP.EX JN EQ DLA,Xetra,ETLK.DE,etf,EUR
IE00BFXR5V83,ETLN,LG-E.XUK.Q.DIV.E.W.EOA,Xetra,ETLN.DE,etf,EUR
IE00BFXR5S54,ETLQ,L+G-GL.EQ. DLA,Xetra,ETLQ.DE,etf,EUR
IE00BFXR5T61,ETLR,L+G-JP.EQ. DLA,Xetra,ETLR.DE,etf,EUR
IE00BFXR5Q31,ETLS,L+G-US. EQ. DLA,Xetra,ETLS.DE,etf,EUR
IE00B3CNHG25,ETLX,L+G-L+G GOLD MIN.U.E. DLA,Xetra,ETLX.DE,etf,EUR
IE00B3CNHJ55,ETLZ,L+G-L+G R2000USCQUE DLA,Xetra,ETLZ.DE,etf,EUR
FR0011550672,ETSA,BNPPEFR-ST.EUR.600 H,Xetra,ETSA.DE,etf,EUR
FR0011550193,ETSZ,BNPPEFR-ST.EUR.600 UE C,Xetra,ETSZ.DE,etf,EUR
IE000LJ2O0V5,EU03,IEOG B 0-3 M E. EOD,Xetra,EU03.DE,etf,EUR
IE000979OT00,EUAI,AIENHEOZEQS EOD,Xetra,EUAI.DE,etf,EUR
IE000Q9IHH10,EUCL,ISHSEOAAACLOAC EOD,Xetra,EUCL.DE,etf,EUR
IE0002Y8CX98,EUDF,WT-EUR.DEFENCE I EOA,Xetra,EUDF.DE,etf,EUR
IE000BUIVY49,EUEB,IS3EOCBENACTETF EOA,Xetra,EUEB.DE,etf,EUR
IE00BJP26D89,EUED,ISIV-EO UL.BD ESG SRI EOD,Xetra,EUED.DE,etf,EUR
IE00000EF730,EUEE,ISHS3-EU.EQ.EN.A.ETF EOA,Xetra,EUEE.DE,etf,EUR
IE00078SFIQ6,EUFG,ISHS 2-E.F.F.E. EOA,Xetra,EUFG.DE,etf,EUR
IE000HDPAH09,EUG0,PEP-PAEGBUE EOA,Xetra,EUG0.DE,etf,EUR
IE000IDJKTB3,EUGV,PEP-PAEGBUE EOD,Xetra,EUGV.DE,etf,EUR
IE00BD8D5G25,EUHA,PFIE.-EO ST CB UETF EOA,Xetra,EUHA.DE,etf,EUR
IE00BD8D5H32,EUHI,PFIE.-EO ST CB UETF EOI,Xetra,EUHI.DE,etf,EUR
LU1390062245,EUIN,MUL AMU E INFLEXP ETF ACC,Xetra,EUIN.DE,etf,EUR
IE00B86MWN23,EUN0,ISHSVI-E.MSCI EO MIN.VEOA,Xetra,EUN0.DE,etf,EUR
IE0008470928,EUN1,ISHS II-STXX EUR.50 EODIS,Xetra,EUN1.DE,etf,EUR
IE0008471009,EUN2,ISHSII-CORE E.STOXX50 EOD,Xetra,EUN2.DE,etf,EUR
IE00B3F81K65,EUN3,ISHSIII-GL.GOV.BD DL DIS,Xetra,EUN3.DE,etf,EUR
IE00B3DKXQ41,EUN4,ISHS3-EOAGBDESGSRIETF EOD,Xetra,EUN4.DE,etf,EUR
IE00B3F81R35,EUN5,ISHSIII-C.EO CORP.B.EODIS,Xetra,EUN5.DE,etf,EUR
IE00B3FH7618,EUN6,ISHSIII-EO G.BD 0-1YR EOD,Xetra,EUN6.DE,etf,EUR
IE00B4WXJH41,EUN8,ISHSIII-EO GB.10-15YR EOD,Xetra,EUN8.DE,etf,EUR
IE00B4WXJG34,EUN9,ISHSIII-EO GB.5-7YR EODIS,Xetra,EUN9.DE,etf,EUR
IE00BDBRDM35,EUNA,ISHSIII-CORE GL.A.BD EOAH,Xetra,EUNA.DE,etf,EUR
IE00B4WXJJ64,EUNH,ISHSIII-C.EO GOV. B.EODIS,Xetra,EUNH.DE,etf,EUR
IE00B3F81G20,EUNI,ISHSIII-MSCI EM SM.C.DL D,Xetra,EUNI.DE,etf,EUR
IE00B4WXJD03,EUNJ,ISHSIII-MSCI P.EX-J.DLDIS,Xetra,EUNJ.DE,etf,EUR
IE00B4K48X80,EUNK,ISHSIII-C.M.E.U.E.EO ACC,Xetra,EUNK.DE,etf,EUR
IE00B4L5Y983,EUNL,ISHSIII-CORE MSCI WLD DLA,Xetra,EUNL.DE,etf,EUR
IE00B4L5YC18,EUNM,ISHSIII-MSCI EM USD(ACC),Xetra,EUNM.DE,etf,EUR
IE00B4L5YX21,EUNN,ISHSIII-C.MSCI JP.IMI DLA,Xetra,EUNN.DE,etf,EUR
IE00B4L5ZG21,EUNR,ISHSIII-EO C.B.EX-F.EODIS,Xetra,EUNR.DE,etf,EUR
IE00B4L5ZY03,EUNS,ISHS3-EOCBXF15YESUETF EOD,Xetra,EUNS.DE,etf,EUR
IE00B4L60045,EUNT,ISHSIII-EO C.BD 1-5YR EOD,Xetra,EUNT.DE,etf,EUR
IE00B3F81409,EUNU,ISHSIII-CORE GL.AG.BD DLD,Xetra,EUNU.DE,etf,EUR
IE00B66F4759,EUNW,IS EO H.Y.CO.BD U.ETF EOD,Xetra,EUNW.DE,etf,EUR
IE00B44CGS96,EUNX,ISHSII-US AGGREG.BD DLDIS,Xetra,EUNX.DE,etf,EUR
IE00B652H904,EUNY,ISHSV-EM DIVID.U.ETF DLD,Xetra,EUNY.DE,etf,EUR
IE00B8KGV557,EUNZ,ISHSVI-E.MSCI EM MIN.VDLA,Xetra,EUNZ.DE,etf,EUR
IE000IVQPCG4,EUP0,O.IC.BL.W.P.U.E 1AEOA,Xetra,EUP0.DE,etf,EUR
IE000OXJ91D7,EUP1,O.IC.BL.W.P.U.E 1ADLA,Xetra,EUP1.DE,etf,USD
LU2555926372,EUPA,OSS-S.BC.GL.S.V 1CDLA,Xetra,EUPA.DE,etf,USD
LU2555926455,EUPB,OSS-S.BC.GL.S.V 1CEOA,Xetra,EUPB.DE,etf,EUR
LU1079841513,EUPC,OSS.S.B.US S.V.T U.ETF1CD,Xetra,EUPC.DE,etf,EUR
IE0000GXRR13,EUPD,OS.SBCA.USSE.SC 1AEOA,Xetra,EUPD.DE,etf,EUR
LU1079842321,EUPE,OSS.S.B.EU.S.V.T U.ETF1CE,Xetra,EUPE.DE,etf,EUR
IE000N990RE2,EUPF,OS.SBCA.USSE.SC 1ADLA,Xetra,EUPF.DE,etf,USD
IE000M284BG0,EUTA,IM IV-EO IG CBA EOA,Xetra,EUTA.DE,etf,EUR
IE000Z6C4D62,EUTD,IM IV-EO IG CBA EOD,Xetra,EUTD.DE,etf,EUR
IE000W1S2PT6,EUVL,HAN-DEFIA.PHOT DLA,Xetra,EUVL.DE,etf,EUR
DE0005659700,EUZ,ECKERT+ZIEGLER  INH O.N.,Xetra,EUZ.DE,stock,EUR
DE000A420ZL4,EVAC,ELECTROVAC AG,Xetra,EVAC.DE,stock,EUR
DE0005470306,EVD,CTS EVENTIM KGAA,Xetra,EVD.DE,stock,EUR
DE000EVNK013,EVK,EVONIK INDUSTRIES NA O.N.,Xetra,EVK.DE,stock,EUR
IE00082MOBL9,EVSD,GL.X EU SPRDIV EOD,Xetra,EVSD.DE,etf,EUR
DE0005664809,EVT,EVOTEC SE  INH O.N.,Xetra,EVT.DE,stock,EUR
US28176E1082,EWL,EDWARDS LIFESCIENCES,Xetra,EWL.DE,stock,EUR
IE000L2SA8K5,EWQA,I.NASQ100EQ.W. DLA,Xetra,EWQA.DE,etf,EUR
LU1291108642,EWRD,BNPPE-M.W.SRI PAB UECDL,Xetra,EWRD.DE,etf,USD
IE000DB78H45,EWSD,I2-EOST.50EQUWE EOD,Xetra,EWSD.DE,etf,EUR
IE00067X7JX0,EWSX,I2-EOST.50EQUWE EOA,Xetra,EWSX.DE,etf,EUR
IE00BDVPNV63,EXAG,WISDOMTR.EN.C.E HGDDLA,Xetra,EXAG.DE,etf,EUR
IE0006D3PGW3,EXCN,FT-FTSE EMEX CN CL-DLA,Xetra,EXCN.DE,etf,EUR
DE000A0H08M3,EXH1,IS.S.E.600 OIL+G.U.ETF A.,Xetra,EXH1.DE,etf,EUR
DE000A0H08G5,EXH2,IS.S.E.600 FIN.S.U.ETF A.,Xetra,EXH2.DE,etf,EUR
DE000A0H08H3,EXH3,IS.S.E.600 FO.+B.U.ETF A.,Xetra,EXH3.DE,etf,EUR
DE000A0H08J9,EXH4,IS.S.E.600 I.G+S.U.ETF A.,Xetra,EXH4.DE,etf,EUR
DE000A0H08K7,EXH5,IS.S.E.600 INSUR.U.ETF A.,Xetra,EXH5.DE,etf,EUR
DE000A0H08L5,EXH6,IS.S.E.600 MEDIA U.ETF A.,Xetra,EXH6.DE,etf,EUR
DE000A0H08N1,EXH7,ISH.S.E.600 P+HG U.ETF A.,Xetra,EXH7.DE,etf,EUR
DE000A0H08P6,EXH8,ISH.S.EU.600 RET.U.ETF A.,Xetra,EXH8.DE,etf,EUR
DE000A0Q4R02,EXH9,ISH.S.EU.600 UTI.U.ETF A.,Xetra,EXH9.DE,etf,EUR
DE0006289465,EXHA,ISH.EB.REXX GOV.GER.U.ETF,Xetra,EXHA.DE,etf,EUR
DE0006289473,EXHB,I.EB.R.G.G.1.5-2.5Y UEEOD,Xetra,EXHB.DE,etf,EUR
DE0006289481,EXHC,I.EB.R.GO.G.2.5-5.5 U.ETF,Xetra,EXHC.DE,etf,EUR
DE0006289499,EXHD,I.EB.R.G.G.5.5-10.5 U.ETF,Xetra,EXHD.DE,etf,EUR
DE0002635265,EXHE,ISHARES PFANDBRIEFE U.ETF,Xetra,EXHE.DE,etf,EUR
DE000A0H0785,EXHF,IS.E.G.B.C.1.5-10.5 U.ETF,Xetra,EXHF.DE,etf,EUR
DE000A2QP4A8,EXHG,ISHS SEU600 A+P U.ETF EOA,Xetra,EXHG.DE,etf,EUR
DE0005933964,EXI1,ISHARES SLI UCITS ETF DE,Xetra,EXI1.DE,etf,EUR
DE0006289382,EXI2,ISHS DJ GL.T50 U.ETF EOD,Xetra,EXI2.DE,etf,EUR
DE0006289390,EXI3,IS.DJ INDUST.AVERAG.U.ETF,Xetra,EXI3.DE,etf,EUR
DE000A0Q4R44,EXI5,IS.S.E.600 R.EST.U.ETF A.,Xetra,EXI5.DE,etf,EUR
DE000A0Q4R69,EXIA,ISHS DAX ESG UCITS,Xetra,EXIA.DE,etf,EUR
DE000A2QP323,EXIB,ISHS TECDAX UCITS ETF EOD,Xetra,EXIB.DE,etf,EUR
DE000A2QP331,EXIC,ISHS CORE DAX UC.ETF EOD,Xetra,EXIC.DE,etf,EUR
DE000A2QP349,EXID,ISHARES MDAX UC.ETF EOD,Xetra,EXID.DE,etf,EUR
DE000A2QP4B6,EXIE,ISH.STOX.EUROPE 600 EO AC,Xetra,EXIE.DE,etf,EUR
DE000A2QP4C4,EXIF,ISHS DJ GL.T50 U.ETF EOA,Xetra,EXIF.DE,etf,EUR
DE000A0LE3J1,EXJ0,READCREST CAPITAL AG O.N.,Xetra,EXJ0.DE,stock,EUR
DE000A0LR9G9,EXL,EXASOL AG  NA O.N.,Xetra,EXL.DE,stock,EUR
DE0005933931,EXS1,ISHS CORE DAX UC.ETF EOA,Xetra,EXS1.DE,etf,EUR
DE0005933972,EXS2,ISHARES TECDAX UC.E.ACC,Xetra,EXS2.DE,etf,EUR
DE0005933923,EXS3,ISHARES MDAX UC.ETF EOA,Xetra,EXS3.DE,etf,EUR
DE0002635307,EXSA,ISH.STOX.EUROPE 600 U.ETF,Xetra,EXSA.DE,etf,EUR
DE0002635273,EXSB,ISHARES DIVDAX UCITS ETF,Xetra,EXSB.DE,etf,EUR
DE0005933980,EXSC,ISH.S.EUR.LARGE 200 U.ETF,Xetra,EXSC.DE,etf,EUR
DE0005933998,EXSD,ISH.S.EUROP.MID 200 U.ETF,Xetra,EXSD.DE,etf,EUR
DE000A0D8QZ7,EXSE,ISH.S.EUR.SMALL 200 U.ETF,Xetra,EXSE.DE,etf,EUR
DE0002635281,EXSG,IS.EO ST.SEL.DIV.30 U.E.D,Xetra,EXSG.DE,etf,EUR
DE0002635299,EXSH,ISH.S.EU.SEL.DIV.30 U.ETF,Xetra,EXSH.DE,etf,EUR
DE000A0D8Q07,EXSI,ISHARES EURO STOXX U.ETF,Xetra,EXSI.DE,etf,EUR
IE000Z0FC0G5,EXU1,XTR.M.W.E.U.E. 1DDLD,Xetra,EXU1.DE,etf,EUR
IE0006WW1TQ4,EXUS,XTR.M.W.E.U.E. 1CDLA,Xetra,EXUS.DE,etf,EUR
DE000A0F5UJ7,EXV1,IS.S.EU.600 BANK.U.ETF A.,Xetra,EXV1.DE,etf,EUR
DE000A0H08R2,EXV2,ISH.S.EU.600 TEL.U.ETF A.,Xetra,EXV2.DE,etf,EUR
DE000A0H08Q4,EXV3,ISHS STEU600 TEC.ETF EOD,Xetra,EXV3.DE,etf,EUR
DE000A0Q4R36,EXV4,IS.S.E.600 HEA.C.U.ETF A.,Xetra,EXV4.DE,etf,EUR
DE000A0Q4R28,EXV5,ISHS SE.600 A+P U.ETF EOD,Xetra,EXV5.DE,etf,EUR
DE000A0F5UK5,EXV6,IS.S.E.600 BA.RE.U.ETF A.,Xetra,EXV6.DE,etf,EUR
DE000A0H08E0,EXV7,IS.S.EU.600 CHEM.U.ETF A.,Xetra,EXV7.DE,etf,EUR
DE000A0H08F7,EXV8,ISH.S.EU.600 C+M U.ETF A.,Xetra,EXV8.DE,etf,EUR
DE000A0H08S0,EXV9,ISH.S.EU.600 T+L U.ETF A.,Xetra,EXV9.DE,etf,EUR
DE000A0Q4RZ9,EXVM,I.EB.R.GO.GE.0-1Y UE EOD,Xetra,EXVM.DE,etf,EUR
DE0005933956,EXW1,ISH.CORE EO STOX.50 U.ETF,Xetra,EXW1.DE,etf,EUR
DE0005933949,EXW3,ISH.ST.EU.600 TOP20 U.ETF,Xetra,EXW3.DE,etf,EUR
DE0006289309,EXX1,ISHS ESTXX BNKS.30-15 D,Xetra,EXX1.DE,etf,EUR
DE000A0D8Q49,EXX5,IS.DJ U.S.SELEC.DIV.U.ETF,Xetra,EXX5.DE,etf,EUR
DE000A0D8Q31,EXX6,I.EB.R.GOV.GE.10.5+ U.ETF,Xetra,EXX6.DE,etf,EUR
DE000A0H08D2,EXX7,ISHARES NIKKEI 225 U.ETF,Xetra,EXX7.DE,etf,EUR
DE000A0F5UF5,EXXT,ISHARES NASDAQ-100 U.ETF,Xetra,EXXT.DE,etf,EUR
DE000A0F5UE8,EXXU,IS.DJ CHINA OFFS.50 U.ETF,Xetra,EXXU.DE,etf,EUR
DE000A0F5UG3,EXXV,IS.DJ EUROZ.SUST.SC.U.ETF,Xetra,EXXV.DE,etf,EUR
DE000A0H0744,EXXW,IS.DJ AS.PAC.S.D.50 U.ETF,Xetra,EXXW.DE,etf,EUR
DE000A0D8Q23,EXXX,ISHARES ATX UCITS ETF,Xetra,EXXX.DE,etf,EUR
DE000A0H0728,EXXY,ISHS DIV.COMM.SWAP UC.ETF,Xetra,EXXY.DE,etf,EUR
LU3322522593,EYEG,AB I-DL C.B.P. U.ETFDLA,Xetra,EYEG.DE,etf,EUR
IE0005F2R613,EYLA,I.EOIGC.B.Y.PL. EOA,Xetra,EYLA.DE,etf,EUR
IE0001KPAXU3,EYLD,I.EOIGC.B.Y.PL. EOD,Xetra,EYLD.DE,etf,EUR
NL0012059018,EYX,EXOR N.V.,Xetra,EYX.DE,stock,EUR
US25754A2015,EZV,"DOMINOS PIZZA INC. DL-,01",Xetra,EZV.DE,stock,EUR
US34959J1088,F03,"FORTIVE CORP.      DL-,01",Xetra,F03.DE,stock,EUR
US31620R3030,F1EF,FIDELITY NATL FINL. FNF,Xetra,F1EF.DE,stock,EUR
US3364331070,F3A,"FIRST SOLAR INC. D -,001",Xetra,F3A.DE,stock,EUR
DE0007568578,F3C,SFC ENERGY AG,Xetra,F3C.DE,stock,EUR
US88023B1035,F3M,"TEMPUS AI INC.  DL-,01",Xetra,F3M.DE,stock,EUR
IE000KXCEXR3,F500,AMUNDI S+P500 SCR. EOA,Xetra,F500.DE,etf,EUR
IE0009DRDY20,F50A,AM-PRIME GL.E. DLA,Xetra,F50A.DE,etf,EUR
IE0009DRDY20,F50B,AM-PRIME GL.E. DLA,Xetra,F50B.DE,etf,USD
IE000DVPTMD5,F50C,AEI-MS.IN I.E. DLA,Xetra,F50C.DE,etf,EUR
DE000ETF7011,F701,AMU.MU.AS.PTF U.ETF DIST,Xetra,F701.DE,etf,EUR
DE000ETF7029,F702,AM.MU.AS.P.DEF.U.ETF DIST,Xetra,F702.DE,etf,EUR
DE000ETF7037,F703,AM.MU.AS.P.OFF.U.ETF DIST,Xetra,F703.DE,etf,EUR
US29415C1018,F9Q,EOS ENERGY ENTERPR.CL.A,Xetra,F9Q.DE,stock,EUR
US3030751057,FA1,"FACTSET RESH SYS   DL-,01",Xetra,FA1.DE,stock,EUR
AT0000785407,FAA,FABASOFT AG,Xetra,FAA.DE,stock,EUR
IE00BYVTMZ20,FAEU,INVESCOM3-US FALLENG EUR,Xetra,FAEU.DE,etf,EUR
IE00BD0Q9673,FAHY,INVESCOM3-US FALLENG DIS,Xetra,FAHY.DE,etf,EUR
US3119001044,FAS,"FASTENAL CO.       DL-,01",Xetra,FAS.DE,stock,EUR
FR0000121147,FAU,FORVIA SE INH        EO 7,Xetra,FAU.DE,stock,EUR
US30303M1027,FB2A,"META PLATF.  A DL-,000006",Xetra,FB2A.DE,stock,EUR
IE000JEXZJT1,FBIE,F2-F.EO C.B.R. EOA,Xetra,FBIE.DE,etf,EUR
IE000SCAG5Q1,FBIH,F2-F.DL C.B.R. HGDEOA,Xetra,FBIH.DE,etf,EUR
IE000W24OG76,FBIU,F2-F.DL C.B.R. DLA,Xetra,FBIU.DE,etf,EUR
US31946M1036,FC6A,FIRST CITIZ.BCSHS A   DL1,Xetra,FC6A.DE,stock,EUR
DE000A1YC913,FC9,FCR IMMOBILIEN AG NA O.N.,Xetra,FC9.DE,stock,EUR
IE000CZU3JH0,FCEU,FTI-F.C.U.E.E.E CLDLA,Xetra,FCEU.DE,etf,EUR
IE000KXTLDE2,FCHP,FTGF-F.TR.BBG GSC SC ADLA,Xetra,FCHP.DE,etf,EUR
IE0009Y1MQJ2,FCRN,IS.W.E.F.R.A.E. ()DLA,Xetra,FCRN.DE,etf,EUR
US31428X1063,FDX,"FEDEX CORP.        DL-,10",Xetra,FDX.DE,stock,EUR
IE000X8M8M80,FEBB,FTGTVUEMBETFFEB ADLA,Xetra,FEBB.DE,etf,EUR
IE0000VKUF67,FEIA,FID2-EO C.BD RE PAB EO A,Xetra,FEIA.DE,etf,EUR
IE000VQZQ963,FEIG,FID2-EO C.BD RE PAB EOD,Xetra,FEIG.DE,etf,EUR
IE00BNGFMY78,FEPX,FID-PAC.X-JP.EQ.R.ENH.DLA,Xetra,FEPX.DE,etf,EUR
IE00BM9GRP64,FESD,FID.2-ESGUSDEMETF INCDLD,Xetra,FESD.DE,etf,EUR
IE0007L3IJF6,FESE,FID.2-ESGUSDEMETF HGDEOD,Xetra,FESE.DE,etf,EUR
IE00BYSX4176,FEUI,FIDEL.EU QU.IN.U.ETF IEO,Xetra,FEUI.DE,etf,EUR
IE00BYSX4283,FEUQ,FIDEL.EU QU.IN.U.ETF A,Xetra,FEUQ.DE,etf,EUR
IE00BKSBGT50,FEUR,FID-EUR.EQ.RES.ENH.U.EO A,Xetra,FEUR.DE,etf,EUR
DE0005774103,FEV,FORTEC ELEKTRO. O.N.,Xetra,FEV.DE,stock,EUR
IE000G4ONBO6,FFGC,FILII-GLGVBCLAW HGDEOD,Xetra,FFGC.DE,etf,EUR
IE0006KNOFD1,FFGE,FID2-GL.HY CBDREPAB EO D,Xetra,FFGE.DE,etf,EUR
IE000IF0HTJ9,FFGG,FILII-GLGVBCLAW DLD,Xetra,FFGG.DE,etf,EUR
IE0006OIQXE9,FFGH,FID2-GL.HY CBDREPAB DLD,Xetra,FFGH.DE,etf,EUR
US3167731005,FFH,FIFTH THIRD BANCORP,Xetra,FFH.DE,stock,EUR
IE000IY9QFN9,FFLC,FI.US F.LC C.E. DLA,Xetra,FFLC.DE,etf,EUR
IE000TF2IRP1,FFLG,FI-US FU.LC GR. DLA,Xetra,FFLG.DE,etf,EUR
IE000PNL0242,FFSM,FID.US F.S.M.C. DLA,Xetra,FFSM.DE,etf,EUR
IE000YUTMIU2,FGEA,FID QUA IN DLA,Xetra,FGEA.DE,etf,EUR
IE00BYXVGZ48,FGEQ,FIDELITY GL.QUAL.INC. INC,Xetra,FGEQ.DE,etf,EUR
IE00BYV1YH46,FGEU,FIDELITY GL.QUAL.IN.EOHI,Xetra,FGEU.DE,etf,EUR
IE00BKSBGV72,FGLR,FID.GL.EQ.RES.ENH.DL ACC,Xetra,FGLR.DE,etf,EUR
IE0002XFS025,FGLV,FID.GL.QU.VA E. DLA,Xetra,FGLV.DE,etf,EUR
IE000R0M7C70,FGLY,FID.GLEQ.E.Y.UE DLD,Xetra,FGLY.DE,etf,EUR
LU2098180271,FGZD,UBS BBG JP.GOV1-3 UE HEOA,Xetra,FGZD.DE,etf,EUR
LU0950668367,FGZI,UBS COR.EURO ST.50 UE EOA,Xetra,FGZI.DE,etf,EUR
IE000B4NK9I9,FGZJ,UBSIE-GL.EQ.INC.PL.UE DLA,Xetra,FGZJ.DE,etf,EUR
IE000TGK2UK9,FGZK,UBS IE-GL.EQ.IP DLD,Xetra,FGZK.DE,etf,EUR
DE0005772206,FIE,FIELMANN GROUP AG O.N.,Xetra,FIE.DE,stock,EUR
FR001400YYJ0,FINZ,FI.NET MSCI W. DLA,Xetra,FINZ.DE,etf,EUR
US3377381088,FIV,"FISERV INC.        DL-,01",Xetra,FIV.DE,stock,EUR
LU3093383670,FJ7E,UMWELTBA-GR.SO.BD EO PEOD,Xetra,FJ7E.DE,etf,EUR
LU3401048544,FJ7G,UB-EUR.SDG FDS PEOA,Xetra,FJ7G.DE,etf,EUR
LU3401048387,FJ7H,UB-GR.S.C.B EO PEOD,Xetra,FJ7H.DE,etf,EUR
LU3401048460,FJ7I,UB-GR.S.G.B EO PEOD,Xetra,FJ7I.DE,etf,EUR
IE000MDKBOB3,FJAN,VEST U.S.E.B.J. ADLA,Xetra,FJAN.DE,etf,EUR
IE000B5UZSG9,FJPI,FID-JAP.EQ.RES.ENH. 4YND,Xetra,FJPI.DE,etf,EUR
IE00BNGFMX61,FJPR,FID-JAP.EQ.RES.ENH.ACCYNA,Xetra,FJPR.DE,etf,EUR
IE000YJBT6I5,FJUL,VEST U.S.E.B.JU.ADLA,Xetra,FJUL.DE,etf,EUR
IE000YZIVX22,FLCV,FT-EM.MA.SO.DE.VA.EOA,Xetra,FLCV.DE,etf,EUR
IE000CLL0K98,FLDE,FT-EMMUFAEQ EOD,Xetra,FLDE.DE,etf,EUR
US0381692070,FLH0,APPLIED DIGITAL     DL-01,Xetra,FLH0.DE,stock,EUR
IE0008ZGI5C1,FLPE,WAYST.-NTH TR.L.PE UETF A,Xetra,FLPE.DE,etf,EUR
IE000IM4K4K2,FLRA,"FT-AI,MTV.BLCH.EOA",Xetra,FLRA.DE,etf,EUR
IE00BHZRR253,FLRG,FT ICAV-F.S.EO GB ETF EOA,Xetra,FLRG.DE,etf,EUR
US3434121022,FLU,"FLUOR CORP. (NEW)  DL-,01",Xetra,FLU.DE,stock,EUR
IE00BMDPBZ72,FLX5,FT ICAV-FSP500PAC ETF DLA,Xetra,FLX5.DE,etf,EUR
IE000AZOUN82,FLXA,FT MSCIWDCTHP CL DLA,Xetra,FLXA.DE,etf,EUR
IE00BHZRQY00,FLXB,FT ICAV-FTSE BRAZ.ETF DLA,Xetra,FLXB.DE,etf,EUR
IE00BHZRR147,FLXC,FT ICAV-FTSE CHN ETF DLA,Xetra,FLXC.DE,etf,EUR
IE00BF2B0L69,FLXD,FT ICAV-F.EUR.Q.D.ETF EOD,Xetra,FLXD.DE,etf,EUR
IE00BF2B0K52,FLXE,FT-FR.EM MU.-FAC.EQ.DLA,Xetra,FLXE.DE,etf,EUR
IE00BHZRQZ17,FLXI,FT ICAV-F.FTSEIND.ETF DLA,Xetra,FLXI.DE,etf,EUR
IE000D0T0BO1,FLXJ,FT ICAV-F.FTSE JAPAN YNA,Xetra,FLXJ.DE,etf,EUR
IE00BHZRR030,FLXK,FT ICAV-F.FTSE KOREA DLA,Xetra,FLXK.DE,etf,EUR
IE00BMDPBY65,FLXP,FT ICAV-SE600 PAC ETF EOA,Xetra,FLXP.DE,etf,EUR
IE000C7DDDX4,FLXS,FRKLN FTSE SAAR DLA,Xetra,FLXS.DE,etf,EUR
IE000CM02H85,FLXT,FT-FR.FTSE TWN ETF UNHDLA,Xetra,FLXT.DE,etf,EUR
IE00BF2B0P08,FLXU,FT ICAV-F.US EQ.U.ETF DLA,Xetra,FLXU.DE,etf,EUR
IE00BF2B0M76,FLXX,FT ICAV-F.G.Q.DIV.ETF DLD,Xetra,FLXX.DE,etf,EUR
US3453708600,FMC1,"FORD MOTOR         DL-,01",Xetra,FMC1.DE,stock,EUR
DE0005785802,FME,FRESEN.MED.CARE AG INH ON,Xetra,FME.DE,stock,EUR
US3463751087,FMF,"FORMFACTOR INC.   DL-,001",Xetra,FMF.DE,stock,EUR
IT0003856405,FMNB,"LEONARDO S.P.A.   EO 4,40",Xetra,FMNB.DE,stock,EUR
CA32076V1031,FMV,FIRST MAJESTIC SILVER,Xetra,FMV.DE,stock,EUR
US3025201019,FN2,"F.N.B. CORP.      DL -,01",Xetra,FN2.DE,stock,EUR
DE000A0Z2ZZ5,FNTN,FREENET AG NA O.N.,Xetra,FNTN.DE,stock,EUR
BE0974264930,FO4N,AGEAS SA/NV,Xetra,FO4N.DE,stock,EUR
US35137L1052,FO5,"FOX CORP. A        DL-,01",Xetra,FO5.DE,stock,EUR
US35137L2043,FO5B,"FOX CORP. B        DL-,01",Xetra,FO5B.DE,stock,EUR
US34959E1091,FO8,"FORTINET INC.     DL-,001",Xetra,FO8.DE,stock,EUR
IE0004X8KUG5,FOCT,FT G VUS EQBE10 ADLA,Xetra,FOCT.DE,etf,EUR
IE000ZOKLHY7,FOFD,FT ICAV-F.FUTFOODUE CLADL,Xetra,FOFD.DE,etf,EUR
IE0003WEWAX4,FOHW,FT ICAV-F.FUTH+WELL CLADL,Xetra,FOHW.DE,etf,EUR
US79466L3024,FOO,"SALESFORCE INC.   DL-,001",Xetra,FOO.DE,stock,EUR
US65339F1012,FP3,"NEXTERA ENERGY INC.DL-,01",Xetra,FP3.DE,stock,EUR
DE000A3E5D56,FPE,FUCHS SE  NA ST O.N.,Xetra,FPE.DE,stock,EUR
DE000A3E5D64,FPE3,FUCHS SE  VZO NA O.N.,Xetra,FPE3.DE,stock,EUR
US35671D8570,FPMB,FREEPORT-MCMORAN INC.,Xetra,FPMB.DE,stock,EUR
ATFREQUENT09,FQT,FREQUENTIS AG,Xetra,FQT.DE,stock,EUR
DE0005773303,FRA,FRAPORT AG FFM.AIRPORT,Xetra,FRA.DE,stock,EUR
LU1645380368,FRC3,UBS C.BBGEOI-LBD1-10 EOD,Xetra,FRC3.DE,etf,EUR
LU1645381689,FRC4,UBSBBGEOINFLKD10+ EOD,Xetra,FRC4.DE,etf,EUR
LU1230561679,FRCJ,UBSMSCIJPSOCRES YND,Xetra,FRCJ.DE,etf,EUR
LU1324516308,FRCK,UBSBBGDLEMSOV HEOA,Xetra,FRCK.DE,etf,EUR
DE000FRE5EN2,FRE,FRESENIUS SE+CO.KGAA O.N.,Xetra,FRE.DE,stock,EUR
US3032501047,FRI,"FAIR ISAAC CORP.   DL-,01",Xetra,FRI.DE,stock,EUR
LU1681041114,FRNE,AIS-A.EO FRCBD ESG DREOA,Xetra,FRNE.DE,etf,EUR
LU1681041031,FRNH,AIS-AM.USD FR C.BD.ESG DR,Xetra,FRNH.DE,etf,EUR
LU1681040900,FRNU,AIS-AM.USD FR C.BD.ESG DR,Xetra,FRNU.DE,etf,EUR
IE000TYGG0N6,FRPG,FID-G.E.REEPABE DLA,Xetra,FRPG.DE,etf,EUR
DE0005775803,FRS,FORIS AG,Xetra,FRS.DE,stock,EUR
IE0006QCIHM0,FSCE,FID2-DL C.BD RE PAB HGEOA,Xetra,FSCE.DE,etf,EUR
IE000AALNYM3,FSCI,F2-GLCBDERPAB (HGD)EOD,Xetra,FSCI.DE,etf,EUR
IE00BM9GRM34,FSCM,FID2-GL.C.BD RE PAB IDLD,Xetra,FSCM.DE,etf,EUR
IE0006FAD976,FSPU,FRATEMSP500SETF DLA,Xetra,FSPU.DE,etf,EUR
IE0006WOV4I9,FSPW,FRATEMSPWLDSETF DLA,Xetra,FSPW.DE,etf,EUR
US3205171057,FT2,"FIRST HORIZON     DL-,625",Xetra,FT2.DE,stock,EUR
IE000PEYL7P5,FTCD,FTI-SP500 C.D. CLDLA,Xetra,FTCD.DE,etf,EUR
IE000TMJDGV1,FTCS,FTI-SP500 C.S. CLDLA,Xetra,FTCS.DE,etf,EUR
FR0000133308,FTE,ORANGE INH.          EO 4,Xetra,FTE.DE,stock,EUR
IE000KG7KXI7,FTFN,FTI-SP500 FI. CLDLA,Xetra,FTFN.DE,etf,EUR
IE000NVDQXE1,FTGA,FT G.F-F.I.G.AE ADLA,Xetra,FTGA.DE,etf,EUR
IE00BKS2X317,FTGB,1TGF-L.D.G.G.BD CEOD,Xetra,FTGB.DE,etf,EUR
IE0001R850E1,FTGD,FIRST TR.SMID ADLA,Xetra,FTGD.DE,etf,EUR
IE00B8X9NY41,FTGE,FTGF-F.TR.EOZ ALDEX AAEO,Xetra,FTGE.DE,etf,EUR
IE000TIZ5AP4,FTGF,FTG-EU INFRAS. ADLA,Xetra,FTGF.DE,etf,EUR
IE00BWTNM966,FTGG,FTGF-F.TR.GERM.ALDEX AEO,Xetra,FTGG.DE,etf,EUR
IE00BD6GCF16,FTGI,FIRST TR.US EQI.INC.U.BDL,Xetra,FTGI.DE,etf,EUR
IE000CY30YV9,FTGM,FTGF-FT US MOMENT.UE ADLA,Xetra,FTGM.DE,etf,EUR
IE000OJ31JQ4,FTGN,FTG-F.T.V.US EMBEN ADLA,Xetra,FTGN.DE,etf,EUR
IE000GAKWFA7,FTGQ,FTVNAS100MBETFD ADLA,Xetra,FTGQ.DE,etf,EUR
IE00BKPSPT20,FTGS,FT-GCSELDRS EFT ADLA,Xetra,FTGS.DE,etf,EUR
IE000RN036E0,FTGT,FTGF-FT AL.D.T.RE UE ADLA,Xetra,FTGT.DE,etf,EUR
IE00B8X9NW27,FTGU,FST TR.US L.CAP C.ADEX UE,Xetra,FTGU.DE,etf,EUR
DE000FTG1111,FTK,FLATEXDEGIRO SE NA O.N.,Xetra,FTK.DE,stock,EUR
IE000WX2HZQ7,FTMA,FT GFFT VUS4 ADLA,Xetra,FTMA.DE,etf,EUR
IE0006S0EBF2,FTMQ,FT VEN100MOBUMA ADLA,Xetra,FTMQ.DE,etf,EUR
IE0002PPCMH6,FTMR,FT.V.US E.M.B.M ADLA,Xetra,FTMR.DE,etf,EUR
IE0009DRFET8,FTMS,FT VEUSEQMABSE ADLA,Xetra,FTMS.DE,etf,EUR
IE000OL3XN92,FTSA,ISH2-FTSE ALL-W DLD,Xetra,FTSA.DE,etf,EUR
IE00097WZHZ9,FTSS,ISH2-FTSE ALL-W DLA,Xetra,FTSS.DE,etf,EUR
IE000EQGURT5,FTTC,FTI-SP500 I.T. CLDLA,Xetra,FTTC.DE,etf,EUR
IE0001T0BHM5,FTUI,F.T.U.I.E.F.E. CLDLD,Xetra,FTUI.DE,etf,EUR
IE00082967W7,FTUM,F.T.U.I.E.F.E. MDISDLD,Xetra,FTUM.DE,etf,EUR
IE0000QLH0G6,FTWD,IMII-FTSE A.W. DLD,Xetra,FTWD.DE,etf,EUR
LI1358444548,FU0A,CERDIOS SE     EO 1,Xetra,FU0A.DE,stock,EUR
IE0001DM7O60,FUIE,FID2-DL C.BD RE PAB HGEOD,Xetra,FUIE.DE,etf,EUR
IE000JJQ6248,FUIG,FID2-DL C.BD RE PAB DLD,Xetra,FUIG.DE,etf,EUR
IE00BYXVGY31,FUSA,FIDELITY US Q.INC.ETF ACC,Xetra,FUSA.DE,etf,EUR
IE00BYXVGX24,FUSD,FIDELITY US Q.INC.ETF INC,Xetra,FUSD.DE,etf,EUR
IE0001W4ZVM2,FUSE,FID-USEQRENH HGDEOA,Xetra,FUSE.DE,etf,EUR
IE00BKSBGS44,FUSR,FID-US EQ.RES.EN.UETF DLA,Xetra,FUSR.DE,etf,EUR
IE00BYV1Y969,FUSU,FIDELITY US Q.IN.ETF AEOH,Xetra,FUSU.DE,etf,EUR
IE000MKIH0W7,FUSV,FID.US QU.VA E. DLA,Xetra,FUSV.DE,etf,EUR
IE0005C9DSV5,FUSY,FID.USEQ.E.Y.UE DLD,Xetra,FUSY.DE,etf,EUR
IE000EBPC0Z7,FVCH,04 ICAV-FMCHNPAC ETF DLA,Xetra,FVCH.DE,etf,EUR
IE00BKVKW020,FVD,FIRST T.G.F.-V. ADLA,Xetra,FVD.DE,etf,EUR
IE000QLV3SY5,FVEM,FT ICAV-FMSCEMPAC ETF DLA,Xetra,FVEM.DE,etf,EUR
IE000STIHQB2,FVSA,FT ICAV-F.EUR S.M.ETF EOA,Xetra,FVSA.DE,etf,EUR
IE00BFWXDY69,FVSH,FT ICAV-F.EUR S.M.ETF EOD,Xetra,FVSH.DE,etf,EUR
IE00BFWXDV39,FVSJ,FT ICAV-F.F.A.XCH XJP DLD,Xetra,FVSJ.DE,etf,EUR
IE00BFWXDX52,FVUI,FT ICAV-F.DL IGCB ETF DLD,Xetra,FVUI.DE,etf,EUR
LU3322522163,FWD,AI-GDP U.ETFDLA,Xetra,FWD.DE,etf,EUR
IE0006VDD4K1,FWEA,IMII-FTSE A.W. PFHDGEOA,Xetra,FWEA.DE,etf,EUR
IE000716YHJ7,FWIA,IMII-FTSE A.W. DLA,Xetra,FWIA.DE,etf,EUR
US34354P1057,FWV,"FLOWSERVE CORP.   DL 1,25",Xetra,FWV.DE,stock,EUR
IE00BD5HBS12,FXEU,FTGF-F.TR.FACTORFX CEOH,Xetra,FXEU.DE,etf,EUR
DE000A40ET88,FXT,FINEXITY AG NA O.N.,Xetra,FXT.DE,stock,EUR
DE000A1EWVY8,FYB,FORMYCON AG,Xetra,FYB.DE,stock,EUR
IE000HDEYKM3,FYEI,FID2-EO HY CBDREPAB EO D,Xetra,FYEI.DE,etf,EUR
IE00BYSX4846,FYEM,F.-F.EM.MKT.Q.I.U.ETF DLA,Xetra,FYEM.DE,etf,EUR
IE00BYSX4739,FYEQ,F.-F.EM.MKT.Q.I.U.ETF DLD,Xetra,FYEQ.DE,etf,EUR
IE00BLRPN388,FYER,FID-EM.MKTS EQ.RES.EN.DLA,Xetra,FYER.DE,etf,EUR
IE000FK14CA5,FYUE,FID2-DL HY CBDREPAB HGEOD,Xetra,FYUE.DE,etf,EUR
IE000ARLR807,FYUI,FID2-DL HY CBDREPAB DLD,Xetra,FYUI.DE,etf,EUR
IE000LRDPD24,G0BC,X.IEX.GL.C.B.E. 1CDLA,Xetra,G0BC.DE,etf,EUR
IE000UDUSCI9,G0VB,PIMETFS-PADGGBD HGDEOA,Xetra,G0VB.DE,etf,EUR
NL0011821392,G14,"SIGNIFY N.V.      EO -,01",Xetra,G14.DE,stock,EUR
DE0006602006,G1A,GEA GROUP AG,Xetra,G1A.DE,stock,EUR
IE00BLRB0028,G1CD,INVESCOM2 CLEAN ENERGY D,Xetra,G1CD.DE,etf,EUR
IE00BLRB0242,G1CE,INVESCOM2 CLEAN ENERGY A,Xetra,G1CE.DE,etf,EUR
DE000A12DM80,G24,SCOUT24 SE NA O.N.,Xetra,G24.DE,stock,EUR
IE00BQQP9F84,G2X,VANECK GOLD MINERS UC.ETF,Xetra,G2X.DE,etf,EUR
IE00BQQP9G91,G2XJ,VANECK J. GOLD MIN.UC.ETF,Xetra,G2XJ.DE,etf,EUR
DE000A40KXC8,G6P0,GOING PUBLIC MEDIA NA ON,Xetra,G6P0.DE,stock,EUR
US3687361044,G84,GENERAC HOLDINGS INC.,Xetra,G84.DE,stock,EUR
IE0003MKK4H3,GAC5,GS ETF-A.UKG110Y DLS,Xetra,GAC5.DE,etf,GBP
IE00BJ5CNR11,GACA,GS AB PA SUSLCE DLA,Xetra,GACA.DE,etf,EUR
IE000HPBRE54,GACL,GSE-APASWEUE DLA,Xetra,GACL.DE,etf,EUR
IE000UZO4IC7,GAEB,GS-MAHACUBDAC HGDEOA,Xetra,GAEB.DE,etf,EUR
IE000GZD8ME7,GAEM,GS-EMGRSOBDAC HGD(EOD,Xetra,GAEM.DE,etf,EUR
US3647601083,GAP,"GAP INC.           DL-,05",Xetra,GAP.DE,stock,EUR
IE00BJSBCS90,GASF,GS ETF-GS A.CHI.G.BD DLDI,Xetra,GASF.DE,etf,EUR
IE000DYQE2Q3,GAT1,ISHS3-GLAT1BDAC EOA,Xetra,GAT1.DE,etf,EUR
IE000TGSG3Y5,GAUG,FTG-F.T.V.US EMBEA ADLA,Xetra,GAUG.DE,etf,EUR
IE0001VDDL68,GB1A,INVESCOM2-GHYCBESGCT ACC,Xetra,GB1A.DE,etf,EUR
IE000ZWSN3F7,GB1D,INVESCOM2-GHYCBESGCT DIST,Xetra,GB1D.DE,etf,EUR
IE000XG0ZRI7,GB1E,INVESCOM2-GHYCBESGCT PF H,Xetra,GB1E.DE,etf,EUR
DE0005909006,GBF,BILFINGER SE O.N.,Xetra,GBF.DE,stock,EUR
CH0030170408,GBRA,GEBERIT AG NA DISP. SF-10,Xetra,GBRA.DE,stock,EUR
LU1681046931,GC40,AIS-A.CAC 40 ESG CEOA,Xetra,GC40.DE,etf,EUR
IE000CWXN435,GCAG,GS EI-GS GCPA HGDEOD,Xetra,GCAG.DE,etf,EUR
IE0002G3KSC2,GCAP,GS EI-GS GCPA HGDEOA,Xetra,GCAP.DE,etf,EUR
IE0006K7DEL9,GCOR,F.I.F.S.E.G.C EOA,Xetra,GCOR.DE,etf,EUR
US3696043013,GCP,"GE AEROSPACE      DL -,06",Xetra,GCP.DE,stock,EUR
LU2780870932,GCRE,AIS-AM.GCBD1-5YHRE UEDLHA,Xetra,GCRE.DE,etf,EUR
LU2780870932,GCRU,AIS-AM.GCBD1-5YHRE UEDLHA,Xetra,GCRU.DE,etf,USD
IE00084KY2F2,GDEM,GSAENH EM EQ.AC 10DLD,Xetra,GDEM.DE,etf,EUR
IE000DQAQ6J3,GDEU,GSAENH EU EQ.AC 10EOD,Xetra,GDEU.DE,etf,EUR
IE0006NZSQW7,GDJY,GSAENH JP EQ.AC 10YND,Xetra,GDJY.DE,etf,EUR
LU3299677511,GDPW,A.G.G.B.GDP-W U.ETFDLA,Xetra,GDPW.DE,etf,EUR
IE000KBUL630,GDSF,SS GL.DIV.SPO. UH.EOA,Xetra,GDSF.DE,etf,EUR
DK0010272202,GE9,GENMAB AS            DK 1,Xetra,GE9.DE,stock,EUR
LU2023678449,GENY,MUL-AM.MSCI F.MILLE. DLA,Xetra,GENY.DE,etf,EUR
AT0000A34DM3,GEPH,EPH GROUP AG IA,Xetra,GEPH.DE,stock,EUR
IE0001UQQ933,GERD,LG-GK MUL.EQ.E. DLA,Xetra,GERD.DE,etf,EUR
IE0000MK7GG1,GEUR,GS-EO GO.BD AC. EOA,Xetra,GEUR.DE,etf,EUR
IE000FRX67F3,GEVT,GS-GL.GO.BD AC. HGDEOA,Xetra,GEVT.DE,etf,EUR
IE00BF540Z61,GFEA,VANECK GL FA.ANGEL UC.ETF,Xetra,GFEA.DE,etf,EUR
LU2010095458,GFG,"GLOBAL FASHION GRP EO-,01",Xetra,GFG.DE,stock,EUR
DE0005800601,GFT,GFT TECHNOLOGIES SE,Xetra,GFT.DE,stock,EUR
IE000NKC01D0,GGBD,IM IV-I.GL.G.BD DLD,Xetra,GGBD.DE,etf,EUR
IE000RBFCPY3,GGED,IM IV-I.GL.G.BD HDGEOD,Xetra,GGED.DE,etf,EUR
US3666511072,GGRA,"GARTNER INC. DL -,0005",Xetra,GGRA.DE,stock,EUR
IE00BDR5H073,GGUE,UBS(I.)ETF-GL.GEN.E. HEOA,Xetra,GGUE.DE,etf,EUR
IE000O6GI299,GIGA,GS-EOIGCOBDAC 10EOA,Xetra,GIGA.DE,etf,EUR
IE0009EDBBS3,GIGE,GS-EOIGCOBDAC ()EOD,Xetra,GIGE.DE,etf,EUR
IE000RRCJI06,GIGU,GS-DLIGCOBDAC ()DLD,Xetra,GIGU.DE,etf,EUR
IE000KDY10O3,GIJ0,HAN.-FU.US DEF.U.ETF DLA,Xetra,GIJ0.DE,etf,EUR
DE0005878003,GIL,DMG MORI AG O.N.,Xetra,GIL.DE,stock,EUR
US3755581036,GIS,"GILEAD SCIENCES   DL-,001",Xetra,GIS.DE,stock,EUR
LU3322522247,GLAD,AI-GRAEP U.ETFDLA,Xetra,GLAD.DE,etf,EUR
IE000FVQW7E7,GLBD,IVSMII-G.C.B.E.C.T. DLD,Xetra,GLBD.DE,etf,EUR
LU3322522080,GLIG,AB I-GL.C.B.P. U.ETFDLA,Xetra,GLIG.DE,etf,EUR
DE000A161N30,GLJ,GRENKE AG NA O.N.,Xetra,GLJ.DE,stock,EUR
US37940X1028,GLO,GLOBAL PAYMENTS INC.,Xetra,GLO.DE,stock,EUR
LU1681048630,GLUX,AIS-AMUNDI GL.LUX.UE EOA,Xetra,GLUX.DE,etf,EUR
US2193501051,GLW,"CORNING INC.      DL -,50",Xetra,GLW.DE,stock,EUR
US3795772082,GM0N,"GLOBUS MED.A NEW DL -,001",Xetra,GM0N.DE,stock,EUR
IE000P0FL8E3,GMAY,FTGTVUEMBETFMAY ADLA,Xetra,GMAY.DE,etf,EUR
DE0005495626,GME,GERATHERM O.N.,Xetra,GME.DE,stock,EUR
DE0005895403,GMM,GRAMMER AG O.N.,Xetra,GMM.DE,stock,EUR
IE00BQQP9H09,GMVM,VANECK MST US MOAT UC.ETF,Xetra,GMVM.DE,etf,EUR
IE00BM8R0N95,GN0M,GL X ETF-GLXGENBIOT DLA,Xetra,GN0M.DE,etf,EUR
DK0010272632,GNN,GN STORE NORD A/S NAM.DK1,Xetra,GNN.DE,stock,EUR
LU1861132840,GOAI,AIS-A.MSCI ROB+AI UEA,Xetra,GOAI.DE,etf,EUR
FR0000125007,GOB,ST GOBAIN            EO 4,Xetra,GOB.DE,stock,EUR
US38141G1040,GOS,GOLDMAN SACHS GRP INC.,Xetra,GOS.DE,stock,EUR
US45784P1012,GOV,"INSULET CORP.    DL -,001",Xetra,GOV.DE,stock,EUR
IE000PXXRS03,GQDW,GSAENH W.EQ.AC 10DLD,Xetra,GQDW.DE,etf,EUR
IE000KEFZYE7,GQEM,GSAENH EM EQ.AC DLA,Xetra,GQEM.DE,etf,EUR
IE000RITWOD4,GQEU,GSAENH EU EQ.AC EOA,Xetra,GQEU.DE,etf,EUR
IE000ZUTO1I5,GQJY,GSAENH JP EQ.AC YNA,Xetra,GQJY.DE,etf,EUR
IE000PH09T78,GQUD,GSAENH US EQ.AC 10DLD,Xetra,GQUD.DE,etf,EUR
IE000HYFO765,GQUS,GSAENH US EQ.AC DLA,Xetra,GQUS.DE,etf,EUR
IE000UFAX9L6,GQWD,GSAENH W.EQ.AC DLA,Xetra,GQWD.DE,etf,EUR
IE0004VOU3Y2,GQWX,GSAENH US EQ.AC EOA,Xetra,GQWX.DE,etf,EUR
IE000XE0DHJ5,GQXU,GSAENH US EQ.AC EOD,Xetra,GQXU.DE,etf,EUR
US3873281071,GRG,"GRANITE CONSTR.    DL-,01",Xetra,GRG.DE,stock,EUR
IE000J80JTL1,GRID,FS T.G.F.A ADLA,Xetra,GRID.DE,etf,EUR
US3703341046,GRM,"GENL MILLS        DL -,10",Xetra,GRM.DE,stock,EUR
IE000OQGOX00,GRNY,FDST.GR.SH.US LCAP UE DLD,Xetra,GRNY.DE,etf,EUR
IE00BMDBMN04,GRON,ISHS 2 EO GR.BD ETF EOD,Xetra,GRON.DE,etf,EUR
BGGRASE06174,GRX,EXPAT GREECE ASE UC.ETF,Xetra,GRX.DE,etf,EUR
US36467W1099,GS2C,GAMESTOP CORP. A,Xetra,GS2C.DE,stock,EUR
GB00BN7SWP63,GS71,"GSK PLC  LS-,3125",Xetra,GS71.DE,stock,EUR
DE000A1K0201,GSC1,GESCO SE NA O.N.,Xetra,GSC1.DE,stock,EUR
LU1291109616,GSDE,BNP P.EASY-EN.+ME.E.R.CEO,Xetra,GSDE.DE,etf,EUR
IE0006R681H8,GSIB,GS EI-GS GI BOA HGDEOA,Xetra,GSIB.DE,etf,EUR
IE000D3E0G47,GSIN,GS EI-GS GI BOA HGD(Q)EOD,Xetra,GSIN.DE,etf,EUR
IE000P0R7WK6,GSOV,F.I.F.S.E.G.S EOA,Xetra,GSOV.DE,etf,EUR
IE000L0X6L81,GSXG,GSETFGLGREENBD HGDEOD,Xetra,GSXG.DE,etf,EUR
DE000A1MMEV4,GTH,GERMAN TECH HOLDING KGAA,Xetra,GTH.DE,stock,EUR
LU2859392081,GTIL,XTR.-WLD GR.T.I.ETF 1CDLA,Xetra,GTIL.DE,etf,EUR
LU2859297330,GTIS,XTR-W.S.C.G.T.I.ETF 1CDLA,Xetra,GTIS.DE,etf,EUR
DE000A1EMHE0,GTK,TONKENS AGRAR AG,Xetra,GTK.DE,stock,EUR
LU2924149862,GTSB,AIS-AM.GL.TR.BD U.ETF HGD,Xetra,GTSB.DE,etf,USD
DE000A0JJTG7,GTY,GATEWAY R.EST.AG O.N.,Xetra,GTY.DE,stock,EUR
GB00BPQY8M80,GU81,"AVIVA PLC          LS-,33",Xetra,GU81.DE,stock,EUR
IE0006B9CPY7,GUHY,GS-DL HY BD AC ()DLD,Xetra,GUHY.DE,etf,EUR
GB0002374006,GUI,"DIAGEO PLC LS-,28935185",Xetra,GUI.DE,stock,EUR
BE0003818359,GXE,LAKEFRONT BIOTHERAPEUTICS,Xetra,GXE.DE,stock,EUR
IE000M02BVY5,GXHY,GS-EO HY BD AC ()EOD,Xetra,GXHY.DE,etf,EUR
DE000A0LD6E6,GXI,GERRESHEIMER AG,Xetra,GXI.DE,stock,EUR
IE000GNOSM10,GXPE,GS MSCI WPERT DLA,Xetra,GXPE.DE,etf,EUR
LU3254330437,GXUS,AMISO-G.EX-US G DLA,Xetra,GXUS.DE,etf,EUR
LU0775917882,GYC,"GRAND CITY PROPERT.EO-,10",Xetra,GYC.DE,stock,EUR
FR0010208488,GZF,ENGIE S.A. INH.      EO 1,Xetra,GZF.DE,stock,EUR
LU1681049109,H1D5,AIS-AM.S+P500 SW.UETFEOCD,Xetra,H1D5.DE,etf,EUR
GB00BMHVL512,H1W,"KLARNA GROUP PLC  LS -,10",Xetra,H1W.DE,stock,EUR
LU0472835155,H2A,H2APEX GROUP SCA,Xetra,H2A.DE,stock,EUR
DE000A255G02,H2O,ENAPTER AG  INH O.N.,Xetra,H2O.DE,stock,EUR
IE00BLR6Q544,H3R0,GL X-V.GM.ESP.DLA,Xetra,H3R0.DE,etf,EUR
US3149111086,H3V,"FERMI INC.  DL-,001",Xetra,H3V.DE,stock,EUR
IE00B5SSQT16,H410,HSBC MSCI EM UC. ETF DL,Xetra,H410.DE,etf,EUR
IE00BBQ2W338,H411,HSBC MSCI AC FE XJ UC.ETF,Xetra,H411.DE,etf,EUR
IE00BKY40J65,H412,HSBC ETFS-US.S.EQ.ETF DLA,Xetra,H412.DE,etf,EUR
IE000UERNJ93,H414,HSBC E.PEMEQAC DLA,Xetra,H414.DE,etf,EUR
IE000KL4O2Z8,H415,HSBC E-PLWEIQAE DLD,Xetra,H415.DE,etf,EUR
IE000ZURGSV2,H416,HSBC E.PLWEQAC DLA,Xetra,H416.DE,etf,EUR
IE000893FCN6,H417,HSBC E-PEMEINQA DLD,Xetra,H417.DE,etf,EUR
IE00BKY59K37,H41C,HSBC-D.W.SCR.EQ.ETF DLA,Xetra,H41C.DE,etf,EUR
IE000LYBU7X5,H41D,HSBC-M.W.V.SCR.EQ.ETF DLA,Xetra,H41D.DE,etf,EUR
IE000NVVIF88,H41E,HSBC-M.E.M.VAL.SC.ETF DLA,Xetra,H41E.DE,etf,EUR
IE000W080FK3,H41F,HSBC-M.E.M.S.C.SC.ETF DLA,Xetra,H41F.DE,etf,EUR
IE000C692SN6,H41G,HSBCE-MSCIWSCE DLA,Xetra,H41G.DE,etf,EUR
IE000QMIHY81,H41H,HSBC ETF- WORLD HGDEOA,Xetra,H41H.DE,etf,EUR
IE00BF4NQ904,H41K,HSBC ETFS-MSCI CHIN.A IDL,Xetra,H41K.DE,etf,EUR
IE000N5JOGS2,H41Q,HSBC-CN GLBI DLA,Xetra,H41Q.DE,etf,EUR
IE000MY0C911,H41R,HGF-G.C.B.I. ETFCHEURDLA,Xetra,H41R.DE,etf,EUR
IE000QL3QEM2,H41S,HGF-G.G.B.I. ETFCHEURDLA,Xetra,H41S.DE,etf,EUR
IE000389GTC0,H41T,HSBC G-GSGBI ETFCHEURDLA,Xetra,H41T.DE,etf,EUR
IE000YUU9UG5,H41U,HSBC-CN GLBI ETFCHEURDLA,Xetra,H41U.DE,etf,EUR
IE000XC6EVL9,H41V,HSBCETF-NGLCLIT DLA,Xetra,H41V.DE,etf,EUR
IE0008119MO8,H41X,HSBC SP I.T.E ()EOA,Xetra,H41X.DE,etf,EUR
IE0000KA1ZX3,H41Y,HS.GFI EO CB ETFCEOA,Xetra,H41Y.DE,etf,EUR
IE0008JXFQK8,H41Z,HSBC E.PUSEQAC DLA,Xetra,H41Z.DE,etf,EUR
IE00BKY59G90,H4Z1,HSBC-E.M.SCR.EQ.ETF DLA,Xetra,H4Z1.DE,etf,EUR
IE00BKY58G26,H4Z2,HSBC-AP XJ.SC.EQ.ETF DLA,Xetra,H4Z2.DE,etf,EUR
IE000KCS7J59,H4Z3,HSBC MSCIEM ETF DLA,Xetra,H4Z3.DE,etf,EUR
IE0007P4PBU1,H4Z6,HSBC ETF- CHINA DLA,Xetra,H4Z6.DE,etf,EUR
IE000G6GSP88,H4Z7,HSBC EPRA/NARE DLA,Xetra,H4Z7.DE,etf,EUR
IE00B4K6B022,H4ZA,HSBC EURO STOXX 50 UC.ETF,Xetra,H4ZA.DE,etf,EUR
IE00B5BD5K76,H4ZE,HSBC MSCI EUROPE UC. ETF,Xetra,H4ZE.DE,etf,EUR
IE00B5KQNG97,H4ZF,HSBC S+P 500 UCITS ETF,Xetra,H4ZF.DE,etf,EUR
IE00B4X9L533,H4ZJ,HSBC MSCI WORLD UCITS ETF,Xetra,H4ZJ.DE,etf,EUR
IE0009WMIIC0,H4ZK,HSBC-EOLCG1-3Y ETFCEOA,Xetra,H4ZK.DE,etf,EUR
IE00B5L01S80,H4ZL,HSBC FTSE E./N.D.U.ETF DL,Xetra,H4ZL.DE,etf,EUR
IE00B5LJZQ16,H4ZM,HSBC MSCI RU CAP. UC. ETF,Xetra,H4ZM.DE,etf,EUR
IE000JZ473P7,H4ZN,HSBC ETFS-SP500 DLA,Xetra,H4ZN.DE,etf,EUR
IE00B44T3H88,H4ZP,HSBC MSCI CHINA UCITS ETF,Xetra,H4ZP.DE,etf,EUR
IE00B46G8275,H4ZT,HSBC MSCI INDONES. UC.ETF,Xetra,H4ZT.DE,etf,EUR
IE00BMWXKN31,H4ZX,HSBCE.HG SG T. HDA,Xetra,H4ZX.DE,etf,EUR
IE000UQND7H4,H4ZY,HSBC ETF- WORLD DLA,Xetra,H4ZY.DE,etf,EUR
IE000MWUQBJ0,H4ZZ,HSBC- EU50ETF EOA,Xetra,H4ZZ.DE,etf,EUR
IT0005526295,H68,RIGSAVE S.P.A.,Xetra,H68.DE,stock,EUR
GB00BMX86B70,H6D0,"HALEON PLC       LS 0,01",Xetra,H6D0.DE,stock,EUR
US19247G1076,H7B,COHERENT CORP.,Xetra,H7B.DE,stock,EUR
DE000A0LR4P1,H9W,HWA AG  INH.O.N.,Xetra,H9W.DE,stock,EUR
DE000A3H2333,HABA,HAMBORNER REIT AG NA O.N.,Xetra,HABA.DE,stock,EUR
DE000HAG0005,HAG,HENSOLDT AG INH O.N.,Xetra,HAG.DE,stock,EUR
US4062161017,HAL,"HALLIBURTON CO.   DL 2,50",Xetra,HAL.DE,stock,EUR
DE0006042708,HAW,HAWESKO HOLDING  INH O.N.,Xetra,HAW.DE,stock,EUR
GB0005405286,HBC1,"HSBC HLDGS PLC     DL-,50",Xetra,HBC1.DE,stock,EUR
DE0006083405,HBH,HORNBACH HOLD.ST O.N.,Xetra,HBH.DE,stock,EUR
US4227041062,HCL,"HECLA MNG          DL-,25",Xetra,HCL.DE,stock,EUR
DE0007314007,HDD,HEIDELBERG.DRUCKMA.O.N.,Xetra,HDD.DE,stock,EUR
US4370761029,HDI,"HOME DEPOT INC.    DL-,05",Xetra,HDI.DE,stock,EUR
IE00BWTN6Y99,HDLV,INVESCOM3 SP500 HD LV A,Xetra,HDLV.DE,etf,EUR
US04280A1007,HDP1,"ARROWHEAD PHARMAC. DL-,01",Xetra,HDP1.DE,stock,EUR
IE00BMDH1538,HDR0,VANE.-VANECK HYDRO.EC UC,Xetra,HDR0.DE,etf,EUR
DE000A42D2N5,HE8,HELIOS SOLAR AG INH EO 1,Xetra,HE8.DE,stock,EUR
IE000K4JG8P9,HEDL,JPM- US HLADDER UE DLD,Xetra,HEDL.DE,etf,EUR
DE0006047004,HEI,HEIDELBERG MATERIALS O.N.,Xetra,HEI.DE,stock,EUR
DE0006048408,HEN,HENKEL AG+CO.KGAA ST O.N.,Xetra,HEN.DE,stock,EUR
DE0006048432,HEN3,HENKEL AG+CO.KGAA VZO,Xetra,HEN3.DE,stock,EUR
IE000VAZZYM3,HEOL,JPM- US HLADDER UE ADL,Xetra,HEOL.DE,etf,EUR
IE0006UQKVQ0,HEQD,JPM-NASDAQ HLADDER UE DLD,Xetra,HEQD.DE,etf,EUR
IE000JIPY1U8,HEQQ,JPM-NASDAQ HLADDER UE ADL,Xetra,HEQQ.DE,etf,EUR
IE0004L7EQG2,HEUR,HSBC-EOLI U.ETFEOA,Xetra,HEUR.DE,etf,EUR
US4165151048,HFF,HARTFORD INSURANCE GROUP,Xetra,HFF.DE,stock,EUR
DE000A161408,HFG,HELLOFRESH SE  INH O.N.,Xetra,HFG.DE,stock,EUR
DE000A3CMGN3,HGEA,HGEARS AG  INH O.N.,Xetra,HGEA.DE,stock,EUR
IE000XGNMWE1,HGGA,HSBC-B.G.E.A1-3YB.ETF DLA,Xetra,HGGA.DE,etf,EUR
DE000A0S8488,HHFA,HAMBURG.HAFEN LOG.A-SP NA,Xetra,HHFA.DE,stock,EUR
US43300A2033,HI91,"HILTON WORLD.HDGS DL -,01",Xetra,HI91.DE,stock,EUR
DE000A3DSV01,HIGH,CANTOURAGE GROUP SE O.N.,Xetra,HIGH.DE,stock,EUR
IE000UU299V4,HJAP,HE-M.JP C.P.A. DLA,Xetra,HJAP.DE,etf,EUR
US4039491000,HL80,"HF SINCLAIR CORP.  DL-,01",Xetra,HL80.DE,stock,EUR
DE000HLAG475,HLAG,HAPAG-LLOYD AG NA O.N.,Xetra,HLAG.DE,stock,EUR
CH0012214059,HLBN,HOLCIM LTD.       NAM.SF2,Xetra,HLBN.DE,stock,EUR
DE000A13SX22,HLE,HELLA GMBH+CO. KGAA O.N.,Xetra,HLE.DE,stock,EUR
CH0006539198,HLG,HIGHLIGHT CMNCTS INH.SF 1,Xetra,HLG.DE,stock,EUR
FR0000052292,HMI,HERMES INTERNATIONAL O.N.,Xetra,HMI.DE,stock,EUR
SE0000106270,HMSB,HENNES + MAURITZ B SK-125,Xetra,HMSB.DE,stock,EUR
DE0006061104,HMU,HMS BERGBAU AG,Xetra,HMU.DE,stock,EUR
LU1681038599,HNDX,AIS-AM.NAS.-100 SW.UEEOCD,Xetra,HNDX.DE,etf,EUR
NL0000009165,HNK1,"HEINEKEN          EO 1,60",Xetra,HNK1.DE,stock,EUR
DE0005157101,HNL,HOENLE AG O.N.,Xetra,HNL.DE,stock,EUR
DE0008402215,HNR1,HANNOVER RUECK SE NA O.N.,Xetra,HNR1.DE,stock,EUR
US23331A1097,HO2,"D.R.HORTON INC.    DL-,01",Xetra,HO2.DE,stock,EUR
DE0006070006,HOT,HOCHTIEF AG,Xetra,HOT.DE,stock,EUR
IE000XFORJ80,HP2A,HMAAPE-J.C.P.A. DLA,Xetra,HP2A.DE,etf,EUR
DE000A3E5E55,HP3A,RINGMETALL SE  NA O.N.,Xetra,HP3A.DE,stock,EUR
IE000FNVOB27,HP8E,HSBCMSCEMCPA DLA,Xetra,HP8E.DE,etf,EUR
IE00BP2C0316,HPAE,HSBC E-MEUCPAE EOA,Xetra,HPAE.DE,etf,EUR
IE00BP2C1S34,HPAU,HSBC E-MUSCPAE DLA,Xetra,HPAU.DE,etf,EUR
IE00BP2C1V62,HPAW,HSBC E-MWCPAE DLA,Xetra,HPAW.DE,etf,EUR
DE000A11QVV0,HPHA,HEIDELBERG PHARMA AG O.N.,Xetra,HPHA.DE,stock,EUR
US6876041087,HQ1,ORUKA THERAPEUTICS INC.,Xetra,HQ1.DE,stock,EUR
IE000I1Q42S9,HQ5B,ISHSV-IBO27TDLC ()DLD,Xetra,HQ5B.DE,etf,EUR
US0936711052,HRB,BLOCK -HR- INC.,Xetra,HRB.DE,stock,EUR
DE000A11QW68,HRPK,7C SOLARPARKEN AG  O.N.,Xetra,HRPK.DE,stock,EUR
US5024311095,HRS,"L3HARRIS TECHS INC.DL-,01",Xetra,HRS.DE,stock,EUR
US29261A1007,HSOA,"ENCOMP.HEALT.CORP. DL-,01",Xetra,HSOA.DE,stock,EUR
US4278661081,HSY,HERSHEY CO.          DL 1,Xetra,HSY.DE,stock,EUR
GB00BRXH2664,HT3,ANGLOGOLD ASHANTI DL 1,Xetra,HT3.DE,stock,EUR
LU2290523658,HTG,HOMETOGO SE          EO 1,Xetra,HTG.DE,stock,EUR
IE00BMYDM794,HTMW,LGUE-HYDR.ECO. DLA,Xetra,HTMW.DE,etf,EUR
US4470111075,HTR,"HUNTSMAN CORP.     DL-,01",Xetra,HTR.DE,stock,EUR
US4461501045,HU3,"HUNTINGTON BANCSHS DL-,01",Xetra,HU3.DE,stock,EUR
BGHUBUX01189,HUBE,EXPAT HUNG. BUX UCITS ETF,Xetra,HUBE.DE,etf,EUR
US4435106079,HUEC,"HUBBELL INC.       DL-,01",Xetra,HUEC.DE,stock,EUR
US4448591028,HUM,"HUMANA INC.       DL-,166",Xetra,HUM.DE,stock,EUR
IE000Z7P04F4,HX60,I7-N100TOP30 DLA,Xetra,HX60.DE,etf,EUR
IE00BF541080,HY3M,VANECK EM HY BOND ADLA,Xetra,HY3M.DE,etf,EUR
IE0002RPS3K2,HYCN,GLXETFS-HYDROG DLA,Xetra,HYCN.DE,etf,EUR
IE00053WDH64,HYDE,INVESCOM2-HYDRO ECO,Xetra,HYDE.DE,etf,EUR
IE000EVUY6K9,HYHE,ISHSIII-BRDL HGDEOD,Xetra,HYHE.DE,etf,EUR
IE00BJSFR200,HYLE,ISHS GL.HY.C.BD ETF EOHD,Xetra,HYLE.DE,etf,EUR
IE000H92C4B8,HYPE,I.3-ISEO HY CBP-A.C. EO D,Xetra,HYPE.DE,etf,EUR
DE0005493365,HYQ,HYPOPORT SE  NA O.N.,Xetra,HYQ.DE,stock,EUR
US21873S1087,I1V,"COREWEAVE INC. A DL-,0001",Xetra,I1V.DE,stock,EUR
IE0003HV7CS6,I28X,ISHS2-IBD28TCCE EOA,Xetra,I28X.DE,etf,EUR
IE000PWSK6H1,I37B,IS.IBD D37 T.EO EOD,Xetra,I37B.DE,etf,EUR
IE00BMTX1Y45,I500,ISHSVI-ISH.SP500S.U.E.DLA,Xetra,I500.DE,etf,EUR
IE000G0E83X3,IART,IS3-AI IN.AC. DLA,Xetra,IART.DE,etf,EUR
IE000SIZJ2B2,IB26,ISHSV IBD26TEOC EOD,Xetra,IB26.DE,etf,EUR
IE000ZOI8OK5,IB27,IV-IB1227TEEOCO ()EOA,Xetra,IB27.DE,etf,EUR
IE000264WWY0,IB28,ISHSV IBD28TEOC EOD,Xetra,IB28.DE,etf,EUR
IE000AD2AYN2,IB36,IS.IBD D36 T.EO EOA,Xetra,IB36.DE,etf,EUR
IE0007SRI1C7,IB37,IS.IBD D37 T.EO EOA,Xetra,IB37.DE,etf,EUR
IE00BGPP6697,IBB1,ISHSII-DLT.BD7-10YR EODH,Xetra,IBB1.DE,etf,EUR
IE00BZ0PKV06,IBC0,ISIV-E.MSCI E.M.U.ETF EOA,Xetra,IBC0.DE,etf,EUR
IE00BF3N7102,IBC2,ISHSII-DLHY CORP BD EOHDD,Xetra,IBC2.DE,etf,EUR
IE00BD45KH83,IBC3,ISHS-CORE MSCI EM IMI DLD,Xetra,IBC3.DE,etf,EUR
IE00B52XQP83,IBC4,ISHSIII-MSCI S.AFR.DLACC,Xetra,IBC4.DE,etf,EUR
IE00BDZVH966,IBC5,ISHSII-DL TIPS EO-H. ACC.,Xetra,IBC5.DE,etf,EUR
IE00B5377D42,IBC6,ISHSIII-MSCI AUSTR.DLACC,Xetra,IBC6.DE,etf,EUR
IE00BF3N7219,IBC7,ISHSIV-FALL.A.H.Y.C.BDEHD,Xetra,IBC7.DE,etf,EUR
IE00B74DQ490,IBC9,IS GL.HI.YI.C.B.U.ETF DLD,Xetra,IBC9.DE,etf,EUR
IE00B14X4Q57,IBCA,IS EO G.B.1-3YR U.ETF EOD,Xetra,IBCA.DE,etf,EUR
IE00BGR7L912,IBCC,ISHS DL TB 0-1YR ETF DLD,Xetra,IBCC.DE,etf,EUR
IE0032895942,IBCD,IS DL CORP BD U.ETF DLD,Xetra,IBCD.DE,etf,EUR
IE00B3ZW0K18,IBCF,ISHSV-S+P500 EUR HGD ACC,Xetra,IBCF.DE,etf,EUR
IE00B42Z5J44,IBCG,ISHSV-MSCI JAPAN EO HDG A,Xetra,IBCG.DE,etf,EUR
IE00B441G979,IBCH,ISHSV.MSCI W.EUR HGD ACC,Xetra,IBCH.DE,etf,EUR
IE00B0M62X26,IBCI,IS EO I.L.GO.BD U.ETF EOA,Xetra,IBCI.DE,etf,EUR
IE00B4M7GH52,IBCJ,ISHSV-MSCI POLAND DL ACC,Xetra,IBCJ.DE,etf,EUR
IE00B6SPMN59,IBCK,ISHSVI-E.S+P500MIN.V.DL A,Xetra,IBCK.DE,etf,EUR
IE00B1FZS913,IBCL,ISHSII EO G.BD15-30YR EOD,Xetra,IBCL.DE,etf,EUR
IE00B1FZS806,IBCM,ISHSII-EO G.BD 7-10YR EOD,Xetra,IBCM.DE,etf,EUR
IE00B1FZS681,IBCN,ISHSII-EO G.BD3-5YR EODIS,Xetra,IBCN.DE,etf,EUR
IE00B9M6SJ31,IBCQ,ISHSVI-G.C.BD EO H DIST,Xetra,IBCQ.DE,etf,EUR
IE0032523478,IBCS,ISHS-EO C.BD L.C.U.ETFEOD,Xetra,IBCS.DE,etf,EUR
IE00BZ0PKT83,IBCZ,ISHSIVSTXXWDEMF DLA,Xetra,IBCZ.DE,etf,EUR
ES0144580Y14,IBE1,"IBERDROLA INH.    EO -,75",Xetra,IBE1.DE,stock,EUR
US4592001014,IBM,"INTL BUS. MACH.    DL-,20",Xetra,IBM.DE,stock,EUR
DE000A0XYHT5,IBU,IBU-TEC ADV.MATER. INH.ON,Xetra,IBU.DE,stock,EUR
GB00BHJYC057,IC1H,"INTERCONT.H.LS-,208521303",Xetra,IC1H.DE,stock,EUR
US45866F1049,IC2,INTERCONTINENTAL EXCH.INC,Xetra,IC2.DE,stock,EUR
IE00BG0NY640,ICFP,IIM2-M.E.L.C.P.ETF EOD,Xetra,ICFP.DE,etf,EUR
IE00BJ5JPG56,ICGA,ISHSIV-MSCI CHINA DL A,Xetra,ICGA.DE,etf,EUR
IE00BYPC1H27,ICGB,ISHSIV - ISH.CHIN.BD.U.ET,Xetra,ICGB.DE,etf,EUR
IE00BM8QS095,ICNT,INVESCOM2 MSCI CHINA TECH,Xetra,ICNT.DE,etf,EUR
US45337C1027,ICY,"INCYTE            DL-,001",Xetra,ICY.DE,stock,EUR
US4576422053,ID6,"INNODATA INC.     DL -,01",Xetra,ID6.DE,stock,EUR
US45167R1041,ID7,"IDEX CORP.         DL-,01",Xetra,ID7.DE,stock,EUR
ES0118594417,IDA,"INDRA SISTEMAS INH.EO 0,2",Xetra,IDA.DE,stock,EUR
FR0010331421,IDD,"INNATE PHARMA     EO -,05",Xetra,IDD.DE,stock,EUR
US09062X1037,IDP,"BIOGEN INC. DL -,0005",Xetra,IDP.DE,stock,EUR
IE000F6G1DE0,IE1A,ISHS COR B EOA,Xetra,IE1A.DE,etf,EUR
IE000AK4O3W6,IE3E,ISHSII-EO CB 0-3Y ESG EOA,Xetra,IE3E.DE,etf,EUR
IT0000072618,IES,INTESA SANPAOLO,Xetra,IES.DE,stock,EUR
IE00BGL86Z12,IEVD,ISHS IV-EL.VEH.+DR.T.DLA.,Xetra,IEVD.DE,etf,EUR
IE0000BH4WF5,IEXA,ISHS COR B ()EOA,Xetra,IEXA.DE,etf,EUR
IE000NHAIBN0,IFLX,IS3-EOFIBDA EOD,Xetra,IFLX.DE,etf,EUR
DE0006231004,IFX,INFINEON TECH.AG NA O.N.,Xetra,IFX.DE,stock,EUR
IE000D9WMGF0,IG31,ISHSVIBD31TEOC EOA,Xetra,IG31.DE,etf,EUR
IE000I660ZF8,IG32,ISHSVIBD32TEOC EOA,Xetra,IG32.DE,etf,EUR
IE000ZBGZQM8,IG33,ISHSVIBD33TEOC EOA,Xetra,IG33.DE,etf,EUR
IE000UY6XF65,IG34,ISHSVIBD34TEOC EOA,Xetra,IG34.DE,etf,EUR
IE000O1FWAW6,IG35,ISHS2-IBD35TCE EOA,Xetra,IG35.DE,etf,EUR
IE000SNWS0L0,IG3A,ISH-MSCI ACWI S DLA,Xetra,IG3A.DE,etf,EUR
GB00B0130H42,IJ8,"ITM POWER PLC      LS-,05",Xetra,IJ8.DE,stock,EUR
IE0005711209,IJF,"ICON PLC           EO-,06",Xetra,IJF.DE,stock,EUR
US26142V1052,IK1,"DRAFTKINGS INC. A  -,0001",Xetra,IK1.DE,stock,EUR
DE000A1MMCC8,ILM1,MEDIOS AG  O.N.,Xetra,ILM1.DE,stock,EUR
US4523081093,ILT,ILL. TOOL WKS,Xetra,ILT.DE,stock,EUR
US4523271090,ILU,"ILLUMINA INC.      DL-,01",Xetra,ILU.DE,stock,EUR
LU0192223062,IM2A,BNPPE.-F.E./N.E.C.UEQDDEO,Xetra,IM2A.DE,etf,EUR
US4576693075,IM8N,"INSMED INC.        DL-,01",Xetra,IM8N.DE,stock,EUR
IE0000VX9GN7,IN0A,BNPPSP500SASETF DLA,Xetra,IN0A.DE,etf,USD
IE0004J37T45,IN0B,BNPPSP500SASETF EOA,Xetra,IN0B.DE,etf,EUR
IE000WHL2ZK1,INCU,ISHS3-USEQHINE ()DLD,Xetra,INCU.DE,etf,EUR
LU2082996112,INDA,MUL-AMUN ST600 BANK ETF D,Xetra,INDA.DE,etf,EUR
LU2082999058,INDB,MUL-AMUN ST600 TELEC ETFD,Xetra,INDB.DE,etf,EUR
LU2082997789,INDU,MUL-AM.ST.EU.600 IN.UED,Xetra,INDU.DE,etf,EUR
IE0004W4ZVJ5,INGE,AMJPMINRINGBETF DLA,Xetra,INGE.DE,etf,EUR
IE0004W4ZVJ5,INGU,AMJPMINRINGBETF DLA,Xetra,INGU.DE,etf,USD
DE0006200108,INH,INDUS HOLDING AG,Xetra,INH.DE,stock,EUR
US4581401001,INL,"INTEL CORP.       DL-,001",Xetra,INL.DE,stock,EUR
NL0011821202,INN1,"ING GROEP NV      EO -,01",Xetra,INN1.DE,stock,EUR
IE000WYTQSF9,INQQ,HA.INQQIND.INT.DLA,Xetra,INQQ.DE,etf,EUR
ES0177542018,INR,INTERN.CONS.AIRL.GR.,Xetra,INR.DE,stock,EUR
DE000A2NBX80,INS,INSTONE REAL EST.GRP O.N.,Xetra,INS.DE,stock,EUR
NL0010801007,INX,"IMCD N.V.         EO -,16",Xetra,INX.DE,stock,EUR
LU3075459852,INY0,INY.-IIAEETF EOA,Xetra,INY0.DE,etf,EUR
DE000A3E00M1,IOS,IONOS GROUP SE NA O.N.,Xetra,IOS.DE,stock,EUR
IE000SE6KPV2,IPAB,ISH3-EOCOESGPAC ()EOD,Xetra,IPAB.DE,etf,EUR
DE000A254294,IPOK,SQD.AI STRATEGIES AG O.N.,Xetra,IPOK.DE,stock,EUR
IE00BGDQ0L74,IPRE,IS EUR.PROP.YI.U.ETF EOA,Xetra,IPRE.DE,etf,EUR
IE000TZ4SIN6,IQGA,I2-I.G.E.E.E. DLA,Xetra,IQGA.DE,etf,EUR
IE000OHEH5Y9,IQGE,I2-I.G.E.E.E. EOA,Xetra,IQGE.DE,etf,EUR
IE0002QTP7B2,IQGU,IM2-IGLEX USEEQ DLA,Xetra,IQGU.DE,etf,EUR
IE000YNVI4W4,IQHE,IM2-INVESCO EUR.EE UE EOA,Xetra,IQHE.DE,etf,EUR
IE00068R3DX9,IQJA,IM2-INVESCO JPEE UETF DLA,Xetra,IQJA.DE,etf,EUR
IE00B8FHGS14,IQQ0,ISHS VI-E.MSCI WL.M.V.DLA,Xetra,IQQ0.DE,etf,EUR
IE00B1FZS244,IQQ4,ISHSII-ASIA PROP.YLD DLD,Xetra,IQQ4.DE,etf,EUR
IE00B1FZS574,IQQ5,ISHSII-MSCI TURKEY DLDIS,Xetra,IQQ5.DE,etf,EUR
IE00B1FZS350,IQQ6,ISHSII-DEV.MKT.PR.Y.DLDIS,Xetra,IQQ6.DE,etf,EUR
IE00B1FZSF77,IQQ7,ISHSII-US PROP.YLD DLDIS,Xetra,IQQ7.DE,etf,EUR
IE00B1W57M07,IQQ9,ISHSII-BIC 50 DL DIS,Xetra,IQQ9.DE,etf,EUR
IE00B0M62S72,IQQA,IS EURO DIVID.U.ETF EOD,Xetra,IQQA.DE,etf,EUR
IE00B0M63516,IQQB,IS MSCI BRAZ.U.ETF USD D,Xetra,IQQB.DE,etf,EUR
IE00B02KXK85,IQQC,ISHS-CHINA LARGE CAP DL D,Xetra,IQQC.DE,etf,EUR
IE00B0M63060,IQQD,ISHS-UK DIVIDEND LS D,Xetra,IQQD.DE,etf,EUR
IE00B0M63177,IQQE,IS MSCI EM U.ETF USD D,Xetra,IQQE.DE,etf,EUR
IE00B0M63730,IQQF,IS MSCI AC FEXJ.U.ETF DLD,Xetra,IQQF.DE,etf,EUR
IE00B0M62V02,IQQG,IS EO.TO.MA.G.L.U.ETF EOD,Xetra,IQQG.DE,etf,EUR
IE00B1XNHC34,IQQH,ISHSII-GL.CL.EN.TR. DLDIS,Xetra,IQQH.DE,etf,EUR
IE00B1FZS467,IQQI,ISHSII-GL INFRASTR.DLDIS,Xetra,IQQI.DE,etf,EUR
IE00B02KXH56,IQQJ,IS MSCI JAP.U.ETF USD D,Xetra,IQQJ.DE,etf,EUR
IE00B0M63391,IQQK,ISHS-MSCI KOREA DL D,Xetra,IQQK.DE,etf,EUR
IE00B1TXHL60,IQQL,ISHSII-LIST.PRIV.EQ.DLDIS,Xetra,IQQL.DE,etf,EUR
IE00B02KXL92,IQQM,ISHS-ESTXX MID UC. ETF,Xetra,IQQM.DE,etf,EUR
IE00B14X4M10,IQQN,ISHS-MSCI NTH AMERICA DLD,Xetra,IQQN.DE,etf,EUR
IE00B0M63284,IQQP,IS EUR.PROP.YI.U.ETF EOD,Xetra,IQQP.DE,etf,EUR
IE00B1TXK627,IQQQ,ISHSII-GL.WATER DLDIS,Xetra,IQQQ.DE,etf,EUR
IE00B02KXM00,IQQS,IS EO STOXX SM.U.ETF EOD,Xetra,IQQS.DE,etf,EUR
IE00B0M63623,IQQT,ISHS-MSCI TAIWAN DL D,Xetra,IQQT.DE,etf,EUR
IE00B14X4N27,IQQU,IS MSCI EU.XUK U.ETF EOD,Xetra,IQQU.DE,etf,EUR
IE00B0M62Q58,IQQW,ISHS-MSCI WORLD DL D,Xetra,IQQW.DE,etf,EUR
IE00B14X4T88,IQQX,ISHS-ASIA PAC.DIV.DL D,Xetra,IQQX.DE,etf,EUR
IE00B1YZSC51,IQQY,ISHSII-CORE MSCI EUR.EOD,Xetra,IQQY.DE,etf,EUR
IE00BJQRDN15,IQSA,INVESCOM2-IQSESG GLOE USD,Xetra,IQSA.DE,etf,EUR
IE0008YN55P8,IQSD,INVESCOM2-IQSESG GLE EURD,Xetra,IQSD.DE,etf,EUR
IE00BJQRDP39,IQSE,INVESCOM2-IQSESG GLOE PFH,Xetra,IQSE.DE,etf,EUR
IE000WLI0KY7,IQSM,IM2-I.GL.SCEEQE DLA,Xetra,IQSM.DE,etf,EUR
IE000S0JMIY6,IQSW,IM2-I.A.C.W.EEE DLA,Xetra,IQSW.DE,etf,EUR
IE0009EGAHL0,IQUA,IM2-INVESCO US EE UE DLA,Xetra,IQUA.DE,etf,EUR
IE000WN3JW15,IQUE,IM2-I.US EE HDLA,Xetra,IQUE.DE,etf,EUR
IE000U6ABUJ7,IRFT,RBA A.IND.REN. ADLA,Xetra,IRFT.DE,etf,EUR
IE00BMW3QX54,IROB,L+G-L+G R.GL.RO.AU. E.DLA,Xetra,IROB.DE,etf,EUR
IE00BYXYYK40,IS02,ISHSII-JPM DL EM BD DLA,Xetra,IS02.DE,etf,EUR
IE00BSKRJZ44,IS04,ISHSIV-DL T.BD20+YR DL D,Xetra,IS04.DE,etf,EUR
IE00BSKRJX20,IS05,ISHSIV-EO G.BD 20YT.D.EOD,Xetra,IS05.DE,etf,EUR
IE00BSKRK281,IS06,ISHSIII-EO C.B.BBB-BB EOD,Xetra,IS06.DE,etf,EUR
IE00BYXPXK00,IS07,ISHSIVSTXXWDEMF EOHA,Xetra,IS07.DE,etf,EUR
IE00B6R51Z18,IS0D,ISHSV-O+G.EX.+PROD.DL A,Xetra,IS0D.DE,etf,EUR
IE00B6R52036,IS0E,ISV-GOLD.PROD.U.ETF DLA,Xetra,IS0E.DE,etf,EUR
IE00B5V94313,IS0L,ISV GER.GOV.BD U.ETF EOD,Xetra,IS0L.DE,etf,EUR
IE00B7LW6Y90,IS0M,ISHSV-ITAL.GOVT BD EO D,Xetra,IS0M.DE,etf,EUR
IE00B428Z604,IS0P,ISHSV-SPAIN GOVT BD EO D,Xetra,IS0P.DE,etf,EUR
IE00B6TLBW47,IS0Q,ISV-I.JPM.DLEMCB.UETF DLD,Xetra,IS0Q.DE,etf,EUR
IE00B4PY7Y77,IS0R,ISHSII-DLHY CORP BD DLDIS,Xetra,IS0R.DE,etf,EUR
IE00B6QGFW01,IS0S,ISHSIII-EM.ASIA L.G.B.DLD,Xetra,IS0S.DE,etf,EUR
IE00B7J7TB45,IS0X,IS GBL CORP BD U.ETF DLD,Xetra,IS0X.DE,etf,EUR
IE00B6X2VY59,IS0Y,ISV-EU.CO.BD I.R.HDG EOD,Xetra,IS0Y.DE,etf,EUR
IE00B87G8S03,IS0Z,ISHSVI-G.AAA-AA G.B.DL D,Xetra,IS0Z.DE,etf,EUR
IE000VA628D5,IS20,I7-SP 500 TOP20 ()DLA,Xetra,IS20.DE,etf,EUR
IE00BYX8XD24,IS31,ISHSVI-E.S+P500MIN.V.EOHA,Xetra,IS31.DE,etf,EUR
IE00B87RLX93,IS3B,ISHSVI-EO C.BD FINLS EOD,Xetra,IS3B.DE,etf,EUR
IE00B9M6RS56,IS3C,ISHSVI-JPM DL BD EOH DIS,Xetra,IS3C.DE,etf,EUR
IE00BCLWRB83,IS3F,IS DL C.B.I.R.H.U.ETF DLD,Xetra,IS3F.DE,etf,EUR
IE00BCLWRF22,IS3G,ISIV-MSCIEMULACAU.ETF EOA,Xetra,IS3G.DE,etf,EUR
IE00BCLWRD08,IS3H,ISIV-MSCI EMUMC.U.ETF EOA,Xetra,IS3H.DE,etf,EUR
IE00BCRY5Y77,IS3J,ISIV-DL S.D.C.B U.ETF DLD,Xetra,IS3J.DE,etf,EUR
IE00BCRY6003,IS3K,ISHSIV-DL S.D.H.Y.BD DL D,Xetra,IS3K.DE,etf,EUR
IE00BCRY6227,IS3L,ISHSIV-DL ULTRASH.BD DL D,Xetra,IS3L.DE,etf,EUR
IE00BCRY6557,IS3M,ISIV-EO ULTR.BD U.ETF EOD,Xetra,IS3M.DE,etf,EUR
IE00BKM4GZ66,IS3N,IS C.MSCI EMIMI U.ETF DLA,Xetra,IS3N.DE,etf,EUR
IE00BP3QZ601,IS3Q,ISHSIV-E.MSCI W.QU.F.DL A,Xetra,IS3Q.DE,etf,EUR
IE00BP3QZ825,IS3R,ISIV-E.MSCI WMF U.ETF DLA,Xetra,IS3R.DE,etf,EUR
IE00BP3QZB59,IS3S,ISHSIV-E.MSCI W.VAL.F.DLA,Xetra,IS3S.DE,etf,EUR
IE00BP3QZD73,IS3T,ISHSIV-M.W.MC EW.ETF DLA,Xetra,IS3T.DE,etf,EUR
IE00BP3QZJ36,IS3U,ISIV-MSCI FRAN. U.ETF EOA,Xetra,IS3U.DE,etf,EUR
IE00BKPT2S34,IS3V,ISHS GOV BD HGDEOA,Xetra,IS3V.DE,etf,EUR
IE00BKPX3K41,IS3Z,ISHS EAST DLA,Xetra,IS3Z.DE,etf,EUR
IE00BG0J4841,IS4S,ISHSIV-DG.SEC. DLD,Xetra,IS4S.DE,etf,EUR
DE0005874846,IS7,INTICA SYSTEMS INH O.N.,Xetra,IS7.DE,stock,EUR
IE000R7KKFN3,ISFX,IS3-EOFIBDA EOA,Xetra,ISFX.DE,etf,EUR
DE000A254211,ISHA,INTERSHOP COMM.  INH O.N.,Xetra,ISHA.DE,stock,EUR
US4622221004,ISI,IONIS PHARMACEUT.  DL-001,Xetra,ISI.DE,stock,EUR
DE000A0F5UH1,ISPA,IS.S.GL.SE.D.100 U.ETF A.,Xetra,ISPA.DE,etf,EUR
GB0004544929,ITB,IMPERIAL BRANDS PLC LS-10,Xetra,ITB.DE,stock,EUR
US6402683063,ITH0,NEKTAR THERAP.   NEW O.N.,Xetra,ITH0.DE,stock,EUR
DE0006223605,ITN,INTERTAINMENT AG INH O.N.,Xetra,ITN.DE,stock,EUR
US4612021034,ITU,"INTUIT INC.        DL-,01",Xetra,ITU.DE,stock,EUR
IE00BG5QQ390,IU0E,ISHS2-DCB03YESRI ETF EOHD,Xetra,IU0E.DE,etf,EUR
IE00BDDRF478,IU5C,ISHSV-S+P500 C.S.U.ETF DL,Xetra,IU5C.DE,etf,EUR
US46120E6023,IUI1,"INTUITIVE SURGIC. DL-,001",Xetra,IUI1.DE,stock,EUR
DE0006208408,IUR,KAP AG  INH O.N.,Xetra,IUR.DE,stock,EUR
IE00BD3V0B10,IUS2,ISHSV-S+P U.S BANKS  DLA,Xetra,IUS2.DE,etf,EUR
IE00B2QWCY14,IUS3,ISHSIII-S+P SM.CAP600 DLD,Xetra,IUS3.DE,etf,EUR
IE00B2QWDY88,IUS4,ISHSIII-MSCI J.SM.CAP DLD,Xetra,IUS4.DE,etf,EUR
IE00B3B8PX14,IUS5,ISHSIII-G.I.L.GOV.B.DLACC,Xetra,IUS5.DE,etf,EUR
IE00B3B8Q275,IUS6,ISHSIII-EO COV.BD EO DIS,Xetra,IUS6.DE,etf,EUR
IE00B2NPKV68,IUS7,ISHSII-JPM DL EM BD DLDIS,Xetra,IUS7.DE,etf,EUR
IE0031442068,IUSA,ISHS-CORE S+P 500 DL D,Xetra,IUSA.DE,etf,EUR
IE00B27YCF74,IUSB,ISHSII-GL.T.+FOREST.DLDIS,Xetra,IUSB.DE,etf,EUR
IE00B27YCK28,IUSC,ISHSII-MSCI EM LAT.AM.DLD,Xetra,IUSC.DE,etf,EUR
IE00B27YCN58,IUSD,ISHSII-MSCI WLD ISL.DLDIS,Xetra,IUSD.DE,etf,EUR
IE00B52VJ196,IUSK,ISHSII-MSCI EUR.SRI EOACC,Xetra,IUSK.DE,etf,EUR
IE00B57X3V84,IUSL,ISHSII-DJ GL.LEAD.SCR.DLA,Xetra,IUSL.DE,etf,EUR
IE00B1FZS798,IUSM,ISHSII-DLT.BD7-10YR DLDIS,Xetra,IUSM.DE,etf,EUR
IE00BF4RFH31,IUSN,ISHSIII-M.W.S.C.U.ETF DLA,Xetra,IUSN.DE,etf,EUR
IE00B5M4WH52,IUSP,ISH3-I.JPM.EMLGB.UETF DLD,Xetra,IUSP.DE,etf,EUR
IE00B6R52259,IUSQ,ISHS V M.A.C.W.DL A,Xetra,IUSQ.DE,etf,EUR
IE00BYYR0489,IUSS,ISHSIII-MSCI S.A.C.UE DLA,Xetra,IUSS.DE,etf,EUR
IE00B1FZSC47,IUST,ISHSII-DL TIPS DL ACC,Xetra,IUST.DE,etf,EUR
IE00B14X4S71,IUSU,IS DL T.BD1-3YR U.ETF DLD,Xetra,IUSU.DE,etf,EUR
IE00BD8PGZ49,IUSV,ISHSIV-DL T.BD20+YR EOHD,Xetra,IUSV.DE,etf,EUR
IE00BJ5JPJ87,IUSW,ISHSIII-MSCI S.A.C.UE DLD,Xetra,IUSW.DE,etf,EUR
IE0005042456,IUSZ,IS CO.FTSE 100 U.ETF LSD,Xetra,IUSZ.DE,etf,EUR
US84472E1029,IV1,SOUTHSTATE BANK CORP.O.N.,Xetra,IV1.DE,stock,EUR
IE000LGWDNE5,IVAI,IM 2-I.A.I.E.E. DLA,Xetra,IVAI.DE,etf,EUR
IE00072RHT03,IVCS,IM 2-I.C.E.ACC DLA,Xetra,IVCS.DE,etf,EUR
IE000BRM9046,IVDF,IM 2-I.D.I.E.AC DLA,Xetra,IVDF.DE,etf,EUR
IE0002LUYGW0,IVNA,IM-MSCI NA SWAP DLA,Xetra,IVNA.DE,etf,EUR
IE0008UEVOE0,IVOA,ISHSV IBD28TEOC ()EOA,Xetra,IVOA.DE,etf,EUR
DE0007448508,IVU,IVU TRAFFIC TECHN.AG O.N.,Xetra,IVU.DE,stock,EUR
IE00BKBF6H24,IWLE,ISHSIII-CORE MSCI WLD EHD,Xetra,IWLE.DE,etf,EUR
US45168D1046,IX1,"IDEXX LABS INC.    DL-,10",Xetra,IX1.DE,stock,EUR
ES0148396007,IXD1,"INDITEX INH.      EO 0,03",Xetra,IXD1.DE,stock,EUR
IE000R4ZNTN3,IXUA,IS.MSCI W.E-U.E DLA,Xetra,IXUA.DE,etf,EUR
DE0005759807,IXX,INIT INNOVATION O.N.,Xetra,IXX.DE,stock,EUR
LU1602144732,J1GR,AIS-AISMJESGBRTRAN UEDEOA,Xetra,J1GR.DE,etf,EUR
US49177J1025,J4D,"KENVUE INC.      DL -,001",Xetra,J4D.DE,stock,EUR
IE000SVXJH05,J590,I7-N100 EXTO30 DLA,Xetra,J590.DE,etf,EUR
US9344231041,J5A,"WB DISCOVERY SER.A DL-,01",Xetra,J5A.DE,stock,EUR
IE00B4Q5ZN47,J7Z,"JAZZ PHARMACEUT. DL-,0001",Xetra,J7Z.DE,stock,EUR
US46125A1007,J8W,INTUITIVE MACH.INC.CL.A,Xetra,J8W.DE,stock,EUR
IE00BD9MMD49,JA13,JPM-BB USTB 13Y UE A,Xetra,JA13.DE,etf,EUR
LU2994521073,JAAE,JHT-AAA DL CLO HGDEOA,Xetra,JAAE.DE,etf,EUR
IE0006MM8VN6,JAGA,JPM-GLB AGG BD UE A,Xetra,JAGA.DE,etf,EUR
IE000PQQLZM7,JAGE,JPM-GLB AGG BD UE HEOA,Xetra,JAGE.DE,etf,EUR
IE000LHP8TA1,JAGG,JPM-GLB AGG BD UE DLD,Xetra,JAGG.DE,etf,EUR
LU2269164310,JARH,AIS-AMJSCPAUE DREOHA,Xetra,JARH.DE,etf,EUR
LU2233156749,JARI,AIS-AMJSCPAUE DRYNA,Xetra,JARI.DE,etf,EUR
IE0007ILCZU4,JAUD,JPM-US EQ.AC.UE DLD,Xetra,JAUD.DE,etf,EUR
IE000BZFW5H7,JAUH,JPM-US EQ.AC.UE HEOA,Xetra,JAUH.DE,etf,EUR
IE000RSCXLM4,JAUS,JPM-US EQ.AC.UE DLA,Xetra,JAUS.DE,etf,EUR
LU1481202692,JBEM,BNPPE-JPM TEMUGOVBDIG UEC,Xetra,JBEM.DE,etf,EUR
US4663131039,JBL,"JABIL DL-,001",Xetra,JBL.DE,stock,EUR
US4778391049,JBT,"JBT MAREL CORP.    DL-,01",Xetra,JBT.DE,stock,EUR
LU2095995895,JC11,UBSJPMCNYCHGV1-10 DLA,Xetra,JC11.DE,etf,EUR
IE0002A3VE77,JCEU,JH-PAN EU.H.C.EQ.ETF EOA,Xetra,JCEU.DE,etf,EUR
LU2941599081,JCL0,JH EUR AAA CLO ACORE EOA,Xetra,JCL0.DE,etf,EUR
LU2941599164,JCLD,JH EUR AAA CLO ACORE EOD,Xetra,JCLD.DE,etf,EUR
IE000CV0WWL4,JCPN,JH-JAPAN H.C.EQ.ETF DLA,Xetra,JCPN.DE,etf,EUR
DE000A0B9N37,JDC,JDC GROUP AG O.N.,Xetra,JDC.DE,stock,EUR
IE00BYVZV757,JE13,JPM-BB EUGV 13Y UE A,Xetra,JE13.DE,etf,EUR
IE00049TNTV6,JEAA,JPM-EUR AGG BD UE EOA,Xetra,JEAA.DE,etf,EUR
IE000WAKWCV7,JEBE,JPM-EUR IGCP BD A UE EDEO,Xetra,JEBE.DE,etf,EUR
IE000YU9K6K2,JEDI,VANECK SPACE UC.ETF,Xetra,JEDI.DE,etf,EUR
IE0000BNORX6,JEEA,JPM-EUR EPI UE EOA,Xetra,JEEA.DE,etf,EUR
IE00081SF8K7,JEEG,JPM-EUR GOV BD UE EOD,Xetra,JEEG.DE,etf,EUR
IE0006SEWKA2,JEEM,JPM-GEM REI EQ AUE EOA,Xetra,JEEM.DE,etf,EUR
IE00064TWYK9,JEEP,JPM-EUR EPI UE EOD,Xetra,JEEP.DE,etf,EUR
IE000WX7BVB0,JEGA,JPM-GLB EPI AC.UE DLA,Xetra,JEGA.DE,etf,EUR
IE0003JSNHV9,JEGS,JPM-GLB REI SPA UE EOA,Xetra,JEGS.DE,etf,EUR
IE0000EAPBT6,JEIA,JPM-US EPI UE ADL,Xetra,JEIA.DE,etf,EUR
IE0006YCYW06,JEIE,JPM-US EPI UE EOHD,Xetra,JEIE.DE,etf,EUR
IE00048C5NZ0,JEIG,JPM-GLB IGCP BD UE HEOA,Xetra,JEIG.DE,etf,EUR
IE000U5MJOZ6,JEIP,JPM-US EPI UE DLD,Xetra,JEIP.DE,etf,EUR
DE000A2NB601,JEN,JENOPTIK AG  NA O.N.,Xetra,JEN.DE,stock,EUR
IE000N6I8IU2,JEQA,JPM-NASDAQ EPI UE DLA,Xetra,JEQA.DE,etf,EUR
IE0006FIW9Z0,JEQE,JPM-NASDAQ EPI UE EOHD,Xetra,JEQE.DE,etf,EUR
IE000U9J8HX9,JEQP,JPM-NASDAQ EPI UE DLD,Xetra,JEQP.DE,etf,EUR
IE00BF59RW70,JER5,JPM-EO1-5 IGCP BD UE A,Xetra,JER5.DE,etf,EUR
IE0003UN5CT1,JESE,JPM-EUR REI SPA UE EOA,Xetra,JESE.DE,etf,EUR
IE000AV35A01,JESM,JPM-GEM REI SPA UE EOA,Xetra,JESM.DE,etf,EUR
IE00BD9MMF62,JEST,JPM-EUR ULT INC UE A,Xetra,JEST.DE,etf,EUR
IE000JUREXG2,JEUG,JPM-EUR GOV BD UE EOA,Xetra,JEUG.DE,etf,EUR
IE000I5MBLC4,JEUS,JPM-US REI SPA UE EOA,Xetra,JEUS.DE,etf,EUR
IE000YSJPNV8,JEYE,JPM-EUR HY BD UE EOD,Xetra,JEYE.DE,etf,EUR
IE000IEOQSJ3,JEYH,JPM-EUR HY BD UE EOA,Xetra,JEYH.DE,etf,EUR
IE000AGCIYE6,JGAD,JPM-GLB AGG BD UE EOHD,Xetra,JGAD.DE,etf,EUR
IE000MTYM4K8,JGAE,JPM-GLB EQ AC UE EOA,Xetra,JGAE.DE,etf,EUR
IE000Y3FZEN4,JGBL,TA.IC.JH GR-ENE UNHHEDGED,Xetra,JGBL.DE,etf,EUR
IE000245C884,JGDE,JPM-GLB EQ AC UE DLD,Xetra,JGDE.DE,etf,EUR
IE0008QIFH42,JGGE,JPM-EUR AGG BD UE EOD,Xetra,JGGE.DE,etf,EUR
IE000BHH6TY7,JGHE,JPM-GLB EQ AC UE EOHA,Xetra,JGHE.DE,etf,EUR
IE00BKKCKJ46,JGHY,JPM-GLB HYCP MF AUE DLA,Xetra,JGHY.DE,etf,EUR
IE0005MWBFR7,JGIE,JPM-GLB REI EQ UE AEO,Xetra,JGIE.DE,etf,EUR
IE0009OCO2W4,JGLE,JPM-GLB EQ AC UE DLA,Xetra,JGLE.DE,etf,EUR
IE000A9QKUV7,JGLP,JPM-GLB EQ.MF UE DLD,Xetra,JGLP.DE,etf,EUR
IE000JS4ANL9,JGOV,JPM-GLB GOV BD UE DLA,Xetra,JGOV.DE,etf,EUR
IE000AP27VA7,JGPD,JPM-GLB EPI AC.UE EOD,Xetra,JGPD.DE,etf,EUR
IE0003UVYC20,JGPI,JPM-GLB EPI AC.UE DLD,Xetra,JGPI.DE,etf,EUR
IE000BXC49I6,JGSC,JPM-GLB REI SPA UE A,Xetra,JGSC.DE,etf,EUR
IE000FYTRRJ6,JGSD,JPM-GLB REI SPA UE D,Xetra,JGSD.DE,etf,EUR
IE000UZIKD07,JGSE,JPM-GLB REI SPA UE EOHDA,Xetra,JGSE.DE,etf,EUR
IE000PYFQ9I0,JGSV,JPM-GLB GOV BD UE SKHA,Xetra,JGSV.DE,etf,SEK
IE0008P6LL15,JGVE,JPM-GLB GOV BD UE EOA,Xetra,JGVE.DE,etf,EUR
IE000R94NGM2,JHA1,"JAMES HARDIE IND. EO-,59",Xetra,JHA1.DE,stock,EUR
IE000I8CR2Q4,JHED,JH-EOSDIACU ETF EOUD,Xetra,JHED.DE,etf,EUR
IE000CCQKON9,JHES,JH-EOSDIACU ETF EOUA,Xetra,JHES.DE,etf,EUR
IE000S2QZKI8,JIGG,JPM-GLB IGCP BD UE UHDLA,Xetra,JIGG.DE,etf,EUR
IE000MWM1LM1,JIGS,JPM-GLB IGCP BD UE SKHA,Xetra,JIGS.DE,etf,SEK
IE000RE0SQM6,JIPD,JPM-US EPI UE EOD,Xetra,JIPD.DE,etf,EUR
IE000QGWZZO0,JJEH,JPM-JP REI EQ AUE EOHA,Xetra,JJEH.DE,etf,EUR
IE0001A541Y3,JJEJ,JPM-JP REI EQ AUE YNA,Xetra,JJEJ.DE,etf,JPY
IE000TGCBXG8,JLOC,JPM-EM LOC BOND UE UHDLA,Xetra,JLOC.DE,etf,EUR
IE000BS9KP42,JLOD,JPM-EM LOC BOND UE UHDLD,Xetra,JLOD.DE,etf,EUR
IE0008EMOWT3,JLOE,JPM-EM LOC BOND UE EOHA,Xetra,JLOE.DE,etf,EUR
US8326964058,JM2,SMUCKER -J.M.-,Xetra,JM2.DE,stock,EUR
IE000FASRFS4,JMAC,JPM-CONSRV.ALOC.EQ UE EOA,Xetra,JMAC.DE,etf,EUR
IE000MVWFDH1,JMAG,JPM-GROWTH ALOC.EQ UE EOA,Xetra,JMAG.DE,etf,EUR
IE000TWAN2K7,JMAM,JPM-MODRTE ALOC.EQ UE EOA,Xetra,JMAM.DE,etf,EUR
IE00BJ06C937,JMBA,JPM-USD EMSV BD UE A,Xetra,JMBA.DE,etf,EUR
IE00BDDRDY39,JMBE,JPM-USD EMSV BD UE HEOA,Xetra,JMBE.DE,etf,EUR
IE000ANHU3J3,JMES,JPM-GEM REI SPA UE DLA,Xetra,JMES.DE,etf,EUR
IE00BKPTXQ89,JMLP,HANETF-A.M.E.D. DLD,Xetra,JMLP.DE,etf,EUR
US57776J1007,JMX,"MAXLINEAR INC.     DL-,01",Xetra,JMX.DE,stock,EUR
LU2133056387,JNHD,MUL-AM.MSCI JPN ETF EOHD,Xetra,JNHD.DE,etf,EUR
US4781601046,JNJ,JOHNSON + JOHNSON    DL 1,Xetra,JNJ.DE,stock,EUR
IE000AN3AFZ1,JOGS,HANE-JU.OR.GLSC DLA,Xetra,JOGS.DE,etf,EUR
LU1681038912,JP40,AIS-AM.JPXNIK400 EOC,Xetra,JP40.DE,etf,EUR
IE00063SATO1,JPAE,JPM-AC REI SPA UE EOA,Xetra,JPAE.DE,etf,EUR
IE000EH3AL25,JPAS,JPM-AC REI SPA UE SKHA,Xetra,JPAS.DE,etf,SEK
IE0002VU15G5,JPAW,JPM-AC REI SPA UE DLA,Xetra,JPAW.DE,etf,EUR
IE00BDFC6G93,JPBM,JPM-USD EMSV BD UE D,Xetra,JPBM.DE,etf,EUR
IE000W95TAE6,JPCE,JPM-CTB GLB EQ UE HEOA,Xetra,JPCE.DE,etf,EUR
IE00BMDWYZ92,JPCT,JPM-CTB GLB EQ UE A,Xetra,JPCT.DE,etf,EUR
IE0009TJ5T70,JPEC,JPM-CTB GLB EQ UE EOA,Xetra,JPEC.DE,etf,EUR
IE000R7DCW45,JPEY,JPM-USD HY BD UE HEOD,Xetra,JPEY.DE,etf,EUR
IE0003KQ8JX1,JPGD,JPM-US GRWTH EQ UE DLD,Xetra,JPGD.DE,etf,EUR
IE000UZZ5SU2,JPGH,JPM-US GRWTH EQ UE EOA,Xetra,JPGH.DE,etf,EUR
IE00BJRCLL96,JPGL,JPM-GLB EQ.MF DLA,Xetra,JPGL.DE,etf,EUR
IE0005CH3U28,JPGR,JPM-US GRWTH EQ UE DL,Xetra,JPGR.DE,etf,EUR
LU1646360542,JPNE,AIS-AMJSCPAUE DRHEOD,Xetra,JPNE.DE,etf,EUR
FR0011475078,JPNH,MUF-AMU.TOPIX II UE EOHD,Xetra,JPNH.DE,etf,EUR
IE00BG8BCY43,JPPA,JPM-USD ULT INC UE DLA,Xetra,JPPA.DE,etf,EUR
IE00BDFC6Q91,JPPS,JPM-USD ULT INC UE DLD,Xetra,JPPS.DE,etf,EUR
IE000CQMYME2,JPRY,JPM-USD HY BD UE EOHA,Xetra,JPRY.DE,etf,EUR
IE000JNKVS10,JPSC,JPM-BB US SC EQ UE A,Xetra,JPSC.DE,etf,EUR
IE000LT3MQE9,JPSY,JPM-USD HY BD UE HDGSK,Xetra,JPSY.DE,etf,SEK
IE000LZI2UH4,JPUA,JPM-USD HY BD UE DLA,Xetra,JPUA.DE,etf,EUR
IE000R88UVN6,JPUY,JPM-USD HY BD UE DLD,Xetra,JPUY.DE,etf,EUR
IE000TD3TI26,JPVA,JPM-US VALUE EQ UE DLA,Xetra,JPVA.DE,etf,EUR
IE000DTA2ZH9,JPVD,JPM-US VALUE EQ UE DLD,Xetra,JPVD.DE,etf,EUR
IE000CQQ22C8,JPVE,JPM-US VALUE EQ UE EOHA,Xetra,JPVE.DE,etf,EUR
US0080731088,JPX,"AEROVIRONMENT   DL -,0001",Xetra,JPX.DE,stock,EUR
IE0006CJGQR9,JQPD,JPM-NASDAQ EPI UE EOD,Xetra,JQPD.DE,etf,EUR
IE000DS9ZCL4,JRDC,JPM-CH A REI EQ UE D,Xetra,JRDC.DE,etf,EUR
IE00BMDV7354,JREA,JPM-ACAP REI EQ UE A,Xetra,JREA.DE,etf,EUR
IE00BF59RX87,JREB,JPM-EUR IGCP BD A UE A,Xetra,JREB.DE,etf,EUR
IE00BMDV7578,JREC,JPM-CH A REI EQ UE A,Xetra,JREC.DE,etf,EUR
IE000WGK3YY5,JRED,JPM-EUR REI EQ UE D,Xetra,JRED.DE,etf,EUR
IE00BF4G7183,JREE,JPM-EUR REI EQ A UE A,Xetra,JREE.DE,etf,EUR
IE00BF4G6Y48,JREG,JPM-GLB REI EQ UE A,Xetra,JREG.DE,etf,EUR
IE00005YSIA4,JREI,JPM-JP REI EQ AUE D,Xetra,JREI.DE,etf,EUR
IE00BP2NF958,JREJ,JPM-JP REI EQ AUE,Xetra,JREJ.DE,etf,EUR
IE00BF4G6Z54,JREM,JPM-GEM REI EQ AUE DLA,Xetra,JREM.DE,etf,EUR
IE00BF4G7076,JREU,JPM-US REI EQ UE DLA,Xetra,JREU.DE,etf,EUR
IE000T4LTZ00,JREW,JPM-AC REI UE EOA,Xetra,JREW.DE,etf,EUR
IE00004PGEY9,JREZ,JPM-EURZ REI EQ UE EOA,Xetra,JREZ.DE,etf,EUR
IE000HFXP0D2,JRGD,JPM-GLB REI EQ UE D,Xetra,JRGD.DE,etf,EUR
IE0000UW95D6,JRGE,JPM-GLB REI EQ UE EOAH,Xetra,JRGE.DE,etf,EUR
IE000ZAJ6XQ2,JRIN,JPM-IND REI EQ UE UHDLA,Xetra,JRIN.DE,etf,EUR
IE00BF59RV63,JRUB,JPM-USD IGCP BD UE DLA,Xetra,JRUB.DE,etf,EUR
IE00BJ06C044,JRUD,JPM-US REI EQ UE DLD,Xetra,JRUD.DE,etf,EUR
IE0000J0F3C5,JRUE,JPM-USD IGCP BD UE EOHA,Xetra,JRUE.DE,etf,EUR
IE000A7N3IV0,JRWA,JPM-AC REI UE DLA,Xetra,JRWA.DE,etf,EUR
IE0001JABD69,JRWE,JPM-AC REI UE EOHA,Xetra,JRWE.DE,etf,EUR
IE000JLILKH0,JRWU,JPM-AC REI UE DLD,Xetra,JRWU.DE,etf,EUR
IE000783LRG9,JRZD,JPM-EURZ REI EQ UE EOD,Xetra,JRZD.DE,etf,EUR
IE000QOLLXO2,JSDE,JPM-EUR REI SPA UE EOD,Xetra,JSDE.DE,etf,EUR
IE000CYGD0V1,JSDM,JPM-GEM REI SPA UE DLD,Xetra,JSDM.DE,etf,EUR
IE0006HMLPV6,JSHE,JPM-US REI SPA UE EOHA,Xetra,JSHE.DE,etf,EUR
LU1753045928,JSRI,BNPPE-M.JAP.SRI PAB UETFD,Xetra,JSRI.DE,etf,EUR
DE000JST4000,JST,JOST WERKE SE INH. O.N.,Xetra,JST.DE,stock,EUR
IE0002UMVXQ1,JSUD,JPM-US REI SPA UE DLD,Xetra,JSUD.DE,etf,EUR
IE00069JGT58,JSUE,JPM-US REI SPA UE DLA,Xetra,JSUE.DE,etf,EUR
IE000CZQJXB8,JTEN,IV-IULMBJE DLA,Xetra,JTEN.DE,etf,EUR
IE0009ZTL4B5,JTXX,TA.IC.J.H.T. UNHHEDGEDDLA,Xetra,JTXX.DE,etf,EUR
IE000CN8T855,JUHE,JPM-US REI EQ UE EOHA,Xetra,JUHE.DE,etf,EUR
IE000W85O7M4,JUIE,JPM-US REI EQ UE EOA,Xetra,JUIE.DE,etf,EUR
DE0006219934,JUN3,JUNGHEINRICH AG O.N.VZO,Xetra,JUN3.DE,stock,EUR
LU2300294746,JUPI,AIS-AISMJESGBRTRAN ETFDIS,Xetra,JUPI.DE,etf,EUR
IE0002HWPU75,JURU,HI-JGHDE DLD,Xetra,JURU.DE,etf,USD
IE0002HWPU75,JURY,HI-JGHDE DLD,Xetra,JURY.DE,etf,EUR
IE000QC2YB58,JXUD,JPM-GLB EXUS REI UE DLD,Xetra,JXUD.DE,etf,EUR
IE0008DO91F6,JXUE,JPM-GLB EXUS REI UE EOHA,Xetra,JXUE.DE,etf,EUR
IE0006FBEDB6,JXUS,JPM-GLB EXUS REI UE DLA,Xetra,JXUS.DE,etf,EUR
IE000YK1TO74,JYEH,JPM-GLB HYCP MF AUE EOHD,Xetra,JYEH.DE,etf,EUR
DK0010307958,JYS1,JYSKE BK A/S NAM. DK 10,Xetra,JYS1.DE,stock,EUR
IE000FPWSL69,K0MR,LG-GK MUL.EQ.ETFDLD,Xetra,K0MR.DE,etf,EUR
DE000A31C222,KA1,HAUSVORTEIL AG NA O.N.,Xetra,KA1.DE,stock,EUR
DE0007857476,KA8,KLASSIK RADIO AG NA O.N.,Xetra,KA8.DE,stock,EUR
IE000O6Z73N7,KBOT,KS-GL HUM.EMB.INT.IND.UET,Xetra,KBOT.DE,etf,EUR
DE000KBX1006,KBX,KNORR-BREMSE AG  INH O.N.,Xetra,KBX.DE,stock,EUR
US49714P1084,KCH,"KINSALE CAP.GRP.INC. -,01",Xetra,KCH.DE,stock,EUR
BE0003565737,KDB,KBC GROEP N.V.,Xetra,KDB.DE,stock,EUR
US4932671088,KEY,KEYCORP              DL 1,Xetra,KEY.DE,stock,EUR
GB0033195214,KFI1,"KINGFISHER  LS-,157142857",Xetra,KFI1.DE,stock,EUR
IE00BYMS5W68,KFTK,INVESCOMI NASDAQ FINTECH,Xetra,KFTK.DE,etf,EUR
DE000KGX8881,KGX,KION GROUP AG,Xetra,KGX.DE,stock,EUR
US5007541064,KHNZ,"KRAFT HEINZ CO.DL -,01",Xetra,KHNZ.DE,stock,EUR
CA4969024047,KIN2,KINROSS GOLD CORP.,Xetra,KIN2.DE,stock,EUR
US4972661064,KIY,"KIRBY CORP.       DL 0,10",Xetra,KIY.DE,stock,EUR
US23282W6057,KK3A,"CYTOKINETICS INC. DL-,001",Xetra,KK3A.DE,stock,EUR
US4824801009,KLA,"KLA CORP.        DL -,001",Xetra,KLA.DE,stock,EUR
LU1563454823,KLMH,MUL AMUN GREENB ETF EH A,Xetra,KLMH.DE,etf,EUR
LU1563454310,KLMT,MUL AMUN GREENB ETF ACC,Xetra,KLMT.DE,etf,EUR
US4943681035,KMY,"KIMBERLY-CLARK    DL 1,25",Xetra,KMY.DE,stock,EUR
IE000SNMGYT5,KNG,FTVSP500DIARTAI BDLD,Xetra,KNG.DE,etf,EUR
CH0025238863,KNIA,KUEHNE + NAGEL INTL  SF 1,Xetra,KNIA.DE,stock,EUR
US5010441013,KOG,KROGER CO.           DL 1,Xetra,KOG.DE,stock,EUR
NL0000009082,KPN,KON. KPN NV         EO-04,Xetra,KPN.DE,stock,EUR
DE0006335003,KRN,KRONES AG O.N.,Xetra,KRN.DE,stock,EUR
IE000EBFYWX3,KROP,GLXETFS-AGTFD DLA,Xetra,KROP.DE,etf,EUR
IE000QRDCYW2,KSAB,SPDRJPMSAAGBD UH.DLA,Xetra,KSAB.DE,etf,EUR
DE0006292006,KSB,KSB SE+CO.KGAA  ST O.N.,Xetra,KSB.DE,stock,EUR
DE0006292030,KSB3,KSB SE+CO.KGAA VZO O.N.,Xetra,KSB3.DE,stock,EUR
DE000A1A6V48,KSC,KPS AG NA O.N.,Xetra,KSC.DE,stock,EUR
IE00BKPJY434,KSRE,KRS-I.S.S.M 50 DLA,Xetra,KSRE.DE,etf,EUR
US4990491049,KSX,KNIGHT-SWIFT TR. HLDGS A,Xetra,KSX.DE,stock,EUR
DE000A2YN504,KTA,KNAUS AG  INH O.N.,Xetra,KTA.DE,stock,EUR
US6092071058,KTF,MONDELEZ INTL INC. A,Xetra,KTF.DE,stock,EUR
AT0000A0E9W5,KTN,KONTRON AG O.N,Xetra,KTN.DE,stock,EUR
IE00BFXR7892,KWBE,KRANESHS-K.CSI CH.INTN.UE,Xetra,KWBE.DE,etf,EUR
DE0006578008,KWG,KHD HUMBOLDT WEDAG O.N.,Xetra,KWG.DE,stock,EUR
DE0007074007,KWS,KWS SAAT KGAA  INH O.N.,Xetra,KWS.DE,stock,EUR
LU1681046774,KX1G,AIS-EO L.R.IG GOV.BD ACC,Xetra,KX1G.DE,etf,EUR
US45841N1072,KY6,INTERACTIVE BROKERS DL-01,Xetra,KY6.DE,stock,EUR
IE00BG0J4C88,L0CK,ISHSIV-DIGITIL.SECUR.DL A,Xetra,L0CK.DE,etf,EUR
US36266G1076,L0T,"GE HEALTHC.TECH.INC. -,01",Xetra,L0T.DE,stock,EUR
US58507V1070,L10,MEDLINE INC.   CL. A O.N.,Xetra,L10.DE,stock,EUR
LU1841731745,L4K3,MUL AMUNDI CHINA ETF ACC,Xetra,L4K3.DE,etf,EUR
FR0010510800,L8I3,MUF-AMU.EO OVERN.RTN UE A,Xetra,L8I3.DE,etf,EUR
FR0010342592,L8I7,MUF-AMU.NSDAQ-100 2XLEV A,Xetra,L8I7.DE,etf,EUR
US8269191024,LA5,"SILICON LABS INC.DL-,0001",Xetra,LA5.DE,stock,EUR
LU2785470191,LAAA,ALPHA-FAIR OAKS AAA EOD,Xetra,LAAA.DE,etf,EUR
US5128073062,LAR0,LAM RESEARCH CORP. NEW,Xetra,LAR0.DE,stock,EUR
LU1900068161,LASI,MUL AMUN ASIA-E-J ETF ACC,Xetra,LASI.DE,etf,EUR
LU1900068328,LASP,MUL AMUN ASPAC-E-J ETF A,Xetra,LASP.DE,etf,EUR
LU1834983477,LBNK,MUL-AMUN ST600 BANK ETF A,Xetra,LBNK.DE,etf,EUR
LU1900066207,LBRA,MUL AMUNDI BRAZIL ETF ACC,Xetra,LBRA.DE,etf,EUR
LU1834983550,LBRE,MUL-AMUN ST600 RESOU ETFA,Xetra,LBRE.DE,etf,EUR
LU2872291948,LC30,AIS-LIFEC.30 U.ETFEOA,Xetra,LC30.DE,etf,EUR
LU2872292086,LC33,AIS-LIFEC.33 U.ETFEOA,Xetra,LC33.DE,etf,EUR
LU2872292169,LC36,AAIS-LIFEC.36 U.ETFEOA,Xetra,LC36.DE,etf,EUR
LU2872292243,LC39,AIS-LIFEC.39 U.ETFEOA,Xetra,LC39.DE,etf,EUR
LU1377382368,LCEU,BNPPE-L.C.100 E.PAB UECEO,Xetra,LCEU.DE,etf,EUR
LU1900068914,LCHI,MUL AMUN CHINA ESG SEL. A,Xetra,LCHI.DE,etf,EUR
LU1834983634,LCHM,MUF-AM.STXXEO600B.MAT.UEA,Xetra,LCHM.DE,etf,EUR
US5341871094,LCO,LINCOLN NATL,Xetra,LCO.DE,stock,EUR
US5178341070,LCR,"LAS VEGAS SANDS   DL-,001",Xetra,LCR.DE,stock,EUR
LU1781541849,LCUA,AIS-A.MEMAEB A,Xetra,LCUA.DE,etf,EUR
LU1781541252,LCUJ,MUL-AM.MSCI JPN ETF YNA,Xetra,LCUJ.DE,etf,EUR
LU1781541096,LCUK,LX.IF-A.UK.EQ.A.C. D,Xetra,LCUK.DE,etf,EUR
LU1686830065,LCVB,AIS-A.EO C.BD0-1Y E.UEDRD,Xetra,LCVB.DE,etf,EUR
LU2090062436,LDAX,MUL AMUN DAX III ETF DIST,Xetra,LDAX.DE,etf,EUR
IE00BP9F2J32,LDCE,PIMCO A.EO L.D.C.B.UE EOI,Xetra,LDCE.DE,etf,EUR
IE000MRIQ479,LDGA,LGE-GL.QU.DIV. DLA,Xetra,LDGA.DE,etf,EUR
IE0005AJA0P1,LDGL,LGE-GL.QU.DIV. DLD,Xetra,LDGL.DE,etf,EUR
IE000FDU4IY8,LDIG,PIMCO A.EO L.D.C.B.UE EOA,Xetra,LDIG.DE,etf,EUR
US5150981018,LDS,"LANDSTAR SYS       DL-,01",Xetra,LDS.DE,stock,EUR
US52567D1072,LE0,"LEMONADE INC.  DL-,00001",Xetra,LE0.DE,stock,EUR
LU1940199711,LEAD,MUL AM.MSCI EUR.ESG SEL.A,Xetra,LEAD.DE,etf,EUR
LU1900066462,LEER,MUL AMUN EAEUR ER ETF ACC,Xetra,LEER.DE,etf,EUR
LU1812091194,LEEU,AIS-A.FTSE EPRAEORE UEEOD,Xetra,LEEU.DE,etf,EUR
DE000LEG1110,LEG,LEG IMMOBILIEN SE NA O.N.,Xetra,LEG.DE,stock,EUR
DE0006464506,LEI,LEIFHEIT AG O.N.,Xetra,LEI.DE,stock,EUR
LU2573967036,LEMA,MUL AMUN MSCI EM ETF ACC,Xetra,LEMA.DE,etf,EUR
DE0005490601,LEOW,LEO INTL PR.HLTH INH O.N.,Xetra,LEOW.DE,stock,EUR
IE0008TKP6O7,LESA,AMUNDIMUSAESGSELEXT.DL D,Xetra,LESA.DE,etf,USD
IE0008TKP6O7,LESU,AMUNDIMUSAESGSELEXT.DL D,Xetra,LESU.DE,etf,EUR
IE000NYVK0R8,LFEP,HANETFLLOYDFOEQ DLA,Xetra,LFEP.DE,etf,EUR
LU1834985845,LFOD,MUF-AM.STXX EO600C.ST.UEA,Xetra,LFOD.DE,etf,EUR
IE00BMYDMB35,LGGA,LG APAC XJ.Q.D.E.W.DLDETF,Xetra,LGGA.DE,etf,EUR
IE00BMYDM919,LGGE,LG-E.XUK.Q.DIV.E.W.EODETF,Xetra,LGGE.DE,etf,EUR
IE00BMYDMC42,LGGM,LGUE-LG EMQDUE DLDETF,Xetra,LGGM.DE,etf,EUR
GB0005603997,LGI,"LEGAL GENL GRP PLCLS-,025",Xetra,LGI.DE,stock,EUR
LU0908501058,LGQG,AIS AMEEBTUE A,Xetra,LGQG.DE,etf,EUR
LU0832436512,LGQI,MUL AMUN GL EQU INC ETF D,Xetra,LGQI.DE,etf,EUR
LU1220245556,LGQK,MUL AMUN PAC-EX-J ETF DIS,Xetra,LGQK.DE,etf,EUR
LU1287022708,LGQM,MUL AMUN PANAFRICA ETF A,Xetra,LGQM.DE,etf,EUR
LU1598690169,LGWS,MUL-A.MSCI-A.M.VF.U. D,Xetra,LGWS.DE,etf,EUR
LU1598688189,LGWT,AIS-A.I.MSCI E.G. D,Xetra,LGWT.DE,etf,EUR
LU1598689153,LGWU,AIS-AM EMU SMC ETFD,Xetra,LGWU.DE,etf,EUR
DE0008232125,LHA,LUFTHANSA AG VNA O.N.,Xetra,LHA.DE,stock,EUR
LU1900067940,LHKG,MUL AMUN CHINA ESG SEL.ED,Xetra,LHKG.DE,etf,EUR
LU1834986900,LHTC,MUL-AMUN ST600 HEALT ETFA,Xetra,LHTC.DE,etf,EUR
IE00BLCHJN13,LI7U,GL X ETF-GXLIBATC DLA,Xetra,LI7U.DE,etf,EUR
LU1834987890,LIGS,MUL-AM.ST.EU.600 IND.UEAC,Xetra,LIGS.DE,etf,EUR
DE000A0JDBC7,LIK,LIMES SCHLOSSKLINIK. O.N.,Xetra,LIK.DE,stock,EUR
IE000S9YS762,LIN,"LINDE PLC        EO -,001",Xetra,LIN.DE,stock,EUR
IE000MJ79846,LION,LGUEP-LGLAGBUUE DLD,Xetra,LION.DE,etf,EUR
LU1834987973,LIRU,MUL-AMUN ST600 INSU ETF A,Xetra,LIRU.DE,etf,EUR
US0528001094,LIV,"AUTOLIV INC.       DL-,01",Xetra,LIV.DE,stock,EUR
LU1900066975,LKOR,MUL AMUN KOREA ETF ACC,Xetra,LKOR.DE,etf,EUR
US5018892084,LKQ1,"LKQ CORP.          DL-,01",Xetra,LKQ1.DE,stock,EUR
GB0008706128,LLD,"LLOYDS BKG GRP     LS-,10",Xetra,LLD.DE,stock,EUR
US5324571083,LLY,ELI LILLY,Xetra,LLY.DE,stock,EUR
US5312297550,LM0F,LIBERTY MED.C FORMULA ONE,Xetra,LM0F.DE,stock,EUR
IE000130VPV5,LM9A,BNPE-ESG EN.US DLA,Xetra,LM9A.DE,etf,USD
IE000629MKR4,LM9B,BNPPE-ESG ENH.WO.DLA,Xetra,LM9B.DE,etf,USD
IE0007QB4QS2,LM9C,BNPPE-ESG ENH.WO.EOA,Xetra,LM9C.DE,etf,EUR
IE0000LVTJ08,LM9D,BNPE-ESG EN.US EOA,Xetra,LM9D.DE,etf,EUR
IE000YARBD10,LM9E,BNPP EASY-ESG ENH.JAP.EOA,Xetra,LM9E.DE,etf,EUR
IE000YARBD10,LM9F,BNPP EASY-ESG ENH.JAP.EOA,Xetra,LM9F.DE,etf,USD
CH0560888270,LMIA,"LION E-MOBILITY AG SF-,13",Xetra,LMIA.DE,stock,EUR
LU1646360971,LMVF,MUL AMUN MSCI EMU ETF DIS,Xetra,LMVF.DE,etf,EUR
LU1832418773,LMWE,AIS-A.FTSE E.N.G.2 U.ETFD,Xetra,LMWE.DE,etf,EUR
US47233W1099,LN3,JEFFERIES FINL GRP   DL 1,Xetra,LN3.DE,stock,EUR
US5339001068,LNE,LINCOLN ELECTR. HLDGS,Xetra,LNE.DE,stock,EUR
IE000PPEL1I4,LNXB,IN.IC.IN.B.C.E AEOA,Xetra,LNXB.DE,etf,EUR
IE0006GUEKQ7,LNXC,INV.L.IC.C.A.E. AEOA,Xetra,LNXC.DE,etf,EUR
LU1834988278,LOGS,MUL-AMUN ST600 ENERG ETFA,Xetra,LOGS.DE,etf,EUR
US5398301094,LOM,LOCKHEED MARTIN    DL 1,Xetra,LOM.DE,stock,EUR
FR0000120321,LOR,"L OREAL    INH.    EO 0,2",Xetra,LOR.DE,stock,EUR
LU2194449075,LOWD,BNPPE-LC300 WP U.ETFEOA,Xetra,LOWD.DE,etf,EUR
US5463471053,LP3,LOUIS. PAC. CORP.    DL 1,Xetra,LP3.DE,stock,EUR
DE0006450000,LPK,LPKF LASER+ELECTR.INH ON,Xetra,LPK.DE,stock,EUR
DE000A12UP29,LQAG,LAIQON AG INH O.N.,Xetra,LQAG.DE,stock,EUR
IE000L98FUF7,LQEU,IP-LAIQON EUR EQ U.ETF A,Xetra,LQEU.DE,etf,EUR
FR0010307819,LRC,LEGRAND S.A.    INH. EO 4,Xetra,LRC.DE,stock,EUR
LU2358378979,LRND,ANCHORCORE SE         EO1,Xetra,LRND.DE,stock,EUR
GB00B0SWJX34,LS4C,LONDON STOCK EXCHANGE,Xetra,LS4C.DE,stock,EUR
FR0010424135,LSK7,MUF-AMU.EOSTXX50 -1XINV.A,Xetra,LSK7.DE,etf,EUR
FR0010424143,LSK8,MUF-AMU.EOSTXX50-2XINV.AC,Xetra,LSK8.DE,etf,EUR
LU1900066033,LSMC,MUL-AM.MSCI SEMICOND. EOA,Xetra,LSMC.DE,etf,EUR
DE0005754402,LSX,LS TELCOM AG,Xetra,LSX.DE,stock,EUR
LU1834988609,LTCM,MUL-AMUN ST600 TELEC ETFA,Xetra,LTCM.DE,etf,EUR
CH0025751329,LTEC,"LOGITECH INTL NA  SF -,25",Xetra,LTEC.DE,stock,EUR
US5404241086,LTR,LOEWS CORP.          DL 1,Xetra,LTR.DE,stock,EUR
US5184151042,LTT,"LATTICE SEMICOND.  DL-,01",Xetra,LTT.DE,stock,EUR
LU1834988518,LTUG,MUL-AMUN ST600 TECH ETFA,Xetra,LTUG.DE,etf,EUR
LU1900067601,LTUR,MUL AMUN TURKEY ETF ACC,Xetra,LTUR.DE,etf,EUR
LU1834988781,LTVL,MUF-AM.ST.EO600CONS.D.UEA,Xetra,LTVL.DE,etf,EUR
US55024U1097,LU2,"LUMENTUM HLDGS IN.DL-,001",Xetra,LU2.DE,stock,EUR
IE000W4A2Q38,LUNA,G.X E.-G.X S.T. DLA,Xetra,LUNA.DE,etf,EUR
DE000LS1LUS9,LUS1,LANG + SCHWARZ AG NA O.N.,Xetra,LUS1.DE,stock,EUR
LU1834988864,LUTI,MUL-AMUN ST600 UTILI ETFA,Xetra,LUTI.DE,etf,EUR
LU2082999215,LUTL,MUL-AMUN ST600 UTILI ETFD,Xetra,LUTL.DE,etf,EUR
IE000LVB7GJ9,LUXX,L.U.-B.S.A.L.U.E. DLA,Xetra,LUXX.DE,etf,USD
IE000LVB7GJ9,LUXY,L.U.-B.S.A.L.U.E. DLA,Xetra,LUXY.DE,etf,EUR
LU2090062600,LVDX,MUL AMUN LEVDAX ETF DIST,Xetra,LVDX.DE,etf,EUR
IE000N42HDP2,LVLC,INVESCOM2-IQS EQ LV CARB,Xetra,LVLC.DE,etf,EUR
IE0005KF09R2,LVLD,IM2-IQSGELVCETF DLD,Xetra,LVLD.DE,etf,EUR
IE000XIBT2R7,LVLE,INVESCOM2-IQS EQ LV PFHDG,Xetra,LVLE.DE,etf,EUR
FR0014010HV4,LVWC,AM WLD2XLEVETF DLA,Xetra,LVWC.DE,etf,EUR
IE0000CRTTJ9,LWCH,AMSCIWESGBTUETF EOA,Xetra,LWCH.DE,etf,EUR
IE0001GSQ2O9,LWCR,AMUNDI-M.W.E.BT.U.ETF EOA,Xetra,LWCR.DE,etf,EUR
IE0001GSQ2O9,LWCU,AMUNDI-M.W.E.BT.U.ETF EOA,Xetra,LWCU.DE,etf,USD
US5486611073,LWE,"LOWE'S COS INC.    DL-,50",Xetra,LWE.DE,stock,EUR
LU2924150282,LWGB,AEOGOLODUTIGRBD U.ETFEOA,Xetra,LWGB.DE,etf,EUR
US5261071071,LXI,"LENNOX INTL INC.   DL-,01",Xetra,LXI.DE,stock,EUR
DE0005470405,LXS,LANXESS AG,Xetra,LXS.DE,stock,EUR
US55087P1049,LY0,"LYFT INC. CL.A -,00001",Xetra,LY0.DE,stock,EUR
LU1829219390,LYBK,MUL AMUN EST BANK ETF ACC,Xetra,LYBK.DE,etf,EUR
LU1829219127,LYEB,MUL AMUN COR BOND CL.P.A.,Xetra,LYEB.DE,etf,EUR
FR0010429068,LYM7,MUF-AMU.MSCI EMERMKT3 EOA,Xetra,LYM7.DE,etf,EUR
FR0010527275,LYM8,MUF-AMU.MSCI WATER UC. D,Xetra,LYM8.DE,etf,EUR
FR0010524777,LYM9,MUF-AMU.MSCI NEW EN. D,Xetra,LYM9.DE,etf,EUR
FR0010361683,LYMD,MUF-AM.MSCI IND.SWA.UEEOA,Xetra,LYMD.DE,etf,EUR
FR0010405431,LYMH,MUF-AMUNDI MSCI GREECE D.,Xetra,LYMH.DE,etf,EUR
LU1829221024,LYMS,MUL AMUN CN100SW.UETF DLA,Xetra,LYMS.DE,etf,EUR
FR0010468983,LYMZ,MUF-AMU.EOSTXX50 2XLEV.AC,Xetra,LYMZ.DE,etf,EUR
LU1190417599,LYOR,MUL-AM.SM.OVERN.RET.UEACC,Xetra,LYOR.DE,etf,EUR
LU0959211243,LYP2,MULACSPP500 EH D,Xetra,LYP2.DE,etf,EUR
LU1135865084,LYP5,MULACSPP500 E ACC,Xetra,LYP5.DE,etf,EUR
LU0908500753,LYP6,AIS-AMUN.STEUR600 U.ETF A,Xetra,LYP6.DE,etf,EUR
LU0533032859,LYPD,MUL AMUN WRLDFIN ETF ACC,Xetra,LYPD.DE,etf,EUR
LU0533033238,LYPE,MUL AMUN W HEALCARE ETF A,Xetra,LYPE.DE,etf,EUR
LU0533033667,LYPG,MUL AMUN W INFTEC ETF ACC,Xetra,LYPG.DE,etf,EUR
LU0496786574,LYPS,MULACSPP500 E DIS,Xetra,LYPS.DE,etf,EUR
LU0496786905,LYPU,MUL AMUN AUSTRA ETF DIST,Xetra,LYPU.DE,etf,EUR
LU1650487413,LYQ2,MUL AMU E GOVB1-3 ETF ACC,Xetra,LYQ2.DE,etf,EUR
LU1650488494,LYQ3,MUL AMU E GOVB3-5 ETF ACC,Xetra,LYQ3.DE,etf,EUR
LU1650489385,LYQ6,MUL AMU E GOVB 10-ETF ACC,Xetra,LYQ6.DE,etf,EUR
LU1650491282,LYQ7,MUL AMUN GOV INFL ETF ACC,Xetra,LYQ7.DE,etf,EUR
FR0010869578,LYQK,AM.GRM.BD DLY(-2X)INV.UEA,Xetra,LYQK.DE,etf,EUR
FR0010869495,LYQL,MUF-AMU.SHDAX-2X INV.UE A,Xetra,LYQL.DE,etf,EUR
LU1686830909,LYQS,AIS-AM.USD E.M.G.BD D,Xetra,LYQS.DE,etf,EUR
LU1812090543,LYQY,AIS-AMU E HY CRB ESG ETFD,Xetra,LYQY.DE,etf,EUR
LU1829219556,LYS4,MUL AMUNHR GOV1-3 ETF ACC,Xetra,LYS4.DE,etf,EUR
LU1829219713,LYS5,MUL AMUNHR GOV3-5 ETF ACC,Xetra,LYS5.DE,etf,EUR
FR0007054358,LYSX,MUF-AM.EOSTXX50 II UE ACC,Xetra,LYSX.DE,etf,EUR
LU1829218749,LYTR,MUL-AM.B.E-W.C.XA ETF EOA,Xetra,LYTR.DE,etf,EUR
LU2082996542,LYX4,MUF-AM.STXXEO600B.MAT.UED,Xetra,LYX4.DE,etf,EUR
LU1435356149,LYX8,AIS-AMU USD HY COB ESG,Xetra,LYX8.DE,etf,EUR
LU1287023342,LYXA,MUL AMUN E HR GOV ETF ACC,Xetra,LYXA.DE,etf,EUR
LU1287023003,LYXC,MUL AMU E GOVB5-7 ETF ACC,Xetra,LYXC.DE,etf,EUR
LU1287023185,LYXD,MUL AMU E GOB7-10 ETF ACC,Xetra,LYXD.DE,etf,EUR
LU1435356495,LYXE,AIS-AMU USD HY COB ESG,Xetra,LYXE.DE,etf,EUR
LU1287023268,LYXF,MUL AMU E GOVB15+ ETF ACC,Xetra,LYXF.DE,etf,EUR
LU1900065811,LYXI,MUL AMUN INDONE ETF ACC,Xetra,LYXI.DE,etf,EUR
LU1829220216,LYY0,MUL AMUN ACWLD ETF E ACC,Xetra,LYY0.DE,etf,EUR
FR0010245514,LYY4,MUF-AMU.TOPIX II UE EOD,Xetra,LYY4.DE,etf,EUR
FR0010261198,LYY5,MUF-AMU.MSCI EUR. UE ACC,Xetra,LYY5.DE,etf,EUR
LU0252633754,LYY7,MUL AMUN DAX III ETF ACC,Xetra,LYY7.DE,etf,EUR
LU0252634307,LYY8,MUL AMUN LEVDAX ETF ACC,Xetra,LYY8.DE,etf,EUR
FR0010315770,LYYA,AM. MSCI WLD SW.II D,Xetra,LYYA.DE,etf,EUR
IE000QQ8Z0D8,LYYB,A.ETF-A.MSCI U.ESG BR.T.D,Xetra,LYYB.DE,etf,EUR
IE000QQ8Z0D8,LYYC,A.ETF-A.MSCI U.ESG BR.T.D,Xetra,LYYC.DE,etf,USD
IE000QQ8Z0D8,LYYD,A.ETF-A.MSCI U.ESG BR.T.D,Xetra,LYYD.DE,etf,GBP
IE00098YDEH5,LYYE,AETF-A.MUEBT EOA,Xetra,LYYE.DE,etf,EUR
IE000MC1J5C5,LYYF,AETF-A.MUEBT EOD,Xetra,LYYF.DE,etf,EUR
DE000A0STSQ8,M12,M1 KLINIKEN AG  O.N.,Xetra,M12.DE,stock,EUR
DE000A41YDL0,M3B0,PYRAMID AG NA O.N.,Xetra,M3B0.DE,stock,EUR
DE000A0LBFE4,M3V,MEVIS MEDICAL SOL.NA O.N.,Xetra,M3V.DE,stock,EUR
US5657881067,M44,MARA HOLDINGS,Xetra,M44.DE,stock,EUR
US57636Q1040,M4I,"MASTERCARD INC.A DL-,0001",Xetra,M4I.DE,stock,EUR
LU0038705702,M4M1,"MILLICOM INTL CELL. DL1,5",Xetra,M4M1.DE,stock,EUR
DE000A0H1GY2,M5S,H2 CORE AG INH O.N.,Xetra,M5S.DE,stock,EUR
DE000A0MSN11,M7U,NYNOMIC AG  INH O.N.,Xetra,M7U.DE,stock,EUR
LU0249326488,M9SA,M.A.-R.INT.COM.IN.UETF,Xetra,M9SA.DE,etf,EUR
LU0259322260,M9SD,MA.-NYSE AR.GO.BU.IN.UETF,Xetra,M9SD.DE,etf,EUR
LU1750178011,M9SV,M.A.-STOX.CH.A.MI.V.I.CEO,Xetra,M9SV.DE,etf,EUR
DE000A3H2135,MA10,MAXX26 AG  INH O.N.,Xetra,MA10.DE,stock,EUR
IE00BLP53M98,MACV,IS3-ISH.CON.P. EOA,Xetra,MACV.DE,etf,EUR
IE00BLLZQ805,MAGR,IS3-ISH.GR.PTF. EOA,Xetra,MAGR.DE,etf,EUR
DE0006044001,MAK,MATERNUS-KLI.AG O.N.,Xetra,MAK.DE,stock,EUR
IE000IIHLZL0,MANU,LE.GE.LG M.N.C. DLA,Xetra,MANU.DE,etf,EUR
US5719032022,MAQ,"MARRIOTT INTL A    DL-,01",Xetra,MAQ.DE,stock,EUR
IE000Y1595P8,MAXD,IS6-US LA.C.M.B.D. DLA,Xetra,MAXD.DE,etf,EUR
IE000BMP9YJ5,MAXJ,IS6SP500MB06ETF DLA,Xetra,MAXJ.DE,etf,EUR
IE000INTB8Q8,MAXM,IS6SP500MB03ETF DLA,Xetra,MAXM.DE,etf,EUR
IE000ON9GR24,MAXS,IS6SP500MB09ETF DLA,Xetra,MAXS.DE,etf,EUR
DE000A0ETBQ4,MBB,MBB SE O.N.,Xetra,MBB.DE,stock,EUR
DE0007100000,MBG,MERCEDES-BENZ GRP NA O.N.,Xetra,MBG.DE,stock,EUR
DE0008148206,MBK,MERKUR PRIV.BK INH O.N.,Xetra,MBK.DE,stock,EUR
DE0005218309,MBQ,MOBOTIX AG O.N.,Xetra,MBQ.DE,stock,EUR
IE000TD32PU3,MBSR,HETFII-REGANTRI DLA,Xetra,MBSR.DE,etf,EUR
FR0014002IH8,MBTC,MELBTCEQUNETF EOA,Xetra,MBTC.DE,etf,EUR
US5962781010,MBY,"MIDDLEBY CORP.     DL-,01",Xetra,MBY.DE,stock,EUR
FR001400AJ45,MCHA,"MICHELIN  NOM.    EO -,50",Xetra,MCHA.DE,stock,EUR
IE00BK80XL30,MCHN,IMII-IMCASSC,Xetra,MCHN.DE,etf,EUR
US58155Q1031,MCK,"MCKESSON           DL-,01",Xetra,MCK.DE,stock,EUR
US5950171042,MCP,"MICROCHIP TECH.   DL-,001",Xetra,MCP.DE,stock,EUR
IE0006PTRUI8,MCTA,EMU CL.TR.AWARE EOA,Xetra,MCTA.DE,etf,EUR
IE000E9XXE77,MCTD,EMU CL.TR.AWARE EOD,Xetra,MCTD.DE,etf,EUR
FR0014015ZN2,MD4C,MUF-AM.MDAX EOA,Xetra,MD4C.DE,etf,EUR
FR0011857234,MD4X,MUF-AMUNDI MDAX UE DIS,Xetra,MD4X.DE,etf,EUR
LU1852211215,MDBA,UBSSUSTDEVBKBDS DLA,Xetra,MDBA.DE,etf,EUR
LU1852211991,MDBE,UBSSUSTDEVBKBDS HEOA,Xetra,MDBE.DE,etf,EUR
LU1852212965,MDBU,UBSSUSTDEVBKBDS DLD,Xetra,MDBU.DE,etf,EUR
IE0007FIJUO5,MDEC,FTVUSEQMBETFD ADLA,Xetra,MDEC.DE,etf,EUR
US5801351017,MDO,"MCDONALDS CORP.   DL-,01",Xetra,MDO.DE,stock,EUR
LU3104524593,MDUC,MU L.A.SP400 US U.ETFDLA,Xetra,MDUC.DE,etf,EUR
LU3104524593,MDUS,MU L.A.SP400 US U.ETFDLA,Xetra,MDUS.DE,etf,USD
IT0000062957,ME9,"MEDIOBCA          EO 0,50",Xetra,ME9.DE,stock,EUR
DE0006595101,MED,MEDICLIN AG,Xetra,MED.DE,stock,EUR
IE000LUZJNI7,MEEQ,IM2MSCIEUEQLW EOA,Xetra,MEEQ.DE,etf,EUR
IE000YBGJ9I4,MEGA,A.E.I.A.M.US M. DLA,Xetra,MEGA.DE,etf,EUR
IE000YBGJ9I4,MEGU,A.E.I.A.M.US M. DLA,Xetra,MEGU.DE,etf,USD
LU3046617984,MEUR,OSS MSCI EU U.ETF 1CEOA,Xetra,MEUR.DE,etf,EUR
IE000VDI16Q5,MEWD,IM2MSCIEUEQLW EOD,Xetra,MEWD.DE,etf,EUR
LU3359622902,MFEH,IMGP-DBI MA.FU. R HPEOA,Xetra,MFEH.DE,etf,EUR
IE000F215NJ2,MG3A,MG(IE)EI-MGEAAA EOA,Xetra,MG3A.DE,etf,EUR
IE000FMF9DG3,MG3D,MG(IE)EI-MGEAAA EOD,Xetra,MG3D.DE,etf,EUR
US60855R1005,MHG,"MOLINA HEALTHCARE DL-,001",Xetra,MHG.DE,stock,EUR
US78409V1044,MHL,S+P GLOBAL INC.      DL 1,Xetra,MHL.DE,stock,EUR
IE000U07IGB1,MHQA,IM2-INVESCO EM EEQ UE DLA,Xetra,MHQA.DE,etf,EUR
US5627501092,MHT,"MANHATTAN ASSOC.   DL-,01",Xetra,MHT.DE,stock,EUR
IE000DPO6LM8,MIDS,LGE-M.W.M.C.E. DLA,Xetra,MIDS.DE,etf,EUR
US5949724083,MIGA,STRATEGY     A NEW DL-001,Xetra,MIGA.DE,stock,EUR
IE0008EKJPN4,MINE,COINSHS BITC.MNG UETF DLA,Xetra,MINE.DE,etf,EUR
LU1681041627,MIVA,AIS-AM.MSCI E.M.V.F. EOC,Xetra,MIVA.DE,etf,EUR
LU1861137484,MIVB,AIS-AMEOSCPA ETF      EOA,Xetra,MIVB.DE,etf,EUR
LU1589349734,MIVU,AIS-A.MSCI USA M.V.F.UEDL,Xetra,MIVU.DE,etf,EUR
LU1681041460,MJMT,AIS-AM.MSCI EU.MO.F.EOC,Xetra,MJMT.DE,etf,EUR
IE000CO3P697,MJUN,FTV US EQMABUJU ADLA,Xetra,MJUN.DE,etf,EUR
BGMACMB06181,MKK1,EXPAT MAC.MBI10 UCITS ETF,Xetra,MKK1.DE,etf,EUR
US5705351048,MKV,MARKEL GROUP,Xetra,MKV.DE,stock,EUR
US58733R1023,MLB1,"MERCADOLIBRE INC. DL-,001",Xetra,MLB1.DE,stock,EUR
DE0006214687,MLL,MUELLER-LILA LOG. INH ON,Xetra,MLL.DE,stock,EUR
DE0006569908,MLP,MLP SE  INH. O.N.,Xetra,MLP.DE,stock,EUR
IE000AEM1K78,MMAX,MG-GL.MA.EQ. DLA,Xetra,MMAX.DE,etf,EUR
US88579Y1010,MMM,"3M CO.             DL-,01",Xetra,MMM.DE,stock,EUR
US5732841060,MMX,"MARTIN MAR. MAT.   DL-,01",Xetra,MMX.DE,stock,EUR
IE000AY2ERH5,MNTE,IV-IULMBME EOA,Xetra,MNTE.DE,etf,EUR
IE000GLK5WA7,MO0E,VE-AGRIBUSINESS 1DLA,Xetra,MO0E.DE,etf,EUR
US6153942023,MO7A,MOOG INC. CL.A       DL 1,Xetra,MO7A.DE,stock,EUR
US61174X1090,MOB,"MONSTER BEVER.NEW DL-,005",Xetra,MOB.DE,stock,EUR
IE00BLLZQS08,MODR,IS3-ISH.MOD.P.U.ETF EOA,Xetra,MODR.DE,etf,EUR
FR0000121014,MOH,"LVMH               EO 0,3",Xetra,MOH.DE,stock,EUR
IT0004965148,MOV,MONCLER S.P.A.,Xetra,MOV.DE,stock,EUR
DE000A1TNWJ4,MPCG,MPC OCEANIC GROUP AG,Xetra,MPCG.DE,stock,EUR
IT0005508921,MPI0,BCA MONTE D.PASCHI D.SIE.,Xetra,MPI0.DE,stock,EUR
US56585A1025,MPN,"MARATHON PETROLEUM DL-,01",Xetra,MPN.DE,stock,EUR
US55826T1025,MQ2,SPHERE ENTERTAINMENT CO.A,Xetra,MQ2.DE,stock,EUR
DE0006599905,MRK,MERCK KGAA O.N.,Xetra,MRK.DE,stock,EUR
US6177001095,MRS,"MORNINGSTAR INC.   DL-,01",Xetra,MRS.DE,stock,EUR
DE000A3CSAE2,MRX,MISTER SPEX SE INH O.N.,Xetra,MRX.DE,stock,EUR
LU2380748603,MS1,MARLEY SPOON GROUP   EO 1,Xetra,MS1.DE,stock,EUR
US86800U3023,MS51,SUPER MICRO O.N.,Xetra,MS51.DE,stock,EUR
US55825T1034,MS8,MADISON SQUARE GAR.SP. A,Xetra,MS8.DE,stock,EUR
DE0005855183,MSAG,MS INDUSTRIE AG,Xetra,MSAG.DE,stock,EUR
LU3299677271,MSET,A.EO ST.50T.I. U.ETFEOD,Xetra,MSET.DE,etf,EUR
US5949181045,MSF,"MICROSOFT    DL-,00000625",Xetra,MSF.DE,stock,EUR
LU2090062949,MTDD,MUL AMU E GOB7-10 ETF ACC,Xetra,MTDD.DE,etf,EUR
US5951121038,MTE,"MICRON TECHN. INC. DL-,10",Xetra,MTE.DE,stock,EUR
US6200763075,MTLA,"MOTOROLA SOLUTIONS DL-,01",Xetra,MTLA.DE,stock,EUR
US5926881054,MTO,METTLER-TOLEDO INTL,Xetra,MTO.DE,stock,EUR
IE0004U3TX15,MTVR,L+G-METAVERSE ETF DLAETF,Xetra,MTVR.DE,etf,EUR
DE000A0D9PT0,MTX,MTU AERO ENGINES NA O.N.,Xetra,MTX.DE,stock,EUR
DE0006627201,MUB,MUEHLBAUER HOLD.AG O.N.,Xetra,MUB.DE,stock,EUR
CH1398992755,MULT,"MULTITUDE AG  EO 1,85",Xetra,MULT.DE,stock,EUR
DE0006580806,MUM,MENSCH UND MASCH.O.N.,Xetra,MUM.DE,stock,EUR
US6267171022,MUQ,MURPHY OIL CORP.     DL 1,Xetra,MUQ.DE,stock,EUR
DE0008430026,MUV2,MUENCH.RUECKVERS. NA O.N.,Xetra,MUV2.DE,stock,EUR
DE000A2NB650,MUX,MUTARES KGAA  NA O.N.,Xetra,MUX.DE,stock,EUR
IE00BKVL7331,MVEA,ISHSVI-E.MSCIUSA M.VESGDL,Xetra,MVEA.DE,etf,EUR
IE00BKVL7D31,MVEE,ISHSVI-E.MSCIEUR.M.VESGEO,Xetra,MVEE.DE,etf,EUR
IE00BKVL7778,MVEW,ISHSVI-E.MSCIWLD M.V.E.DL,Xetra,MVEW.DE,etf,EUR
DE000A0H52F5,MVV1,MVV ENERGIE AG NA O.N.,Xetra,MVV1.DE,stock,EUR
DE000A3EYLC7,MWB0,MWB FAIRTRADE WPHDL.NA ON,Xetra,MWB0.DE,stock,EUR
IE000K8VMPE9,MWDD,IMI MS WOR DLD,Xetra,MWDD.DE,etf,EUR
IE000OEF25S1,MWEQ,IM2-MSCIWOEQWE DLA,Xetra,MWEQ.DE,etf,EUR
IE000H7PE775,MWHE,AMUNDI CO.MSCI WLD UE EOA,Xetra,MWHE.DE,etf,EUR
US6081901042,MWK,"MOHAWK INDS INC.   DL-,01",Xetra,MWK.DE,stock,EUR
IE00026BEVM6,MWOA,AM-SP WLD INDS SCR. UE D,Xetra,MWOA.DE,etf,USD
IE000E7EI9P0,MWOB,AM-SPWLDINF.TECHSCR. UE A,Xetra,MWOB.DE,etf,USD
IE000GEHNQU9,MWOC,AM-SPWLDINF.TECHSCR. UE D,Xetra,MWOC.DE,etf,USD
IE000FCGBU62,MWOD,AM-SP WLD MAT.SCR. UE A,Xetra,MWOD.DE,etf,USD
IE000CNSFAR2,MWOE,AMUNDI CORE MSCI WLD UE D,Xetra,MWOE.DE,etf,EUR
IE000CNSFAR2,MWOF,AMUNDI CORE MSCI WLD UE D,Xetra,MWOF.DE,etf,USD
IE000WP7CVZ7,MWOG,AM-SP WLD MAT.SCR. UE D,Xetra,MWOG.DE,etf,USD
IE000PMX0MW6,MWOH,AM-SP WLD UT.SCR. UE A,Xetra,MWOH.DE,etf,USD
IE00052T92P8,MWOI,AM-SP WLD UT.SCR. UE D,Xetra,MWOI.DE,etf,USD
IE000VML2GZ3,MWOJ,AMUNDIMUSAESGSELEXT.DL A,Xetra,MWOJ.DE,etf,EUR
IE000VML2GZ3,MWOK,AMUNDIMUSAESGSELEXT.DL A,Xetra,MWOK.DE,etf,USD
IE000QIF5N15,MWOL,AM-PRIME GL.E. DLD,Xetra,MWOL.DE,etf,EUR
IE000XLJ2JQ9,MWON,AM.-S+P SM.C.600 SCR.DLD,Xetra,MWON.DE,etf,EUR
IE00016PSX47,MWOP,AM.MSCI WLD ESG SEL.DL A,Xetra,MWOP.DE,etf,EUR
IE000M86QRT4,MWOQ,AM.ETF-S+P500EWESG UEEOHA,Xetra,MWOQ.DE,etf,EUR
IE00016PSX47,MWOR,AM.MSCI WLD ESG SEL.DL A,Xetra,MWOR.DE,etf,USD
IE0004CIQ1O4,MWOS,AM.MSCI WLD ESG SEL.EO A,Xetra,MWOS.DE,etf,EUR
IE0005E8B9S4,MWOT,AMU-RU.1000 GR DLA,Xetra,MWOT.DE,etf,USD
IE0004TFW0R5,MWOU,AMUNDIMUSAESGSELEXT.EO A,Xetra,MWOU.DE,etf,EUR
IE0005E8B9S4,MWOV,AMU-RU.1000 GR DLA,Xetra,MWOV.DE,etf,GBP
IE0005E8B9S4,MWOW,AMU-RU.1000 GR DLA,Xetra,MWOW.DE,etf,EUR
IE000EFHIFG3,MWOX,A.ETF-S+P W.COMM.S.SC.UEA,Xetra,MWOX.DE,etf,USD
IE000ANYHV73,MWOY,A.ETF-S+P W.COMM.S.SC.UED,Xetra,MWOY.DE,etf,USD
IE000QIF5N15,MWOZ,AM-PRIME GL.E. DLD,Xetra,MWOZ.DE,etf,GBP
IE000BI8OT95,MWRD,AMUNDI CORE MSCI WLD UE A,Xetra,MWRD.DE,etf,GBP
IE000BI8OT95,MWRE,AMUNDI CORE MSCI WLD UE A,Xetra,MWRE.DE,etf,EUR
IE000K1P4V37,MWSH,AME-MWSCPAAL EOA,Xetra,MWSH.DE,etf,EUR
US59156R1086,MWZ,"METLIFE INC.       DL-,01",Xetra,MWZ.DE,stock,EUR
US12572Q1058,MX4A,"CME GROUP INC.     DL-,01",Xetra,MX4A.DE,stock,EUR
DE000A2DA588,MXHN,MAX AUTOMATION SE NA O.N.,Xetra,MXHN.DE,stock,EUR
IE000CH3OQ51,MXUE,IMI MS USA HGDEOA,Xetra,MXUE.DE,etf,EUR
IE00BYX5K108,MXUK,INVESCOMI MSCI EURO EXUK,Xetra,MXUK.DE,etf,EUR
US5763231090,MY8,"MASTEC INC.        DL-,10",Xetra,MY8.DE,stock,EUR
US55405W1045,MYP,MYR GROUP INC. (DEL.),Xetra,MYP.DE,stock,EUR
IE000KDIUAE4,MZL0,WEI-MACE EOA,Xetra,MZL0.DE,etf,EUR
DE0005492938,MZX,MASTERFLEX O.N.,Xetra,MZX.DE,stock,EUR
IE000COQKPO9,N1ES,IM2-I.NSQ100ESG DLA,Xetra,N1ES.DE,etf,EUR
IE000JSJOR00,N1EU,IM2-I.NSQ100ESG EOA,Xetra,N1EU.DE,etf,EUR
DE000A41YCM0,N4G0,THE NAGA GROUP AG NA O.N.,Xetra,N4G0.DE,stock,EUR
IE00028FXN24,N4U,"SMURFIT WESTROCK   DL-,01",Xetra,N4U.DE,stock,EUR
US5049221055,N6B,LABCORP HLDGS INC. O.N.,Xetra,N6B.DE,stock,EUR
US03769M1062,N7I,"APOLLO GL.M.NEW DL-,00001",Xetra,N7I.DE,stock,EUR
IE000TAA0GK0,NA7Y,HII-YFODOIUED LSD,Xetra,NA7Y.DE,etf,EUR
DE000A3H2200,NA9,NAGARRO SE  NA O.N.,Xetra,NA9.DE,stock,EUR
DE000A41YFS0,NA9A,NAGARRO SE  NA O.N.Z.VK.,Xetra,NA9A.DE,stock,EUR
LU2090063673,NADA,MUL-AM.MSCI JPN ETF YND,Xetra,NADA.DE,etf,EUR
LU1650489898,NADB,MUL AMU E GOB 10-ETF DIST,Xetra,NADB.DE,etf,EUR
LU2197908721,NADQ,MUL AMUN CN100SW.UETF DLD,Xetra,NADQ.DE,etf,EUR
US6311031081,NAQ,"NASDAQ INC.       DL -,01",Xetra,NAQ.DE,stock,EUR
DE0008435967,NBG6,NUERNBERGER BET.AG VNA,Xetra,NBG6.DE,stock,EUR
IE00BQ70R696,NBTK,INVESCOMI NASDAQ BIOTECH,Xetra,NBTK.DE,etf,EUR
US65249B1098,NC0,"NEWS CORP. A       DL-,01",Xetra,NC0.DE,stock,EUR
DE000A12UP37,NC5A,NORCOM INF.TECHN. INH ON,Xetra,NC5A.DE,stock,EUR
US0605051046,NCB,"BANK AMERICA      DL 0,01",Xetra,NCB.DE,stock,EUR
DE000NCA0001,NCH2,THYSSENKRUPP NUCERA O.N.,Xetra,NCH2.DE,stock,EUR
DE0006766504,NDA,AURUBIS AG,Xetra,NDA.DE,stock,EUR
DE000A0D6554,NDX1,NORDEX SE O.N.,Xetra,NDX1.DE,stock,EUR
DE0006452907,NEM,NEMETSCHEK SE O.N.,Xetra,NEM.DE,stock,EUR
CH0038863350,NESR,"NESTLE NAM.        SF-,10",Xetra,NESR.DE,stock,EUR
DE000A1MME74,NF4,NETFONDS AG  VNA O.N.,Xetra,NF4.DE,stock,EUR
US64110L1061,NFC,"NETFLIX INC.      DL-,001",Xetra,NFC.DE,stock,EUR
DE000A0N4N52,NFN,NFON AG  INH O.N.,Xetra,NFN.DE,stock,EUR
US6558441084,NFS,NORFOLK STHN CORP.   DL 1,Xetra,NFS.DE,stock,EUR
GB00BTK05J60,NGL0,"ANGLO AMERICAN DL-,623855",Xetra,NGL0.DE,stock,EUR
US6541061031,NKE,NIKE INC. B,Xetra,NKE.DE,stock,EUR
DK0010287663,NKT,NKT A/S NAM.        DK 20,Xetra,NKT.DE,stock,EUR
US6516391066,NMM,"NEWMONT CORP.     DL 1,60",Xetra,NMM.DE,stock,EUR
DE0006577109,NN6,NANOREPRO AG,Xetra,NN6.DE,stock,EUR
GB00BDR05C01,NNGF,NATIONAL GRID PLC,Xetra,NNGF.DE,stock,EUR
US6833441057,NNM,ONTO INNOVATION,Xetra,NNM.DE,stock,EUR
US62955J1034,NO8,"NOV INC.    DL-,01",Xetra,NO8.DE,stock,EUR
FI0009000681,NOA3,"NOKIA OYJ EO-,06",Xetra,NOA3.DE,stock,EUR
DE000A1H8BV3,NOEJ,NORMA GROUP SE NA O.N.,Xetra,NOEJ.DE,stock,EUR
CH0012005267,NOT,"NOVARTIS NAM.     SF 0,49",Xetra,NOT.DE,stock,EUR
DK0062498333,NOV,"NOVO-NORDISK AS B  DK 0,1",Xetra,NOV.DE,stock,EUR
IT0004147952,NP5,"NEWRON PHARMACEUT. EO-,20",Xetra,NP5.DE,stock,EUR
GB0009223206,NPW1,"SMITH + NEP.   DL -,20",Xetra,NPW1.DE,stock,EUR
US6098391054,NQG,"MONOLITHIC POWER  DL-,001",Xetra,NQG.DE,stock,EUR
IE0008IQ0DI1,NQQQ,HANETF-HAN ND100 DAI.CO.C,Xetra,NQQQ.DE,etf,EUR
IE00BYVQ9F29,NQSE,ISHSVII-NASDAQ 100 EOHACC,Xetra,NQSE.DE,etf,EUR
US6293775085,NRA,"NRG ENERGY INC.    DL-,01",Xetra,NRA.DE,stock,EUR
US98389B1008,NRN,"XCEL ENERGY       DL 2,50",Xetra,NRN.DE,stock,EUR
IE00BVGC6645,NS4E,INVESCOMI NIKKE400 EURHD,Xetra,NS4E.DE,etf,EUR
LU3299677438,NSDT,AIS-A.N.100T.I. U.ETFEOD,Xetra,NSDT.DE,etf,EUR
US6658591044,NT4,"NORTHN TRUST CORP.DL1,666",Xetra,NT4.DE,stock,EUR
US64110D1046,NTA,NETAPP INC.,Xetra,NTA.DE,stock,EUR
DE000A0KPPR7,NTG,NABALTEC AG INH.,Xetra,NTG.DE,stock,EUR
IE00077IIPQ8,NTSG,WT GL EFF.CO. EOA,Xetra,NTSG.DE,etf,EUR
IE000OV4XWA3,NTSZ,WTI-EO EF.C EOA,Xetra,NTSZ.DE,etf,EUR
IE000M7V94E1,NUKL,VNKETF-UR.NU.T. DLA,Xetra,NUKL.DE,etf,EUR
US6703461052,NUO,"NUCOR CORP.        DL-,40",Xetra,NUO.DE,stock,EUR
US67066G1040,NVD,"NVIDIA CORP.      DL-,001",Xetra,NVD.DE,stock,EUR
BE0974320526,NVJP,UMICORE S.A.,Xetra,NVJP.DE,stock,EUR
LU2356314745,NVM,NOVEM GROUP S.A.     EO 1,Xetra,NVM.DE,stock,EUR
NL0015073TS8,NW0,"CSG N.V.          EO -,01",Xetra,NW0.DE,stock,EUR
US9497461015,NWT,"WELLS FARGO + CO.DL 1,666",Xetra,NWT.DE,stock,EUR
FR0000044448,NXS,NEXANS INH.         EO 1,Xetra,NXS.DE,stock,EUR
US65336K1034,NXZ,"NEXSTAR MEDIA GR.  DL-,01",Xetra,NXZ.DE,stock,EUR
IE0003LX7GI0,NYSX,GL.X-NYSE100 DLA,Xetra,NYSX.DE,etf,EUR
US6501111073,NYT,"N.Y. TIMES CL.A    DL-,10",Xetra,NYT.DE,stock,EUR
DK0060336014,NZM2,NOVOZYMES AS NAM. B DK 2,Xetra,NZM2.DE,stock,EUR
AT0000APOST4,O3P,OESTERREICH. POST AG,Xetra,O3P.DE,stock,EUR
DE0006286560,O4B,OVB HOLDING AG,Xetra,O4B.DE,stock,EUR
IE000MLMNYS0,O4J0,ISHS3-SP500EQWE ()DLA,Xetra,O4J0.DE,etf,EUR
LU0251710041,O5G,"CPI PROPERTY GRP   EO-,01",Xetra,O5G.DE,stock,EUR
US0994061002,OBB,"BOOT BARN HLDGS  DL-,0001",Xetra,OBB.DE,stock,EUR
DE000BCK2223,OBCK,OTTOBOCK SE+CO.KGAA  O.N.,Xetra,OBCK.DE,stock,EUR
IE0001O9L5K4,OBGE,HETF-ODBHFGEA EOA,Xetra,OBGE.DE,etf,EUR
DE0005228779,OBS,ORBIS SE INH O.N.,Xetra,OBS.DE,stock,EUR
US6819191064,OCN,"OMNICOM GRP INC.   DL-,15",Xetra,OCN.DE,stock,EUR
IE000V0Q8BV4,ODBA,HAN-OGBALAAETF EOA,Xetra,ODBA.DE,etf,EUR
IE000YR7N5U8,ODUS,HETF-ODBHFUEA DLA,Xetra,ODUS.DE,etf,EUR
IE000YR7N5U8,ODUT,HETF-ODBHFUEA DLA,Xetra,ODUT.DE,etf,USD
AT0000746409,OEWA,VERBUND AG       INH. A,Xetra,OEWA.DE,stock,EUR
LU2069380306,OG35,OSS.L.E.G.B.3-5Y C.R.UE1C,Xetra,OG35.DE,etf,EUR
DE0005936124,OHB,OHB SE   O.N.,Xetra,OHB.DE,stock,EUR
LU2082998167,OIGS,MUL-AMUN ST600 ENERG ETFD,Xetra,OIGS.DE,etf,EUR
US6811161099,OL6,"OLL.BARG.OUTL.HLD.DL-,001",Xetra,OL6.DE,stock,EUR
IE00BYZTVT56,OM3F,ISHS2-EO CO.B.ESG SRI EOD,Xetra,OM3F.DE,etf,EUR
IE00BHZPJ890,OM3L,ISHS4 MSCIUSACTBEE UE DLD,Xetra,OM3L.DE,etf,EUR
IE00BFXYHY63,OM3M,ISHSVII-DLTB.3-7YR DL DIS,Xetra,OM3M.DE,etf,EUR
IE00BD3RYZ16,OM3X,ISHSIV-IS.OMX STOC.CAP.SK,Xetra,OM3X.DE,etf,SEK
IE00BFNM3N12,OM3Y,ISHSIV-MSCI EM IMI SR.DLD,Xetra,OM3Y.DE,etf,EUR
US67103H1077,OM6,"O'REILLY AUTOMOTIV.DL-,01",Xetra,OM6.DE,stock,EUR
AT0000743059,OMV,OMV AG,Xetra,OMV.DE,stock,EUR
IE0005RKXDO7,ONSW,ISHSVI-OV.RA.SW EOA,Xetra,ONSW.DE,etf,EUR
US52476L1098,OO6,LEGENCE CORP. CL.A   O.N.,Xetra,OO6.DE,stock,EUR
LU1847674733,OP2E,OSSIAM-MSCI EMU NR 1C EO,Xetra,OP2E.DE,etf,EUR
LU1655103486,OP4E,OSSIAM-MSCI EU EXEMU 1CEO,Xetra,OP4E.DE,etf,EUR
LU1655103643,OP5E,OSSIAM-O. MSCI JP NR 1CEO,Xetra,OP5E.DE,etf,EUR
LU1655103726,OP5H,OSSIAM-MSCI JP NR HI1CEO,Xetra,OP5H.DE,etf,EUR
LU2491210618,OP6E,O.L-OA.P.E.J.PN U.ETF 1CE,Xetra,OP6E.DE,etf,EUR
IE000IIED424,OP7E,OSS.BB USAPABNR EOA,Xetra,OP7E.DE,etf,EUR
IE000IF5WTI9,OP7U,OSS.BB USAPABNR EOA,Xetra,OP7U.DE,etf,USD
US6745991058,OPC,"OCCIDENTAL PET.    DL-,20",Xetra,OPC.DE,stock,EUR
IE00BD0B9B76,OPEN,ISHSIV-INC.A.DIV.U.E.DLA,Xetra,OPEN.DE,etf,EUR
US68389X1054,ORC,"ORACLE CORP.       DL-,01",Xetra,ORC.DE,stock,EUR
LU3138596575,OSLU,OS S.B.C.US M.N U.ETF 1CD,Xetra,OSLU.DE,etf,USD
LU0599612842,OSX4,OSSIAM EUR.ESG M.LEARN.1C,Xetra,OSX4.DE,etf,EUR
LU0599613147,OSX6,OSS.ESTXX600 EW UC.ETF 1C,Xetra,OSX6.DE,etf,EUR
LU2818110020,OT8,"ELEVING GRP DEM.  EO -,01",Xetra,OT8.DE,stock,EUR
IE000QVCOG22,OTUS,HANETF-LLOYD INTL EQU.EOA,Xetra,OTUS.DE,etf,EUR
IE000QVCOG22,OTUT,HANETF-LLOYD INTL EQU.EOA,Xetra,OTUT.DE,etf,USD
US2473617023,OYC,DELTA AIR LINES INC.,Xetra,OYC.DE,stock,EUR
IE000YYVSM16,P1KA,VNKETF-ELPWRINF 1DLA,Xetra,P1KA.DE,etf,EUR
CH0024608827,P2H,"PARTNERS GR.HLDG  SF -,01",Xetra,P2H.DE,stock,EUR
DE000A0HGQS8,P4O,PLANOPTIK AG INH O.N.,Xetra,P4O.DE,stock,EUR
IE00B3YCGJ38,P500,INVESCOMI S+P 500 ACC A,Xetra,P500.DE,etf,EUR
US71377A1034,P5F,"PERFORMANCE FD GR. DL-,01",Xetra,P5F.DE,stock,EUR
NL0010391108,P7V,"PHOTON ENERGY NV   EO-,01",Xetra,P7V.DE,stock,EUR
US3789735079,P8S0,GLOBALSTAR INC. O.N.,Xetra,P8S0.DE,stock,EUR
DE000PAG9113,P911,DR.ING.H.C.F.PORSCHE VZO,Xetra,P911.DE,stock,EUR
US89417E1091,PA9,TRAVELERS COS INC.,Xetra,PA9.DE,stock,EUR
FR0014003FW1,PABV,AM. MSC.W.CL.P.A.UMW. DLA,Xetra,PABV.DE,etf,EUR
IE000CL68Z69,PABW,AME-MWSCPAAL DLA,Xetra,PABW.DE,etf,EUR
IE000CL68Z69,PABX,AME-MWSCPAAL DLA,Xetra,PABX.DE,etf,USD
IE000CL68Z69,PABY,AME-MWSCPAAL DLA,Xetra,PABY.DE,etf,GBP
LU1291106356,PAC,BNPPE-MSCI PA.XJXCW.UECEO,Xetra,PAC.DE,etf,EUR
US6937181088,PAE,PACCAR INC.          DL 1,Xetra,PAE.DE,stock,EUR
DE000PAH0038,PAH3,PORSCHE AUTOM.HLDG VZO,Xetra,PAH3.DE,stock,EUR
IE000LCKJ888,PAIW,"WT-PHYS.AI,HUMAN.DR. DLA",Xetra,PAIW.DE,etf,EUR
US7010941042,PAR,"PARKER-HANNIFIN   DL-,50",Xetra,PAR.DE,stock,EUR
DE000PAT1AG3,PAT,PATRIZIA SE NA O.N.,Xetra,PAT.DE,stock,EUR
IE000V93BNU0,PAUD,IMII-MWECPA E. DLA,Xetra,PAUD.DE,etf,EUR
IE000TI21P14,PAUE,IMII-MEUECPAETF EOA,Xetra,PAUE.DE,etf,EUR
IE000I8IKC59,PAUJ,IMII-MJECPA E. DLA,Xetra,PAUJ.DE,etf,EUR
IE000PJL7R74,PAUM,INVESCOM2-MSCIEM ESG CLIM,Xetra,PAUM.DE,etf,EUR
IE000RLUE8E9,PAUS,IMII-MUSECPAETF DLA,Xetra,PAUS.DE,etf,EUR
DE0008019001,PBB,DT.PFANDBRIEFBK AG,Xetra,PBB.DE,stock,EUR
US09857L1089,PCE1,"BOOKING HLDGS     DL-,008",Xetra,PCE1.DE,stock,EUR
US69331C1080,PCG,PG + E CORP.,Xetra,PCG.DE,stock,EUR
IE000JTHNWF0,PCL0,PASQ-EOCLOSDETF EOA,Xetra,PCL0.DE,etf,EUR
IE000JTHNWF0,PCLD,PASQ-EOCLOSDETF EOA,Xetra,PCLD.DE,etf,USD
IE000JTHNWF0,PCLF,PASQ-EOCLOSDETF EOA,Xetra,PCLF.DE,etf,CHF
IE000JTHNWF0,PCLS,PASQ-EOCLOSDETF EOA,Xetra,PCLS.DE,etf,GBP
IE00BKY4W127,PCOM,WI.IC.BR.COMMO. DLA,Xetra,PCOM.DE,etf,EUR
US84265V1052,PCU,"SOUTHERN COPPER    DL-,01",Xetra,PCU.DE,stock,EUR
US7043261079,PCX,"PAYCHEX INC.       DL-,01",Xetra,PCX.DE,stock,EUR
DE0006223407,PCZ,PROCREDIT HLDG AG NA EO 5,Xetra,PCZ.DE,stock,EUR
DE000A4096T1,PDA0,PRO DV AG INH O.N.,Xetra,PDA0.DE,stock,EUR
IE00BDT8V027,PDSE,INVESCOM2 PREFSH EURHD A,Xetra,PDSE.DE,etf,EUR
IE00043ZI3D8,PDWD,PICT AIEWEQE DLD,Xetra,PDWD.DE,etf,EUR
IE000RYWBSX8,PDWX,PICT AIEWXUSEQE DLD,Xetra,PDWX.DE,etf,EUR
US7055731035,PEA,"PEGASYSTEMS        DL-,01",Xetra,PEA.DE,stock,EUR
IE00B4P11460,PEML,PFI ETF-EM ADV.LOC.BD DLA,Xetra,PEML.DE,etf,EUR
US69318G1067,PEN,PBF ENERGY INC. CL.A,Xetra,PEN.DE,stock,EUR
US30161N1019,PEO,EXELON CORP.,Xetra,PEO.DE,stock,EUR
US7134481081,PEP,"PEPSICO INC.     DL-,0166",Xetra,PEP.DE,stock,EUR
FR0000120693,PER,PERNOD RICARD        O.N.,Xetra,PER.DE,stock,EUR
GB0006776081,PES,"PEARSON PLC        LS-,25",Xetra,PES.DE,stock,EUR
US7170811035,PFE,"PFIZER INC.        DL-,05",Xetra,PFE.DE,stock,EUR
DE000PFSE212,PFSE,PFISTERER HLDG SE INH ON,Xetra,PFSE.DE,stock,EUR
DE0006916604,PFV,PFEIFFER VACUUM TECH.O.N.,Xetra,PFV.DE,stock,EUR
US72348N1090,PFZ0,PINNACLE FINL P. NEW O.N.,Xetra,PFZ0.DE,stock,EUR
US74251V1026,PG4,"PRINCIPAL FINL GRP DL-,01",Xetra,PG4.DE,stock,EUR
US7433151039,PGV,PROGRESSIVE CORP.    DL 1,Xetra,PGV.DE,stock,EUR
NL0010391025,PHGN,"PHARMING GRP       EO-,01",Xetra,PHGN.DE,stock,EUR
NL0000009538,PHI1,"KONINKL. PHILIPS EO -,20",Xetra,PHI1.DE,stock,EUR
US02209S1033,PHM7,"ALTRIA GRP INC.   DL-,333",Xetra,PHM7.DE,stock,EUR
IE000X3D1YS5,PHWD,PICT AIEWEQE HGDACCEOA,Xetra,PHWD.DE,etf,EUR
IE00B3BPCH51,PJEU,IM3-EO CASH 3M U.ETF EOA,Xetra,PJEU.DE,etf,EUR
IE00B5ZR2157,PJS1,PFI ETF-EO SH.MAT.EOIN,Xetra,PJS1.DE,etf,EUR
IE00BVZ6SP04,PJSR,PFI ETF-EO SH.MAT.EOA,Xetra,PJSR.DE,etf,EUR
US6951561090,PKA,PACKAGING CORP. OF AMER.,Xetra,PKA.DE,stock,EUR
US7140461093,PKN,REVVITY INC.         DL 1,Xetra,PKN.DE,stock,EUR
US7310681025,PL6,"POLARIS INC.      DL -,01",Xetra,PL6.DE,stock,EUR
LU2370241684,PLAN,MUL AMUN C PROC.B ETF ACC,Xetra,PLAN.DE,etf,EUR
US28618M1062,PLQ,ELEMENT SOLUTIONS INC.,Xetra,PLQ.DE,stock,EUR
US72919P2020,PLUN,"PLUG POWER INC. DL-,01",Xetra,PLUN.DE,stock,EUR
BGPLWIG04173,PLX,EXPAT POLAND WIG20 U.ETF,Xetra,PLX.DE,etf,EUR
US69370C1009,PMTA,"PTC INC.          DL -,01",Xetra,PMTA.DE,stock,EUR
DE000A0JBPG2,PNE3,PNE AG  NA O.N.,Xetra,PNE3.DE,stock,EUR
US6934751057,PNP,PNC FINL SERVICES GRP DL5,Xetra,PNP.DE,stock,EUR
DE000A12UMB1,PO1,POB AG NA O.N.,Xetra,PO1.DE,stock,EUR
IE000NX8S1Z1,POWA,L.U.-B.S.A.D.P.UE DLA,Xetra,POWA.DE,etf,USD
IE000NX8S1Z1,POWR,L.U.-B.S.A.D.P.UE DLA,Xetra,POWR.DE,etf,EUR
US69351T1060,PP9,"PPL CORP.          DL-,01",Xetra,PP9.DE,stock,EUR
FR0000121485,PPX,KERING S.A. INH.     EO 4,Xetra,PPX.DE,stock,EUR
IE000JBZXFH0,PQDW,PICT AIEWEQE DLA,Xetra,PQDW.DE,etf,EUR
IE0007Z19996,PQED,PICT AIEEEQE EOD,Xetra,PQED.DE,etf,EUR
IE000XLNXKI4,PQEM,PICT AIEEMEQE DLA,Xetra,PQEM.DE,etf,EUR
IE000XFUFRR4,PQEU,PICT AIEEEQE EOA,Xetra,PQEU.DE,etf,EUR
IE000DWHL026,PQUS,PICT AIEUSEQE DLA,Xetra,PQUS.DE,etf,EUR
IE000MS76E73,PQXU,PICT AIEWXUSEQE DLA,Xetra,PQXU.DE,etf,EUR
LU2182388236,PR10,AIS-A.EO AGG.BD ESG UEDRC,Xetra,PR10.DE,etf,EUR
LU1931975079,PR1C,AIS-A.CO.EO C.BD UEDREOD,Xetra,PR1C.DE,etf,EUR
LU1931974262,PR1E,AMUNDI I.S.-A.PR.UE DREOD,Xetra,PR1E.DE,etf,EUR
LU1931975236,PR1G,AMUN.I.S.-A.P.G.G.B.UEDRD,Xetra,PR1G.DE,etf,EUR
LU2182388749,PR1H,AIS-A.US T.BD0-1ETF HDGEO,Xetra,PR1H.DE,etf,EUR
LU1931974775,PR1J,AMUN.I.S.-A.P.JAP.UEDRYND,Xetra,PR1J.DE,etf,EUR
LU2037749152,PR1P,AIS-AM.C.USD CO.BD UELSHD,Xetra,PR1P.DE,etf,EUR
LU1931975152,PR1R,AIS-AM.PR.EO GOV.BD UEEOD,Xetra,PR1R.DE,etf,EUR
LU1931975319,PR1S,AM.I.S.-A.C.US T.BD UEDLD,Xetra,PR1S.DE,etf,EUR
LU2182388665,PR1T,AIS-A.US T.BD0-1ETF DRDLA,Xetra,PR1T.DE,etf,EUR
LU1931974429,PR1Z,AMUN.I.S.-A.PR.EU.UEDREOD,Xetra,PR1Z.DE,etf,EUR
LU2233156582,PRAB,AIS-P.E.G.B.0-1 UC.E.DREO,Xetra,PRAB.DE,etf,EUR
LU2089238625,PRAC,AIS-A.CO.EO C.BD UEDREOA,Xetra,PRAC.DE,etf,EUR
LU2089238039,PRAE,AMUNDI I.S.-A.PR.UE DREOA,Xetra,PRAE.DE,etf,EUR
LU2089238971,PRAG,AMUN.I.S.-A.P.G.G.B.UEDRC,Xetra,PRAG.DE,etf,EUR
LU2089238385,PRAJ,AMUN.I.S.-A.P.JAP.UEDRYNA,Xetra,PRAJ.DE,etf,EUR
LU2300295123,PRAM,AIS-AM.PRIME EM DR UNHDLA,Xetra,PRAM.DE,etf,EUR
LU2089239276,PRAP,AIS-AM.C.USD CO.BD UEDLA,Xetra,PRAP.DE,etf,EUR
LU2089238898,PRAR,AIS-AM.PR.EO GOV.BD UEEOA,Xetra,PRAR.DE,etf,EUR
LU2089239193,PRAS,AM.I.S.-A.C.U.T.BD UEDLA,Xetra,PRAS.DE,etf,EUR
LU2089238112,PRAZ,AMUN.I.S.-A.PR.EU.UEDREOA,Xetra,PRAZ.DE,etf,EUR
US7427181091,PRG,PROCTER GAMBLE,Xetra,PRG.DE,stock,EUR
US7512121010,PRL,"RALPH LAUREN A     DL-,01",Xetra,PRL.DE,stock,EUR
GB0007099541,PRU,"PRUDENTIAL PLC     LS-,05",Xetra,PRU.DE,stock,EUR
DE000A0Z1JH9,PSAN,PSI SOFTWARE SE NA O.N.,Xetra,PSAN.DE,stock,EUR
US7445731067,PSE,PUBL. SVC.ENTER.,Xetra,PSE.DE,stock,EUR
IE00BF51K249,PSFE,INV.MII-EUR IG CO.BD CT A,Xetra,PSFE.DE,etf,EUR
CA81752F1062,PSH0,SERNOVA BIOTHERAPEUTICS,Xetra,PSH0.DE,stock,EUR
DE000PSM7770,PSM,PROSIEBENSAT.1  NA O.N.,Xetra,PSM.DE,stock,EUR
IE00B23LNQ02,PSWD,IM3-IRAWFVUE D,Xetra,PSWD.DE,etf,EUR
IE000FVYOWC4,PTAE,HAE2-PETRTOREBD HGDDLA,Xetra,PTAE.DE,etf,EUR
IE000X5OD4M3,PTAM,HAE2-PETRTOREBD ETFDLA,Xetra,PTAM.DE,etf,EUR
DE000A1A6WB2,PTHH,PATH2 HYDR. AG INH O.N.,Xetra,PTHH.DE,stock,EUR
DE000A40AEG0,PTP,PENTIXAPHARM HLDG NA O.N.,Xetra,PTP.DE,stock,EUR
US69608A1088,PTX,PALANTIR TECHNOLOGIES INC,Xetra,PTX.DE,stock,EUR
FR0000130577,PU4,"PUBLICIS GRP INH. EO 0,40",Xetra,PU4.DE,stock,EUR
US7458671010,PU7,"PULTE GROUP INC.  DL -,01",Xetra,PU7.DE,stock,EUR
IE00BF51K025,PUIG,INVESCOM2-DLIGCOBDESGCT A,Xetra,PUIG.DE,etf,EUR
DE0006969603,PUM,PUMA SE,Xetra,PUM.DE,stock,EUR
US6936561009,PVH,PVH CORP.            DL 1,Xetra,PVH.DE,stock,EUR
US7391281067,PW2,"POWELL IND. INC.  DL -,01",Xetra,PW2.DE,stock,EUR
DE0006968001,PWO,PWO AG  INH O.N.,Xetra,PWO.DE,stock,EUR
DE000A2G8ZX8,PYR,PYRUM INNOV.AG  NA O.N.,Xetra,PYR.DE,stock,EUR
DE0006942808,PZS,SCHERZER U. CO. AG O.N.,Xetra,PZS.DE,stock,EUR
CH1300646267,Q23,"BUNGE GLOBAL S.A. DL-,01",Xetra,Q23.DE,stock,EUR
US50012A1088,Q41,"KODIAK GAS SVCS  DL -,001",Xetra,Q41.DE,stock,EUR
IE000U58J0M1,Q8Y0,ISHSII-GL.CL.EN.TR. DLA,Xetra,Q8Y0.DE,etf,EUR
IE0000XTDDA8,QAIU,GLX-ARTI.INTEL. DLA,Xetra,QAIU.DE,etf,EUR
DE0005202303,QB7,QUIRIN PRIVATBK  O.N.,Xetra,QB7.DE,stock,EUR
DE000A41YDG0,QBY0,Q.BEYOND AG NA O.N.,Xetra,QBY0.DE,stock,EUR
US7475251036,QCI,"QUALCOMM INC.    DL-,0001",Xetra,QCI.DE,stock,EUR
IE00BDBRT036,QCLN,FTGF-FT NASD.C.E.G.E.U.E.,Xetra,QCLN.DE,etf,EUR
IE000IISJT64,QDEV,SSGA EU1-SSP D DLA,Xetra,QDEV.DE,etf,EUR
IE00BZCQB185,QDV5,ISHSIV-MSCI INDIA UC.ETF,Xetra,QDV5.DE,etf,EUR
IE00BD1F4N50,QDVA,ISHSIV-E.MSCI USA M.F.DLA,Xetra,QDVA.DE,etf,EUR
IE00BD1F4L37,QDVB,ISHSIV-E.MSCI USA QUAL.F.,Xetra,QDVB.DE,etf,EUR
IE00BD1F4K20,QDVC,ISHSIV-M.U.MCEWU ETF DLA,Xetra,QDVC.DE,etf,EUR
IE00BKM4H312,QDVD,I2-I.MSCI USA QD.A.UE DLD,Xetra,QDVD.DE,etf,EUR
IE00B3WJKG14,QDVE,ISHSV-S+500INF.T.SECT.DLA,Xetra,QDVE.DE,etf,EUR
IE00B42NKQ00,QDVF,ISHSV-S+P500ENER.SECT.DLA,Xetra,QDVF.DE,etf,EUR
IE00B43HR379,QDVG,ISHSV-S+P500H.CA.SECT.DLA,Xetra,QDVG.DE,etf,EUR
IE00B4JNQZ49,QDVH,ISHSV-S+P500 FIN.SECT.DLA,Xetra,QDVH.DE,etf,EUR
IE00BD1F4M44,QDVI,ISHSIV-E.MSCI USA VAL.FA.,Xetra,QDVI.DE,etf,EUR
IE00B4MCHD36,QDVK,ISHSV-S+P500C.D.SECT.DL A,Xetra,QDVK.DE,etf,EUR
IE00BYZTVV78,QDVL,ISHSII-EO CB 0-3Y ESG EOD,Xetra,QDVL.DE,etf,EUR
IE00BZ6V7883,QDVP,ISIV-US MO.B.SE.U.ETF DLD,Xetra,QDVP.DE,etf,EUR
IE00BYM31M36,QDVQ,ISHSIV-FALL.A.H.Y.C.BDDLD,Xetra,QDVQ.DE,etf,EUR
IE00BYVJRR92,QDVR,ISIV-MSCIUSASRI U.ETF DLA,Xetra,QDVR.DE,etf,EUR
IE00BYVJRP78,QDVS,ISHSIV-SUS.M.EM.MK.SRI DL,Xetra,QDVS.DE,etf,EUR
IE00BYYHSQ67,QDVW,ISHS MSCI W.Q.DIV.ADV.D,Xetra,QDVW.DE,etf,EUR
IE00BYYHSM20,QDVX,ISHSII-M.EU.Q.DIV.ADV.EOD,Xetra,QDVX.DE,etf,EUR
IE00BZ048462,QDVY,ISHSII-DL FR BD ETF DLUD,Xetra,QDVY.DE,etf,EUR
US15135B1017,QEN,"CENTENE CORP.     DL-,001",Xetra,QEN.DE,stock,EUR
US29977A1051,QGJ,"EVERCORE        A DL -,01",Xetra,QGJ.DE,stock,EUR
IE000Y83YZ44,QGRG,WT-GL QUAL.GR. I SYS.HDGD,Xetra,QGRG.DE,etf,EUR
IE000YGEAK03,QGRW,WISDOMTREE US Q.G.I.HDGDE,Xetra,QGRW.DE,etf,EUR
US00486H1059,QH9,ADTRAN HOLDINGS INC.,Xetra,QH9.DE,stock,EUR
NL0015002SN0,QIA,"QIAGEN NV         EO -,01",Xetra,QIA.DE,stock,EUR
DK0060542181,QJQ,ISS AS              DK 1,Xetra,QJQ.DE,stock,EUR
IE000HFBJ0U0,QJUN,FT VEN100MOBUJU ADLA,Xetra,QJUN.DE,etf,EUR
IE000C6ITGC8,QOMP,ISIV-QNTM COMP DLA,Xetra,QOMP.DE,etf,EUR
IE000ZEOCR03,QPEU,SPDR SP EU QUAR UH.EOA,Xetra,QPEU.DE,etf,EUR
IE000N7LUK04,QQCC,L.U.-B.S.Q.C.U.E. DLA,Xetra,QQCC.DE,etf,EUR
IE000N7LUK04,QQCQ,L.U.-B.S.Q.C.U.E. DLA,Xetra,QQCQ.DE,etf,USD
IE0007YZZZN7,QQIA,IM2-I.N.100 I.A DLD,Xetra,QQIA.DE,etf,EUR
IE000KXM3O48,QRED,CTHNCTQREEQA EOD,Xetra,QRED.DE,etf,EUR
IE000DE2VF85,QREM,CTHNCTQREMEQA DLA,Xetra,QREM.DE,etf,EUR
IE000SA19OL0,QREU,CT QR S.EUR.EQ.ACT.UE EOA,Xetra,QREU.DE,etf,EUR
IE000DE2VF85,QREX,CTHNCTQREMEQA DLA,Xetra,QREX.DE,etf,USD
IE000UL7AOT5,QRGD,CTHNCTQRGLEQA DLD,Xetra,QRGD.DE,etf,USD
IE000M07S996,QRGE,CTHNCTQRGLEQA EOA,Xetra,QRGE.DE,etf,EUR
IE000M07S996,QRGU,CTHNCTQRGLEQA EOA,Xetra,QRGU.DE,etf,USD
IE000UL7AOT5,QRGW,CTHNCTQRGLEQA DLD,Xetra,QRGW.DE,etf,EUR
IE000FW1REY9,QRMD,CTHNCTQREMEQA DLD,Xetra,QRMD.DE,etf,USD
IE000FW1REY9,QRMW,CTHNCTQREMEQA DLD,Xetra,QRMW.DE,etf,EUR
IE000SWYZ0D5,QRUD,CTHNECTQRUSEQA DLD,Xetra,QRUD.DE,etf,USD
IE000953I6Z4,QRUS,CTHNECTQRUSEQA EOA,Xetra,QRUS.DE,etf,EUR
IE000953I6Z4,QRUU,CTHNECTQRUSEQA EOA,Xetra,QRUU.DE,etf,USD
IE000SWYZ0D5,QRUW,CTHNECTQRUSEQA DLD,Xetra,QRUW.DE,etf,EUR
CH1175448666,QS51,"STRAUMANN HLDG NA SF 0,01",Xetra,QS51.DE,stock,EUR
IE000FQ808R5,QSEP,FTVENA100MOBUSE ADLA,Xetra,QSEP.DE,etf,EUR
IE000E6TPCH9,QSPA,IM2-I.SP500Q.E. DLA,Xetra,QSPA.DE,etf,EUR
IE000SNCKVM9,QSPD,IM2-I.SP500Q.E. DLD,Xetra,QSPD.DE,etf,EUR
US46266C1053,QTS,"IQVIA HLDGS        DL-,01",Xetra,QTS.DE,stock,EUR
LU1481201611,QUED,BNPPE-QUALITY EUROPE DEO,Xetra,QUED.DE,etf,EUR
LU1753045845,QUEJ,BNPPE-M.JAP.SRI PAB UETFC,Xetra,QUEJ.DE,etf,EUR
LU1377382103,QUEU,BNPPE-QUALITY EUROPE CEO,Xetra,QUEU.DE,etf,EUR
IE000FJJZA01,QUS5,SSGA EU-SP500 Q DLA,Xetra,QUS5.DE,etf,EUR
IE0007Y8Y157,QUTM,VANECK QUAN.CO. 1DLA,Xetra,QUTM.DE,etf,EUR
IE00BDZCKK11,QVMP,INVESCOM3 S+P 500 QVM A,Xetra,QVMP.DE,etf,EUR
IE00BM8R0J59,QYLE,GXE-GX N.100CC U.ETF DLD,Xetra,QYLE.DE,etf,EUR
DE0005120802,R1B,RUBEAN O.N.,Xetra,R1B.DE,stock,EUR
NL0000687663,R1D,"AERCAP HOLDINGS   EO -,01",Xetra,R1D.DE,stock,EUR
US77543R1023,R35,"ROKU INC   CL. A DL-,0001",Xetra,R35.DE,stock,EUR
NL0015000LU4,R3D,IVECO GROUP N.V.  EO 1,Xetra,R3D.DE,stock,EUR
DE000RENK730,R3NK,RENK GROUP AG INH O.N.,Xetra,R3NK.DE,stock,EUR
IE00BLCHJH52,R4RU,GL X ETF-GXRENENP DLA,Xetra,R4RU.DE,etf,EUR
US44862P2083,R5A,"HYCROFT MNG HLD  DL-,0001",Xetra,R5A.DE,stock,EUR
US7185461040,R66,"PHILLIPS 66        DL-,01",Xetra,R66.DE,stock,EUR
GB00BP6MXD84,R6C0,SHELL PLC           EO-07,Xetra,R6C0.DE,stock,EUR
US87151X1019,R7R,SYMBOTIC INC. CL.A   O.N.,Xetra,R7R.DE,stock,EUR
IE000GGQK173,R8T,ABRDN3-A.FUT.R.EST.DLA,Xetra,R8T.DE,etf,EUR
IE000GGQK173,R8TA,ABRDN3-A.FUT.R.EST.DLA,Xetra,R8TA.DE,etf,USD
DK0063855168,R902,ROCKWOOL A/S  NAM. B DK 1,Xetra,R902.DE,stock,EUR
IE000XD7KCJ7,RA7Z,GL.X-SOL.E. UHGDDLA,Xetra,RA7Z.DE,etf,EUR
DE0007010803,RAA,RATIONAL AG,Xetra,RAA.DE,stock,EUR
IE000KHX9DX6,RARE,WI.STRRMEREAME I SYS.DLA,Xetra,RARE.DE,etf,EUR
AT0000606306,RAW,RAIFFEISEN BK INTL INH.,Xetra,RAW.DE,stock,EUR
US75281A1097,RAX,"RANGE RES CORP.    DL-,01",Xetra,RAX.DE,stock,EUR
US7587501039,RB8,"REGAL REXNORD CORP.DL-,01",Xetra,RB8.DE,stock,EUR
IE000D1DAPO5,RCEG,R.C.E.G.BD EOA,Xetra,RCEG.DE,etf,EUR
FR0000051807,RCF,"TELEPERFORMANCE INH.EO2,5",Xetra,RCF.DE,stock,EUR
DE000A1RFMY4,RCMN,RCM BETEILIGUNGS NA. O.N.,Xetra,RCMN.DE,stock,EUR
IE00BJXRZJ40,RCRS,ARK IU-R.CYB S+D PR.UEDLA,Xetra,RCRS.DE,etf,EUR
NL0012044747,RDC,REDCARE PHARMACY INH.,Xetra,RDC.DE,stock,EUR
GB00B2B0DG97,RDEB,"RELX PLC      LS -,144397",Xetra,RDEB.DE,stock,EUR
IE000K5F6EL4,RDVY,FT RIS.DIV.ACH. ADLA,Xetra,RDVY.DE,etf,EUR
IE000VG2WCW5,RDYN,ROBDYTHMA DLA,Xetra,RDYN.DE,etf,EUR
ES0173093024,RE21,"REDEIA CORPO       EO-,50",Xetra,RE21.DE,stock,EUR
IE0009D15VO0,REE,SPRT R.ER.EX-CN DLA,Xetra,REE.DE,etf,EUR
IE0002Z12PN9,REM3,ROBECO-R.3D EM EQ.UE DLA,Xetra,REM3.DE,etf,EUR
IE00063T9YS5,REMD,ROBECO-R.3D EM EQ.UE DLD,Xetra,REMD.DE,etf,EUR
IE00BK5BCH80,RENW,LGUE-CL.EN.E. DLA,Xetra,RENW.DE,etf,EUR
ES0173516115,REP,REPSOL S.A. INH.     EO 1,Xetra,REP.DE,stock,EUR
CH1129911108,RET,REALUNIT SCHWEIZ AG  SF 1,Xetra,RET.DE,stock,EUR
IE0001J5A2T9,REUS,VANECK CIRC.ECON. ADLA,Xetra,REUS.DE,etf,EUR
US12504L1098,RF6,"CBRE GROUP INC. A  DL-,01",Xetra,RF6.DE,stock,EUR
US75886F1075,RGO,"REGENERON PHARMAC.DL-,001",Xetra,RGO.DE,stock,EUR
IE000OHXGWO8,RGSC,RO-NG GL.SC EQ ETFDLA,Xetra,RGSC.DE,etf,EUR
DE0007042301,RHK,RHOEN-KLINIKUM O.N.,Xetra,RHK.DE,stock,EUR
DE0007030009,RHM,RHEINMETALL AG,Xetra,RHM.DE,stock,EUR
CH0012032113,RHO,ROCHE HLDG AG INH. SF 1,Xetra,RHO.DE,stock,EUR
IE0000LTAD82,RHYE,ROB-ROB DY HY EOA,Xetra,RHYE.DE,etf,EUR
IE000LW5CCQ4,RHYG,ROB-RO GL.DY HY DLA,Xetra,RHYG.DE,etf,EUR
IE000SI9E3I8,RHYH,ROB-RO GL.DY HY ETFDLD,Xetra,RHYH.DE,etf,EUR
GB0007188757,RIO1,"RIO TINTO PLC      LS-,10",Xetra,RIO1.DE,stock,EUR
IE000QUCVEN9,RIZD,ARK I.UI-R.G.S.I.UE DLD,Xetra,RIZD.DE,etf,EUR
IE00BLRPQH31,RIZF,ARK-RIZE SU.FU.F.ETF ADLA,Xetra,RIZF.DE,etf,EUR
IE000PY7F8J9,RIZJ,ARK RI.US.EI DLA,Xetra,RIZJ.DE,etf,EUR
US7547301090,RJF,"RAYMOND JAMES FIN. DL-,01",Xetra,RJF.DE,stock,EUR
CA77273P2017,RJIB,ROCK TECH LITHIUM,Xetra,RJIB.DE,stock,EUR
US7757111049,RLS,ROLLINS INC.         DL 1,Xetra,RLS.DE,stock,EUR
US7591EP1005,RN7,"REGIONS FINANCIAL  DL-,01",Xetra,RN7.DE,stock,EUR
FR0000131906,RNL,"RENAULT INH.      EO 3,81",Xetra,RNL.DE,stock,EUR
US7710491033,RO7,"ROBLOX CORP.CL.A DL-,0001",Xetra,RO7.DE,stock,EUR
IE00BL643144,ROE,HANETF-GG.BAL.U.ETF DLACC,Xetra,ROE.DE,etf,EUR
IE000YPOHA39,RONS,I.M-EO ON SWAP EOA,Xetra,RONS.DE,etf,EUR
US7766961061,ROP,"ROPER TECHNOLOGIES DL-,01",Xetra,ROP.DE,stock,EUR
US8826811098,ROW,"TEXAS ROADHOUSE DL-,001",Xetra,ROW.DE,stock,EUR
BGROBET05176,ROX,EXPAT ROMANIA BET-BK U.E.,Xetra,ROX.DE,etf,EUR
US7496851038,RP8,"RPM INTERN. INC.   DL-,01",Xetra,RP8.DE,stock,EUR
GB00BMVP7Y09,RPD,ROYALTY PHARMA OA DL-0001,Xetra,RPD.DE,stock,EUR
FI0009005987,RPL,UPM KYMMENE CORP.,Xetra,RPL.DE,stock,EUR
US7607591002,RPU,"REPUBLIC SERVIC. DL-,01",Xetra,RPU.DE,stock,EUR
US26740W1099,RQ0,"D-WAVE QUANTUM   DL-,0001",Xetra,RQ0.DE,stock,EUR
LU0875160326,RQFI,XTR.HARVEST CSI300 1D,Xetra,RQFI.DE,etf,EUR
LU0061462528,RRTL,RTL GROUP,Xetra,RRTL.DE,stock,EUR
GB00B63H8491,RRU,ROLLS ROYCE HLDGS LS 0.20,Xetra,RRU.DE,stock,EUR
LU1681038672,RS2K,AIS-AM.RUS.2000 EOC,Xetra,RS2K.DE,etf,EUR
US7595091023,RS6,RELIANCE INC.,Xetra,RS6.DE,stock,EUR
DE000A1PHBB5,RSL2,R. STAHL AG NA O.N.,Xetra,RSL2.DE,stock,EUR
US7782961038,RSO,"ROSS STRS INC.     DL-,01",Xetra,RSO.DE,stock,EUR
IE0000TZZ2B2,RSPS,IM-I.SP EQWESE DLA,Xetra,RSPS.DE,etf,EUR
DE0007008906,RTC,REALTECH AG O.N.,Xetra,RTC.DE,stock,EUR
GB00B082RF11,RTO1,"RENTOKIL INITIAL  LS 0,01",Xetra,RTO1.DE,stock,EUR
DE000A161N14,RTV,YOUR FAMILY ENTER.AG NA,Xetra,RTV.DE,stock,EUR
US40637H1095,RV7,"HALOZYME THERAPEU.DL-,001",Xetra,RV7.DE,stock,EUR
DE0007037129,RWE,RWE AG   INH O.N.,Xetra,RWE.DE,stock,EUR
US05329W1027,RWI,"AUTONATION INC.    DL-,01",Xetra,RWI.DE,stock,EUR
US7739031091,RWL,ROCKWELL AU.         DL 1,Xetra,RWL.DE,stock,EUR
IE00BYTBXV33,RY4C,"RYANAIR HLDGS PLC EO-,006",Xetra,RY4C.DE,stock,EUR
US7835491082,RYD,"RYDER SYST.        DL-,50",Xetra,RYD.DE,stock,EUR
GB00BM8PJY71,RYSD,"NATWEST GR.PLC LS 1,0769",Xetra,RYSD.DE,stock,EUR
US92338C1036,RZ2,VERALTO CORP.,Xetra,RZ2.DE,stock,EUR
IE00BM8QRZ79,S0LR,INVESCOM2 SOLAR ENERGY ET,Xetra,S0LR.DE,etf,EUR
DE000A3DRAE2,S188,SMT SCHARF AG NA O.N.,Xetra,S188.DE,stock,EUR
IE000SDZFVP4,S3RA,HII-SUE DLA,Xetra,S3RA.DE,etf,EUR
LU3334220699,S4RF,IMGP SIR.AB.RE. RHPPRUEDL,Xetra,S4RF.DE,etf,EUR
IE00BHXMHK04,S5SD,UBS(I.)ETF-SP500SS DLD,Xetra,S5SD.DE,etf,EUR
IE00BHXMHQ65,S5SG,UBS(I.)ETF-SP500SS HEOA,Xetra,S5SG.DE,etf,EUR
IE00BFNM3K80,S6DW,ISHSIV-MSCI WLD SCR. DLD,Xetra,S6DW.DE,etf,EUR
IE00B5B5TG76,S6X0,INVESCOMI EURO STOXX50 D,Xetra,S6X0.DE,etf,EUR
IE00B3Q19T94,S7XE,INVESCOMI EUROST O BANKS,Xetra,S7XE.DE,etf,EUR
DE000A0DJ6J9,S92,SMA SOLAR TECHNOL.AG,Xetra,S92.DE,stock,EUR
GB00BFMBMT84,S94,"SENSATA TECHN.HLDG LS-,01",Xetra,S94.DE,stock,EUR
IE000GML9HQ4,SACE,S.-GL.EQ.CU.ACE DLA,Xetra,SACE.DE,etf,EUR
LU2300294589,SADA,AIS-AMEASCP UETFDRDLD,Xetra,SADA.DE,etf,EUR
IE000IP0UC52,SADH,AME-MSCIUSAESGSEL.UE EO A,Xetra,SADH.DE,etf,EUR
LU2109787551,SADM,AIS-MSCI EEMESGS. UETFDRC,Xetra,SADM.DE,etf,EUR
IE000PEAJOT0,SADU,AME-MSCIUSAESGSEL.UE DL A,Xetra,SADU.DE,etf,EUR
IE000BNLRWE6,SAHE,S.E.QEP GL.C. YDLA,Xetra,SAHE.DE,etf,EUR
DE0007164600,SAP,SAP SE O.N.,Xetra,SAP.DE,stock,EUR
IE0002LI4M98,SAQL,SS SA.EN.AC EQ. UH.EOA,Xetra,SAQL.DE,etf,EUR
DE0007493991,SAX,STROEER SE + CO. KGAA,Xetra,SAX.DE,stock,EUR
DE000A2GS609,SB1,SMARTBROKER HLDG INH O.N.,Xetra,SB1.DE,stock,EUR
LU2109787049,SBIM,AIS-AMEMEBT WESGUS UETFDR,Xetra,SBIM.DE,etf,EUR
LU2109787049,SBIN,AIS-AMEMEBT WESGUS UETFDR,Xetra,SBIN.DE,etf,USD
DE000STRA555,SBS,STRATEC SE  NA O.N.,Xetra,SBS.DE,stock,EUR
DE000A3E5A59,SBX,SYNBIOTIC SE  NA O.N.,Xetra,SBX.DE,stock,EUR
IE00B5MTY077,SC00,INVESCOMI STXE600 CHEMIC,Xetra,SC00.DE,etf,EUR
IE00B5MTY309,SC01,INVESCOMI STXE600 CONS.M,Xetra,SC01.DE,etf,EUR
IE00B5MTYK77,SC02,INVESCOMI STXE600 FINANC,Xetra,SC02.DE,etf,EUR
IE00B5MTYL84,SC03,INVESCOMI STXE600 FOODBE,Xetra,SC03.DE,etf,EUR
IE00B5MTZ595,SC04,INVESCOMI STXE600 P.HH.G,Xetra,SC04.DE,etf,EUR
IE00B5MTZM66,SC05,INVESCOMI STXE600 RETAIL,Xetra,SC05.DE,etf,EUR
IE00B5MTZ488,SC06,INVESCOMI STXE600 MEDIA A,Xetra,SC06.DE,etf,EUR
IE00B60SWW18,SC0C,INVESCOMI STOXX EUROP600,Xetra,SC0C.DE,etf,EUR
IE00B60SWX25,SC0D,INVESCOMI EURO STOXX 50 A,Xetra,SC0D.DE,etf,EUR
IE00B60SWY32,SC0E,INVESCOMI MSCI EUROPE A,Xetra,SC0E.DE,etf,EUR
IE00B60SX170,SC0H,INVESCOMI MSCI USA UETF A,Xetra,SC0H.DE,etf,EUR
IE00B60SX287,SC0I,INVESCOMI MSCI JAPAN A,Xetra,SC0I.DE,etf,EUR
IE00B60SX394,SC0J,INVESCO MSCI WORLD ETF,Xetra,SC0J.DE,etf,EUR
IE00B60SX402,SC0K,INVESCOMI RUSSELL 2000 A,Xetra,SC0K.DE,etf,EUR
IE00B5NLX835,SC0P,INVESCOMI STXE600 AUTOP,Xetra,SC0P.DE,etf,EUR
IE00B5MJYB88,SC0Q,INVESCOMI STXE600 TELE A,Xetra,SC0Q.DE,etf,EUR
IE00B5MJYC95,SC0R,INVESCOMI STXE600 TRAVEL,Xetra,SC0R.DE,etf,EUR
IE00B5MJYX09,SC0S,INVESCOMI STXE600 INDUST,Xetra,SC0S.DE,etf,EUR
IE00B5MJYY16,SC0T,INVESCOMI STXE600 HEALC A,Xetra,SC0T.DE,etf,EUR
IE00B5MTWD60,SC0U,INVESCOMI STXE600 BANKS A,Xetra,SC0U.DE,etf,EUR
IE00B5MTWH09,SC0V,INVESCOMI STXE600 OIL G A,Xetra,SC0V.DE,etf,EUR
IE00B5MTWY73,SC0W,INVESCOMI STXE600 BASICR,Xetra,SC0W.DE,etf,EUR
IE00B5MTWZ80,SC0X,INVESCOMI STXE600 TECHNO,Xetra,SC0X.DE,etf,EUR
IE00B5MTXJ97,SC0Y,INVESCOMI STXE600 INSURA,Xetra,SC0Y.DE,etf,EUR
IE00B5MTXK03,SC0Z,INVESCOMI STXE600 UTILITY,Xetra,SC0Z.DE,etf,EUR
LU3386643970,SC2X,X-SC.MS.AC W.LD 1CEOA,Xetra,SC2X.DE,etf,EUR
DE0005156236,SCE,SCHWEIZER ELECTR. NA O.N.,Xetra,SCE.DE,stock,EUR
IE0006HIE7H2,SCOM,SPDR CMDTY E. UH.DLA,Xetra,SCOM.DE,etf,EUR
GB0007908733,SCT,"SSE PLC    LS-,50",Xetra,SCT.DE,stock,EUR
LU2903252349,SCWX,SC MSCI AC WORLD XT 1CDLA,Xetra,SCWX.DE,etf,EUR
US8581191009,SD5,"STEEL DYNAMIC    DL-,0025",Xetra,SD5.DE,stock,EUR
DE000KSAG888,SDF,K+S AG NA O.N.,Xetra,SDF.DE,stock,EUR
IE0005E47AH7,SDG9,XTRIE MGSD9III 1CDLA,Xetra,SDG9.DE,etf,EUR
FR0010411983,SDRC,"SCOR SE      EO 7,8769723",Xetra,SDRC.DE,stock,EUR
US8168511090,SE4,SEMPRA,Xetra,SE4.DE,stock,EUR
LU1645385839,SEAA,UBSJPMDLEMDIVBD1-5 DLD,Xetra,SEAA.DE,etf,EUR
LU1645386480,SEAB,UBSJPMDLEMDIVBD1-5 HEOA,Xetra,SEAB.DE,etf,EUR
LU0950674332,SEAC,UBSMSCIWLDSOCRES DLA,Xetra,SEAC.DE,etf,EUR
LU1645386308,SEAD,UBSJPMDLEMDIVBD1-5 HEOD,Xetra,SEAD.DE,etf,EUR
IE000I8KRLL9,SEC0,ISIV-M.GL.SEMI. DLA,Xetra,SEC0.DE,etf,EUR
IE00BLDGH553,SECA,ISHSIII-EUR GOV.B.C.EO A.,Xetra,SECA.DE,etf,EUR
IE00BLDGH447,SECD,ISHSIII-EUR GOV.B.C.EO D.,Xetra,SECD.DE,etf,EUR
IE0003OZJ573,SEIU,S.E.-US E.A.E. DLA,Xetra,SEIU.DE,etf,EUR
FR0000073272,SEJ1,"SAFRAN INH.       EO -,20",Xetra,SEJ1.DE,stock,EUR
LU1812092168,SELD,AIS-AM SE DIV30 ETFD,Xetra,SELD.DE,etf,EUR
IE000IUNJSL2,SEUA,ST.STR.BB 0.3 Y EOA,Xetra,SEUA.DE,etf,EUR
DE000A1TNU68,SF3,STS GROUP AG  O.N.,Xetra,SF3.DE,stock,EUR
US87165B1035,SFE,"SYNCHRONY FIN.    DL-,001",Xetra,SFE.DE,stock,EUR
DE000SAFH001,SFQ,SAF-HOLLAND SE  INH EO 1,Xetra,SFQ.DE,stock,EUR
IE00BFNM3L97,SGAJ,ISHSIV-MSCI JAP.SCREE.DLA,Xetra,SGAJ.DE,etf,EUR
IE00BFNM3G45,SGAS,ISHSIV-MSCI USA SCR.  DLA,Xetra,SGAS.DE,etf,EUR
FR0000130809,SGE,"STE GENERALE INH. EO 1,25",Xetra,SGE.DE,stock,EUR
DE0007235301,SGL,SGL CARBON SE O.N.,Xetra,SGL.DE,stock,EUR
NL0000226223,SGM,STMICROELECTRONICS,Xetra,SGM.DE,stock,EUR
DE000SHA0100,SHA0,SCHAEFFLER AG NA O.N.,Xetra,SHA0.DE,stock,EUR
DE0007203705,SHF,SNP SCHNEID.-NEUREIT.O.N.,Xetra,SHF.DE,stock,EUR
DE000SHL1006,SHL,SIEMENS HEALTH.AG NA O.N.,Xetra,SHL.DE,stock,EUR
IE000E02WFD5,SHOR,FT IC.F.US T CL-DLA,Xetra,SHOR.DE,etf,EUR
LU3046618446,SHTE,OSS SBCUSST U.ETF 1CEOA,Xetra,SHTE.DE,etf,EUR
LU3046618362,SHTU,OSS SBCUSST U.ETF 1CDLA,Xetra,SHTU.DE,etf,USD
LU3277835305,SHYB,AIS-AMUNDI E U.ETFLSA,Xetra,SHYB.DE,etf,EUR
US7841171033,SI3,"SEI INVESTMENT     DL-,01",Xetra,SI3.DE,stock,EUR
IE0002U1PIC8,SICE,S.E.GL.IG.C.BD A. HEOA,Xetra,SICE.DE,etf,EUR
DE0007236101,SIE,SIEMENS AG  NA O.N.,Xetra,SIE.DE,stock,EUR
CA9628791027,SII,WHEATON PREC. METALS,Xetra,SII.DE,stock,EUR
CH0418792922,SIKA,"SIKA AG  NAM.     SF 0,01",Xetra,SIKA.DE,stock,EUR
BG1100032140,SIRM,"SIRMA GROUP HOLD. EO 0,51",Xetra,SIRM.DE,stock,EUR
DE0007201907,SIS,FIRST SENSOR AG O.N.,Xetra,SIS.DE,stock,EUR
DE0007231326,SIX2,SIXT SE ST O.N.,Xetra,SIX2.DE,stock,EUR
DE0007231334,SIX3,SIXT SE VZO O.N.,Xetra,SIX3.DE,stock,EUR
US8243481061,SJ3,SHERWIN-WILLIAMS     DL 1,Xetra,SJ3.DE,stock,EUR
IE000MMDB5G8,SJEA,SETFSIC-SJPE YNA,Xetra,SJEA.DE,etf,EUR
DE000A2G8X31,SJJ,SERVICEWARE SE  INH O.N.,Xetra,SJJ.DE,stock,EUR
US78454L1008,SJL,"SM ENERGY CO.      DL-,01",Xetra,SJL.DE,stock,EUR
BGSKSAX04187,SK9A,EXPAT SLOVAK.SAX UCITS,Xetra,SK9A.DE,etf,EUR
DE0007193500,SKB,KOENIG + BAUER AG ST O.N.,Xetra,SKB.DE,stock,EUR
IE00BFD2H405,SKYE,FTGF-F.TR.CLOUD COMP.AADL,Xetra,SKYE.DE,etf,EUR
AT0000946652,SLL,SBO AG,Xetra,SLL.DE,stock,EUR
IE00BFNM3B99,SLMA,ISHSIV-MSCI EMU SCREE.EOA,Xetra,SLMA.DE,etf,EUR
IE00BFNM3C07,SLMB,ISHSIV-MSCI EMU SCREE.EOD,Xetra,SLMB.DE,etf,EUR
IE00BFNM3D14,SLMC,ISHSIV-MSCI EUR.SCREE.EOA,Xetra,SLMC.DE,etf,EUR
IE00BFNM3F38,SLMD,ISHSIV-MSCI EUR.SCREE.EOD,Xetra,SLMD.DE,etf,EUR
IE00BKP5L730,SLMG,ISHSII-J.A.DLEMB.ETF EOHA,Xetra,SLMG.DE,etf,EUR
BGSLOBI02187,SLQX,EXPAT SLOV.SBI TOP UCITS,Xetra,SLQX.DE,etf,EUR
DE000A32VN59,SLSA,SOLUTIANCE AG  NA O.N.,Xetra,SLSA.DE,stock,EUR
IE00BFNM3H51,SLUS,ISHSIV-MSCI USA SCR.  DLD,Xetra,SLUS.DE,etf,EUR
IE0008WICO06,SLVM,HI-SSMAPSUE DLA,Xetra,SLVM.DE,etf,EUR
IE000UL6CLP7,SLVR,GL.X-SVR MIN. DLA,Xetra,SLVR.DE,etf,EUR
BG1100003166,SLYG,SHELLY GROUP PLC     EO 1,Xetra,SLYG.DE,stock,EUR
US78442P1066,SM1,"SLM CORP.          DL-,20",Xetra,SM1.DE,stock,EUR
DE000A1K0235,SMHN,SUSS MICROTEC SE NA O.N.,Xetra,SMHN.DE,stock,EUR
IE00B8CJW150,SMLD,INVESCOMI MS US ENE INF A,Xetra,SMLD.DE,etf,EUR
IE00BH3YZ803,SMLK,INVESCOMI S+P SML CAP600,Xetra,SMLK.DE,etf,EUR
IE00BPRCH686,SMLN,INVESCOMI JPX-NIKKEI 400,Xetra,SMLN.DE,etf,EUR
IE00B94ZB998,SMLP,INVESCOMI MS US ENE INF A,Xetra,SMLP.DE,etf,EUR
FI4000552500,SMP0,SAMPO OYJ A,Xetra,SMP0.DE,stock,EUR
IE000SBU19F7,SMTV,VNEE-MS.USSMMT DLA,Xetra,SMTV.DE,etf,EUR
DE000A1RFMZ1,SMWN,SM WIRTSCHAFTSBER.NA.O.N.,Xetra,SMWN.DE,stock,EUR
IE00BLCHJT74,SN5R,GL X ETF-GXINTOTH DLA,Xetra,SN5R.DE,etf,EUR
IE00BK95B138,SNA2,ISHS DL TREASURY BD DL D,Xetra,SNA2.DE,etf,EUR
IE00BZ048579,SNAV,ISHS2-DCB03YESRI ETF DLD,Xetra,SNAV.DE,etf,EUR
IE00BFNM3J75,SNAW,ISHSIV-MSCI WLD SCR. DLA,Xetra,SNAW.DE,etf,EUR
IE00BKT1CS59,SNAZ,ISV-I.JPM.EMCB.UETF EOHAC,Xetra,SNAZ.DE,etf,EUR
FR0000121972,SND,SCHNEIDER ELEC. INH. EO 4,Xetra,SND.DE,stock,EUR
DE000A1681X5,SNG,SINGULUS TECHNOL. EO 1,Xetra,SNG.DE,stock,EUR
IE000MU0FDZ8,SNP1,LE.GE.LG SP 100 DLA,Xetra,SNP1.DE,etf,EUR
IE000YELA4E3,SNPE,LE.GE.LG SP 100 EQ.WE.DLA,Xetra,SNPE.DE,etf,EUR
LU2898088419,SNTE,OL-OSS S.EO 1CEOA,Xetra,SNTE.DE,etf,EUR
FR0000120578,SNW,SANOFI SA INHABER    EO 2,Xetra,SNW.DE,stock,EUR
US00206R1023,SOBA,AT + T INC.          DL 1,Xetra,SOBA.DE,stock,EUR
IE00BFNM3M05,SODJ,ISHSIV-MSCI JAP.SCREE.DLD,Xetra,SODJ.DE,etf,EUR
FR0013227113,SOH1,SOITEC S.A.          EO 2,Xetra,SOH1.DE,stock,EUR
US8425871071,SOT,THE SOUTHERN CO.     DL 5,Xetra,SOT.DE,stock,EUR
LU3180074463,SOVE,MUL-AMESTRAUTO U.ETFEOA,Xetra,SOVE.DE,etf,EUR
IE00BM8QRY62,SP2D,INVESCOMI SUP500 EQ WEIGH,Xetra,SP2D.DE,etf,EUR
IE00BNGJJT35,SP2Q,INVESCOMI SUP500 EQ WEIGH,Xetra,SP2Q.DE,etf,EUR
IE000YIXESS9,SP3C,IS7-SP5003PRCA ()DLA,Xetra,SP3C.DE,etf,EUR
DE000A3CQ5L6,SPC,STAIGE ONE AG INH O.N.,Xetra,SPC.DE,stock,EUR
IT0005495657,SPEA,SAIPEM,Xetra,SPEA.DE,stock,EUR
IE00BDT6FP91,SPF1,STSEE2-SFGCB HEOA,Xetra,SPF1.DE,etf,EUR
IE00BDT6FR16,SPF2,STSEE2-SFGCB HDLD,Xetra,SPF2.DE,etf,USD
IE00BFWFPY67,SPFA,SPDR B.EM.LOC.BD UE.ACC,Xetra,SPFA.DE,etf,EUR
IE00BF1QPJ56,SPFB,STST SPDR BBG GABDDLHUE D,Xetra,SPFB.DE,etf,GBP
IE00BK8JH525,SPFD,SPDR B.E.M.L.BD DBCHEUEA,Xetra,SPFD.DE,etf,EUR
IE00BF1QPL78,SPFE,STST SPDR BBG GABDDLHUE D,Xetra,SPFE.DE,etf,EUR
IE000AQ7A2X6,SPFF,STST SPDR BBG GABDDLHUE A,Xetra,SPFF.DE,etf,EUR
IE000BZ1HVL2,SPFH,SPDR MSCI WORLD UE EOHA,Xetra,SPFH.DE,etf,EUR
IE00BYTRRB94,SPFS,ST.S.M W HC U,Xetra,SPFS.DE,etf,EUR
IE00BYTRRD19,SPFT,SS SPDR MSCI WLD TEC.UETF,Xetra,SPFT.DE,etf,EUR
IE00BF1QPH33,SPFU,STST SPDR BBG GABDDLHUE D,Xetra,SPFU.DE,etf,USD
IE00BKC94M46,SPFV,STST SPDR BBG GABDDLHUE A,Xetra,SPFV.DE,etf,USD
DE000SPG1003,SPG,SPRINGER NATURE INH O.N.,Xetra,SPG.DE,stock,EUR
IE00BF1B7389,SPP1,STSEE1-SMACWU HEOA,Xetra,SPP1.DE,etf,EUR
IE00BF1B7272,SPP2,STSEE1-SMACWU HDLA,Xetra,SPP2.DE,etf,USD
IE00BYSZ5R67,SPP3,STST S.BBG3-7Y.US T.B.UED,Xetra,SPP3.DE,etf,EUR
IE0002H3JQ66,SPP5,SB1-5 YUSCBE DLA,Xetra,SPP5.DE,etf,EUR
IE00BYSZ5T81,SPP7,ST.S. BB 7 1.Y,Xetra,SPP7.DE,etf,EUR
IE000NAFAKL6,SPPB,SSB EO AAA CLO HDGDLA,Xetra,SPPB.DE,etf,USD
IE000VU9AUN9,SPPC,SSB EO AAA CLO UH.EOA,Xetra,SPPC.DE,etf,EUR
IE00B979GK47,SPPD,STSTSPDRS+PUS D.AR.EOHUED,Xetra,SPPD.DE,etf,EUR
IE00BYYW2V44,SPPE,STS SP5 UE HEOA,Xetra,SPPE.DE,etf,EUR
IE00BYTH5602,SPPQ,SPDR BLUSHGHYLDCSCO.HDGEO,Xetra,SPPQ.DE,etf,EUR
IE00B6YX5H87,SPPS,SSEEI-BS0-3YECS EOA,Xetra,SPPS.DE,etf,EUR
IE00BLF7VX27,SPPU,SSEEI-SBSUCSC. UNHDLA,Xetra,SPPU.DE,etf,EUR
IE00BFY0GT14,SPPW,SPDR MSCI WORLD UE DLUA,Xetra,SPPW.DE,etf,EUR
IE00BYSZ5V04,SPPX,SPDR B.10+Y.US.T.B.UETF,Xetra,SPPX.DE,etf,EUR
IE00BH4GPZ28,SPPY,SPDR S+P 500 LE. DLA,Xetra,SPPY.DE,etf,EUR
IE000LSRKCB4,SPQB,GXETF-SP 500 QB DLA,Xetra,SPQB.DE,etf,EUR
IE000EPX8KB7,SPQH,GXETF-SP 500 QTH DLA,Xetra,SPQH.DE,etf,EUR
IE000DD75KQ5,SPSA,ST.STR.SP.MS.ACWIM UH.DI,Xetra,SPSA.DE,etf,EUR
US78473E1038,SPW0,SPX TECHNOLOGIES    DL 10,Xetra,SPW0.DE,stock,EUR
US84615Q1031,SPX,SPACE EXPL.TECHS. CL.A,Xetra,SPX.DE,stock,EUR
IE00B802KR88,SPY1,SSSPDR S+P 500 LW VL.USD,Xetra,SPY1.DE,etf,EUR
IE00BH4GR342,SPY2,SPDR DW JNES GL.RL.E.DLUA,Xetra,SPY2.DE,etf,EUR
IE00B4YBJ215,SPY4,SPDR S+P 400 US MID CAP,Xetra,SPY4.DE,etf,EUR
IE00B6YX5C33,SPY5,ST.S SP5 UE DLD,Xetra,SPY5.DE,etf,EUR
IE00B466KX20,SPYA,STSTR.SPDR MSCIEMASIA UE,Xetra,SPYA.DE,etf,EUR
IE00BKWQ0D84,SPYC,SPDR MSCI EUROPE C.S.UETF,Xetra,SPYC.DE,etf,EUR
IE00B6YX5D40,SPYD,STSTSPDR S+P US D.AR.UE D,Xetra,SPYD.DE,etf,EUR
IE00BKWQ0Q14,SPYE,ST.S SP.MSC.EUR.UCITS ETF,Xetra,SPYE.DE,etf,EUR
IE00B7452L46,SPYF,SPDR FTSE UK ALL SHAREA,Xetra,SPYF.DE,etf,EUR
IE00B6S2Z822,SPYG,SPDR S+P UK DIV.ARIST.ETF,Xetra,SPYG.DE,etf,EUR
IE00BKWQ0H23,SPYH,SPDR MSCI EUR.H.CAR.UETF,Xetra,SPYH.DE,etf,EUR
IE00B3YLTY66,SPYI,ST.STR.SP.MS.ACWIM UC.ETF,Xetra,SPYI.DE,etf,EUR
IE00B8GF1M35,SPYJ,SPDR DW JNES GL.RL.EST.DL,Xetra,SPYJ.DE,etf,EUR
IE00BKWQ0K51,SPYK,ST.STR.SPDR MSCI EO TECH.,Xetra,SPYK.DE,etf,EUR
IE000XZSV718,SPYL,ST.S SP5 UE DLA,Xetra,SPYL.DE,etf,EUR
IE00B469F816,SPYM,ST.STR.SP.MS.EM.MA.UC.ETF,Xetra,SPYM.DE,etf,EUR
IE00BKWQ0F09,SPYN,SSSPDR MSCI EUR.EN.UETF,Xetra,SPYN.DE,etf,EUR
IE00BKWQ0L68,SPYP,SS SPDR MSCI EUR.MAT.UETF,Xetra,SPYP.DE,etf,EUR
IE00BKWQ0J47,SPYQ,SS SPDR MSCI EUR.IND.UETF,Xetra,SPYQ.DE,etf,EUR
IE00BKWQ0C77,SPYR,SPDR MSCI EUROPE C.D.UETF,Xetra,SPYR.DE,etf,EUR
IE00BKWQ0N82,SPYT,SS SPDR MSCI EU.CO.S.UETF,Xetra,SPYT.DE,etf,EUR
IE00BKWQ0P07,SPYU,SPDR MSCI EUR.UTIL.UETF,Xetra,SPYU.DE,etf,EUR
IE00B6YX5B26,SPYV,SSSPDR S+P EM.MA.DI.A.ETF,Xetra,SPYV.DE,etf,EUR
IE00B5M1WJ87,SPYW,SPDR S+P EO DIV.ARIST.ETF,Xetra,SPYW.DE,etf,EUR
IE00B48X4842,SPYX,SPDR MSCI EM.MAR.SM.C.ETF,Xetra,SPYX.DE,etf,EUR
IE00B44Z5B48,SPYY,ST.S.SPDR MS.ACW UE UHDLA,Xetra,SPYY.DE,etf,EUR
IE00BKWQ0G16,SPYZ,SS SPDR MSCI EUR.FIN.UETF,Xetra,SPYZ.DE,etf,EUR
US8522341036,SQ3,BLOCK INC. A,Xetra,SQ3.DE,stock,EUR
CH0042797206,SQL,MATADOR SECONDARY PR.SF 1,Xetra,SQL.DE,stock,EUR
US78709Y1055,SQR,"SAIA INC.          DL-,01",Xetra,SQR.DE,stock,EUR
FR0000125486,SQU,"VINCI S.A. INH.   EO 2,50",Xetra,SQU.DE,stock,EUR
CH0126881561,SR9,"SWISS RE AG NAM.  DL -,12",Xetra,SR9.DE,stock,EUR
MT0001770107,SRAG,"SAMARA ASSET GRP. EO 0,05",Xetra,SRAG.DE,stock,EUR
US8552441094,SRB,STARBUCKS CORP.,Xetra,SRB.DE,stock,EUR
LU2109787635,SRHE,AIS-AMESCPA UEDRC,Xetra,SRHE.DE,etf,EUR
DE0007165607,SRT,SARTORIUS AG O.N.,Xetra,SRT.DE,stock,EUR
DE0007165631,SRT3,SARTORIUS AG VZO O.N.,Xetra,SRT3.DE,stock,EUR
IE000A9G9R73,ST4R,ISHS IV-SP.TE.E DLA,Xetra,ST4R.DE,etf,EUR
DE000A0LR936,ST5,STEICO SE,Xetra,ST5.DE,stock,EUR
GB0004082847,STD,"STAND. CHART. PLC  DL-,50",Xetra,STD.DE,stock,EUR
IE000Z6ZLD60,STEN,IV-IULMBSE DLA,Xetra,STEN.DE,etf,EUR
DE000A41ZZJ4,STLZ,PROUD(AT)WORK UCITS ETF,Xetra,STLZ.DE,etf,EUR
DE000STAB1L8,STM,STABILUS SE INH. O.N.,Xetra,STM.DE,stock,EUR
DE0007274136,STO3,STO SE+CO.KGAA VZO O.N.,Xetra,STO3.DE,stock,EUR
IE0004YCLDW1,STT6,ISH-STOX.EU 600 EOD,Xetra,STT6.DE,etf,EUR
IE00BD26N851,STUS,PFI ETF-A.USSTHY CBD EOAH,Xetra,STUS.DE,etf,EUR
LU1574142243,STXH,AIS-A.C.S.E.600  ETFHHEOD,Xetra,STXH.DE,etf,EUR
IE000L2TO2T2,SUA0,ISHS2-EO CO.B.ESG SRI EOA,Xetra,SUA0.DE,etf,EUR
DE0005176903,SUR,SURTECO GROUP SE INH O.N.,Xetra,SUR.DE,stock,EUR
IE00059GZ051,SUST,SSGA EU2-S.M.RE DLA,Xetra,SUST.DE,etf,EUR
IE000RJ3QL33,SUUE,SETFSIC-SEU EOA,Xetra,SUUE.DE,etf,EUR
US87162W1009,SUX,"TD SYNNEX CORP.  DL -,001",Xetra,SUX.DE,stock,EUR
US8175651046,SVC,SERVICE CORP. INTL   DL 1,Xetra,SVC.DE,stock,EUR
DE000A168205,SVE,SHAREHOLD.VAL.BET.NA O.N.,Xetra,SVE.DE,stock,EUR
DE0007229007,SWA,SCHLOSS WACHENHEIM AG O.N,Xetra,SWA.DE,stock,EUR
US8085131055,SWG,CHARLES SCHWAB CORP.DL-01,Xetra,SWG.DE,stock,EUR
US8447411088,SWN,SOUTHW. AIRL. CO.    DL 1,Xetra,SWN.DE,stock,EUR
IE000P60WPS6,SWWD,SSGA I-SMWU ETF UH.DLD,Xetra,SWWD.DE,etf,USD
IE00BYXPXL17,SXR0,ISHS VI-E.MSCI WL.M.V.EHA,Xetra,SXR0.DE,etf,EUR
IE00B52MJY50,SXR1,ISHSVII-C.MSCI P.XJPDLACC,Xetra,SXR1.DE,etf,EUR
IE00B52SF786,SXR2,ISHSVII-MSCI CANADA DLACC,Xetra,SXR2.DE,etf,EUR
IE00B52SFT06,SXR4,ISHSVII-MSCI USA DL ACC,Xetra,SXR4.DE,etf,EUR
IE00B53QDK08,SXR5,ISHS7-MSCI JP.ETF DL ACC,Xetra,SXR5.DE,etf,EUR
IE00BYX8XC17,SXR6,ISHSIV-MSCI JAPAN SRI DL,Xetra,SXR6.DE,etf,EUR
IE00B53QG562,SXR7,ISH.7-C.MSCI E.U.E EO ACC,Xetra,SXR7.DE,etf,EUR
IE00B5BMR087,SXR8,ISHSVII-CORE S+P500 DLACC,Xetra,SXR8.DE,etf,EUR
IE00B3VWLG82,SXRD,ISHSVII-MSCI UK S.C.LSACC,Xetra,SXRD.DE,etf,EUR
IE00BDQZ5152,SXRF,ISHS DL INT.CR.BD UE,Xetra,SXRF.DE,etf,EUR
IE00B3VWM098,SXRG,ISHVIIMUSSCEC DLA,Xetra,SXRG.DE,etf,EUR
IE00BDQYWQ65,SXRH,ISHSII-DL TIPS 0-5 U.ETF,Xetra,SXRH.DE,etf,EUR
IE00B3VWMM18,SXRJ,ISHSVII-MSCI EMU SC EOACC,Xetra,SXRJ.DE,etf,EUR
IE00B3VWN393,SXRL,ISHSVII-DLTB.3-7YR DL ACC,Xetra,SXRL.DE,etf,USD
IE00B3VWN518,SXRM,ISHSVII-DLTB.7-10YR DLACC,Xetra,SXRM.DE,etf,USD
IE00B3VTML14,SXRP,ISHSVII-EOGB.3-7YR EO ACC,Xetra,SXRP.DE,etf,EUR
IE00B3VTN290,SXRQ,ISHSVII-EOGB.7-10YR EOACC,Xetra,SXRQ.DE,etf,EUR
IE00BF11F458,SXRR,ISHSII-DL FR BD ETF EOHDD,Xetra,SXRR.DE,etf,EUR
IE00BDFL4P12,SXRS,ISHS VI-DIV.COM.S.U.ETF,Xetra,SXRS.DE,etf,EUR
IE00B53L3W79,SXRT,ISHSVII-C.EO STXX50 EOACC,Xetra,SXRT.DE,etf,EUR
IE00B53L4350,SXRU,ISHSVII-DJIA DL ACC,Xetra,SXRU.DE,etf,EUR
IE00B53SZB19,SXRV,ISHSVII-NASDAQ 100 DL ACC,Xetra,SXRV.DE,etf,EUR
IE00B53HP851,SXRW,ISHS7-C.FTSE 100 E.LS ACC,Xetra,SXRW.DE,etf,EUR
IE00B53L4X51,SXRY,ISHSVII-FTSE MIB EO ACC,Xetra,SXRY.DE,etf,EUR
IE00B52MJD48,SXRZ,ISHSVII-NIKKEI 225 YN ACC,Xetra,SXRZ.DE,etf,EUR
DE000SYM9999,SY1,SYMRISE AG INH. O.N.,Xetra,SY1.DE,stock,EUR
IE000SAXJ1M1,SY7D,GLX EOSTX50CVCL EOD,Xetra,SY7D.DE,etf,EUR
IE00B6YX5F63,SYB3,SPDR B.1-3Y.E.G.B.U.ETF,Xetra,SYB3.DE,etf,EUR
IE00BS7K8821,SYB4,S.ST.SPDR BB 3-5Y EGBD UE,Xetra,SYB4.DE,etf,EUR
IE00B6YX5K17,SYB5,STST.SPDR BBG 1-5Y.G.UE D,Xetra,SYB5.DE,etf,EUR
IE00B41RYL63,SYBA,SPDR BL.EO AG.BD U.ETF,Xetra,SYBA.DE,etf,EUR
IE00B3S5XW04,SYBB,SPDR BL.EO GO.BD U.ETF,Xetra,SYBB.DE,etf,EUR
IE00B3T9LM79,SYBC,SPDR BL.EO CO.BD U.ETF,Xetra,SYBC.DE,etf,EUR
IE00BC7GZW19,SYBD,ST.S BB 0.3 Y EOD,Xetra,SYBD.DE,etf,EUR
IE00BC7GZX26,SYBF,ST.S.SPDR B0-3Y.US C.B.UE,Xetra,SYBF.DE,etf,EUR
IE00B3W74078,SYBG,SPDR BL.UK GILT UETF,Xetra,SYBG.DE,etf,EUR
IE00B6YX5M31,SYBJ,SPDR BL.EO H.Y.B.U.ETF,Xetra,SYBJ.DE,etf,EUR
IE00B99FL386,SYBK,SPDR BLUSHGHYLDCSCOR.UETF,Xetra,SYBK.DE,etf,EUR
IE00B6YX5L24,SYBL,SPDR BL.15+Y.GILT UETF,Xetra,SYBL.DE,etf,EUR
IE00B4613386,SYBM,SPDR B.EM.LOC.BD UETF D,Xetra,SYBM.DE,etf,EUR
IE00BZ0G8860,SYBN,ST.S BB 1.Y U,Xetra,SYBN.DE,etf,EUR
IE00BCBJF711,SYBQ,STST.S.BBG0-5Y.ST.CBD UED,Xetra,SYBQ.DE,etf,EUR
IE00BYV12Y75,SYBR,S.S BB 1-10 Y.US CB UHDLD,Xetra,SYBR.DE,etf,EUR
IE00B4694Z11,SYBS,SPDR B.LS C.B.U.ETF,Xetra,SYBS.DE,etf,EUR
IE00B44CND37,SYBT,SPDR B.US TREAS.BD UETF,Xetra,SYBT.DE,etf,EUR
IE00B459R192,SYBU,SPDR BL.US AG.BD U.ETF,Xetra,SYBU.DE,etf,EUR
IE00BYSZ6062,SYBV,SPDR B.10+Y.E.G.B.U.ETF,Xetra,SYBV.DE,etf,EUR
IE00BC7GZJ81,SYBW,SPDR B.1-3Y.US T.B.UETF,Xetra,SYBW.DE,etf,EUR
IE00BZ0G8977,SYBY,SSEE1-SBUTUE,Xetra,SYBY.DE,etf,EUR
IE00B43QJJ40,SYBZ,STST SPDR BBG GABDDLHUE D,Xetra,SYBZ.DE,etf,EUR
US8636671013,SYK,"STRYKER CORP.      DL-,10",Xetra,SYK.DE,stock,EUR
US8716071076,SYP,"SYNOPSYS INC.      DL-,01",Xetra,SYP.DE,stock,EUR
DE0005178008,SYT,SOFTING AG IN O.N.,Xetra,SYT.DE,stock,EUR
DE0005104806,SYZ,SYZYGY AG O.N.,Xetra,SYZ.DE,stock,EUR
DE000A35JR33,SZ50,LUEBKE KELBER AG NA O.N.,Xetra,SZ50.DE,stock,EUR
DE0006202005,SZG,SALZGITTER AG O.N.,Xetra,SZG.DE,stock,EUR
DE0007297004,SZU,SUEDZUCKER AG  O.N.,Xetra,SZU.DE,stock,EUR
DE000A2QP4F7,T05A,IS.S.GL.S.D.100 U.ETF EOA,Xetra,T05A.DE,etf,EUR
US2244081046,T12,CRANE CO.,Xetra,T12.DE,stock,EUR
IE00BLCH1X54,T1EU,INVESCOM2 USDTRSY01Y EUR,Xetra,T1EU.DE,etf,EUR
IE000FXHG8D6,T1OD,INVESCOM2-US TRBD 10+ HGD,Xetra,T1OD.DE,etf,EUR
US35834F1049,T2T,T1 ENERGY INC.       O.N.,Xetra,T2T.DE,stock,EUR
DK0060636678,T2V1,TRYG AS NAM.         DK 5,Xetra,T2V1.DE,stock,EUR
IE00BDDRF700,T3KE,HANETF-H-G.TEMEEQWE ACC.,Xetra,T3KE.DE,etf,EUR
IE000O8S1EX4,T3MP,JPM-CCS UE A,Xetra,T3MP.DE,etf,EUR
IE00BF2FNJ76,T3RE,IMII-US T.B.1-3 EOD,Xetra,T3RE.DE,etf,EUR
DE000A2AAA75,T3T1,SEVEN PRINCIPLES AG O.N.,Xetra,T3T1.DE,stock,EUR
US3004261034,T54,EVERUS CONSTR.GRP O.N.,Xetra,T54.DE,stock,EUR
US8936411003,T7D,"TRANSDIGM GROUP    DL-,01",Xetra,T7D.DE,stock,EUR
IE00BF2FPB31,T7EU,INVESCO MKTS II EOD,Xetra,T7EU.DE,etf,EUR
GB00BM9XQ619,T9G,VIDAC PHARMA HLDG PLC LS1,Xetra,T9G.DE,stock,EUR
LU2895488661,TAAA,EIF-E.AAA CLO DLD,Xetra,TAAA.DE,etf,USD
IE00BN4GXL63,TABC,JH-EUSIGBPACC ETF EOA,Xetra,TABC.DE,etf,EUR
IE000DOZYQJ7,TAEH,JH-H.AXJ.HYCDBSC ETF EOD,Xetra,TAEH.DE,etf,EUR
US87612G1013,TAR,"TARGA RESOURCES DL -,001",Xetra,TAR.DE,stock,EUR
NL0009690247,TCBT,VANECK EUR CORP.UC.ETF,Xetra,TCBT.DE,etf,EUR
LU1681039647,TCC4,AIS-A.EO C.BD ESGUE2DREOC,Xetra,TCC4.DE,etf,EUR
GB00BLGZ9862,TCO0,"TESCO PLC     LS-,0633333",Xetra,TCO0.DE,stock,EUR
IE000DN0XQM1,TCQE,TRCTQ EUR50EQE EOA,Xetra,TCQE.DE,etf,EUR
IE000M5KXSP3,TCQU,TRCTQ US50EQE DLA,Xetra,TCQU.DE,etf,EUR
IE000YM4FP49,TCQW,TRCTQ GL50EQE DLA,Xetra,TCQW.DE,etf,EUR
IE00BMQ5Y557,TCRS,JH-HMT G.IC C.CSC ETF EOA,Xetra,TCRS.DE,etf,EUR
US05464C1018,TCS,"AXON ENTERPRISE DL-,00001",Xetra,TCS.DE,stock,EUR
IE000QYDXKV5,TDVX,VEMSDEMAEXUSDIL 1DLA,Xetra,TDVX.DE,etf,EUR
US09073M1045,TE1,"BIO-TECHNE CORP.   DL-,01",Xetra,TE1.DE,stock,EUR
DE0008303504,TEG,TAG IMMOBILIEN AG,Xetra,TEG.DE,stock,EUR
US8807701029,TEY,"TERADYNE INC.     DL-,125",Xetra,TEY.DE,stock,EUR
LU3098954871,TGAI,1ST IQ-TEQ-GAI U.ETF EOA,Xetra,TGAI.DE,etf,EUR
NL0009690254,TGBT,VANECK EUR SOV.DIV.UC.ETF,Xetra,TGBT.DE,etf,EUR
LU1618151879,TGHN,LOGWIN AG NAM. O.N.,Xetra,TGHN.DE,stock,EUR
DE000A41YFQ4,TGTA,11 88 0 SOLUTIONS AG,Xetra,TGTA.DE,stock,EUR
US88033G4073,THC1,"TENET HEALTHCARE   DL-,05",Xetra,THC1.DE,stock,EUR
IE000LH4DDC2,THFE,JH-G.HY F.A.PACC ETF EOHA,Xetra,THFE.DE,etf,EUR
IE000YSUEJ32,TIGA,L+G IND.INR DLA,Xetra,TIGA.DE,etf,EUR
IE00BL6K6H97,TIGR,L+G IND.INR DLD,Xetra,TIGR.DE,etf,EUR
US8825081040,TII,TEXAS INSTR.         DL 1,Xetra,TII.DE,stock,EUR
DE000ZEAL241,TIMA,ZEAL NETWORK SE NA O.N.,Xetra,TIMA.DE,stock,EUR
LU1452600270,TIUP,MUL AMUN TIPS ETF DIS,Xetra,TIUP.DE,etf,EUR
DE000A40ZTT8,TIW,TIN INN HLDG AG VNA O.N.,Xetra,TIW.DE,stock,EUR
DE0007500001,TKA,THYSSENKRUPP AG O.N.,Xetra,TKA.DE,stock,EUR
US8740541094,TKE,TAKE-TWO INTERACT. SOFTW.,Xetra,TKE.DE,stock,EUR
US8873891043,TKH,TIMKEN CO.,Xetra,TKH.DE,stock,EUR
DE000TKMS001,TKMS,TKMS AG + CO. KGAA O.N.,Xetra,TKMS.DE,stock,EUR
IE000YS5XL05,TKNX,GXE-ST.TO.E. DLA,Xetra,TKNX.DE,etf,EUR
US88160R1014,TL0,"TESLA INC. DL -,001",Xetra,TL0.DE,stock,EUR
DE000TLX1005,TLX,TALANX AG NA O.N.,Xetra,TLX.DE,stock,EUR
US8725901040,TM5,"T-MOBILE US INC.DL,-00001",Xetra,TM5.DE,stock,EUR
US37959E1029,TMJ,GLOBE LIFE INC.      DL 1,Xetra,TMJ.DE,stock,EUR
DE000A2YN900,TMV,TEAMVIEWER SE  INH O.N.,Xetra,TMV.DE,stock,EUR
US8835561023,TN8,THERMO FISH.SCIENTIF.DL 1,Xetra,TN8.DE,stock,EUR
ES0178430E18,TNE5,TELEFONICA INH.      EO 1,Xetra,TNE5.DE,stock,EUR
LU2333563281,TNIE,TONIES SE            EO 1,Xetra,TNIE.DE,stock,EUR
IE0007HKA9K1,TOPB,LG-LG GL.BR.E. DLA,Xetra,TOPB.DE,etf,EUR
FR0000120271,TOTB,"TOTALENERGIES SE  EO 2,50",Xetra,TOTB.DE,stock,EUR
US88023U1016,TPD,"SOMNIGROUP INT.    DL-,01",Xetra,TPD.DE,stock,EUR
DE0007461006,TPE,PVA TEPLA AG O.N.,Xetra,TPE.DE,stock,EUR
DE000A40ZW88,TPG0,THE PLATFORM GROUP NA ON,Xetra,TPG0.DE,stock,EUR
IT0005712671,TQI0,TELECOM ITALIA,Xetra,TQI0.DE,stock,EUR
US8923561067,TR4,"TRACTOR SUPPLY    DL-,008",Xetra,TR4.DE,stock,EUR
IE00BF2FNR50,TR7A,INVESCO MKTS II DLA,Xetra,TR7A.DE,etf,EUR
IE00BKWD3C98,TRD1,INVESCOM2 USD TRSY 0-1Y D,Xetra,TRD1.DE,etf,EUR
IE00BF2FNG46,TRD3,INVESCOM2 US T B 1-3Y A,Xetra,TRD3.DE,etf,EUR
IE00BF2FNQ44,TRD7,INVESCOM2 US T B 3-7Y A,Xetra,TRD7.DE,etf,EUR
IE00BF2FN869,TRDE,INVESCOM2 US T B 7-10Y A,Xetra,TRDE.DE,etf,EUR
IE00BKWD3743,TRDL,INVESCOM2-US TRBD 10+ DIS,Xetra,TRDL.DE,etf,EUR
IE00BF2GFH28,TRDS,INVESCOM2 US TRSY B D A,Xetra,TRDS.DE,etf,EUR
IE00BF2FN646,TRDX,INVESCOM2 US T B 7-10Y A,Xetra,TRDX.DE,etf,EUR
NL0009690239,TRET,VANECK GL.REAL EST.UC.ETF,Xetra,TRET.DE,etf,EUR
IE00BF2GFK56,TRFE,IMII-US TRE.BD EOD,Xetra,TRFE.DE,etf,EUR
US23918K1088,TRL,"DAVITA INC.      DL -,001",Xetra,TRL.DE,stock,EUR
US89531P1057,TRR,"TREX CO. INC.      DL-,01",Xetra,TRR.DE,stock,EUR
US1729674242,TRVC,"CITIGROUP INC. DL -,01",Xetra,TRVC.DE,stock,EUR
IE00BF2FNH52,TRX3,IMII-US T.B.1-3 DLA,Xetra,TRX3.DE,etf,EUR
IE00BF2FN752,TRXA,IMII-US T.B7-10 DLA,Xetra,TRXA.DE,etf,EUR
IE000GE4QIR1,TRXL,IM2-USTB10+YETF DLA,Xetra,TRXL.DE,etf,EUR
NL0010408704,TSWE,VANECK WORLD EQ.WEI.SCRE.,Xetra,TSWE.DE,etf,EUR
US88162G1031,TT6,"TETRA TECH INC.    DL-,01",Xetra,TT6.DE,stock,EUR
US88339J1051,TT8,"THE TRA.DESK A DL-,000001",Xetra,TT8.DE,stock,EUR
DE0007446007,TTK,TAKKT AG O.N.,Xetra,TTK.DE,stock,EUR
LU1681037864,TTPX,AIS-AM.JAP.T.EOCDHC,Xetra,TTPX.DE,etf,EUR
DE000A0XYGA7,TTR1,TECHNOTRANS SE NA O.N.,Xetra,TTR1.DE,stock,EUR
IE000WXLHR76,TUCP,JH-EUSIGBPACC ETF EOA,Xetra,TUCP.DE,etf,EUR
DE000A161N22,TUF,LIBERO FOOTB.FIN.INH O.N.,Xetra,TUF.DE,stock,EUR
DE000TUAG505,TUI1,TUI AG NA O.N.,Xetra,TUI1.DE,stock,EUR
LU2598331598,TW10,TENARIS S.A. DL 1,Xetra,TW10.DE,stock,EUR
US90138F1021,TWH,TWILIO INC.,Xetra,TWH.DE,stock,EUR
US8832031012,TXT,"TEXTRON INC.      DL-,125",Xetra,TXT.DE,stock,EUR
IE00BY7QL619,TYIA,"JOHNSON CONTR.INTL.DL-,01",Xetra,TYIA.DE,stock,EUR
US9022521051,TYP,"TYLER TECHS INC.   DL-,01",Xetra,TYP.DE,stock,EUR
LU1273488715,U1FB,UBSMSCIJPSOCRES HEOA,Xetra,U1FB.DE,etf,EUR
US9047081040,U1N,"UNIFIRST CORP.     DL-,10",Xetra,U1N.DE,stock,EUR
IE0005YK6564,U3O8,HANETF-SPROT.URAN.MNG.DLA,Xetra,U3O8.DE,etf,EUR
IE00BMX0DF60,U5MD,ISHS V-US MED.DEV.ETF DLA,Xetra,U5MD.DE,etf,EUR
US9168961038,U6Z,"URANIUM ENERGY    DL-,001",Xetra,U6Z.DE,stock,EUR
IE00075IVKF9,U8NJ,H.E.S.J.U.M.E. DLA,Xetra,U8NJ.DE,etf,EUR
LU3035799587,UAAA,ALPHA-FOACFD UCITSETFDLA,Xetra,UAAA.DE,etf,USD
US8592411016,UAO,"STERLING INFRASTRU.DL-,01",Xetra,UAO.DE,stock,EUR
US9029733048,UB5,"U.S. BANCORP       DL-,01",Xetra,UB5.DE,stock,EUR
IE00BN940Z87,UBF6,UIFS-UBS C.C.C.X-A. ADLA,Xetra,UBF6.DE,etf,EUR
IE00BN941009,UBF7,UIFS-UBS C.C.C.X-A AHGDEA,Xetra,UBF7.DE,etf,EUR
IE00BN940Z87,UBF8,UIFS-UBS C.C.C.X-A. ADLA,Xetra,UBF8.DE,etf,USD
DE0005570808,UBK,UMWELTBANK AG O.N.,Xetra,UBK.DE,stock,EUR
IE00B77D4428,UBU3,UBSIETF-UBS C.MSCI UE DLD,Xetra,UBU3.DE,etf,EUR
IE00B78JSG98,UBU5,UBS(I)-MSCI US.V.U.E.DLD,Xetra,UBU5.DE,etf,EUR
IE00B7KQ7B66,UBU7,UBS(I)ETF-UCMWLD ETF  DLD,Xetra,UBU7.DE,etf,EUR
IE00B7K93397,UBU9,UBS-U.CORE SP500 ETF DLD,Xetra,UBU9.DE,etf,EUR
IE00B7KMNP07,UBUD,UBS(I)-S.G.P.G.M.U.E.DLD,Xetra,UBUD.DE,etf,EUR
IE00BD4TYG73,UBUJ,UBS I.E.-MS.UK.I.S.R. HEO,Xetra,UBUJ.DE,etf,EUR
IE00BMP3HG27,UBUM,UBS-S+PDIARESGELUE DLD,Xetra,UBUM.DE,etf,EUR
IE00BX7RQY03,UBUR,UBS(I)-F.MSCI US.L.V.DLD,Xetra,UBUR.DE,etf,EUR
IE00BX7RR706,UBUS,UBS-FMUSPVS DLD,Xetra,UBUS.DE,etf,EUR
IE00BX7RRJ27,UBUT,UBS-F.MSCI USA QU S.DLD,Xetra,UBUT.DE,etf,EUR
IE00BWT3KJ20,UBUV,UBS(I)-F.MS.US.L.V. HEOA,Xetra,UBUV.DE,etf,EUR
IE00BWT3KL42,UBUW,UBS-FMUSPVS HEOA,Xetra,UBUW.DE,etf,EUR
IE00BWT3KN65,UBUX,UBS-F.MSCI USA QU S.HEOA,Xetra,UBUX.DE,etf,EUR
US90385V1070,UCE,"ULTRA CLEAN HLDGS DL-,001",Xetra,UCE.DE,stock,EUR
IE0008GO35B5,UCLA,IM 2-I.DL AAA C DLA,Xetra,UCLA.DE,etf,EUR
IE000PKN5N58,UCLU,IM 2-I.DL AAA C DLD,Xetra,UCLU.DE,etf,EUR
IT0001347308,UCM,BUZZI,Xetra,UCM.DE,stock,EUR
LU2297533809,UCRH,AIS-A.DL C.BD ESGUEDRHEOD,Xetra,UCRH.DE,etf,EUR
LU1806495575,UCRP,AIS-A.DL CRP.BD ESG UEDRC,Xetra,UCRP.DE,etf,EUR
LU2018762653,UCT2,MUL AMUN US C STE2-10 ETF,Xetra,UCT2.DE,etf,EUR
IE00BG0J4957,UDHY,ISHSIII-BR.DL HY C.BD DD,Xetra,UDHY.DE,etf,EUR
IE00077FRP95,UDIV,GLXETFS-SUPDIV DLD,Xetra,UDIV.DE,etf,EUR
IE000Z4OBQK4,UDVD,FT IC.FR.US DIV CL-DLD,Xetra,UDVD.DE,etf,EUR
IE00BMZ17W23,UEEA,ISIVMSCIWLDSRIU HEOD,Xetra,UEEA.DE,etf,EUR
IE00BMDFDY08,UEEF,IS2-DLHYCBESGSRI ETF EOHA,Xetra,UEEF.DE,etf,EUR
IE00BMCZLH06,UEEG,ISH3-DL DBB ETF CL-HDGEOA,Xetra,UEEG.DE,etf,EUR
IE00BMCZLJ20,UEEH,ISHSVI-EMWDMVE CLDLD,Xetra,UEEH.DE,etf,EUR
LU1048317025,UEF0,UBS C.BBG USL.CRP.UE HEOA,Xetra,UEF0.DE,etf,EUR
LU0969639128,UEF4,UBS C.BBG EO GV1-10UE EOD,Xetra,UEF4.DE,etf,EUR
LU1048313891,UEF5,UBSMSCIEMSOCRES DLD,Xetra,UEF5.DE,etf,EUR
LU1048314196,UEF6,UBSBBGEOALQC1-5 EOD,Xetra,UEF6.DE,etf,EUR
LU1048314949,UEF7,UBSBBGUSLQC1-5 DLD,Xetra,UEF7.DE,etf,EUR
LU1048315243,UEF8,UBSBBGUSLQC1-5 HEOA,Xetra,UEF8.DE,etf,EUR
LU1048316647,UEF9,UBS C.BBG USL.CORP.UE DLD,Xetra,UEF9.DE,etf,EUR
LU0671493277,UEFD,UBSLS-U.MSCI EMU SCAP EOD,Xetra,UEFD.DE,etf,EUR
LU1720938841,UEFE,UBSJPMEMMFEHLCBD DLD,Xetra,UEFE.DE,etf,EUR
LU0721552544,UEFF,UBS C.BBG US TR.1-3UE DLD,Xetra,UEFF.DE,etf,EUR
LU0721552973,UEFI,UBS C.BBG USTR.1-10UE DLD,Xetra,UEFI.DE,etf,EUR
LU1324516050,UEFS,UBSBBGDLEMSOV DLD,Xetra,UEFS.DE,etf,EUR
LU0879397742,UEFY,UBSSBIFAAABBB15ESG SFD,Xetra,UEFY.DE,etf,EUR
LU0879399441,UEFZ,UBS-USBF.3A3B5-10ESG SFD,Xetra,UEFZ.DE,etf,EUR
FR0000054470,UEN,"UBISOFT ENTMT IN.EO-,0775",Xetra,UEN.DE,stock,EUR
US9604131022,UEO,"WESTLAKE CORP      DL-,01",Xetra,UEO.DE,stock,EUR
IE00B50XJX92,UEQ3,UBS FDSO-UBS C.C.SF HLSA,Xetra,UEQ3.DE,etf,GBP
IE00BKFB6L02,UEQC,UBS FDSO-UBS C.C.CR. DLA,Xetra,UEQC.DE,etf,EUR
IE00BD34DK07,UEQD,UBS-U.CORE SP500 ETF HEOA,Xetra,UEQD.DE,etf,EUR
IE00BZ2GV965,UEQU,UBS FDSO-UBS C.E-A.SF DAA,Xetra,UEQU.DE,etf,EUR
IE00BMC5DV85,UEQV,UBS FDSO-UBS C.C.CR.SFHEO,Xetra,UEQV.DE,etf,EUR
LU1215461325,UET0,UBS BBGMSCI USLCSUE HEOA,Xetra,UET0.DE,etf,EUR
LU1280303014,UET1,UBSMSCIUSSOCRES HEOD,Xetra,UET1.DE,etf,EUR
LU1971906802,UET5,UBSEOSTXX50ESG EOD,Xetra,UET5.DE,etf,EUR
LU1953188833,UETC,UBS(L)F.S-UMCUU DLD,Xetra,UETC.DE,etf,EUR
LU1048313974,UETE,UBSMSCIEMSOCRES DLA,Xetra,UETE.DE,etf,EUR
IE00BD4TXV59,UETW,UBS(I)ETF-UCMWLD ETF  DLA,Xetra,UETW.DE,etf,EUR
US9120081099,UFH,"US FOODS HLDG CORP DL-,01",Xetra,UFH.DE,stock,EUR
LU1169822266,UFMA,ULFS-U.C.M.JP U.E. HEOA,Xetra,UFMA.DE,etf,EUR
LU1169821292,UFMB,UBSLFS-MSCI UK H-EO AAC,Xetra,UFMB.DE,etf,EUR
US6515871076,UG9,NEWMARKET CORP.,Xetra,UG9.DE,stock,EUR
IE000WOBV8X1,UGOV,HAN.IC.JU.GL.GO DLA,Xetra,UGOV.DE,etf,EUR
US31488V1070,UH3,FERGUSON ENTERPRISES INC.,Xetra,UH3.DE,stock,EUR
US9139031002,UHS,UNIV. HEALTH SERV.B DL-01,Xetra,UHS.DE,stock,EUR
LU2265794946,UIC1,UBSSOLACTCHINATEC HEOA,Xetra,UIC1.DE,etf,EUR
LU2265794276,UIC2,UBSSOLACTCHINATEC DLA,Xetra,UIC2.DE,etf,EUR
LU0136234068,UIM1,UBS CO.EO ST.50 UE AHSKD,Xetra,UIM1.DE,etf,EUR
LU1215451524,UIM2,UBSLS-U.MSCI EMU SCAP EOD,Xetra,UIM2.DE,etf,EUR
LU0136242590,UIM3,UBS FTSE 100 LSD,Xetra,UIM3.DE,etf,EUR
LU0147308422,UIM4,UBSCOREMSCIEMU EOD,Xetra,UIM4.DE,etf,EUR
LU0136240974,UIM5,ULFS-U.C.M.JP U.E. AYND,Xetra,UIM5.DE,etf,EUR
LU0136234654,UIM6,UBS MSCI USA DLD,Xetra,UIM6.DE,etf,EUR
LU0340285161,UIM7,UBS MSCI WLD DLD,Xetra,UIM7.DE,etf,EUR
LU0446734872,UIM9,UBS MSCI CANADA CDD,Xetra,UIM9.DE,etf,EUR
LU0446734104,UIMA,UBS CORE MSCI EOD,Xetra,UIMA.DE,etf,EUR
LU1459802754,UIMB,UBS BBGTIPS10+ ADDL,Xetra,UIMB.DE,etf,EUR
LU1484799769,UIMC,UBSBBGMSCIEOALQCSUS EOD,Xetra,UIMC.DE,etf,EUR
LU0446734526,UIMD,UBSMSCIPACEXJP DLD,Xetra,UIMD.DE,etf,EUR
LU0446734369,UIME,UBSMSCIEMUVAL EOD,Xetra,UIME.DE,etf,EUR
LU1600334798,UIMF,UBS CORE MSCI EUR. HEOA,Xetra,UIMF.DE,etf,EUR
LU0480132876,UIMI,UBS COREMSCI EM DLD,Xetra,UIMI.DE,etf,EUR
LU0629459743,UIMM,UBSMSCIWLDSOCRES DLD,Xetra,UIMM.DE,etf,EUR
LU0629460089,UIMP,UBSMSCIUSSOCRES DLD,Xetra,UIMP.DE,etf,EUR
LU0629460675,UIMR,UBSMSCIEMUSOCRES EOD,Xetra,UIMR.DE,etf,EUR
IE00BKSCBX74,UIMS,UIE-UBS MW.S.CAPS.RES.DLA,Xetra,UIMS.DE,etf,EUR
LU0629460832,UIMT,UBSMSCIPACSOCRES DLD,Xetra,UIMT.DE,etf,EUR
LU1215454460,UIMY,UBSFACMSCIEMULVOL EOD,Xetra,UIMY.DE,etf,EUR
LU1215452928,UIMZ,UBSFCMSCIEMUPVSC EOD,Xetra,UIMZ.DE,etf,EUR
LU1390062831,UINF,MUL AMUN US INFLEX ETF A,Xetra,UINF.DE,etf,EUR
IT0004810054,UIPN,UNIPOL ASSICURAZIONI NAM.,Xetra,UIPN.DE,stock,EUR
IE00BYT5CV85,UIQ1,UBS FDSO-UBS C.E-A.SF HEO,Xetra,UIQ1.DE,etf,EUR
IE00BLDGHT92,UIQ4,UBS EO EQ.D.P.W.SFUE EOA,Xetra,UIQ4.DE,etf,EUR
LU1974693662,UIQG,UBSLFS-UJGGVESGLIQBD DLA,Xetra,UIQG.DE,etf,EUR
IE00B7WK2W23,UIQI,UBS FDSO-U.MS.AC AXJ DLA,Xetra,UIQI.DE,etf,EUR
IE00B53H0131,UIQK,UBS FDSO-UBS C.C.SF DLA,Xetra,UIQK.DE,etf,EUR
LU1805389258,UIQL,UBS C.BBG EO A.L.C.UE EOD,Xetra,UIQL.DE,etf,EUR
LU1804202403,UIQN,UBSMSCIEMUSELFCMX EOA,Xetra,UIQN.DE,etf,EUR
LU2206597804,UIW1,UBSMSCIEURSOCRS EOA,Xetra,UIW1.DE,etf,EUR
LU2206598109,UIW3,UBSMSCIEURSOCRS HEOA,Xetra,UIW3.DE,etf,EUR
IE0008RSSHT4,UK1T,HA2-S.C.I.T.U.E LSA,Xetra,UK1T.DE,etf,EUR
IE000FI414K7,UKPH,ISHS UK PRO HGD(EOA,Xetra,UKPH.DE,etf,EUR
IE000R8PO127,UKRN,HANETF-DEF.UKR.RECONSTR.A,Xetra,UKRN.DE,etf,EUR
DE0005489561,ULC,UNITED LABELS O.N.,Xetra,ULC.DE,stock,EUR
IE000C5YJ791,ULDE,ISHS MS.USA L. DLA,Xetra,ULDE.DE,etf,EUR
US9027881088,UMB,UMB FINL CORP.       DL 1,Xetra,UMB.DE,stock,EUR
DE000A40ZVU2,UMD,UMT UTD MOB.TECHN. INH ON,Xetra,UMD.DE,stock,EUR
DE000UNSE026,UN0,UNIPER SE  NA O.N.,Xetra,UN0.DE,stock,EUR
AT0000821103,UN9,UNIQA INSURANCE GROUP AG,Xetra,UN9.DE,stock,EUR
BE0003739530,UNC,UCB S.A.,Xetra,UNC.DE,stock,EUR
US91324P1021,UNH,"UNITEDHEALTH GROUP DL-,01",Xetra,UNH.DE,stock,EUR
US9078181081,UNP,"UNION PAC.        DL 2,50",Xetra,UNP.DE,stock,EUR
GB00BVZK7T90,UNV0,"UNILEVER PLC     LS -,035",Xetra,UNV0.DE,stock,EUR
US9113121068,UPAB,UNITED PARCEL SE.B DL-01,Xetra,UPAB.DE,stock,EUR
IE00BMXC7V63,UQAB,IS7-SP5 P.A.C. DLA,Xetra,UQAB.DE,etf,EUR
IE000UBGUJP8,UQB1,UNIACTIVE Q EU IG ETF DIS,Xetra,UQB1.DE,etf,EUR
IE000AEBAUD0,UQB2,UNIACTIVE Q EU IG ETF ACC,Xetra,UQB2.DE,etf,EUR
IE000ST7KGV2,UQE1,UNIACTIVE Q EQ GL ETF DIS,Xetra,UQE1.DE,etf,EUR
IE000R65LK54,UQE2,UNIACTIVE Q EQ GL ETF ACC,Xetra,UQE2.DE,etf,EUR
IE000DUSV4J5,UQM1,UNI.Q EQ.EM E. DLA,Xetra,UQM1.DE,etf,EUR
US9113631090,UR3,"UNITED RENTALS INC.DL-,01",Xetra,UR3.DE,stock,EUR
IE000NDWFGA5,URNU,GL.X-URANIUM DLA,Xetra,URNU.DE,etf,EUR
US91332U1016,US3,"UNITY SOFTWARE DL-,000005",Xetra,US3.DE,stock,EUR
IE000UYVEVN3,US4D,SPDR 400 US UH.DLD,Xetra,US4D.DE,etf,EUR
IE000G8WOLX8,US4E,SPDR 400 US HGDEOD,Xetra,US4E.DE,etf,EUR
IE00BLRPRD67,USAB,LG DL CB SCR.ETF DLDETF,Xetra,USAB.DE,etf,EUR
IE000NA8E2W0,USAH,LG DL CB SCR.ETF EOHAETF,Xetra,USAH.DE,etf,EUR
LU1407887915,USB7,AM US TBD 7-10Y DLA,Xetra,USB7.DE,etf,EUR
LU2924150019,USBD,AIS-AM.GL.C.B. U.ETF HGDD,Xetra,USBD.DE,etf,USD
LU2996613266,USBG,AIS-AM.GL.C.B. HGDDLD,Xetra,USBG.DE,etf,USD
LU1079841273,USCP,OSS.S.B.US S.V.T U.ETF1CE,Xetra,USCP.DE,etf,EUR
IE0009VWHAE6,USEE,ISHS3-US EQ.EN.U.ACT.DLA,Xetra,USEE.DE,etf,EUR
IE000AXUR1L9,USIQ,E.W.I.AI-EUS DLD,Xetra,USIQ.DE,etf,EUR
IE0008M1R3N4,USMC,FT IC.F.US M CL-DLA,Xetra,USMC.DE,etf,EUR
IE000JQ1PF28,USME,FT IC.F.US M CL-HGDEOA,Xetra,USME.DE,etf,EUR
IE000FW16TX1,USOA,XT-MSCI USASW.2 1DDLD,Xetra,USOA.DE,etf,EUR
IE00BYPLS672,USPY,L+G-L+G CYB.SEC.U.E.DLA,Xetra,USPY.DE,etf,EUR
IE00BDGV0415,USUE,UBS I.ETF-MSC.U.S.F.M.DLA,Xetra,USUE.DE,etf,EUR
LU0950674928,USUP,UBSMSCIPACSOCRES DLA,Xetra,USUP.DE,etf,EUR
US90353T1007,UT8,"UBER TECH.      DL-,00001",Xetra,UT8.DE,stock,EUR
DE0005089031,UTDI,UTD.INTERNET AG NA,Xetra,UTDI.DE,stock,EUR
US09290D1019,UU2,BLACKROCK INC.       O.N.,Xetra,UU2.DE,stock,EUR
US91529Y1064,UUM,"UNUM GROUP         DL-,10",Xetra,UUM.DE,stock,EUR
DE0005167902,UUU,3U HOLDING AG,Xetra,UUU.DE,stock,EUR
US91347P1057,UVD,"UNIVERSAL DISPLAY  DL-,01",Xetra,UVD.DE,stock,EUR
US94106L1098,UWS,WASTE MANAGEMENT,Xetra,UWS.DE,stock,EUR
DE0007551509,UZU,UZIN UTZ SE O.N.,Xetra,UZU.DE,stock,EUR
IE000NXF88S1,V0IH,VANECK OIL SVCS ETF A,Xetra,V0IH.DE,etf,EUR
US9290891004,V0Y,"VOYA FINANCIAL INC.DL-,01",Xetra,V0Y.DE,stock,EUR
US91913Y1001,V1L,"VALERO ENERGY CORP.DL-,01",Xetra,V1L.DE,stock,EUR
DE000VNC0014,V1NC,VINCORION SE INH O.N.,Xetra,V1NC.DE,stock,EUR
IE000US24HF4,V1VA,VR 1000 U.V.E. DLA,Xetra,V1VA.DE,etf,EUR
IE00BMVB5K07,V20A,VAN.-L.20EQ ETF EOA,Xetra,V20A.DE,etf,EUR
IE00BMVB5L14,V20D,VAN.-L.20EQ ETF EOD,Xetra,V20D.DE,etf,EUR
IE000GTBEXG4,V2SA,VR 2000 U.C.E. DLA,Xetra,V2SA.DE,etf,EUR
IE00BNG8L278,V3AA,VAF-ESG G.A.C.E DLA,Xetra,V3AA.DE,etf,EUR
IE00BNG8L385,V3AL,VAF-ESG G.A.C.E DLD,Xetra,V3AL.DE,etf,EUR
IE000QUOSE01,V3DA,VA.F-ESG DV E A EOA,Xetra,V3DA.DE,etf,EUR
IE000NRGX9M3,V3DL,VA.F-ESG DV E A EOD,Xetra,V3DL.DE,etf,EUR
NL0010731816,V3ET,VEV EU.E.W.,Xetra,V3ET.DE,etf,EUR
IE00BNDS1Q47,V3GE,VAF-ESG G.C.B.E HGDEOD,Xetra,V3GE.DE,etf,EUR
IE00BNDS1P30,V3GF,VAF-ESG G.C.B.E HGDEOA,Xetra,V3GF.DE,etf,EUR
IE000KPJJWM6,V3MA,VA.F-VA.ESG E.A DLA,Xetra,V3MA.DE,etf,EUR
IE0001VXZTV7,V3ML,VA.F-VA.ESG E.A DLD,Xetra,V3ML.DE,etf,EUR
IE000GOJO2A3,V3PA,VA.F-ESG.D.A-P DLA,Xetra,V3PA.DE,etf,EUR
IE0008T6IUX0,V3PL,VA.F-ESG.D.A-P DLD,Xetra,V3PL.DE,etf,EUR
IE000QADMYA3,V3RE,VA.F-V.ESG EU C EOA,Xetra,V3RE.DE,etf,EUR
IE000F37PGZ3,V3RF,VA.F-V.ESG EU C EOD,Xetra,V3RF.DE,etf,EUR
DE000A0BL849,V3V,FAMICORD AG,Xetra,V3V.DE,stock,EUR
IE000O58J820,V3YA,VA.F-VA.ESG N.A DLA,Xetra,V3YA.DE,etf,EUR
IE000L2ZNB07,V3YL,VA.F-VA.ESG N.A DLD,Xetra,V3YL.DE,etf,EUR
IE00BMVB5M21,V40A,VAN.-L.40EQ ETF EOA,Xetra,V40A.DE,etf,EUR
IE00BMVB5N38,V40D,VAN.-L.40EQ ETF EOD,Xetra,V40D.DE,etf,EUR
LU1681047236,V50A,AIS-AM.CORE EU.STX50 EOC,Xetra,V50A.DE,etf,EUR
LU1681047319,V50D,AIS-AM.CORE EU.STX50 EOD,Xetra,V50D.DE,etf,EUR
IE00BMVB5P51,V60A,VAN.-L.60EQ ETF EOA,Xetra,V60A.DE,etf,EUR
IE00BMVB5Q68,V60D,VAN.-L.60EQ ETF EOD,Xetra,V60D.DE,etf,EUR
DE0007846867,V6C,VISCOM SE O.N.,Xetra,V6C.DE,stock,EUR
US44812J1043,V71,HUT 8 CORP.         O.N.,Xetra,V71.DE,stock,EUR
US7416231022,V76,PRIMO BRANDS CORP.,Xetra,V76.DE,stock,EUR
IE00BMVB5R75,V80A,VAN.-L.80EQ.UCITS ETF EOA,Xetra,V80A.DE,etf,EUR
IE00BMVB5S82,V80D,VAN.-L.80EQ.UCITS ETF EOD,Xetra,V80D.DE,etf,EUR
IE00BMH5Y327,V9N,GL X ETF-GXDCRSDI DLA,Xetra,V9N.DE,etf,EUR
US92345Y1064,VA7A,VERISK ANALYTICS DL-001,Xetra,VA7A.DE,stock,EUR
DE000A12UPJ7,VAD,SCP STAN.CAP.PART. INH ON,Xetra,VAD.DE,stock,EUR
IE00BG47KB92,VAGE,VANGUARD-GL.A.B.U.ETF EOH,Xetra,VAGE.DE,etf,EUR
IE00BG47KH54,VAGF,VAN.FDS.-GL.AG.BD HGDEOA,Xetra,VAGF.DE,etf,EUR
IE00BGYWCB81,VAGG,VAN.DL E.M.G.BD DL ACC,Xetra,VAGG.DE,etf,EUR
IE00BGYWFS63,VAGT,VANG.USD TR. DL ACC,Xetra,VAGT.DE,etf,EUR
IE00BGYWSV06,VAGY,VANGUARD USD CO DL ACC,Xetra,VAGY.DE,etf,EUR
US91879Q1094,VAI,"VAIL RESORTS INC.  DL-,01",Xetra,VAI.DE,stock,EUR
LU1481201702,VALD,BNPPE-VALUE EUROPE DEO,Xetra,VALD.DE,etf,EUR
LU1377382285,VALU,BNPPE-VALUE EUROPE CEO,Xetra,VALU.DE,etf,EUR
AT0000937503,VAS,VOESTALPINE AG,Xetra,VAS.DE,stock,EUR
DE000A0JL9W6,VBK,VERBIO SE INH O.N.,Xetra,VBK.DE,stock,EUR
IE000SOORXS0,VCAA,VA.FD-EU.C.U.E. EOA,Xetra,VCAA.DE,etf,EUR
IE000AFVKJZ0,VCAS,VA.FD-EU.C.U.E. EOD,Xetra,VCAS.DE,etf,EUR
IE00BGYWSW13,VCDE,VANGUARD USD CO HGDEOA,Xetra,VCDE.DE,etf,EUR
US9258151029,VCV,"VICOR CORP.        DL-,01",Xetra,VCV.DE,stock,EUR
IE00BGYWFL94,VDCE,VAN.USD CORP.BD HGDEOA,Xetra,VDCE.DE,etf,EUR
NL0011683594,VDIV,VANECK MSTR.DM DIV.UC.ETF,Xetra,VDIV.DE,etf,EUR
IE00BMX0B631,VDTE,VANG.USD TR. HGDEOA,Xetra,VDTE.DE,etf,EUR
IE0005B8WVT6,VE6I,VANECK S.F.FOOD ETF,Xetra,VE6I.DE,etf,EUR
IE00BGYWT403,VECA,VAN.EUR CORP.BD EOA,Xetra,VECA.DE,etf,EUR
IE00BZ163G84,VECP,VANG.EUR COR.BD U.ETF EOD,Xetra,VECP.DE,etf,EUR
IE00069H3LK0,VEDA,V-VFDESCE EOA,Xetra,VEDA.DE,etf,EUR
IE000K7PC2G4,VEDD,V-VFDESCE EOD,Xetra,VEDD.DE,etf,EUR
US9224751084,VEE,"VEEVA SYSTEMS A DL-,00001",Xetra,VEE.DE,stock,EUR
IE000HARFTG3,VEGE,VA-EO EU.GO.13Y EOD,Xetra,VEGE.DE,etf,EUR
IE00004S2680,VEGF,VA-EO EU.GO.13Y EOA,Xetra,VEGF.DE,etf,EUR
IE00BK5BQY34,VERE,VANG.FTSE D.E.XUK ETF EOA,Xetra,VERE.DE,etf,EUR
IE00BKX55S42,VERX,VANG.FTSE D.E.XUK UETFEOD,Xetra,VERX.DE,etf,EUR
IE000Q4J3CW6,VEXA,V-VFEE EOA,Xetra,VEXA.DE,etf,EUR
IE000VH3JSL8,VEXD,V-VFEE EOD,Xetra,VEXD.DE,etf,EUR
US4859241048,VF4,"KARMAN HLDGS INC. DL-,001",Xetra,VF4.DE,stock,EUR
IE00BK5BR733,VFEA,VANGUARD FTSE EM.METF DLA,Xetra,VFEA.DE,etf,EUR
IE00B3VVMM84,VFEM,VANGUARD FTSE EMU.ETF DLD,Xetra,VFEM.DE,etf,EUR
DE000A40ZUV2,VG80,ASCORY BANK AG NA O.N.,Xetra,VG80.DE,stock,EUR
IE00BDD48S37,VGCE,VANG.EUR CORP.1-3 YR BD,Xetra,VGCE.DE,etf,EUR
IE00BH04FZ00,VGCF,VANGUARD EUR CO EOA,Xetra,VGCF.DE,etf,EUR
IE00BH04GL39,VGEA,VAN EUR.GOV.BD EOA,Xetra,VGEA.DE,etf,EUR
IE00BZ163H91,VGEB,VAN.EUR EURO.G.B.UETF EOD,Xetra,VGEB.DE,etf,EUR
IE00B9F5YL18,VGEJ,VANG.FTSE D.A.P.X.J.DLD,Xetra,VGEJ.DE,etf,EUR
IE00BK5BQZ41,VGEK,VANG.FTSE D.A.P.X.J.DLA.,Xetra,VGEK.DE,etf,EUR
IE00BZ163L38,VGEM,VANG.USD EM G.BD UETF DLD,Xetra,VGEM.DE,etf,EUR
IE00BG143G97,VGER,VANGUARD-V.GER.A.CAP EOD,Xetra,VGER.DE,etf,EUR
IE00B945VV12,VGEU,VANG.FTSE DEV.EU.UETF EOD,Xetra,VGEU.DE,etf,EUR
IE0003HUCA83,VGGE,VA-GL.GOV BD HGDEOD,Xetra,VGGE.DE,etf,EUR
IE000B1A2798,VGGF,VA-GL.GOV BD HGDEOA,Xetra,VGGF.DE,etf,EUR
IE000VAHT5T0,VGLA,VFP-VFGACUE DLA,Xetra,VGLA.DE,etf,EUR
IE000CVUM3N6,VGLD,VFP-VFGACUE DLD,Xetra,VGLD.DE,etf,EUR
IE00B42WWV65,VGOV,VANG.U.K. GILT U.ETF LSD,Xetra,VGOV.DE,etf,EUR
IE0007TPRF31,VGSA,VFP-VFGSCUE DLA,Xetra,VGSA.DE,etf,EUR
IE000F8RXD33,VGSD,VFP-VFGSCUE DLD,Xetra,VGSD.DE,etf,EUR
IE00BZ163M45,VGTY,VANG.USD TREA.BD UETF DLD,Xetra,VGTY.DE,etf,EUR
IE00BMX0B524,VGUE,VANG.UK GILT HGDEOA,Xetra,VGUE.DE,etf,EUR
IE00BKX55T58,VGVE,VANG.FTSE DEV.W.U.ETF DLD,Xetra,VGVE.DE,etf,EUR
IE00BK5BQV03,VGVF,VANG.FTSE DEV.W.U.ETF DLA,Xetra,VGVF.DE,etf,EUR
IE00B8GKDB10,VGWD,VA.FTSE A.W.H.D.Y.UETFDLD,Xetra,VGWD.DE,etf,EUR
IE00BK5BR626,VGWE,VA.FTSE A.W.H.D.Y.UETFDLA,Xetra,VGWE.DE,etf,EUR
IE00B3RBWM25,VGWL,VANG.FTSE A.-WO.U.ETF DLD,Xetra,VGWL.DE,etf,EUR
DE000A255F11,VH2,FR.VORWERK GRP SE INH ON,Xetra,VH2.DE,stock,EUR
US9282981086,VHY,"VISHAY INTERTECH.  DL-,10",Xetra,VHY.DE,stock,EUR
US92556V1061,VIA,VIATRIS INC.  O.N.,Xetra,VIA.DE,stock,EUR
DE0007657231,VIB3,VILLEROY + BOCH AG VZ,Xetra,VIB3.DE,stock,EUR
NL0010273801,VIGB,VANECK EUR SOV.AAA UC.ETF,Xetra,VIGB.DE,etf,EUR
DE000A2YPDD0,VIH1,VIB VERMOEGEN  NA O.N.,Xetra,VIH1.DE,stock,EUR
IE000128BSS1,VITD,VAN.UT3-7Y BE DLD,Xetra,VITD.DE,etf,EUR
IE000VZ8BBU9,VITS,VAN.UT3-7Y BE DLA,Xetra,VITS.DE,etf,EUR
IE00BFMXYX26,VJPA,VANGUARD FTSE JP.UETF DLA,Xetra,VJPA.DE,etf,EUR
IE00BFMXYY33,VJPE,VANGU. FTSE JP.U ETF EOHA,Xetra,VJPE.DE,etf,EUR
IE00B95PGT31,VJPN,VANGUARD FTSE JP.UETF DLD,Xetra,VJPN.DE,etf,EUR
IE000U882CN5,VLDP,VAN.UT7-10Y BE DLD,Xetra,VLDP.DE,etf,EUR
IE000UXDT343,VLDS,VAN.UT7-10Y BE DLA,Xetra,VLDS.DE,etf,EUR
LU1481201025,VLED,BNPPE-LOW VOL EUROPE DEO,Xetra,VLED.DE,etf,EUR
LU1377381717,VLEU,BNPPE-LOW VOL EUROPE CEO,Xetra,VLEU.DE,etf,EUR
DE000A40ZVN7,VME,VIROMED MEDICAL NA O.N.,Xetra,VME.DE,stock,EUR
IE00BKX55Q28,VMID,VANGUARD FTSE 250UETF LSD,Xetra,VMID.DE,etf,EUR
IE00BFMXVQ44,VMIG,V.FTSE250UE LSA,Xetra,VMIG.DE,etf,EUR
DE000A1ML7J1,VNA,VONOVIA SE NA O.N.,Xetra,VNA.DE,stock,EUR
US9197941076,VNB,VALLEY NATL BANCORP,Xetra,VNB.DE,stock,EUR
US0538071038,VNI,AVNET INC.           DL 1,Xetra,VNI.DE,stock,EUR
IE00BK5BQW10,VNRA,VANG.FTSE N.AME.U.ETF DLA,Xetra,VNRA.DE,etf,EUR
IE00BKX55R35,VNRT,VANG.FTSE N.AME.U.ETF DLD,Xetra,VNRT.DE,etf,EUR
NL0009538784,VNX,"NXP SEMICONDUCTORS EO-,20",Xetra,VNX.DE,stock,EUR
GB00BH4HKS39,VODI,VODAFONE GROUP PLC,Xetra,VODI.DE,stock,EUR
LU0832435464,VOOL,MUL. S+PVIX FUT ETF CDLA,Xetra,VOOL.DE,etf,EUR
LU1691909508,VOOM,MUL-A.MSCI G.G.E.U.ETF A,Xetra,VOOM.DE,etf,EUR
LU1327051279,VOON,MUL-AN1D1IUE A,Xetra,VOON.DE,etf,EUR
DE0007667107,VOS,VOSSLOH AG O.N.,Xetra,VOS.DE,stock,EUR
DE000A2E4LE9,VOTR,VOLTATRON AG INH. O.N.,Xetra,VOTR.DE,stock,EUR
DE0007664005,VOW,VOLKSWAGEN AG ST O.N.,Xetra,VOW.DE,stock,EUR
DE0007664039,VOW3,VOLKSWAGEN AG VZO O.N.,Xetra,VOW3.DE,stock,EUR
IE000J7AY5Y3,VRGU,VR 1000 U.GR.E. DLA,Xetra,VRGU.DE,etf,EUR
DE000A2BPK34,VRL,NET DIGITAL AG INH O.N.,Xetra,VRL.DE,stock,EUR
US92343E1029,VRS,"VERISIGN INC.     DL-,001",Xetra,VRS.DE,stock,EUR
SE0018538068,VRV,VERVE GROUP MEDIA SE    A,Xetra,VRV.DE,stock,EUR
US92552V1008,VS1,"VIASAT INC.      DL-,0001",Xetra,VS1.DE,stock,EUR
US9182841000,VS3,"VSE CORP.          DL-,05",Xetra,VS3.DE,stock,EUR
IE00BFMXXD54,VUAA,V.S+P500 U.ETF DLA,Xetra,VUAA.DE,etf,EUR
IE00BGYWFK87,VUCE,VAN.USD CORP.BD DL ACC,Xetra,VUCE.DE,etf,EUR
IE00BLRPPV00,VUCF,VFP-V.US TR.0-1 YR.BD DLA,Xetra,VUCF.DE,etf,EUR
IE00BZ163K21,VUCP,VANG.USD CORP.B.U.ETF DLD,Xetra,VUCP.DE,etf,EUR
IE000TAV7246,VUDE,VAN.UT1-3Y BE HGDEOA,Xetra,VUDE.DE,etf,EUR
IE000M6STPW4,VUDP,VAN.UT1-3Y BE HGDEOD,Xetra,VUDP.DE,etf,EUR
IE000H3Q3AF6,VUDS,VAN.UT1-3Y BE DLA,Xetra,VUDS.DE,etf,EUR
IE000GU6MFI0,VUDY,VAN.UT1-3Y BE DLD,Xetra,VUDY.DE,etf,EUR
IE00B810Q511,VUKE,VANGUARD FTSE 100UETF LSD,Xetra,VUKE.DE,etf,EUR
IE00BFMXYP42,VUKG,V.FTSE100ETF LSA,Xetra,VUKG.DE,etf,EUR
AU0000066086,VUL,VULCAN ENERGY RESOURCES,Xetra,VUL.DE,stock,EUR
IE000650M1V4,VUPA,VR U.MID-CAP E. DLA,Xetra,VUPA.DE,etf,EUR
IE00B3XXRP09,VUSA,VANGUARD S+P 500U.ETF DLD,Xetra,VUSA.DE,etf,EUR
IE00BDD48R20,VUSC,VANG.USD CORP.1-3 YR BDD,Xetra,VUSC.DE,etf,EUR
FR0000124141,VVD,VEOLIA ENVIRONNE. EO 5,Xetra,VVD.DE,stock,EUR
IE00BL0BMZ89,VVGM,VANECK MS GL. MOAT UC.ETF,Xetra,VVGM.DE,etf,EUR
IE0002PG6CA6,VVMX,VANECK RARE EARTH UC.ETF,Xetra,VVMX.DE,etf,EUR
IE00BMC38736,VVSM,VANECK SEMICONDUCT UC.ETF,Xetra,VVSM.DE,etf,EUR
FR0000127771,VVU,"VIVENDI SE   INH. EO 0,55",Xetra,VVU.DE,stock,EUR
DE0005408686,VVV3,OEKOWORLD AG VZNA O.N.,Xetra,VVV3.DE,stock,EUR
IE00BK5BQT80,VWCE,VANG.FTSE A.W. DLA,Xetra,VWCE.DE,etf,EUR
IE00BK5BQX27,VWCG,VANG.FTSE DEV.EU.UETF EOA,Xetra,VWCG.DE,etf,EUR
DK0061539921,VWSB,"VESTAS WIND SYS. DK -,20",Xetra,VWSB.DE,stock,EUR
US92532F1003,VX1,"VERTEX PHARMAC.    DL-,01",Xetra,VX1.DE,stock,EUR
IE00BH04GW44,VX6F,VANG.UK GILT LS ACC,Xetra,VX6F.DE,etf,EUR
CH0557519201,VXT,"VIDINEXT AG      N.EO-,20",Xetra,VXT.DE,stock,EUR
IE000G1H7OC0,VXUD,VFP-VFAWEUSUE DLD,Xetra,VXUD.DE,etf,EUR
IE0009A5ADV9,VXUS,VFP-VFAWEUSUE DLA,Xetra,VXUS.DE,etf,EUR
IE0005HNE843,VYEU,WISDOMTREE EUR.VAL.UE EOA,Xetra,VYEU.DE,etf,EUR
IE000D1017N2,VYGL,WISDOMTREE-GL.VAL.DL ACC.,Xetra,VYGL.DE,etf,EUR
IE000F9AQNW6,VYUS,WISD.US VA E. DLA,Xetra,VYUS.DE,etf,EUR
IE00BKLF1R75,W1TA,WSDMTR.BATT.SOL.ETF DLACC,Xetra,W1TA.DE,etf,EUR
IE00BLPK3577,W1TB,WI.IC.CYBER.E. DLA,Xetra,W1TB.DE,etf,EUR
IE00BJQTJ848,W311,HANETF-HAR.HEA.CAR.DLA,Xetra,W311.DE,etf,EUR
IE000SGVQIZ9,W450,HSBC PACIFICJAP DLA,Xetra,W450.DE,etf,EUR
US98138H1014,W7D,"WORKDAY INC.CL.A  DL-,001",Xetra,W7D.DE,stock,EUR
US25063F1075,W8K,DESTINY TECH100 INC.,Xetra,W8K.DE,stock,EUR
US1474481041,WA3,CASELLA WASTE SYS A DL-01,Xetra,WA3.DE,stock,EUR
DE000WACK012,WAC,WACKER NEUSON SE NA O.N.,Xetra,WAC.DE,stock,EUR
DE000WAF3001,WAF,SILTRONIC AG NA O.N.,Xetra,WAF.DE,stock,EUR
AT0000A25NJ6,WAH,WOLFTANK GROUP AG    O.N.,Xetra,WAH.DE,stock,EUR
IE00BDVPNS35,WAXG,WISDOMTR.EN.C.E-AG.DL AC.,Xetra,WAXG.DE,etf,EUR
US9418481035,WAZ,"WATERS CORP.       DL-,01",Xetra,WAZ.DE,stock,EUR
US9297401088,WB2,"WESTINGH.AI.BR.T.  DL-,01",Xetra,WB2.DE,stock,EUR
IE000940RNE6,WBKN,WISDTREBLOCKETF DLA,Xetra,WBKN.DE,etf,EUR
DE000WCH8881,WCH,WACKER CHEMIE        O.N.,Xetra,WCH.DE,stock,EUR
IE000017NMH7,WDAF,WIWADE I SYS.HDGDEOA,Xetra,WDAF.DE,etf,EUR
US9581021055,WDC,"WESTN DIGITAL      DL-,01",Xetra,WDC.DE,stock,EUR
IE000AIFGRB9,WDEE,IM2-I.S+P WOR.EN.T+S DLA,Xetra,WDEE.DE,etf,EUR
IE0008RX29L5,WDEY,INVESCOM2-WIND ENERGY,Xetra,WDEY.DE,etf,EUR
IE000CXVOXQ1,WDGE,WISDOMTR.US QU.D.G.HDGDEO,Xetra,WDGE.DE,etf,EUR
IE000KLC2EN9,WDGF,WT-GL.DEFENCE I SYS.HDGDE,Xetra,WDGF.DE,etf,EUR
DK0060738599,WDH1,"DEMANT AS A        DK 0,2",Xetra,WDH1.DE,stock,EUR
DE000WNDL300,WDL1,NAKIKI SE INH O.N.,Xetra,WDL1.DE,stock,EUR
LU1681046006,WDNR,AIS-AM.GL BIOE. EUR ACC,Xetra,WDNR.DE,etf,EUR
US2546871060,WDP,DISNEY (WALT) CO.,Xetra,WDP.DE,stock,EUR
IE000C9LBYZ8,WDRD,WT-DE.DE.R.A.EO EOA,Xetra,WDRD.DE,etf,EUR
IE000RAY1B92,WDRT,WT-DEF.R.AU.EO EOA,Xetra,WDRT.DE,etf,EUR
IE000SU1VJ03,WDSD,SS SPDR MSCI WLD SC UE DL,Xetra,WDSD.DE,etf,EUR
IE000Q0IU5T1,WDTE,IM2SPWITESGETF DLA,Xetra,WDTE.DE,etf,EUR
IE000CO65C82,WDVA,WT GL.HIGH DIV. I SYS.HDG,Xetra,WDVA.DE,etf,EUR
IE000Q0CAPZ0,WDVD,WT GL.HIGH DIV. I SYS.HDG,Xetra,WDVD.DE,etf,EUR
US9576381092,WEA,WESTERN ALLIANCE BANC.,Xetra,WEA.DE,stock,EUR
IE0006IP4XZ8,WEB2,A.ETF-A.MSCI U.ESG BR.T.A,Xetra,WEB2.DE,etf,GBP
IE000Y9MG996,WEBA,AMUNDIUTCH100EW DLD,Xetra,WEBA.DE,etf,EUR
IE000Y9MG996,WEBB,AMUNDIUTCH100EW DLD,Xetra,WEBB.DE,etf,USD
IE000MJIXFE0,WEBC,AETF-MNAEBRTRA EO DIS,Xetra,WEBC.DE,etf,EUR
IE000R85HL30,WEBD,AETF-MUSCPA DLA,Xetra,WEBD.DE,etf,EUR
IE000UZTA1X0,WEBE,AM-S+P500 CL.PAR.AL.DLD,Xetra,WEBE.DE,etf,USD
IE0009HF1MK9,WEBG,AM AL CT.WL.ETF DLD,Xetra,WEBG.DE,etf,EUR
IE000FSN19U2,WEBH,AMUNDI CORE MSCI USA UE A,Xetra,WEBH.DE,etf,EUR
IE000IEGVMH6,WEBI,AMUNDI CORE MSCI USA UE D,Xetra,WEBI.DE,etf,EUR
IE0009HF1MK9,WEBJ,AM AL CT.WL.ETF DLD,Xetra,WEBJ.DE,etf,USD
IE0009HF1MK9,WEBK,AM AL CT.WL.ETF DLD,Xetra,WEBK.DE,etf,GBP
IE000FSN19U2,WEBL,AMUNDI CORE MSCI USA UE A,Xetra,WEBL.DE,etf,USD
IE000IEGVMH6,WEBM,AMUNDI CORE MSCI USA UE D,Xetra,WEBM.DE,etf,GBP
IE0003XJA0J9,WEBN,AM AL CT.WL.ETF DLA,Xetra,WEBN.DE,etf,EUR
IE000UZTA1X0,WEBP,AM-S+P500 CL.PAR.AL.DLD,Xetra,WEBP.DE,etf,EUR
IE0003XJA0J9,WEBQ,AM AL CT.WL.ETF DLA,Xetra,WEBQ.DE,etf,USD
IE000N85G7P8,WEBU,AMCOREMSCIUS DLA,Xetra,WEBU.DE,etf,EUR
IE000I50V6C7,WEEK,HANETF2IC-WWEIE DLD,Xetra,WEEK.DE,etf,EUR
IE000AFVONT7,WEIF,WT-EUR.INFRAS. I SYS.HDGD,Xetra,WEIF.DE,etf,EUR
IE000LTA2082,WEL0,AM-SP WLD INDS SCR. UE A,Xetra,WEL0.DE,etf,USD
IE000NM0ALX6,WEL1,AM-SPWLDCONDISSCR. EO UEA,Xetra,WEL1.DE,etf,USD
IE00061J0RC6,WEL2,AM-SPWLDCONDISSCR. UE D,Xetra,WEL2.DE,etf,USD
IE000ZIJ5B20,WEL3,AM-SPWLDCONSST.SCR. UE A,Xetra,WEL3.DE,etf,USD
IE0005NYD352,WEL4,AM-SPWLDCONSST.SCR. UE D,Xetra,WEL4.DE,etf,USD
IE000J0LN0R5,WEL5,AM.ETF-A.S+P W.EN.SCR.EOA,Xetra,WEL5.DE,etf,USD
IE0009SJ3GE3,WEL6,AM.ETF-A.S+P W.EN.SCR.EOD,Xetra,WEL6.DE,etf,USD
IE000KYX7IP4,WEL7,AM-SP WLD FIN.SCR. UE A,Xetra,WEL7.DE,etf,USD
IE000ENYES77,WEL8,AM-SP WLD FIN.SCR. UE D,Xetra,WEL8.DE,etf,USD
IE0006FM6MI8,WEL9,AM-SPWLDHLTHCARESCR. UE A,Xetra,WEL9.DE,etf,USD
IE0000ZVYDH0,WELA,AM.MSCI ACWI SRI CPA A,Xetra,WELA.DE,etf,EUR
IE0000ZVYDH0,WELB,AM.MSCI ACWI SRI CPA A,Xetra,WELB.DE,etf,USD
IE00061J0RC6,WELC,AM-SPWLDCONDISSCR. UE D,Xetra,WELC.DE,etf,EUR
IE000PMX0MW6,WELD,AM-SP WLD UT.SCR. UE A,Xetra,WELD.DE,etf,EUR
IE000LAP5Z18,WELE,AM.ETF-S+P500EWESG UETFA,Xetra,WELE.DE,etf,EUR
IE000LAP5Z18,WELF,AM.ETF-S+P500EWESG UETFA,Xetra,WELF.DE,etf,USD
IE000JKS50V3,WELG,AM-SPWLDHLTHCARESCR. UE D,Xetra,WELG.DE,etf,EUR
IE000LTA2082,WELH,AM-SP WLD INDS SCR. UE A,Xetra,WELH.DE,etf,EUR
IE000FCGBU62,WELI,AM-SP WLD MAT.SCR. UE A,Xetra,WELI.DE,etf,EUR
IE000NM0ALX6,WELJ,AM-SPWLDCONDISSCR. EO UEA,Xetra,WELJ.DE,etf,EUR
IE000KYX7IP4,WELK,AM-SP WLD FIN.SCR. UE A,Xetra,WELK.DE,etf,EUR
IE000GEHNQU9,WELL,AM-SPWLDINF.TECHSCR. UE D,Xetra,WELL.DE,etf,EUR
IE0005NYD352,WELM,AM-SPWLDCONSST.SCR. UE D,Xetra,WELM.DE,etf,EUR
IE000J0LN0R5,WELN,AM.ETF-A.S+P W.EN.SCR.EOA,Xetra,WELN.DE,etf,EUR
IE0009SJ3GE3,WELP,AM.ETF-A.S+P W.EN.SCR.EOD,Xetra,WELP.DE,etf,EUR
IE00052T92P8,WELQ,AM-SP WLD UT.SCR. UE D,Xetra,WELQ.DE,etf,EUR
IE000ANYHV73,WELR,A.ETF-S+P W.COMM.S.SC.UED,Xetra,WELR.DE,etf,EUR
IE0006FM6MI8,WELS,AM-SPWLDHLTHCARESCR. UE A,Xetra,WELS.DE,etf,EUR
IE00026BEVM6,WELT,AM-SP WLD INDS SCR. UE D,Xetra,WELT.DE,etf,EUR
IE000E7EI9P0,WELU,AM-SPWLDINF.TECHSCR. UE A,Xetra,WELU.DE,etf,EUR
IE000WP7CVZ7,WELV,AM-SP WLD MAT.SCR. UE D,Xetra,WELV.DE,etf,EUR
IE000ZIJ5B20,WELW,AM-SPWLDCONSST.SCR. UE A,Xetra,WELW.DE,etf,EUR
IE000EFHIFG3,WELX,A.ETF-S+P W.COMM.S.SC.UEA,Xetra,WELX.DE,etf,EUR
IE000ENYES77,WELY,AM-SP WLD FIN.SCR. UE D,Xetra,WELY.DE,etf,EUR
IE000JKS50V3,WELZ,AM-SPWLDHLTHCARESCR. UE D,Xetra,WELZ.DE,etf,USD
IE000Q1M7HB8,WEMT,WIWTEE I SYS.HDGDEOA,Xetra,WEMT.DE,etf,EUR
IE000611IJM3,WENH,WT STRA.MET. HGDEOA,Xetra,WENH.DE,etf,EUR
IE0007UE04X9,WENU,WT STRA.MET. EOA,Xetra,WENU.DE,etf,EUR
DE000A2N4H07,WEW,WESTWING GROUP  INH. O.N.,Xetra,WEW.DE,stock,EUR
IE0009BI8Z04,WEXD,AM.MSCIWLDEXUSA FDLD,Xetra,WEXD.DE,etf,USD
IE00085PWS28,WEXE,AM.MSCIWLDEXUSA DLA,Xetra,WEXE.DE,etf,EUR
IE0009BI8Z04,WEXF,AM.MSCIWLDEXUSA FDLD,Xetra,WEXF.DE,etf,EUR
IE00085PWS28,WEXU,AM.MSCIWLDEXUSA DLA,Xetra,WEXU.DE,etf,USD
IE00018LB0D8,WF1E,IM2SPWFINESGETF DLA,Xetra,WF1E.DE,etf,EUR
US50077B2079,WF5A,KRATOS DEF.+SEC.NEW DL001,Xetra,WF5A.DE,stock,EUR
DE0005181606,WFA,WENG FINE ART AG NA O.N.,Xetra,WFA.DE,stock,EUR
IE000KCKFHE8,WGDP,AMEIC-FT.A.W.GW DLA,Xetra,WGDP.DE,etf,EUR
IE000004V778,WGE0,AME-MWSCPAAL DLD,Xetra,WGE0.DE,etf,USD
IE000004V778,WGES,AME-MWSCPAAL DLD,Xetra,WGES.DE,etf,EUR
IE0007M3MLF3,WGRU,WI.-GLQUDIGR I SYS.HDGDEO,Xetra,WGRU.DE,etf,EUR
US78467J1007,WGSA,"SS+C TECHNOL.HLDGS DL-,01",Xetra,WGSA.DE,stock,EUR
IE000L4EH2K5,WH2E,IM2SPWHCESGETF DLA,Xetra,WH2E.DE,etf,EUR
AT0000831706,WIB,WIENERBERGER,Xetra,WIB.DE,stock,EUR
US92939U1060,WIC,WEC ENERGY GRP      DL 10,Xetra,WIC.DE,stock,EUR
IE000X1GW0A7,WIMI,X.IEX.MS.W.I.E 1CDLA,Xetra,WIMI.DE,etf,EUR
IE000KJPDY61,WINC,ISHS 3-WEQHINAE DLD,Xetra,WINC.DE,etf,EUR
IE000O7Q2E56,WIRE,X.EL.TEC.SM.GR. 1CDLA,Xetra,WIRE.DE,etf,EUR
US93627C1018,WJ4,"WARRIOR MET COAL  DL -,01",Xetra,WJ4.DE,stock,EUR
US96208T1043,WL9,"WEX INC.          DL -,01",Xetra,WL9.DE,stock,EUR
IE000Q5CPXZ1,WLSH,A.MSCI W.SCR.E. EOA,Xetra,WLSH.DE,etf,EUR
FR0013209921,WLXU,AM.MSCIWEXUSSCR,Xetra,WLXU.DE,etf,EUR
US9699041011,WM1,WILLIAMS-SONOMA INC.DL-01,Xetra,WM1.DE,stock,EUR
US9694571004,WMB,WILLIAMS COS INC.    DL 1,Xetra,WMB.DE,stock,EUR
IE000UZZ5D45,WMFS,A-MSCIWLDSMCESG BR.TR.DLA,Xetra,WMFS.DE,etf,EUR
IE000UZZ5D45,WMFT,A-MSCIWLDSMCESG BR.TR.DLA,Xetra,WMFT.DE,etf,GBP
IE0000902GT6,WMGT,WI.IC.MEGATRENDS DL ACC.,Xetra,WMGT.DE,etf,EUR
IE00BDFBTQ78,WMIN,VANECK GL.MINING UC.ETF,Xetra,WMIN.DE,etf,EUR
IE000AZV0AS3,WMMS,AM-MSCIWLDIMIVAL.ADV.DLA,Xetra,WMMS.DE,etf,EUR
IE000AZV0AS3,WMMT,AM-MSCIWLDIMIVAL.ADV.DLA,Xetra,WMMT.DE,etf,GBP
IE0001DKJVC2,WMMV,AM-MSCIWLDMINVOLADV.DLA,Xetra,WMMV.DE,etf,EUR
IE0001DKJVC2,WMMX,AM-MSCIWLDMINVOLADV.DLA,Xetra,WMMX.DE,etf,GBP
IE0007I99HX7,WMOT,VEVMSTUSMOAT ADLA,Xetra,WMOT.DE,etf,EUR
IE0001FQFU60,WMSE,AM-MSCIWLDMOMADV.DLA,Xetra,WMSE.DE,etf,EUR
IE0001FQFU60,WMSF,AM-MSCIWLDMOMADV.DLA,Xetra,WMSF.DE,etf,GBP
US9311421039,WMT,"WALMART DL-,10",Xetra,WMT.DE,stock,EUR
IE000JNHCBM6,WNDY,GL.X-WINERGYETF UHGDDLA,Xetra,WNDY.DE,etf,EUR
IE0003BJ2JS4,WNUC,WT-URA.NU.EN. I SYS.HDGDE,Xetra,WNUC.DE,etf,EUR
IE000D8XC064,WOEE,ISHS3-WLD EQ.EN.ACT. DLA,Xetra,WOEE.DE,etf,EUR
DE000A254203,WOLF,META WOLF AG INH O.N.,Xetra,WOLF.DE,stock,EUR
NL0000395903,WOSB,WOLTERS KLUWER NAM. EO-12,Xetra,WOSB.DE,stock,EUR
US95082P1057,WP7,"WESCO INTL INC.    DL-,01",Xetra,WP7.DE,stock,EUR
IE00BMXC7W70,WPAB,IS3-MS.W.P.A.C. DLA,Xetra,WPAB.DE,etf,EUR
IE000W8WMSL2,WQTM,WTI-QU.COM. DLA,Xetra,WQTM.DE,etf,EUR
IE00BLRPRR04,WRLD,ARK I.UI-R.E.I.100 ETFDLA,Xetra,WRLD.DE,etf,EUR
IE000O8KMPM1,WRNA,W.T.I.BIOR.E. DLA,Xetra,WRNA.DE,etf,EUR
IE000P3D0W60,WRNW,WI.RENEW.ENERGY I SYS.HDG,Xetra,WRNW.DE,etf,EUR
IE0001858L90,WROE,BNPPE2 WACFRE EOA,Xetra,WROE.DE,etf,EUR
IE0004GONJX4,WROT,BNPPE2 WACFRE DLA,Xetra,WROT.DE,etf,USD
IE000XNILW20,WSDG,WT-GL SUST.EQ. I SYS.HDGD,Xetra,WSDG.DE,etf,EUR
IE000VDH1PG3,WSPC,WT SPACEECONOMY I SYS.HDG,Xetra,WSPC.DE,etf,EUR
US9741551033,WST,"WINGSTOP INC.      DL-,01",Xetra,WST.DE,stock,EUR
DE0007507501,WSU,WASHTEC AG O.N.,Xetra,WSU.DE,stock,EUR
IE00BDF16114,WTD7,WISDOMTREE EUR.SC.DIV.EOA,Xetra,WTD7.DE,etf,EUR
IE00BDF12W49,WTD8,WISDOMTREE E.M.HGH DV DLA,Xetra,WTD8.DE,etf,EUR
IE00BD6RZT93,WTD9,WISDOMTREE US HGH D.DLAC,Xetra,WTD9.DE,etf,EUR
IE00BYQCZX56,WTDF,WISDOMTREE EUR.EQ.U.E.EOA,Xetra,WTDF.DE,etf,EUR
IE00BVXBH163,WTDH,WISDOMTREE EUR.EQ.U.E.DLH,Xetra,WTDH.DE,etf,EUR
IE00BZ0XVF52,WTDI,WISDOMTREE AT1 COCO BD DL,Xetra,WTDI.DE,etf,EUR
IE00BZ56RG20,WTDM,WISDOMTR.US QU.DV.GR.DLAC,Xetra,WTDM.DE,etf,EUR
IE00BVXC4854,WTDX,WISDOMTREE JAP.EQ.U.E.DLH,Xetra,WTDX.DE,etf,EUR
IE00BD6RZW23,WTDY,WISDOMTREE US HGH D. EOHA,Xetra,WTDY.DE,etf,EUR
IE00BFNNN236,WTEB,WTR.AT1 COCO BD HGDEOD,Xetra,WTEB.DE,etf,EUR
IE00BQZJBM26,WTED,WISDOMTREE E.M.SC DIV.ETF,Xetra,WTED.DE,etf,EUR
IE00BQZJBX31,WTEE,WISDOMTREE EUR.HGH D.UE,Xetra,WTEE.DE,etf,EUR
IE000KF370H3,WTEF,WISD.US EFF.CO. I SYS.HDG,Xetra,WTEF.DE,etf,EUR
IE00BG88WG77,WTEH,WTR ENH.COMMOD. HGDEOA,Xetra,WTEH.DE,etf,EUR
IE00BQQ3Q067,WTEI,WISDOMTREE E.M.HGH DIV UE,Xetra,WTEI.DE,etf,EUR
IE00BJGWQN72,WTEJ,WISDOMTREE CLOUD COMP.DLA,Xetra,WTEJ.DE,etf,EUR
IE00BZ56SW52,WTEM,WISDOMTR.GL.QUA.DV.GR.DLA,Xetra,WTEM.DE,etf,EUR
IE00BZ56RN96,WTEQ,WISDOMTR.GL.QUAL.DV.GR.DL,Xetra,WTEQ.DE,etf,EUR
IE000X9TLGN8,WTER,W.T.I.N.E.R.E. DL,Xetra,WTER.DE,etf,EUR
IE00BQZJC527,WTES,WISDOMTREE EUR.SC.DIV.ETF,Xetra,WTES.DE,etf,EUR
IE00BQZJBQ63,WTEU,WISDOMTREE US HGH DIV.UE,Xetra,WTEU.DE,etf,EUR
IE00BDVPNG13,WTI2,WISDOMTREE ART. INT.DLAC,Xetra,WTI2.DE,etf,EUR
IE00BYMLZY74,WTIC,WISDOMTREE ENH.COM.U.E.DA,Xetra,WTIC.DE,etf,EUR
IE00BYQCZJ13,WTIF,WISDOMTREE JAP.E.U.E.EOAH,Xetra,WTIF.DE,etf,EUR
IE00BZ0XVG69,WTIG,WISDOMTREE AT1 COCO BD DA,Xetra,WTIG.DE,etf,EUR
IE00BZ56TQ67,WTIM,WISDOMTR.EO.QUAL.DV.GR.EA,Xetra,WTIM.DE,etf,EUR
IE00BYQCZN58,WTIZ,WISDOMTREE JAP.E.U.E.DLAC,Xetra,WTIZ.DE,etf,EUR
IE0007Z28IJ7,WTMT,WIWTME I SYS.HDGDEOA,Xetra,WTMT.DE,etf,EUR
IE000MO2MB07,WTRE,W.T.I.N.E.R.E. DLA,Xetra,WTRE.DE,etf,EUR
IE000JMMZAP4,WTWE,LG WTW G.E.D.E. HDGEOA,Xetra,WTWE.DE,etf,EUR
IE000GUIUCJ1,WTWG,LG WTW G.E.D.E. DLA,Xetra,WTWG.DE,etf,EUR
IE00BDB6Q211,WTY,WILLIS TOWERS WATSON,Xetra,WTY.DE,stock,EUR
LU3332965949,WUSA,AIS-ACMUS U.ETFDLA,Xetra,WUSA.DE,etf,EUR
LU3332966160,WUSH,AIS-ACMUS U.ETF HGDEOA,Xetra,WUSH.DE,etf,EUR
DE0008051004,WUW,WUESTENROT+WUERTT.AG O.N.,Xetra,WUW.DE,stock,EUR
US9831341071,WYR,"WYNN RESORTS LTD   DL-,01",Xetra,WYR.DE,stock,EUR
LU2572257397,X014,AIS-MSCIPEBRTRA U.ETFDLD,Xetra,X014.DE,etf,EUR
LU2572257470,X026,AIS-AMESCEBTUE EOD,Xetra,X026.DE,etf,EUR
LU0614173549,X03B,XTR.II EUROZ.GOV.BD1-3 1D,Xetra,X03B.DE,etf,EUR
LU0614173895,X03C,XTR.II EURZ.GOV.BD 3-5 1D,Xetra,X03C.DE,etf,EUR
LU0643975591,X03F,XTR.II EUROZ.GOV.BD 1D,Xetra,X03F.DE,etf,EUR
LU0643975161,X03G,XTR.II GER.GOV.BD 1C,Xetra,X03G.DE,etf,EUR
US9252831030,X06,VERSANT MEDIA GRP A O.N.,Xetra,X06.DE,stock,EUR
LU1681046857,X1GD,AIS-EO L.R.IG GOV.BD DIS,Xetra,X1GD.DE,etf,EUR
LU3003218016,X2AE,XTR.II AUSGB 2C-HGDEOA,Xetra,X2AE.DE,etf,EUR
IE000HY30YW6,X500,X.IEX.SP500SW2 1CDLA,Xetra,X500.DE,etf,EUR
IE000HY30YW6,X50U,X.IEX.SP500SW2 1CDLA,Xetra,X50U.DE,etf,USD
LU0290357176,X57E,XTR.II EURZ.GOV.BD 5-7 1C,Xetra,X57E.DE,etf,EUR
IE000UP2BIZ9,X5SP,XT.-S+P500 4DDLD,Xetra,X5SP.DE,etf,EUR
IE000FO05UG4,X5UD,X.IEX.SP500SW2 1DDLD,Xetra,X5UD.DE,etf,USD
IE00003M6Z62,X600,X.IEX.ST.EU6002 1CEOA,Xetra,X600.DE,etf,EUR
US7811541090,X68,"RUBRIK INC. A DL-,001",Xetra,X68.DE,stock,EUR
LU0290357259,X710,XTR.II EUR.GOV.BD 7-10 1C,Xetra,X710.DE,etf,EUR
IE00BYXYX521,XAAG,INVESCOMI BB CMTY EXAGR A,Xetra,XAAG.DE,etf,EUR
LU3367672022,XAHY,X2-EUR HY CBACE 1CEOA,Xetra,XAHY.DE,etf,EUR
IE00BGV5VP75,XAIB,X(I)-AI+BIG DATA ETF 1DDL,Xetra,XAIB.DE,etf,EUR
LU3367672295,XAIG,X2-EO IG CBACE 1CEOA,Xetra,XAIG.DE,etf,EUR
LU0476289623,XAIN,XTR.MSCI INDON.SWAP 1C,Xetra,XAIN.DE,etf,EUR
IE00BGV5VN51,XAIX,X(I)-AI+BIG DATA ETF 1CDL,Xetra,XAIX.DE,etf,EUR
IE000Y77LGG9,XAM0,AME-MWSCPAAL EOA,Xetra,XAM0.DE,etf,GBP
IE000Y77LGG9,XAMB,AME-MWSCPAAL EOA,Xetra,XAMB.DE,etf,EUR
LU3123443510,XASB,X2 S.DL GL.A.S. 1DDLD,Xetra,XASB.DE,etf,EUR
LU0292097747,XASX,XTRACKERS MSCI UK ESG 1D,Xetra,XASX.DE,etf,EUR
IE00BFZPF439,XAT1,IM2-INV.DL AT1 COCOBD EHA,Xetra,XAT1.DE,etf,EUR
LU0322252171,XAXJ,XTR.MACAEJESG S1C,Xetra,XAXJ.DE,etf,EUR
IE00BLCHJB90,XB0T,GL X ETF-GXROBSAI DLA,Xetra,XB0T.DE,etf,EUR
LU2673523218,XB27,X.IIT.M.S.27EO 1DEOD,Xetra,XB27.DE,etf,EUR
LU2810185665,XB28,XTR.2-T.M.SE.28 1DEOD,Xetra,XB28.DE,etf,EUR
LU2673523309,XB29,X.IIT.M.S.29EO 1DEOD,Xetra,XB29.DE,etf,EUR
LU2809864296,XB30,XTR2TMS30ECBETF 1DEOD,Xetra,XB30.DE,etf,EUR
LU2673523481,XB31,X.IIT.M.S.31EO 1DEOD,Xetra,XB31.DE,etf,EUR
LU2809864452,XB32,XTR2TMS32ECBETF 1DEOD,Xetra,XB32.DE,etf,EUR
LU2673523564,XB33,X.IIT.M.S.33EO 1DEOD,Xetra,XB33.DE,etf,EUR
LU2809864619,XB34,XTR2TMS34ECBETF 1DEOD,Xetra,XB34.DE,etf,EUR
LU3152892546,XB35,XT2TAMA0935EOCB 1DEOD,Xetra,XB35.DE,etf,EUR
LU3152892629,XB36,XT2TAMA0936EOCB 1DEOD,Xetra,XB36.DE,etf,EUR
LU0659579063,XB4A,XTR.ATX 1CEO,Xetra,XB4A.DE,etf,EUR
LU0484968903,XB4D,XTR.IIEOCOBDSRIPAB 1C,Xetra,XB4D.DE,etf,EUR
LU0484968812,XB4F,XTR.IIEOCOBDSRIPAB 1D,Xetra,XB4F.DE,etf,EUR
LU0942970798,XBAE,XTR.II ESG GL.AG.BD 5CEOH,Xetra,XBAE.DE,etf,EUR
LU0942970103,XBAG,XTR.II ESG GBL AGG.BD 1D,Xetra,XBAG.DE,etf,EUR
LU0659579147,XBAK,XTR.MSCI PAKIST.SWAP 1CDL,Xetra,XBAK.DE,etf,EUR
LU0659578842,XBAM,XTR.MSCI SINGAPORE 1CDL,Xetra,XBAM.DE,etf,USD
LU0659578842,XBAS,XTR.MSCI SINGAPORE 1CDL,Xetra,XBAS.DE,etf,EUR
LU0484969463,XBAT,XT2-TM S29 I+S GVB ETF 1C,Xetra,XBAT.DE,etf,EUR
IE000VMAR5O6,XBEE,XTRIE EBIODFSRI 1CEOA,Xetra,XBEE.DE,etf,EUR
IE000YMQ2SC9,XBHE,LG-CBEBHR02Y HDG ACEOA,Xetra,XBHE.DE,etf,EUR
IE000CWS09Q9,XBHR,LG-CBEBHR02Y DLA,Xetra,XBHR.DE,etf,EUR
IE000E0V65D8,XBI0,XTRIE WBIODFSRI 1CDLA,Xetra,XBI0.DE,etf,EUR
LU0613540268,XBO2,XTR.II IT.GOV.BD0-1SW. 1C,Xetra,XBO2.DE,etf,EUR
IE000LOSV2D0,XBUZ,XTRIE UBIODFSRI 1CDLA,Xetra,XBUZ.DE,etf,EUR
FR0000045072,XCA,CREDIT AGRICOLE INH. EO 3,Xetra,XCA.DE,stock,EUR
LU0429790743,XCBE,XTR.BB COMM.SWAP 2CEOH,Xetra,XCBE.DE,etf,EUR
IE000W6L2AI3,XCEU,XTR.IE)M.EM.T.E 1CEOD,Xetra,XCEU.DE,etf,EUR
LU0779800910,XCHA,XTR.CSI300 SWAP 1C,Xetra,XCHA.DE,etf,EUR
IE0006FDYJF8,XCJD,XTR.IE)MS.J.T.E 1DDLD,Xetra,XCJD.DE,etf,EUR
LU2278080713,XCMC,XTA.DB BCOYS 1CDLA,Xetra,XCMC.DE,etf,EUR
LU2469465822,XCNA,XT-MSCICNASCSW 1CDLA,Xetra,XCNA.DE,etf,EUR
LU1981859819,XCO2,MUL AMUN PRB1-10 ETF ACC,Xetra,XCO2.DE,etf,EUR
LU0494592974,XCS2,XTR.II AUSTR.GOV.BD 1C,Xetra,XCS2.DE,etf,EUR
LU0514694370,XCS3,XTR.MSCI MALAYSIA 1CDL,Xetra,XCS3.DE,etf,EUR
LU0514694701,XCS4,XTR.MSCI THAILAND 1CDL,Xetra,XCS4.DE,etf,EUR
LU0514695187,XCS5,XTR.MSCI INDIA SWAP 1CDL,Xetra,XCS5.DE,etf,EUR
LU0514695690,XCS6,XTR.MSCI CHINA 1C,Xetra,XCS6.DE,etf,EUR
LU2456436083,XCS7,XTRA.MSCI CH 1DDLD,Xetra,XCS7.DE,etf,EUR
LU2788421340,XCSI,XTR-CSI500 SWAP 1CDLA,Xetra,XCSI.DE,etf,EUR
LU2376679564,XCTE,XTR.H.M.C.T.100 1CDLA,Xetra,XCTE.DE,etf,EUR
IE000P4AYI47,XCTW,XTR.IE)MS.W.T.E 1CDLA,Xetra,XCTW.DE,etf,EUR
IE000GYDNJS5,XCUD,XTR.IE)MS.U.T.E 1DDLD,Xetra,XCUD.DE,etf,EUR
AT000000STR1,XD4,STRABAG SE,Xetra,XD4.DE,stock,EUR
LU0846194776,XD5E,XTR.MSCI EMU 1D,Xetra,XD5E.DE,etf,EUR
IE00BK1PV445,XD9D,X(IE) - MSCI USA 1D,Xetra,XD9D.DE,etf,EUR
IE00BG04M077,XD9E,X(IE) - MSCI USA 2CEOHD,Xetra,XD9E.DE,etf,EUR
IE00BJ0KDR00,XD9U,X(IE) - MSCI USA 1C,Xetra,XD9U.DE,etf,EUR
LU0292106167,XDBC,XTR.BBG COMM.X-AGR+LST.1C,Xetra,XDBC.DE,etf,EUR
IE00BFMKQC67,XDCC,XTR.-DL C.BD 1CDLA,Xetra,XDCC.DE,etf,USD
LU1349386927,XDDA,XTR.DAX 1D,Xetra,XDDA.DE,etf,EUR
LU0838782315,XDDX,XTR.DAX ESG SCR.1D,Xetra,XDDX.DE,etf,EUR
IE00BL25JN58,XDEB,X(IE)-MSCI WO.MI.VO. 1CDL,Xetra,XDEB.DE,etf,EUR
IE000CXLGK86,XDED,XT.-S+P500EW 2DDLD,Xetra,XDED.DE,etf,EUR
IE0002EI5AG0,XDEE,XT.-S+P500EW 2CHEOA,Xetra,XDEE.DE,etf,EUR
LU3061478973,XDEF,XTR.E.D.T.E. 1CEOA,Xetra,XDEF.DE,etf,EUR
IE00BL25JP72,XDEM,X(IE)-MSCI WRLD MOM. 1CDL,Xetra,XDEM.DE,etf,EUR
IE00BYPHT736,XDEP,X(IE)-IB.EO C.B.Y.P. 1D,Xetra,XDEP.DE,etf,EUR
IE00BL25JL35,XDEQ,X(IE)-MSCI WRLD QUAL.1CDL,Xetra,XDEQ.DE,etf,EUR
IE00BL25JM42,XDEV,X(IE)-MSCI WORLD VAL.1CDL,Xetra,XDEV.DE,etf,EUR
IE00BLNMYC90,XDEW,X(IE)-S+P 500 E.WGHT 1CDL,Xetra,XDEW.DE,etf,EUR
IE00BM67HJ62,XDEX,XTIE-MSCIEMEXCH 1CLSA,Xetra,XDEX.DE,etf,EUR
IE00036F4K40,XDG3,X(IE)MSCI GL.S3 1CDLA,Xetra,XDG3.DE,etf,EUR
IE0007WJ6B10,XDG6,XTR(IE)-MGCWSETF 1CDLA,Xetra,XDG6.DE,etf,EUR
IE000JZYIUN0,XDG7,X(IE)MSCI GL.S7 1CDLA,Xetra,XDG7.DE,etf,EUR
IE00BZ036J45,XDGE,X(IE)-USD CORP.BD 2DEOH,Xetra,XDGE.DE,etf,EUR
IE000PSF3A70,XDGI,XTR(IE)MSCI GL.SDGS 1CDLA,Xetra,XDGI.DE,etf,EUR
IE00B9MRJJ36,XDGM,XTR.(IE)-MDAX ESG SCR.1D,Xetra,XDGM.DE,etf,EUR
IE000L2IS494,XDGS,X(IE)MSCI GL.S.F. DLC1C,Xetra,XDGS.DE,etf,EUR
IE00BZ036H21,XDGU,X(IE)-USD CORP.BD 1DDL,Xetra,XDGU.DE,etf,EUR
LU1875395870,XDJE,XTR.NIKKEI 225 2DEOH,Xetra,XDJE.DE,etf,EUR
LU0839027447,XDJP,XTR.NIKKEI 225 1D,Xetra,XDJP.DE,etf,EUR
IE00050EGWG5,XDJU,X(IE)-DJE US EQ.RES.1CDLA,Xetra,XDJU.DE,etf,EUR
IE000VKFA2D2,XDJX,X(IE)-DJE EUR.EQ.RES.CEOD,Xetra,XDJX.DE,etf,EUR
IE00B9MRHC27,XDN0,X(IE) - MSCI NORDIC 1D,Xetra,XDN0.DE,etf,EUR
IE00BH361H73,XDND,X(IE)-MSCI NA.H.DI.YLD 1C,Xetra,XDND.DE,etf,EUR
IE00BRB36B93,XDNE,XTR.(IE)-MSCI JAP.SC.3C,Xetra,XDNE.DE,etf,EUR
IE00BPVLQD13,XDNY,XTR.(IE)-MSCI JAP.SC.1D,Xetra,XDNY.DE,etf,EUR
IE00BGJWX091,XDPD,X(IE)-S+P 500 1DEOH,Xetra,XDPD.DE,etf,EUR
IE00BM67HW99,XDPE,X(IE)-S+P 500 1CEOH,Xetra,XDPE.DE,etf,EUR
IE000Z9SJA06,XDPU,XT.-S+P500 4CDLCAP,Xetra,XDPU.DE,etf,EUR
IE00BN2BCY94,XDRE,XTIE-MSWRESTE. 1CDLA,Xetra,XDRE.DE,etf,EUR
LU0838780707,XDUK,XTR.FTSE 100 1C,Xetra,XDUK.DE,etf,EUR
IE00BM67HM91,XDW0,X(IE)-MSCI WO.ENERGY 1CDL,Xetra,XDW0.DE,etf,EUR
IE00BM67HP23,XDWC,X(IE)-MSCI WO.CO.DI. 1CDL,Xetra,XDWC.DE,etf,EUR
IE00BJ0KDQ92,XDWD,X(IE)-MSCI WORLD 1C,Xetra,XDWD.DE,etf,EUR
IE00BM67HL84,XDWF,X(IE)-MSCI WRLD FIN. 1CDL,Xetra,XDWF.DE,etf,EUR
IE00BM67HK77,XDWH,X(IE)-MSCI WO.HE.CA. 1CDL,Xetra,XDWH.DE,etf,EUR
IE00BM67HV82,XDWI,X(IE)-MSCI WO.INDUST.1CDL,Xetra,XDWI.DE,etf,EUR
IE00BK1PV551,XDWL,X(IE)-MSCI WORLD 1D,Xetra,XDWL.DE,etf,EUR
IE00BM67HS53,XDWM,X(IE)-MSCI WO.MATER. 1CDL,Xetra,XDWM.DE,etf,EUR
IE00BM67HN09,XDWS,X(IE)-MSCI WO.CO.ST. 1CDL,Xetra,XDWS.DE,etf,EUR
IE00BM67HT60,XDWT,X(IE)-MSCI WO.IN.TE. 1CDL,Xetra,XDWT.DE,etf,EUR
IE00BM67HQ30,XDWU,X(IE)-MSCI WO.UTILIT.1CDL,Xetra,XDWU.DE,etf,EUR
IE00BCHWNQ94,XDWY,XTR.(IE)-MSCI WORLD SC.1D,Xetra,XDWY.DE,etf,EUR
LU2641054122,XE01,X.2-EOZ.G.B0-1E 1CEOA,Xetra,XE01.DE,etf,EUR
LU0478205965,XEC1,XTR.II EUR CORP.BD 1D,Xetra,XEC1.DE,etf,EUR
IE000N9MLVT1,XECT,XTR.IE)MS.E.T.E 1CEOA,Xetra,XECT.DE,etf,EUR
IE00002ZKAP0,XEEE,XTR.IE EU EQ 1CEOA,Xetra,XEEE.DE,etf,EUR
IE0002PGSLZ5,XEEU,XTR.US EQ.EN 1CDLA,Xetra,XEEU.DE,etf,EUR
IE00094GSCQ4,XEEW,XTR.IE W.EQ 1CDLA,Xetra,XEEW.DE,etf,EUR
LU0290358224,XEIN,XTR.II EUR.INF.LINK.BD 1C,Xetra,XEIN.DE,etf,EUR
LU0321462953,XEMB,XTK2 DL JPM EM BOND 1CEOH,Xetra,XEMB.DE,etf,EUR
IE000DNSAS54,XEMC,XIEMSCIEMCLTETF 1CDLA,Xetra,XEMC.DE,etf,EUR
IE000GWA2J58,XEMD,XT.-MSCIEMMA 1DDLD,Xetra,XEMD.DE,etf,EUR
LU2158769930,XEML,XT.II-JPM EMLGB ETF 1DDLD,Xetra,XEML.DE,etf,EUR
IE000TZT8TI0,XEMN,XTR.EMNZPPAE1C 1CDLA,Xetra,XEMN.DE,etf,EUR
LU1920015366,XEMU,XTRACK.MSCI EMU 4CDLA,Xetra,XEMU.DE,etf,EUR
LU0335044896,XEOD,XTR.II EUR OV.RATE SW. 1D,Xetra,XEOD.DE,etf,EUR
LU0290358497,XEON,XTR.II EUR OV.RATE SW. 1C,Xetra,XEON.DE,etf,EUR
IE0001JH5CB4,XEPA,XTR.EU NZPPAE1C 1CEOA,Xetra,XEPA.DE,etf,EUR
LU3116008346,XEQ2,X.X.D.P.20P.EE 1CEOA,Xetra,XEQ2.DE,etf,EUR
LU3116008429,XEQ4,X.X.D.P.40P.EE 1CEOA,Xetra,XEQ4.DE,etf,EUR
LU3116008692,XEQ6,X.X.D.P.60P.E 1CEOA,Xetra,XEQ6.DE,etf,EUR
LU3116008775,XEQ8,XTR.D.PTF 80P.EQ.UE 1CEOA,Xetra,XEQ8.DE,etf,EUR
IE000FL46JJ1,XEQL,XIE SP500EQLWSW 1DDLD,Xetra,XEQL.DE,etf,EUR
IE000FL46JJ1,XEQS,XIE SP500EQLWSW 1DDLD,Xetra,XEQS.DE,etf,USD
IE000FO1A5D1,XEQU,XIE SP500EQLWSW 1CDLA,Xetra,XEQU.DE,etf,USD
IE000FO1A5D1,XEQW,XIE SP500EQLWSW 1CDLA,Xetra,XEQW.DE,etf,EUR
LU0380865021,XESC,XTR.EURO STOXX 50 1C,Xetra,XESC.DE,etf,EUR
LU0994505336,XESD,XTR.SPAIN 1DEO,Xetra,XESD.DE,etf,EUR
LU0592216393,XESP,XTR.SPAIN 1CEO,Xetra,XESP.DE,etf,EUR
IE000G5ERG83,XEST,X.IEX.EO ST.E. 1CEOA,Xetra,XEST.DE,etf,EUR
IE0000QMH1B4,XESU,X.IEX.ST.EU6002 1DEOD,Xetra,XESU.DE,etf,EUR
LU0274211217,XESX,XTR.EURO STOXX 50 1D,Xetra,XESX.DE,etf,EUR
IE000IDLWOL4,XEWE,XT-SP500EW S+S UE 2CHEOA,Xetra,XEWE.DE,etf,EUR
IE000MQ5XEW1,XEXA,LG-MUSTENCOEXAL DLA,Xetra,XEXA.DE,etf,EUR
FR0010150458,XEYX,BNP P.E.CAC 40 ESG  EO C,Xetra,XEYX.DE,etf,EUR
LU3119430067,XEZ1,X2EOZGB1-3ESGT 1CEOA,Xetra,XEZ1.DE,etf,EUR
LU3119430141,XEZ3,X2EOZGB3-5ESGT 1CEOA,Xetra,XEZ3.DE,etf,EUR
LU3119430224,XEZ5,X2EOZGB5-7ESGT 1CEOA,Xetra,XEZ5.DE,etf,EUR
LU3119430497,XEZ7,X2EOZGB7-10ESGT 1CEOA,Xetra,XEZ7.DE,etf,EUR
LU2504537445,XEZB,X2-E.G.B.E.T.E. 1DEOD,Xetra,XEZB.DE,etf,EUR
IE00064N5UY4,XEZG,XIE EOZ.GBD1-10 1CEOA,Xetra,XEZG.DE,etf,EUR
LU0321465469,XFFE,XTR.II USD OV.RATE SW. 1C,Xetra,XFFE.DE,etf,EUR
IE00BLCHJZ35,XFIN,GL X ETF-GXFINTC DLA,Xetra,XFIN.DE,etf,EUR
IE000F04HGE5,XFLN,X.IEX.FL.R.N 1CEOA,Xetra,XFLN.DE,etf,EUR
IE000YDOORK7,XFNT,XTR.XTR.MSCI FN 1C,Xetra,XFNT.DE,etf,EUR
LU0322252924,XFVT,XTRACK.VIETN.SWAP UETF 1C,Xetra,XFVT.DE,etf,EUR
LU2641054551,XG01,X.2-G.G.B.0-1 E 1CEOA,Xetra,XG01.DE,etf,EUR
IE000V0GDVU7,XG11,XTRIE MGSD11SC 1CDLA,Xetra,XG11.DE,etf,EUR
IE000Y6ZXZ48,XG12,XTRIE MGCE 1CDLA,Xetra,XG12.DE,etf,EUR
LU0908508731,XG7S,XTR.II GLOBAL GOV.BD 5C,Xetra,XG7S.DE,etf,EUR
LU3284391318,XGB4,XTR.IIGGB 4DEOD,Xetra,XGB4.DE,etf,EUR
IE000MCVFK47,XGBE,XTR.EO CO.GR.BD 1CEOA,Xetra,XGBE.DE,etf,EUR
IE0003W9O921,XGBU,XTR.DL CO.GR.BD 2CDLA,Xetra,XGBU.DE,etf,EUR
IE000EUY91Y9,XGCE,X.IEX.GL.C.B.E. 2C-HGDEOA,Xetra,XGCE.DE,etf,EUR
IE000KD0BZ68,XGEN,XTI-M.WBIOTEC 1CDLA,Xetra,XGEN.DE,etf,EUR
LU2504532487,XGEZ,X2-E.G.G.B.E. 1DEOD,Xetra,XGEZ.DE,etf,EUR
LU0962078753,XGII,XTR.II GL.INF.-LINK.BD 1D,Xetra,XGII.DE,etf,EUR
LU0290357929,XGIN,XTR.II GL.INF.-LI.B.1CEOH,Xetra,XGIN.DE,etf,EUR
LU0908508814,XGIU,XTR.II GL.INF.-LINK.BD 5C,Xetra,XGIU.DE,etf,EUR
IE000M8F3JA6,XGLA,XTIE-GL.GR.LEAC 1CDLA,Xetra,XGLA.DE,etf,EUR
LU0290355717,XGLE,XTR.II EUROZ.GOV.BD 1C,Xetra,XGLE.DE,etf,EUR
IE00BQXKVQ19,XGLF,X(IE)-MSCI GCC SEL.SW. 1C,Xetra,XGLF.DE,etf,EUR
LU2009147591,XGLU,XTRII-EOZGOVTBD 2CHDLA,Xetra,XGLU.DE,etf,EUR
LU0292096186,XGSD,XTR.ST.GL.SE.DI.100SW.1D,Xetra,XGSD.DE,etf,EUR
LU3456232217,XGTI,XTR-WSCGRTIUETF 1DDLD,Xetra,XGTI.DE,etf,EUR
IE00028H9QJ8,XGUE,XTR.DL CO.GR.BD 1CHEOA,Xetra,XGUE.DE,etf,EUR
LU2462217071,XGVC,XTR2-ESGGLGOVBD 1CEOA,Xetra,XGVC.DE,etf,EUR
LU0690964092,XGVD,XTR.II GBL GOV.BD 1DEOH,Xetra,XGVD.DE,etf,EUR
IE000DT6MI20,XHW0,X.IEX.GL.HY CBE 1CDLA,Xetra,XHW0.DE,etf,EUR
IE000AGH5ZI1,XHWE,X.IEX.GL.HY CBE 2C-HGDEOA,Xetra,XHWE.DE,etf,EUR
LU1109939865,XHY1,XT2-R.T.M.S.27 EHY ETF 1D,Xetra,XHY1.DE,etf,EUR
LU1109943388,XHYA,XTR.II EO H.YLD CORP.B.1C,Xetra,XHYA.DE,etf,EUR
LU1109942653,XHYG,XTR.II EO H.YLD CORP.B.1D,Xetra,XHYG.DE,etf,EUR
LU1242369327,XIEE,XTR.MSCI EUROPE 1D,Xetra,XIEE.DE,etf,EUR
IE00BYZNF849,XIFE,XTR-GL.INFRA.ESG ETF 1DLA,Xetra,XIFE.DE,etf,EUR
IE000QVYFUT7,XIGB,XTR.IE-IN GO.BD 1CDLA,Xetra,XIGB.DE,etf,EUR
IE000FO05UG4,XISP,X.IEX.SP500SW2 1DDLD,Xetra,XISP.DE,etf,EUR
IE000PDUVTF3,XIUS,XT-MSCI USASW.2 1CDLA,Xetra,XIUS.DE,etf,EUR
LU3003218446,XJ2C,XTR.IIJPGB 2C-HGDEOA,Xetra,XJ2C.DE,etf,EUR
LU0952581584,XJSE,XTR.II JAPAN GOV.BD 1C,Xetra,XJSE.DE,etf,EUR
DE000A421RZ9,XK4,GABLER GRP AG INH O.N.,Xetra,XK4.DE,stock,EUR
IE000XHZP7D3,XLAI,WT AI INFRASTR. I SYS.HDG,Xetra,XLAI.DE,etf,EUR
LU2581375230,XM1D,XTR.MSCI JP 1DDLD,Xetra,XM1D.DE,etf,EUR
LU2673522830,XM27,X.IIT.M.S.27EO 1 CEOA,Xetra,XM27.DE,etf,EUR
LU2673522913,XM29,X.IIT.M.S.29EO 1 CEOA,Xetra,XM29.DE,etf,EUR
LU2673523135,XM31,X.IIT.M.S.31EO 1 CEOA,Xetra,XM31.DE,etf,EUR
LU2673523051,XM33,X.IIT.M.S.33EO 1 CEOA,Xetra,XM33.DE,etf,EUR
LU2296661775,XMA1,XTRA.MSCIEMASSCSW 1DDLD,Xetra,XMA1.DE,etf,EUR
IE000VXC51U5,XMAE,X(IE)-MSCIACWLDSC 2C,Xetra,XMAE.DE,etf,EUR
LU0292107991,XMAS,XTRA.MSCIEMASSCSW 1C,Xetra,XMAS.DE,etf,EUR
IE00BGHQ0G80,XMAW,X(IE)-MSCIACWLDSC 1C,Xetra,XMAW.DE,etf,EUR
LU0292109344,XMBR,XTR.MSCI BRAZIL 1C,Xetra,XMBR.DE,etf,EUR
LU2675291913,XMCM,XT MSCI EM SW 1DDLD,Xetra,XMCM.DE,etf,EUR
LU0292097317,XMCX,XTR.BL.UK 350 ID,Xetra,XMCX.DE,etf,EUR
LU0292109005,XMEA,XTR.MSCI EM E.ME+A.E.S.1C,Xetra,XMEA.DE,etf,EUR
LU0292107645,XMEM,XTR.MSCI EM.MKT.SWAP 1C,Xetra,XMEM.DE,etf,EUR
LU3456232308,XMES,XTR.MSCIESMC 1DDLD,Xetra,XMES.DE,etf,EUR
LU0274209237,XMEU,XTR.MSCI EUROPE 1C,Xetra,XMEU.DE,etf,EUR
IE000XL4IXU1,XMGA,A.E.I.A.M.EXUS DLA,Xetra,XMGA.DE,etf,EUR
IE000XL4IXU1,XMGU,A.E.I.A.M.EXUS DLA,Xetra,XMGU.DE,etf,USD
IE000T849B39,XMIT,XT.-MSCIWIT 1DDLD,Xetra,XMIT.DE,etf,EUR
IE000VCTBRW6,XMIW,XT.-MSCIWOIN 1DDLD,Xetra,XMIW.DE,etf,EUR
LU0659580079,XMK9,XTR.MSCI JAPAN 4CEOH,Xetra,XMK9.DE,etf,EUR
LU0592217524,XMKA,XTR.MSCI AFR.T.50 SW.1CDL,Xetra,XMKA.DE,etf,EUR
IE00BFXR5R48,XML4,L+G UK EQ. ETF LSA,Xetra,XML4.DE,etf,EUR
IE00BK5BC891,XMLC,L+G-L+G CLEAN WAT.U.E.DLA,Xetra,XMLC.DE,etf,EUR
IE00BK5BCD43,XMLD,L+G-L+G ART.INTEL.U.E.DLA,Xetra,XMLD.DE,etf,EUR
IE00BK5BC677,XMLH,L+G H.C.TECH.+INN.U.E.DLA,Xetra,XMLH.DE,etf,EUR
IE00BTJRMP35,XMME,X(IE)-MSCI EM.MKTS 1CDL,Xetra,XMME.DE,etf,EUR
IE000BO2Y0T8,XMN1,XT.-MSCINORD 1CEOA,Xetra,XMN1.DE,etf,EUR
IE00089CF4V3,XMNG,XTRI-M.N.G.I.I. 1DDLD,Xetra,XMNG.DE,etf,EUR
IE00BGV5VR99,XMOV,XTR(IE)-FUT.MOB.ETF 1CDL,Xetra,XMOV.DE,etf,EUR
LU0274210672,XMUS,XTR.MSCI USA SWAP 1C,Xetra,XMUS.DE,etf,EUR
IE000ME8PWJ4,XMUW,XT.-MSCIWOUT 1DDLD,Xetra,XMUW.DE,etf,EUR
IE00BDGN9Z19,XMVE,X(IE)-MSCI EMU S.1DEO,Xetra,XMVE.DE,etf,EUR
IE00BMFKG444,XNAS,XTR.IE-N.100E. 1CDLA,Xetra,XNAS.DE,etf,EUR
IE000EXUE0G2,XNDD,X.IEX.NDQ100SW 1DDLD,Xetra,XNDD.DE,etf,USD
IE000472H9T4,XNDQ,X.IEX.NDQ100SW 1CDLA,Xetra,XNDQ.DE,etf,EUR
IE000472H9T4,XNDU,X.IEX.NDQ100SW 1CDLA,Xetra,XNDU.DE,etf,USD
IE000EXUE0G2,XNDX,X.IEX.NDQ100SW 1DDLD,Xetra,XNDX.DE,etf,EUR
IE000XOQ9TK4,XNGI,XTRI-M.N.G.I.I. 1CDLA,Xetra,XNGI.DE,etf,EUR
IE00074JLU02,XNJP,XTRJPNETZPPAE1C 1CDLA,Xetra,XNJP.DE,etf,EUR
LU2196470426,XNKY,XTR.NIKKEI 225 1C YN,Xetra,XNKY.DE,etf,EUR
IE0006FFX5U1,XNNV,XTRI-MWSCSCE 1CDLA,Xetra,XNNV.DE,etf,EUR
IE0002ZM3JI1,XNUS,XTR.USANZPPAE1C 1CDLA,Xetra,XNUS.DE,etf,EUR
IE000Y6L6LE6,XNZE,XTEMUNET ZPPA 1CEOA,Xetra,XNZE.DE,etf,EUR
IE000HT7E0B1,XNZN,XT.-MSCINORD 1CEOA,Xetra,XNZN.DE,etf,EUR
IE000UZCJS58,XNZW,XTWLDNET ZPPA 1CDLA,Xetra,XNZW.DE,etf,EUR
LU3254343414,XPFI,XTR.-POSTFIN.GL 1CSFA,Xetra,XPFI.DE,etf,EUR
US0320951017,XPH,"AMPHENOL CORP.  A DL-,001",Xetra,XPH.DE,stock,EUR
LU0592215403,XPQP,XTR.MSCI PHILIPPINES 1CDL,Xetra,XPQP.DE,etf,EUR
IE00BD4DX952,XQUA,X(IE)-ESGDLEMBDQWUE 1D,Xetra,XQUA.DE,etf,EUR
IE0004KLW911,XQUD,XT.-DLEMMABQ 1CDLA,Xetra,XQUD.DE,etf,EUR
IE00BD4DXB77,XQUE,X(IE)-ESGDLEMBDQWUE 2DEOH,Xetra,XQUE.DE,etf,EUR
LU0397221945,XQUI,XTR.PORTFOLIO 1C,Xetra,XQUI.DE,etf,EUR
IE00BP8FKB21,XREA,X(IE)-FTSE D.E.XUK R.E.1C,Xetra,XREA.DE,etf,EUR
IE000TSML5I8,XRME,XTR.(IE)-MSCI USA SC.1C,Xetra,XRME.DE,etf,EUR
IE00BJZ2DD79,XRS2,X(IE)-RUSSELL 2000 1CDL,Xetra,XRS2.DE,etf,EUR
IE00BJZ2DC62,XRSM,XTR.(IE)-MSCI USA SC.1C,Xetra,XRSM.DE,etf,EUR
LU1109941689,XRTM,XT2-R.T.M.S.27 EHY ETF 1C,Xetra,XRTM.DE,etf,EUR
US6821891057,XS4,"ON SEMICOND.       DL-,01",Xetra,XS4.DE,stock,EUR
LU2196472984,XS5E,XTR.S+P500SUETF 5CEOH,Xetra,XS5E.DE,etf,EUR
LU0292104899,XS6R,XTR.MSCIEUUTIL 1C,Xetra,XS6R.DE,etf,EUR
LU0292103651,XS7R,XTR.MSCIEUFIN 1C,Xetra,XS7R.DE,etf,EUR
IE00B3Y8D011,XS7W,X(IE)-PORTFOLIO INC. 1DEO,Xetra,XS7W.DE,etf,EUR
LU0292104469,XS8R,XTR.MSCIEUIT 1C,Xetra,XS8R.DE,etf,EUR
LU0274221281,XSMI,XTR.SWITZERLAND 1D,Xetra,XSMI.DE,etf,EUR
IE00BM9TSP27,XSOE,WT.EM.MK.EXSTOESC DLA,Xetra,XSOE.DE,etf,EUR
LU0460391732,XSVT,XTR.BBG COMM.X-AGR+LST.2C,Xetra,XSVT.DE,etf,EUR
IE000F354Q61,XSWC,X-MSCI W.SM.CA. 1CDLA,Xetra,XSWC.DE,etf,EUR
IE000ISS8DB2,XSWD,X-MSCI W.SM.CA. 1DDLD,Xetra,XSWD.DE,etf,EUR
LU0328475792,XSX6,XTR.STOXX EUROPE 600 1C,Xetra,XSX6.DE,etf,EUR
LU2581375156,XSX7,XTR.SE600 1DEOD,Xetra,XSX7.DE,etf,EUR
LU2009147757,XSXD,XTR.S+P500SUETF 1DDLD,Xetra,XSXD.DE,etf,EUR
LU1772333404,XSXE,XTR.STOXX EUR.600 2C EO H,Xetra,XSXE.DE,etf,EUR
IE000I687JU4,XSXX,X.IEX.EO ST.E. 1DEOD,Xetra,XSXX.DE,etf,EUR
IE00BM97MR69,XT01,X(IE)-US TR.USH BD 1CDL,Xetra,XT01.DE,etf,EUR
IE000X4A4GV2,XTAX,XTIE-GL.EQ.TOAC 1CDLA,Xetra,XTAX.DE,etf,EUR
LU0321462870,XTC5,XTR.II ITR.CR.SH.DA.SW.1C,Xetra,XTC5.DE,etf,EUR
LU2504532131,XTIP,X2-T.U.I.L.B.E. 1CDLA,Xetra,XTIP.DE,etf,EUR
LU2928641757,XTMT,XTR.MSCI TAIW.U 1DDLD,Xetra,XTMT.DE,etf,EUR
DE0005765507,XTP,SINO AG,Xetra,XTP.DE,stock,EUR
US1442851036,XTY,CARPENTER TECHNOLOGY DL 5,Xetra,XTY.DE,stock,EUR
LU2662649685,XU10,XT2-X2 US T7-10 1DDLD,Xetra,XU10.DE,etf,EUR
IE000FF2EBQ8,XU61,BNP-ECPIGESG U.ETFEOA,Xetra,XU61.DE,etf,EUR
LU1659681313,XU6C,BNPPE-M.EM.SRI PAB UEEOD,Xetra,XU6C.DE,etf,EUR
IE00BKY55S33,XU8Z,HSBC-JPN SCR.EQ.ETF DLA,Xetra,XU8Z.DE,etf,EUR
IE000EVOVOG1,XUCA,XT MSCI USA POS.SC. 1DDLD,Xetra,XUCA.DE,etf,EUR
IE00BGQYRR35,XUCD,X(IE)-MSCI USA CO.DI.1DDL,Xetra,XUCD.DE,etf,EUR
IE00BNC1G707,XUCM,XTR.MS.US C.S. 1DDLD,Xetra,XUCM.DE,etf,EUR
IE00BGQYRQ28,XUCS,X(IE)-MSCI USA CO.ST.1DDL,Xetra,XUCS.DE,etf,EUR
IE000SRQBBT6,XUDY,XIEXSP500DSY 1CDLA,Xetra,XUDY.DE,etf,EUR
LU1920015440,XUEB,XTK2 DL JPM EM BOND 2CDLA,Xetra,XUEB.DE,etf,EUR
LU2361257269,XUEE,XTK2 DL JPM EM BD 1DHEOD,Xetra,XUEE.DE,etf,EUR
IE00BGV5VM45,XUEK,X(IE)-S+P E.EX UK1DEO,Xetra,XUEK.DE,etf,EUR
LU0677077884,XUEM,XTK2 DL JPM EM BOND 2DDL,Xetra,XUEM.DE,etf,EUR
IE00BCHWNS19,XUEN,X(IE)-MSCI USA ENERGY 1D,Xetra,XUEN.DE,etf,EUR
IE00BCHWNT26,XUFN,X(IE)-MSCI USA FINANC. 1D,Xetra,XUFN.DE,etf,EUR
IE0001TLQX55,XUGA,XIEXSP500GRP 1CDLA,Xetra,XUGA.DE,etf,EUR
IE00BCHWNW54,XUHC,X(IE)-MSCI USA HEALTHC.1D,Xetra,XUHC.DE,etf,EUR
IE00BG04LT92,XUHE,X(IE)-USD H.Y.C.BD 2CEOHD,Xetra,XUHE.DE,etf,EUR
IE00BDR5HM97,XUHY,X(IE)-USD HIGH YLD C.B.1D,Xetra,XUHY.DE,etf,EUR
IE00BCHWNV48,XUIN,XTR.MSCI USA IND.UC.ETF1D,Xetra,XUIN.DE,etf,EUR
LU0328473581,XUKS,XTR.FTSE 100 SH.DA.SW. 1C,Xetra,XUKS.DE,etf,EUR
LU0292097234,XUKX,XTR.BL.UK 100 UE 1D,Xetra,XUKX.DE,etf,EUR
IE000DVHJV46,XUML,XIEXSP500ML 1CDLA,Xetra,XUML.DE,etf,EUR
FR0004163111,XUP,"GENFIT S.A.       EO -,25",Xetra,XUP.DE,stock,EUR
LU2581375073,XUSW,XTR.MSCI USA 1DDLD,Xetra,XUSW.DE,etf,EUR
LU2662649503,XUT7,XT2-X2 US T3-7 1DDLD,Xetra,XUT7.DE,etf,EUR
IE00BGQYRS42,XUTC,X(IE)-MSCI USA IN.TE.1DDL,Xetra,XUTC.DE,etf,EUR
LU0429459356,XUTD,XTR.II US TREASURIES 1D,Xetra,XUTD.DE,etf,EUR
LU1399300455,XUTE,XTR.II US TREASUR. 2DEOH,Xetra,XUTE.DE,etf,EUR
LU2662649412,XUTL,XT2-X2 US T10 1DDLD,Xetra,XUTL.DE,etf,EUR
LU2263803533,XWD1,XTR.MSCI WLD.SW 1DDLD,Xetra,XWD1.DE,etf,EUR
IE0008YN0OY8,XWEB,XT-MSCI W.M.V.E 1CDLA,Xetra,XWEB.DE,etf,EUR
LU0659579733,XWEH,XTR.MSCI WORLD SWAP 4CEOH,Xetra,XWEH.DE,etf,EUR
IE000TL3PL69,XWEM,XT-MSCI W.M.ESG 1CDLA,Xetra,XWEM.DE,etf,EUR
IE0003NQ0IY5,XWEQ,XT-MSCI W.Q.ESG 1CDLA,Xetra,XWEQ.DE,etf,EUR
IE000ONQ3X90,XWEU,XT.-MSCIWOR 2C-HGDEOA,Xetra,XWEU.DE,etf,EUR
IE000LAUZQT6,XWEV,XT-MSCI W.V.ESG 1CDLA,Xetra,XWEV.DE,etf,EUR
IE000I9HGDZ3,XWSC,XT.-MSCIWOES 1CDLA,Xetra,XWSC.DE,etf,EUR
IE000I9HGDZ3,XWSU,XT.-MSCIWOES 1CDLA,Xetra,XWSU.DE,etf,USD
IE00BM67HR47,XWTS,X(IE)-MSCI WO.CO.SER.1CDL,Xetra,XWTS.DE,etf,EUR
US0545402085,XXA1,"AXCELIS TECHS     DL-,001",Xetra,XXA1.DE,stock,EUR
LU0322253906,XXSC,XTR.MSCI EUROPE S.CAP 1C,Xetra,XXSC.DE,etf,EUR
LU2552296563,XY2D,XTR.IIIBOXXE 2DEOD,Xetra,XY2D.DE,etf,EUR
LU0524480265,XY4P,XTR.II IB.E.G.B.Y.P. 1C,Xetra,XY4P.DE,etf,EUR
US98419M1009,XY6,"XYLEM INC.         DL-,01",Xetra,XY6.DE,stock,EUR
IE0002L5QB31,XY7D,GLX-SP500 CV.CL DLD,Xetra,XY7D.DE,etf,EUR
IE00BF8J5974,XYLD,XT.-DLCOBDDUSRIPAB 1D,Xetra,XYLD.DE,etf,EUR
IE00BFMKQ930,XYLE,XT.-DLCOBDDUSRIPAB 2CEOH,Xetra,XYLE.DE,etf,EUR
LU0925589839,XYP1,XTR.II IB.E.G.B.YP.1-3 1C,Xetra,XYP1.DE,etf,EUR
LU0962071741,XYPD,XTR.II IB.E.G.B.Y.P. 1D,Xetra,XYPD.DE,etf,EUR
IE000UX5WPU4,XYPL,XT.-IBEOCBYP 1CEOA,Xetra,XYPL.DE,etf,EUR
LU3119430570,XZ10,X2EOZGB10ESGT 1CEOA,Xetra,XZ10.DE,etf,EUR
IE00BL58LL31,XZBE,X(IE)-DLCOBDSRIPAB SCEOHD,Xetra,XZBE.DE,etf,EUR
IE00BL58LJ19,XZBU,X(IE)-DLCOBDSRIPAB 1CDL,Xetra,XZBU.DE,etf,EUR
IE000WQ16XQ4,XZDE,XT-MSCIEUHDYESG 1DEOD,Xetra,XZDE.DE,etf,EUR
IE000V04SL39,XZDU,XT-MSCIUSHDYESG 1DDLD,Xetra,XZDU.DE,etf,EUR
IE000NS5HRY9,XZDW,XT-MSCIWOHDYESG 1DDLD,Xetra,XZDW.DE,etf,EUR
IE000VCBWFL8,XZDZ,X-MSCIEMUHDYESG 1DEOD,Xetra,XZDZ.DE,etf,EUR
LU2178481649,XZE5,XII-EOCOBDSHDUSRIPAB1CEOA,Xetra,XZE5.DE,etf,EUR
LU3146950038,XZEA,XT-ZU.ESG AL.EQ 1CEOA,Xetra,XZEA.DE,etf,EUR
LU2468423459,XZEB,XTR2-ESGEZGVBD 1CEOA,Xetra,XZEB.DE,etf,EUR
IE00BNKF6C99,XZEC,XTR.STX EUR.LEADERS 1C,Xetra,XZEC.DE,etf,EUR
LU2385068593,XZEG,XTR2-ESGGLGOVBD 4D HGDEOD,Xetra,XZEG.DE,etf,EUR
IE00BG370F43,XZEM,X(IE)-MSCI EM.MKTS ESG 1C,Xetra,XZEM.DE,etf,EUR
IE0004ZJGWT9,XZEP,XTR.MSCIEUES 1DEOD,Xetra,XZEP.DE,etf,EUR
IE00BFMNHK08,XZEU,X(IE)-MSCI EUROPE ESG 1C,Xetra,XZEU.DE,etf,EUR
IE0004MFRED4,XZEW,XT-SP500EW S+S UE 1CDLA,Xetra,XZEW.DE,etf,EUR
IE00BNC1G699,XZEZ,XTR.MS.EMU ESG 1CEOA,Xetra,XZEZ.DE,etf,EUR
IE0006GNB732,XZHE,XT.EOHYCBSRIPAB 1CEOA,Xetra,XZHE.DE,etf,EUR
IE0006YM7D84,XZHY,XTR.-USD HYCB S.ETF 1CDLA,Xetra,XZHY.DE,etf,EUR
IE000UMV0L21,XZMD,XTR.MSCIUSES 1DDLD,Xetra,XZMD.DE,etf,EUR
IE0000MMQ5M5,XZME,XTR.MSCIUSES 2C HED.EOA,Xetra,XZME.DE,etf,EUR
IE00BG36TC12,XZMJ,X(IE)-MSCI JAPAN ESG 1C,Xetra,XZMJ.DE,etf,EUR
IE00BFMNPS42,XZMU,X(IE)-MSCI USA ESG 1C,Xetra,XZMU.DE,etf,EUR
IE000ER61U30,XZSE,X-MSCI EU SCESG 1CEOA,Xetra,XZSE.DE,etf,EUR
IE0007ULOZS8,XZSP,XTR.SP500 SC.+SCR.UE1CDLA,Xetra,XZSP.DE,etf,EUR
IE000UATQPE2,XZSW,X-MSCI W.SCESG 1CDLA,Xetra,XZSW.DE,etf,EUR
IE00BZ02LR44,XZW0,X(IE)-MSCI WORLD ESG 1C,Xetra,XZW0.DE,etf,EUR
IE000E4BATC9,XZWD,XT.-MSCIWOES 1DDLD,Xetra,XZWD.DE,etf,EUR
IE00BMY76136,XZWE,X(IE)-MSCI WORLD 2C EOH,Xetra,XZWE.DE,etf,EUR
LU2385068163,XZWG,XTR2-ESGGLGOVBD 1DEOD,Xetra,XZWG.DE,etf,EUR
US36828A1016,Y5C,GE VERNOVA INC.,Xetra,Y5C.DE,stock,EUR
US09175A2069,Y6G0,BITMINE IMMERSION TEC.NEW,Xetra,Y6G0.DE,stock,EUR
IE000T8QD852,YCHP,HE-YM.SE.OP.IN DLD,Xetra,YCHP.DE,etf,EUR
US20825C1045,YCP,"CONOCOPHILLIPS     DL-,01",Xetra,YCP.DE,stock,EUR
IE000JJPY166,YCSH,ISHS3-EO CASH U.ETF EOA,Xetra,YCSH.DE,etf,EUR
US5588681057,YDO1,"MADRIGAL PHARMAC.  DL-,01",Xetra,YDO1.DE,stock,EUR
NL0009805522,YDX,"NEBIUS GROUP CL.A  DL-,01",Xetra,YDX.DE,stock,EUR
US79589L1061,YL8,"SAMSARA INC. A   DL-,0001",Xetra,YL8.DE,stock,EUR
DE0005932735,YOC,YOC AG O.N.,Xetra,YOC.DE,stock,EUR
DE0007276503,YSN,SECUNET SECURITY AG O.N.,Xetra,YSN.DE,stock,EUR
IE000MMRLY96,YYYY,HE2-YB TOI E. DLD,Xetra,YYYY.DE,etf,EUR
US71424F1057,YZ8,PERMIAN RESOUR. CL.A O.N.,Xetra,YZ8.DE,stock,EUR
US46982L1089,Z0Y,JACOBS SOLUTIONS INC. DL1,Xetra,Z0Y.DE,stock,EUR
DE000A2LQ2D0,Z29,029 GROUP SE INH O.N.,Xetra,Z29.DE,stock,EUR
US74743L1008,Z5O,QNITY ELECTRONICS O.N.,Xetra,Z5O.DE,stock,EUR
NL0015002J37,Z98,"JBS N.N.         EO -,01",Xetra,Z98.DE,stock,EUR
IE000R9FA4A0,ZA30,ISHS-SP500 SCOR.+SCR.DLA,Xetra,ZA30.DE,etf,EUR
DE000ZAL1111,ZAL,ZALANDO SE,Xetra,ZAL.DE,stock,EUR
IE00070SLDT6,ZAPP,GL.X US ELECTR. EOA,Xetra,ZAPP.DE,etf,EUR
US04621X1081,ZAS,"ASSURANT INC.      DL-,01",Xetra,ZAS.DE,stock,EUR
CH0011075394,ZFIN,"ZURICH INSUR.GR.NA.SF0,10",Xetra,ZFIN.DE,stock,EUR
DE0007856023,ZIL2,ELRINGKLINGER AG NA O.N.,Xetra,ZIL2.DE,stock,EUR
IE000GDU4WA8,ZINS,HAN.IC.JU.GL.GO ETFDLA,Xetra,ZINS.DE,etf,EUR
DE000A2LQUV1,ZN2,WEGROW AG  INH O.N.,Xetra,ZN2.DE,stock,EUR
US98978V1035,ZOE,"ZOETIS INC. CL.A  DL -,01",Xetra,ZOE.DE,stock,EUR
IE000O5FBC47,ZPA5,AM-S+P500 CL.PAR.AL.DLA,Xetra,ZPA5.DE,etf,EUR
IE000O5FBC47,ZPA6,AM-S+P500 CL.PAR.AL.DLA,Xetra,ZPA6.DE,etf,USD
IE000O5FBC47,ZPA7,AM-S+P500 CL.PAR.AL.DLA,Xetra,ZPA7.DE,etf,GBP
LU2195226068,ZPAB,MUL AMUN S+P EUR.UETF ACC,Xetra,ZPAB.DE,etf,EUR
IE00BYTH5S21,ZPD3,PDR GL.DI.ARI.SCR. DLD,Xetra,ZPD3.DE,etf,EUR
IE00BYTH5R14,ZPD6,SSEE1-SUDASU DLD,Xetra,ZPD6.DE,etf,EUR
IE00BYTH5T38,ZPD9,SPDR EO DI.A.S. EOD,Xetra,ZPD9.DE,etf,EUR
IE00BWBXM278,ZPDD,STSSPDR S+P US.C.D.S.SUE,Xetra,ZPDD.DE,etf,EUR
IE00BWBXM492,ZPDE,SSSPDR S+P US EN.SL.SC.UE,Xetra,ZPDE.DE,etf,EUR
IE00BWBXM500,ZPDF,SSSPDR S+P US FIN.SE.S.UE,Xetra,ZPDF.DE,etf,EUR
IE00BWBXM617,ZPDH,SS SPDR S+P US HCSS UETF,Xetra,ZPDH.DE,etf,EUR
IE00BWBXM724,ZPDI,SSSPDR S+P US IND.SS UE,Xetra,ZPDI.DE,etf,EUR
IE00BZ0G8B96,ZPDJ,S.S M JY UE YNA,Xetra,ZPDJ.DE,etf,EUR
IE00BFWFPX50,ZPDK,ST.S.SP U CS  A,Xetra,ZPDK.DE,etf,EUR
IE00BWBXM831,ZPDM,SSSPDR S+P US MAT.S.S.UE,Xetra,ZPDM.DE,etf,EUR
IE00BWBXM385,ZPDS,SSPDR S+P US C.S.S.S.UETF,Xetra,ZPDS.DE,etf,EUR
IE00BWBXM948,ZPDT,SSSPDR S+P US TE.S.S.UETF,Xetra,ZPDT.DE,etf,EUR
IE00BWBXMB69,ZPDU,SSSPDR S+P US UT.S.S.UETF,Xetra,ZPDU.DE,etf,EUR
IE00BZ0G8C04,ZPDW,S.S M JY UE HEOA,Xetra,ZPDW.DE,etf,EUR
IE00BK5H8015,ZPDX,ST.S.E 6.S. EO,Xetra,ZPDX.DE,etf,EUR
IE00BJXRT698,ZPR1,ST.S BB 1.3 M A,Xetra,ZPR1.DE,etf,USD
IE00BP46NG52,ZPR5,SSSPDR I.B.0-5YEM DL GB D,Xetra,ZPR5.DE,etf,EUR
IE00BJL36X53,ZPR6,SSSPDR I.B.0-5YEM DL GB A,Xetra,ZPR6.DE,etf,EUR
IE00B9KNR336,ZPRA,SPDR S+P P.AS.DIV.ARI.ETF,Xetra,ZPRA.DE,etf,EUR
IE00BNH72088,ZPRC,STSEE2-SFGCB D,Xetra,ZPRC.DE,etf,EUR
IE00BD5FCF91,ZPRD,SPDR FTSE UK ALL SH.LSUA,Xetra,ZPRD.DE,etf,GBP
IE00B910VR50,ZPRE,SSSPDR MSCI EMU UCITS ETF,Xetra,ZPRE.DE,etf,EUR
IE00B9CQXS71,ZPRG,SSSPDR S+P GL.DIV.AR.ETF,Xetra,ZPRG.DE,etf,EUR
IE00BQWJFQ70,ZPRI,STSTR.SPDR MS MA.G.INF.UE,Xetra,ZPRI.DE,etf,EUR
IE00BFTWP510,ZPRL,STST SPDR EO STXX LVOL UE,Xetra,ZPRL.DE,etf,EUR
IE00BJXRT706,ZPRM,S.S BB 1.3 M HMN,Xetra,ZPRM.DE,etf,USD
IE00BSJCQV56,ZPRP,FTSE EPRA N.D.E.XUK I.UE,Xetra,ZPRP.DE,etf,EUR
IE00BJ38QD84,ZPRR,SPDR RUSS.2000US.SM.C.UEA,Xetra,ZPRR.DE,etf,EUR
IE00BCBJG560,ZPRS,SS SPDR MSCI WLD SC UE,Xetra,ZPRS.DE,etf,EUR
IE00BSPLC520,ZPRU,SS SPDR MSCI USA VAL.UETF,Xetra,ZPRU.DE,etf,EUR
IE00BSPLC413,ZPRV,SPDR MSCI US.S.C.V.W.UETF,Xetra,ZPRV.DE,etf,EUR
IE00BSPLC306,ZPRW,SS SPDR MSCI EUR.VAL.UET,Xetra,ZPRW.DE,etf,EUR
IE00BSPLC298,ZPRX,SS SPDR MSCI EUR.SC VW.UE,Xetra,ZPRX.DE,etf,EUR
IT0000072170,ZS3,"FINECOBANK BCA FIN.EO-,33",Xetra,ZS3.DE,stock,EUR
IE00BNTVVR89,ZSG0,HAN.GLDMNRSSCRD DLA,Xetra,ZSG0.DE,etf,EUR
LU1753045415,ZSRI,BNPPE-M.EUR.SRI PAB DIS,Xetra,ZSRI.DE,etf,EUR
LU1659681586,ZSRM,BNPPE-M.USA SRI PAB UEEOC,Xetra,ZSRM.DE,etf,EUR
LU1659681230,ZSRN,BNPPE-M.EM.SRI PAB UECEO,Xetra,ZSRN.DE,etf,EUR
US9892071054,ZT1A,"ZEBRA TECH. A      DL-,01",Xetra,ZT1A.DE,stock,EUR
US88080T1043,ZT8,"TERAWULF INC.      DL-,10",Xetra,ZT8.DE,stock,EUR
CH1216478797,ZX6,"DSM-FIRMENICH AG  EO -,01",Xetra,ZX6.DE,stock,EUR
