Name;ISIN;Symbol;Market;Currency;"Open Price";"High Price";"low Price";"last Price";"last Trade MIC Time";"Time Zone";Volume;Turnover;"Closing Price";"Closing Price DateTime"
"European Equities"
"26 Sep 2026"
"All datapoints provided as of end of last active trading day."
"2020 BULKERS";BMG9156K1018;2020;"Oslo Børs";NOK;6.55;7.775;6.125;6.25;"25/09/2026 16:25";CET;1201281;8281041.50;6.25;25/09/2026
2CRSI;FR0013341781;AL2SI;"Euronext Growth Paris";EUR;30.10;30.30;28.12;29.08;"25/09/2026 17:35";CET;262990;7567453.78;29.08;25/09/2026
"3D SYSTEMS CORP";US88554D2053;4DDD;EuroTLX;EUR;2.87;2.87;2.87;2.87;"01/09/2026 09:51";CET;1000;2870.00;3.102;25/09/2026
"3D SYSTEMS CORP";US88554D2053;1DDD;"Euronext Global Equity Market";EUR;3.094;3.094;3.094;3.094;"22/09/2026 16:49";CET;3068;9492.39;3.106;25/09/2026
"3D SYSTEMS CORP";US88554D2053;2DDD;"Trading After Hours";EUR;3.156;3.156;3.156;3.156;"17/09/2026 19:00";CET;20;63.12;3.106;25/09/2026
3M;US88579Y1010;4MMM;EuroTLX;EUR;160.05;160.05;160.05;160.05;"14/08/2026 17:15";CET;2;320.10;148.55;25/09/2026
3M;US88579Y1010;1MMM;"Euronext Global Equity Market";EUR;145.30;145.30;145.30;145.30;"22/09/2026 15:36";CET;50;7265.00;148.50;25/09/2026
3M;US88579Y1010;2MMM;"Trading After Hours";EUR;140.55;140.55;140.55;140.55;"17/06/2026 18:00";CET;10;1405.50;148.50;25/09/2026
"4AIM SICAF";IT0005204729;AIM;"Euronext Growth Milan";EUR;28.005;28.005;28.005;28.005;"17/09/2026 09:55";CET;100;2800.50;28.005;25/09/2026
"4AIM SICAF COMP 2";IT0005440323;AIM2;"Euronext Growth Milan";EUR;38.30;40.02;38.30;40.02;"31/08/2026 12:36";CET;90;3464.20;40.02;25/09/2026
"5TH PLANET GAMES";DK0060945467;5PG;"Euronext Expand Oslo";NOK;1.34;1.34;1.265;1.27;"25/09/2026 15:51";CET;76500;98970.88;1.27;25/09/2026
74SOFTWARE;FR0011040500;74SW;"Euronext Paris";EUR;38.20;38.70;38.20;38.50;"25/09/2026 17:35";CET;10645;409278.90;38.50;25/09/2026
"A.B.P. NOCIVELLI";IT0005439861;ABP;"Euronext Growth Milan";EUR;6.20;6.20;6.05;6.05;"25/09/2026 17:29";CET;5000;30437.50;6.05;25/09/2026
A2A;IT0001233417;A2A;"Euronext Milan";EUR;2.295;2.315;2.282;2.291;"25/09/2026 17:35";CET;4141070;9504984.599;2.291;25/09/2026
A2A;IT0001233417;2A2A;"Trading After Hours";EUR;2.30;2.30;2.30;2.30;"25/09/2026 18:26";CET;30;69.00;2.30;25/09/2026
"AAK AB";SE0011337708;1AAK;"Euronext Global Equity Market";EUR;18.57;18.57;18.57;18.57;"10/09/2026 09:00";CET;10;185.70;16.12;25/09/2026
"AALBERTS NV";NL0000852564;AALB;"Euronext Amsterdam";EUR;42.04;42.46;41.98;42.14;"25/09/2026 17:35";CET;141470;5965946.26;42.14;25/09/2026
"AALBERTS NV";NL0000852564;2AALB;"Trading After Hours";EUR;34.00;34.00;34.00;34.00;"25/03/2025 18:00";CET;1;34.00;42.14;25/09/2026
"AASEN SPAREBANK";NO0010672181;AASB;"Euronext Growth Oslo";NOK;133.32;134.00;133.32;134.00;"25/09/2026 16:25";CET;54;7235.32;134.00;25/09/2026
AATECH;IT0005548521;AAT;"Euronext Growth Milan";EUR;1.02;1.02;1.00;1.01;"25/09/2026 14:57";CET;36000;36555.00;1.01;25/09/2026
"AB INBEV";BE0974293251;ABI;"Euronext Brussels";EUR;68.12;68.62;67.66;67.68;"25/09/2026 17:36";CET;1416460;96246074.47;67.68;25/09/2026
"AB SCIENCE";FR0010557264;AB;"Euronext Paris";EUR;0.70;0.70;0.669;0.684;"25/09/2026 17:35";CET;162941;111314.68;0.684;25/09/2026
"AB SCIENCE BSA";FR001400ZRT0;ABBS;"Euronext Paris";EUR;-;-;-;-;-;CET;-;-;0.274;25/09/2026
"AB SCIENCE BSA 25";FR00140118Z8;ABSBS;"Euronext Growth Paris";EUR;-;-;-;-;-;CET;-;-;0.334;25/09/2026
"AB SCIENCE BSAAU25";FR0014011S49;ABBSA;"Euronext Growth Paris";EUR;-;-;-;-;-;CET;-;-;0.334;25/09/2026
ABATTOIR;BE0946377455;-;"Euronext Expert Market";EUR;45.00;45.00;45.00;45.00;"22/10/2024 11:30";CET;30;1350.00;45.00;25/09/2026
"ABB Ltd";CH0012221716;1ABB;"Euronext Global Equity Market";EUR;86.96;87.10;84.26;84.26;"25/09/2026 17:35";CET;21748;1883887.56;84.26;25/09/2026
"Abbott LaB";US0028241000;1ABT;"Euronext Global Equity Market";EUR;88.08;88.12;88.08;88.12;"25/09/2026 16:14";CET;13;1145.24;89.18;25/09/2026
ABBVIE;US00287Y1091;1ABBV;"Euronext Global Equity Market";EUR;234.10;234.80;234.10;234.80;"25/09/2026 09:49";CET;6;1406.00;231.20;25/09/2026
ABBVIE;US00287Y1091;4ABBV;EuroTLX;EUR;230.60;230.60;230.60;230.60;"14/09/2026 15:49";CET;5;1153.00;231.40;25/09/2026
ABBVIE;US00287Y1091;2ABBV;"Trading After Hours";EUR;227.70;227.70;227.70;227.70;"15/09/2026 18:38";CET;2;455.40;231.20;25/09/2026
"ABC ARBITRAGE";FR0004040608;ABCA;"Euronext Paris";EUR;5.84;5.86;5.74;5.80;"25/09/2026 17:35";CET;42571;247391.685;5.80;25/09/2026
"ABC COMPANY";IT0005466294;ABC;"Euronext Growth Milan";EUR;3.90;3.90;3.90;3.90;"21/09/2026 17:35";CET;7500;29250.00;3.90;25/09/2026
ABEO;FR0013185857;ABEO;"Euronext Paris";EUR;8.06;8.12;8.06;8.12;"25/09/2026 16:37";CET;280;2262.50;8.12;25/09/2026
"ABERCROMBIE & FITC";US0028962076;1ANF;"Euronext Global Equity Market";EUR;116.00;116.00;116.00;116.00;"24/09/2026 15:57";CET;1;116.00;118.50;25/09/2026
"ABG SUNDAL COLLIER";NO0003021909;ABG;"Oslo Børs";NOK;7.33;7.33;7.30;7.30;"25/09/2026 16:26";CET;72636;530412.80;7.30;25/09/2026
"ABIONYX PHARMA";FR0012616852;ABNX;"Euronext Paris";EUR;1.774;1.81;1.73;1.78;"25/09/2026 17:35";CET;117743;208024.027;1.78;25/09/2026
"ABITARE IN";IT0005445280;ABT;"Euronext Milan";EUR;2.70;2.82;2.70;2.82;"25/09/2026 17:35";CET;2622;7313.37;2.82;25/09/2026
ABIVAX;FR0012333284;ABVX;"Euronext Paris";EUR;83.25;83.25;80.90;81.90;"25/09/2026 17:35";CET;116547;9554418.00;81.90;25/09/2026
"ABL Diagnostics";FR001400AHX6;ABLD;"Euronext Paris";EUR;2.34;2.34;2.22;2.28;"25/09/2026 16:31";CET;3028;6801.46;2.28;25/09/2026
"ABN AMRO BANK N.V.";NL0011540547;ABN;"Euronext Amsterdam";EUR;43.38;43.82;43.31;43.65;"25/09/2026 17:35";CET;1499074;65425089.66;43.65;25/09/2026
"ABO GROUP";BE0974278104;ABO;"Euronext Brussels, Paris";EUR;3.70;3.88;3.70;3.88;"25/09/2026 17:27";CET;907;3381.32;3.88;25/09/2026
"ACADIA HEALTHCARE";US00404A1097;1ACHC;"Euronext Global Equity Market";EUR;25.00;25.00;25.00;25.00;"10/09/2026 15:56";CET;25;625.00;24.40;25/09/2026
"ACANTHE DEV.";FR0000064602;ACAN;"Euronext Paris";EUR;0.199;0.21;0.199;0.21;"25/09/2026 17:29";CET;36728;7610.947;0.21;25/09/2026
ACCENTIS;BE0003696102;ACCB;"Euronext Brussels";EUR;0.0255;0.0255;0.0255;0.0255;"25/09/2026 13:43";CET;42592;1086.096;0.0255;25/09/2026
"Accenture PLC";IE00B4BNMY34;1ACN;"Euronext Global Equity Market";EUR;157.00;158.10;154.90;158.10;"25/09/2026 17:26";CET;255;39861.70;157.75;25/09/2026
Acciona;ES0125220311;1ANA;"Euronext Global Equity Market";EUR;223.20;223.20;223.20;223.20;"24/08/2026 16:20";CET;4;892.80;213.00;25/09/2026
"ACCIONA Energias";ES0105563003;1ANE;"Euronext Global Equity Market";EUR;21.96;22.22;21.96;22.22;"06/07/2026 15:49";CET;22;485.98;22.02;25/09/2026
ACCOR;FR0000120404;AC;"Euronext Paris";EUR;45.85;46.21;45.70;45.89;"25/09/2026 17:38";CET;375705;17255387.63;45.89;25/09/2026
ACCOR;FR0000120404;2AC;"Trading After Hours";EUR;-;-;-;-;-;CET;-;-;45.89;25/09/2026
ACCOR;FR0000120404;4AC;EuroTLX;EUR;47.00;47.00;47.00;47.00;"04/09/2026 09:18";CET;30;1410.00;45.76;25/09/2026
ACCSYS;GB00BQQFX454;AXS;"Euronext Amsterdam";EUR;0.75;0.765;0.742;0.75;"25/09/2026 17:35";CET;126268;94643.576;0.75;25/09/2026
"ACE DIGITAL";NO0013531616;ACED;"Euronext Growth Oslo";NOK;0.364;0.434;0.364;0.384;"25/09/2026 16:25";CET;11432;4523.664;0.384;25/09/2026
ACEA;IT0001207098;ACE;"Euronext Milan";EUR;20.20;20.30;20.00;20.08;"25/09/2026 17:35";CET;57663;1159600.68;20.08;25/09/2026
Acerinox;ES0132105018;1ACX;"Euronext Global Equity Market";EUR;17.71;17.71;17.56;17.56;"25/09/2026 14:12";CET;232;4082.32;17.68;25/09/2026
ACHETER-LOUER.FR;FR0014011O84;ALALO;"Euronext Growth Paris";EUR;0.0004;0.0004;0.0002;0.0002;"25/09/2026 17:35";CET;9327568;2841.4246;0.0002;25/09/2026
ACINQUE;IT0001382024;AC5;"Euronext Milan";EUR;2.06;2.08;2.06;2.08;"24/09/2026 16:07";CET;1245;2566.70;2.08;25/09/2026
"ACKERMANS V.HAAREN";BE0003764785;2ACKB;"Trading After Hours";EUR;-;-;-;-;-;CET;-;-;270.00;25/09/2026
"ACKERMANS V.HAAREN";BE0003764785;ACKB;"Euronext Brussels";EUR;270.20;272.40;268.80;270.00;"25/09/2026 17:35";CET;20690;5594316.60;270.00;25/09/2026
"ACM RESEARCH INC-C";US00108J1097;1ACMR;"Euronext Global Equity Market";EUR;69.70;69.70;65.50;65.50;"24/09/2026 17:23";CET;198;13283.40;67.50;25/09/2026
ACOMO;NL0000313286;ACOMO;"Euronext Amsterdam";EUR;23.00;23.05;22.85;22.85;"25/09/2026 17:35";CET;18280;418641.10;22.85;25/09/2026
ACQUAZZURRA;IT0005443061;ACQ;"Euronext Growth Milan";EUR;10.50;10.50;10.50;10.50;"05/05/2025 17:35";CET;15000;157500.00;10.50;25/09/2026
"ACS ACTIVIDADES";ES0167050915;1ACS;"Euronext Global Equity Market";EUR;93.65;94.20;93.65;94.20;"25/09/2026 16:51";CET;31;2908.65;93.40;25/09/2026
"ACS ACTIVIDADES";ES0167050915;2ACS;"Trading After Hours";EUR;134.00;134.00;134.00;134.00;"18/06/2026 18:00";CET;3;402.00;93.40;25/09/2026
"ACS ACTIVIDADES";ES0167050915;4ACS;EuroTLX;EUR;103.40;103.40;103.40;103.40;"24/08/2026 16:01";CET;100;10340.00;93.45;25/09/2026
ACTEOS;FR0000076861;EOS;"Euronext Paris";EUR;0.848;0.87;0.84;0.84;"25/09/2026 15:28";CET;467;396.254;0.84;25/09/2026
"ACTIA GROUP";FR0000076655;ALATI;"Euronext Growth Paris";EUR;3.88;4.15;3.88;4.08;"25/09/2026 17:12";CET;11071;44722.61;4.08;25/09/2026
"ACTIVIUM GROUP";FR0010979377;MLACT;"Euronext Access Paris";EUR;1.34;1.34;1.34;1.34;"25/09/2026 16:30";CET;10;13.40;1.34;25/09/2026
ACVLHO;BE0010012210;-;"Euronext Expert Market";EUR;4500.01;4500.01;4500.01;4500.01;"07/07/2015 11:30";CET;3;13500.03;4500.00;25/09/2026
"ADC SIIC";BE0974269012;ALDV;"Euronext Paris";EUR;0.056;0.056;0.056;0.056;"18/09/2026 11:33";CET;2000;112.00;0.056;25/09/2026
AddTech;SE0014781795;1ADDT;"Euronext Global Equity Market";EUR;31.00;31.00;31.00;31.00;"03/08/2026 16:16";CET;125;3875.00;30.30;25/09/2026
"ADEC INNOVATIONS";NL0015002K91;MLADE;"Euronext Access Brussels";EUR;10.00;10.00;10.00;10.00;"24/07/2025 00:00";CET;-;-;10.00;25/09/2026
ADECCO;CH0012138605;1ADEN;"Euronext Global Equity Market";EUR;26.36;26.36;26.36;26.36;"18/09/2026 11:04";CET;808;21298.88;25.48;25/09/2026
ADEUNIS;FR0013284627;ALARF;"Euronext Growth Paris";EUR;0.84;0.84;0.84;0.84;"25/09/2026 16:02";CET;15647;13143.48;0.84;25/09/2026
ADIDAS;DE000A1EWWW0;1ADS;"Euronext Global Equity Market";EUR;144.90;146.15;144.90;145.55;"25/09/2026 17:20";CET;5403;788329.35;146.00;25/09/2026
ADIDAS;DE000A1EWWW0;2ADS;"Trading After Hours";EUR;148.55;148.55;148.55;148.55;"21/09/2026 19:19";CET;10;1485.50;146.00;25/09/2026
ADIDAS;DE000A1EWWW0;4ADS;EuroTLX;EUR;147.60;147.60;147.60;147.60;"22/09/2026 16:37";CET;22;3247.20;146.10;25/09/2026
"ADLER GROUP";LU1250154413;4ADJ;EuroTLX;EUR;0.1225;0.1225;0.1225;0.1225;"03/09/2026 11:59";CET;8439;1033.78;0.0988;25/09/2026
"ADLER GROUP";LU1250154413;1ADJ;"Euronext Global Equity Market";EUR;0.148;0.148;0.148;0.148;"17/06/2026 09:08";CET;1000;148.00;0.0926;25/09/2026
"ADLER GROUP";LU1250154413;2ADJ;"Trading After Hours";EUR;0.159;0.159;0.159;0.159;"01/04/2026 20:27";CET;1658;263.62;0.0926;25/09/2026
ADOBE;US00724F1012;2ADBE;"Trading After Hours";EUR;208.00;208.00;206.70;206.70;"25/09/2026 19:22";CET;42;8709.40;207.35;25/09/2026
ADOBE;US00724F1012;4ADBE;EuroTLX;EUR;241.35;241.35;241.35;241.35;"04/09/2026 09:14";CET;25;6033.75;209.40;25/09/2026
ADOBE;US00724F1012;1ADBE;"Euronext Global Equity Market";EUR;209.20;210.70;208.60;209.65;"25/09/2026 17:13";CET;471;98814.40;208.55;25/09/2026
ADOCIA;FR0011184241;ADOC;"Euronext Paris";EUR;3.12;3.12;2.534;2.62;"25/09/2026 17:35";CET;1064685;2872707.729;2.62;25/09/2026
"ADOCIA BSA";FR001400XVZ4;ADOBS;"Euronext Growth Paris";EUR;3.86;3.86;3.60;3.60;"17/09/2026 13:07";CET;3;11.16;3.60;25/09/2026
ADOMOS;FR00140153H3;ALADO;"Euronext Growth Paris";EUR;0.28;0.299;0.28;0.28;"25/09/2026 17:05";CET;6480;1842.83;0.28;25/09/2026
ADP;FR0010340141;2ADPP;"Trading After Hours";EUR;-;-;-;-;-;CET;-;-;110.80;25/09/2026
ADP;FR0010340141;ADP;"Euronext Paris";EUR;109.00;111.90;108.90;110.80;"25/09/2026 17:35";CET;80180;8884981.05;110.80;25/09/2026
"ADS MARITIME HOLD";CY0108052115;ADS;"Euronext Growth Oslo";NOK;2.46;2.46;2.46;2.46;"25/09/2026 13:32";CET;5;12.30;2.46;25/09/2026
ADUX;FR0012821890;ALDUX;"Euronext Growth Paris";EUR;1.13;1.13;1.10;1.10;"25/09/2026 17:35";CET;470;518.08;1.10;25/09/2026
"ADVANCED MICRO DEV";US0079031078;1AMD;"Euronext Global Equity Market";EUR;562.80;566.10;551.00;551.00;"25/09/2026 17:35";CET;15626;8798723.70;551.00;25/09/2026
"ADVANCED MICRO DEV";US0079031078;4AMD;EuroTLX;EUR;550.00;563.90;550.00;555.00;"25/09/2026 15:29";CET;44;24228.90;552.10;25/09/2026
"ADVANCED MICRO DEV";US0079031078;2AMDV;"Trading After Hours";EUR;547.60;548.00;547.60;548.00;"24/09/2026 19:38";CET;107;58635.60;551.00;25/09/2026
ADVENTURE;IT0005607715;ADV;"Euronext Growth Milan";EUR;35.80;36.60;33.40;35.80;"25/09/2026 17:35";CET;2790;97861.20;35.80;25/09/2026
ADVICENNE;FR0013296746;ALDVI;"Euronext Growth Paris";EUR;0.764;0.798;0.721;0.721;"25/09/2026 17:35";CET;31436;23818.248;0.721;25/09/2026
ADVINI;FR0000053043;ALAVI;"Euronext Growth Paris";EUR;15.50;15.50;15.50;15.50;"25/09/2026 15:13";CET;53;821.50;15.50;25/09/2026
ADYEN;NL0012969182;ADYEN;"Euronext Amsterdam";EUR;850.60;878.00;843.70;875.50;"25/09/2026 17:35";CET;124401;107357207.40;875.50;25/09/2026
ADYEN;NL0012969182;4ADYEN;EuroTLX;EUR;845.00;845.00;845.00;845.00;"25/09/2026 12:38";CET;2;1690.00;875.90;25/09/2026
ADYEN;NL0012969182;2ADYEN;"Trading After Hours";EUR;-;-;-;-;-;CET;-;-;875.50;25/09/2026
AEDES;IT0005708174;AEDES;"Euronext Milan";EUR;0.84;0.84;0.802;0.84;"25/09/2026 17:06";CET;19243;15676.364;0.84;25/09/2026
AEDIFICA;BE0003851681;AED;"Euronext Brussels, Amsterdam";EUR;64.80;65.45;64.50;64.50;"25/09/2026 17:35";CET;63851;4129853.10;64.50;25/09/2026
AEDIFICA;BE0003851681;2AED;"Trading After Hours";EUR;-;-;-;-;-;CET;-;-;64.50;25/09/2026
AEFFE;IT0001384590;AEF;"Euronext Milan";EUR;0.134;0.134;0.128;0.128;"25/09/2026 17:35";CET;101185;13100.6275;0.128;25/09/2026
AEGON;BMG0112X1056;AGN;"Euronext Amsterdam";EUR;7.82;7.888;7.806;7.85;"25/09/2026 17:38";CET;5421448;42556878.52;7.85;25/09/2026
"AELIS FARMA";FR0014007ZB4;AELIS;"Euronext Paris";EUR;0.94;0.96;0.92;0.92;"25/09/2026 16:22";CET;5296;4919.354;0.92;25/09/2026
"AENA SME";ES0105046017;2AENA;"Trading After Hours";EUR;22.80;22.80;22.80;22.80;"12/05/2026 20:07";CET;150;3420.00;25.88;25/09/2026
"AENA SME";ES0105046017;4AENA;EuroTLX;EUR;26.12;26.12;26.12;26.12;"29/07/2026 10:00";CET;70;1828.40;25.84;25/09/2026
"AENA SME";ES0105046017;1AENA;"Euronext Global Equity Market";EUR;25.76;25.78;25.40;25.78;"24/09/2026 16:50";CET;2793;71627.58;25.88;25/09/2026
"AERKOMM INC";US00774B2088;AKOM;"Euronext Paris";EUR;2.80;2.80;2.80;2.80;"24/09/2025 17:35";CET;1565;4382.00;2.80;25/09/2026
"AEROPORTO G. M. BO";IT0001006128;ADB;"Euronext Milan";EUR;9.60;9.60;9.32;9.32;"25/09/2026 17:35";CET;2276;21385.36;9.32;25/09/2026
"AEROVIRONMENT INC";US0080731088;1AVAV;"Euronext Global Equity Market";EUR;140.80;141.35;137.05;137.05;"25/09/2026 17:35";CET;201;28338.55;137.05;25/09/2026
"AES Corp/The";US00130H1059;1AES;"Euronext Global Equity Market";EUR;12.85;12.875;12.85;12.875;"10/07/2026 16:10";CET;154;1980.83;13.02;25/09/2026
"AF GRUPPEN";NO0003078107;AFG;"Oslo Børs";NOK;199.00;199.80;197.00;197.20;"25/09/2026 16:25";CET;137941;27276910.00;197.20;25/09/2026
"AFFIRM HOLDINGS";US00827B1061;1AFRM;"Euronext Global Equity Market";EUR;63.10;63.10;63.10;63.10;"25/09/2026 10:30";CET;110;6941.00;62.24;25/09/2026
"Aflac Inc";US0010551028;1AFL;"Euronext Global Equity Market";EUR;97.96;97.96;97.72;97.72;"12/05/2026 16:31";CET;27;2640.72;99.58;25/09/2026
AFYREN;FR0014005AC9;ALAFY;"Euronext Growth Paris";EUR;2.54;2.56;2.525;2.56;"25/09/2026 17:35";CET;14485;36808.025;2.56;25/09/2026
AG3I;FR0011908045;MLAGI;"Euronext Access Paris";EUR;0.635;0.635;0.635;0.635;"08/09/2025 16:30";CET;1;0.64;0.635;25/09/2026
AGEAS;BE0974264930;AGS;"Euronext Brussels";EUR;74.05;74.90;74.05;74.45;"25/09/2026 17:35";CET;173985;12955763.425;74.45;25/09/2026
AGEAS;BE0974264930;1AGS;"Euronext Global Equity Market";EUR;74.95;74.95;74.55;74.55;"25/09/2026 15:39";CET;100;7463.00;74.35;25/09/2026
AGEAS;BE0974264930;4AGS;EuroTLX;EUR;73.90;73.90;73.90;73.90;"04/08/2026 16:01";CET;4;295.60;74.40;25/09/2026
AGEAS;BE0974264930;2AGS;"Trading After Hours";EUR;71.60;73.00;71.60;73.00;"26/06/2026 18:00";CET;30;2155.00;74.35;25/09/2026
"AGENCE AUTO";FR0014005WE9;MLAA;"Euronext Access Paris";EUR;2.40;2.40;2.40;2.40;"16/09/2026 16:30";CET;200;480.00;2.40;25/09/2026
"AGENCE MARIT MINNE";BE0024915838;-;"Euronext Expert Market";EUR;-;-;-;-;-;CET;-;-;700.00;25/09/2026
AGFA-GEVAERT;BE0003755692;AGFB;"Euronext Brussels";EUR;0.385;0.385;0.3705;0.3705;"25/09/2026 17:08";CET;98484;36882.4965;0.3705;25/09/2026
AGFA-GEVAERT;BE0003755692;4AGFB;EuroTLX;EUR;0.889;0.889;0.889;0.889;"19/05/2025 10:37";CET;500;444.50;0.375;25/09/2026
"AGILENT TECHNOL";US00846U1016;1A;"Euronext Global Equity Market";EUR;153.65;153.65;153.65;153.65;"25/09/2026 09:41";CET;4;614.60;151.20;25/09/2026
"AGILENT TECHNOL";US00846U1016;2A;"Trading After Hours";EUR;125.65;125.65;125.65;125.65;"11/09/2026 19:56";CET;3;376.95;151.20;25/09/2026
"AGILENT TECHNOL";US00846U1016;4A;EuroTLX;EUR;144.45;144.45;144.45;144.45;"23/09/2026 09:29";CET;2;288.90;151.30;25/09/2026
"Agility Capital H";VGG885761301;AGIL;"Euronext Amsterdam";USD;2.32;2.32;2.32;2.32;"18/09/2026 14:38";CET;50;116.00;2.32;25/09/2026
AGILYX;NO0010872468;AGLX;"Oslo Børs";NOK;16.50;17.00;16.40;16.50;"25/09/2026 16:25";CET;19793;331147.60;16.50;25/09/2026
"AGP MALAGA SOCIMI";ES0105478004;MLAGP;"Euronext Access Paris";EUR;2.96;2.96;2.96;2.96;"16/05/2024 11:30";CET;61302;181453.92;2.54;25/09/2026
AGRIPOWER;FR0013452281;ALAGP;"Euronext Growth Paris";EUR;0.92;0.922;0.91;0.922;"25/09/2026 17:20";CET;3122;2859.768;0.922;25/09/2026
AGROGENERATION;FR0010641449;ALAGR;"Euronext Growth Paris";EUR;0.045;0.0468;0.045;0.0468;"25/09/2026 10:45";CET;18991;863.64;0.0468;25/09/2026
"AHOLD DEL";NL0011794037;4AD;EuroTLX;EUR;31.59;31.59;31.59;31.59;"07/09/2026 09:53";CET;40;1263.60;31.75;25/09/2026
"AHOLD DEL";NL0011794037;AD;"Euronext Amsterdam, Brussels";EUR;31.50;31.86;31.45;31.76;"25/09/2026 17:36";CET;2088097;66270115.135;31.76;25/09/2026
"AHOLD DEL";NL0011794037;1AD;"Euronext Global Equity Market";EUR;31.82;31.82;31.82;31.82;"24/09/2026 10:03";CET;6;190.92;31.71;25/09/2026
"AHOLD DEL";NL0011794037;2AD;"Trading After Hours";EUR;32.14;32.14;32.14;32.14;"23/09/2026 18:00";CET;6;192.84;31.71;25/09/2026
"AIB GROUP PLC";IE00BF0L3536;A5G;"Euronext Dublin";EUR;11.695;11.74;11.605;11.70;"25/09/2026 21:05";IST;2273865;26591293.3375;11.70;25/09/2026
"AIR FRANCE -KLM";FR001400J770;AF;"Euronext Paris, Amsterdam";EUR;11.71;11.935;11.665;11.705;"25/09/2026 17:35";CET;1006811;11830932.7925;11.705;25/09/2026
"AIR FRANCE-KLM";FR001400J770;4AF;EuroTLX;EUR;11.50;11.50;11.50;11.50;"23/09/2026 16:51";CET;100;1150.00;11.725;25/09/2026
"AIR FRANCE-KLM";FR001400J770;2AF;"Trading After Hours";EUR;13.00;13.00;12.98;12.98;"15/07/2026 18:07";CET;700;9090.60;11.695;25/09/2026
"AIR FRANCE-KLM";FR001400J770;1AF;"Euronext Global Equity Market";EUR;11.555;11.72;11.555;11.695;"25/09/2026 17:35";CET;2341;27374.545;11.695;25/09/2026
"AIR LIQUIDE";FR0000120073;AI;"Euronext Paris";EUR;168.20;168.96;167.02;167.50;"25/09/2026 17:35";CET;583503;97791515.15;167.50;25/09/2026
"AIR LIQUIDE";FR0000120073;2AI;"Trading After Hours";EUR;187.28;187.28;187.28;187.28;"14/04/2026 18:13";CET;44;8240.32;167.50;25/09/2026
"AIR PRODUCTS AND C";US0091581068;2APD;"Trading After Hours";EUR;242.30;242.30;242.30;242.30;"25/01/2024 20:21";CET;1;242.30;248.80;25/09/2026
"AIR PRODUCTS AND C";US0091581068;1APD;"Euronext Global Equity Market";EUR;260.50;260.50;260.50;260.50;"07/09/2026 16:22";CET;5;1302.50;248.80;25/09/2026
"AIR PRODUCTS AND C";US0091581068;4APD;EuroTLX;EUR;226.00;226.00;226.00;226.00;"07/04/2025 09:26";CET;1;226.00;249.10;25/09/2026
AIRBNB;US0090661010;4ABNB;EuroTLX;EUR;157.94;162.46;157.94;162.46;"14/08/2026 17:18";CET;17;2694.02;135.94;25/09/2026
AIRBNB;US0090661010;2ABNB;"Trading After Hours";EUR;130.62;130.62;130.62;130.62;"01/07/2026 18:52";CET;2;261.24;135.96;25/09/2026
AIRBNB;US0090661010;1ABNB;"Euronext Global Equity Market";EUR;134.50;134.60;134.50;134.60;"25/09/2026 15:49";CET;16;2152.10;135.96;25/09/2026
AIRBUS;NL0000235190;1AIR;"Euronext Global Equity Market";EUR;194.58;195.46;188.28;191.68;"25/09/2026 17:02";CET;14636;2799426.56;192.46;25/09/2026
AIRBUS;NL0000235190;2AIR;"Trading After Hours";EUR;201.60;201.60;201.60;201.60;"10/09/2026 19:27";CET;10;2016.00;192.40;25/09/2026
AIRBUS;NL0000235190;AIR;"Euronext Paris";EUR;194.52;195.36;188.12;192.40;"25/09/2026 17:35";CET;1728900;331321028.75;192.40;25/09/2026
AIRBUS;NL0000235190;4AIR;EuroTLX;EUR;193.76;193.84;193.76;193.84;"22/09/2026 10:35";CET;130;25194.80;192.48;25/09/2026
AIRWELL;FR0014003V77;ALAIR;"Euronext Growth Paris";EUR;1.165;1.165;1.05;1.05;"25/09/2026 17:35";CET;27519;29620.575;1.05;25/09/2026
AIXTRON;DE000A0WMPJ6;1AIXA;"Euronext Global Equity Market";EUR;35.22;35.22;35.22;35.22;"24/09/2026 13:28";CET;100;3522.00;34.98;25/09/2026
AIXTRON;DE000A0WMPJ6;2AIXA;"Trading After Hours";EUR;37.58;37.58;37.58;37.58;"21/09/2026 19:08";CET;32;1202.56;34.98;25/09/2026
AIXTRON;DE000A0WMPJ6;4AIXA;EuroTLX;EUR;34.55;34.55;34.55;34.55;"30/07/2026 10:18";CET;15;518.25;35.01;25/09/2026
AJAX;NL0000018034;AJAX;"Euronext Amsterdam";EUR;8.52;8.52;8.26;8.30;"25/09/2026 17:35";CET;4054;33763.58;8.30;25/09/2026
"AKAMAI TECHNOL";US00971T1016;1AKAM;"Euronext Global Equity Market";EUR;117.80;119.74;103.30;103.50;"25/09/2026 17:27";CET;1044;115908.04;103.80;25/09/2026
"AKAMAI TECHNOL";US00971T1016;2AKAM;"Trading After Hours";EUR;103.48;103.48;103.48;103.48;"25/09/2026 18:00";CET;1;103.48;103.48;25/09/2026
"AKAMAI TECHNOL";US00971T1016;4AKAM;EuroTLX;EUR;121.20;121.20;121.20;121.20;"29/05/2026 09:39";CET;40;4848.00;103.74;25/09/2026
AKASTOR;NO0010215684;AKAST;"Oslo Børs";NOK;13.12;13.14;12.86;12.92;"25/09/2026 16:29";CET;259643;3368930.20;12.92;25/09/2026
AKER;NO0010234552;AKER;"Oslo Børs";NOK;1440.00;1476.00;1432.00;1446.00;"25/09/2026 16:27";CET;137145;199048042.00;1446.00;25/09/2026
"AKER BIOMARINE";NO0010886625;AKBM;"Oslo Børs";NOK;127.00;127.00;121.60;122.80;"25/09/2026 16:25";CET;5718;701713.40;122.80;25/09/2026
"AKER BP";NO0010345853;AKRBP;"Oslo Børs";NOK;352.90;354.60;345.80;348.60;"25/09/2026 16:25";CET;654976;228908926.55;348.60;25/09/2026
"AKER SOLUTIONS";NO0010716582;AKSO;"Oslo Børs";NOK;41.98;41.98;41.40;41.90;"25/09/2026 16:25";CET;353535;14746847.02;41.90;25/09/2026
"AKOBO MINERALS";SE0015193412;AKOBO;"Euronext Growth Oslo";NOK;1.75;1.835;1.625;1.68;"25/09/2026 16:25";CET;435717;743033.86;1.68;25/09/2026
"AKVA GROUP";NO0003097503;AKVA;"Oslo Børs";NOK;137.00;144.00;137.00;141.50;"25/09/2026 16:25";CET;1438;199634.00;141.50;25/09/2026
AKWEL;FR0000053027;AKW;"Euronext Paris";EUR;6.60;6.60;6.22;6.22;"25/09/2026 17:35";CET;2719;17588.70;6.22;25/09/2026
"AKZO NOBEL";NL0013267909;AKZA;"Euronext Amsterdam";EUR;56.72;57.20;56.50;56.84;"25/09/2026 17:35";CET;437683;24885396.00;56.84;25/09/2026
"AKZO NOBEL";NL0013267909;4AKZA;EuroTLX;EUR;60.38;60.38;60.38;60.38;"27/08/2026 17:08";CET;70;4226.60;56.88;25/09/2026
"AKZO NOBEL";NL0013267909;2AKZA;"Trading After Hours";EUR;-;-;-;-;-;CET;-;-;56.84;25/09/2026
"ALAN ALLMAN";FR0000062465;AAA;"Euronext Paris";EUR;1.78;1.93;1.77;1.93;"23/09/2026 17:35";CET;200;369.16;1.93;25/09/2026
Albemarle;US0126531013;1ALB;"Euronext Global Equity Market";EUR;95.78;97.70;95.38;97.40;"25/09/2026 17:35";CET;110;10667.00;97.40;25/09/2026
ALCOA;US0138721065;4AA;EuroTLX;EUR;42.36;42.62;42.36;42.62;"11/09/2026 12:04";CET;450;19114.00;37.71;25/09/2026
ALCOA;US0138721065;2AA;"Trading After Hours";EUR;41.15;41.65;41.15;41.65;"15/07/2026 18:46";CET;583;24081.95;37.72;25/09/2026
ALCOA;US0138721065;1AA;"Euronext Global Equity Market";EUR;38.04;38.04;38.04;38.04;"25/09/2026 09:00";CET;15;570.60;37.72;25/09/2026
Alcon;CH0432492467;1ALC;"Euronext Global Equity Market";EUR;56.60;56.70;55.90;56.52;"25/09/2026 17:26";CET;3868;218028.00;56.48;25/09/2026
ALERION;IT0004720733;ARN;"Euronext Milan";EUR;18.78;18.80;18.20;18.26;"25/09/2026 17:35";CET;5414;99056.18;18.26;25/09/2026
"Alfa Laval";SE0000695876;1ALFA;"Euronext Global Equity Market";EUR;47.34;47.34;47.34;47.34;"15/09/2026 17:02";CET;21;994.14;49.64;25/09/2026
ALFEN;NL0012817175;ALFEN;"Euronext Amsterdam";EUR;12.31;12.44;12.22;12.33;"25/09/2026 17:35";CET;87971;1085342.195;12.33;25/09/2026
ALFEN;NL0012817175;2ALFEN;"Trading After Hours";EUR;-;-;-;-;-;CET;-;-;12.33;25/09/2026
"ALFEN BEHEER";NL0012817175;4ALFEN;EuroTLX;EUR;12.76;12.76;12.76;12.76;"10/08/2026 12:06";CET;75;957.00;12.35;25/09/2026
"ALFIO BARDOLLA";IT0005244030;ABTG;"Euronext Growth Milan";EUR;0.99;1.03;0.97;0.97;"25/09/2026 17:35";CET;17150;16966.25;0.97;25/09/2026
ALFONSINO;IT0005466039;ALFO;"Euronext Growth Milan";EUR;0.196;0.196;0.187;0.187;"25/09/2026 16:56";CET;4000;775.00;0.187;25/09/2026
"ALIA MENTIS";IT0005717241;ALMS;"Euronext Growth Milan";EUR;4.68;4.805;4.605;4.79;"25/09/2026 17:35";CET;31845;150947.965;4.79;25/09/2026
ALIAXIS;BE0941243520;-;"Euronext Expert Market";EUR;17.00;17.00;17.00;17.00;"22/09/2026 11:30";CET;945;16065.00;17.00;25/09/2026
"Align Technology";US0162551016;1ALGN;"Euronext Global Equity Market";EUR;131.00;131.00;131.00;131.00;"15/09/2026 15:54";CET;9;1179.00;129.15;25/09/2026
ALLCORE;IT0005461303;CORE;"Euronext Growth Milan";EUR;1.36;1.37;1.36;1.37;"25/09/2026 17:17";CET;130;177.10;1.37;25/09/2026
"Allegion plc";IE00BFRT3W74;1ALLE;"Euronext Global Equity Market";EUR;138.50;138.50;138.50;138.50;"13/08/2026 11:30";CET;1;138.50;134.85;25/09/2026
"ALLFUNDS GROUP";GB00BNTJ3546;ALLFG;"Euronext Amsterdam";EUR;9.105;9.285;9.105;9.21;"25/09/2026 17:35";CET;495928;4591174.695;9.21;25/09/2026
ALLIANZ;DE0008404005;2ALV;"Trading After Hours";EUR;435.70;435.70;435.70;435.70;"25/09/2026 18:43";CET;10;4357.00;435.70;25/09/2026
ALLIANZ;DE0008404005;1ALV;"Euronext Global Equity Market";EUR;420.90;424.20;420.90;423.30;"25/09/2026 17:28";CET;1342;567837.40;423.20;25/09/2026
ALLIANZ;DE0008404005;4ALV;EuroTLX;EUR;423.00;423.00;423.00;423.00;"25/09/2026 09:04";CET;11;4653.00;423.20;25/09/2026
"Allstate Corp";US0200021014;1ALL;"Euronext Global Equity Market";EUR;199.60;199.60;199.60;199.60;"25/09/2026 17:20";CET;13;2594.80;200.50;25/09/2026
"ALMUNDA PRO NV";NL0010696704;AMUND;"Euronext Amsterdam";EUR;1.05;1.05;1.05;1.05;"25/09/2026 17:12";CET;12;12.60;1.05;25/09/2026
ALNG;NO0010607971;ALNG;"Euronext Expand Oslo";NOK;3.21;3.47;3.21;3.33;"25/09/2026 15:56";CET;140018;474289.02;3.33;25/09/2026
"ALNYLAM PHARMACEUT";US02043Q1076;1ALNY;"Euronext Global Equity Market";EUR;220.00;220.00;220.00;220.00;"25/09/2026 15:46";CET;10;2200.00;221.40;25/09/2026
"ALPES (COMPAGNIE)";FR0000053324;CDA;"Euronext Paris";EUR;17.56;17.68;17.30;17.46;"25/09/2026 17:35";CET;38951;680935.10;17.46;25/09/2026
"ALPHABET CLASSE A";US02079K3059;4GOOGL;EuroTLX;EUR;296.95;304.30;296.95;304.30;"25/09/2026 17:02";CET;25;7460.50;301.75;25/09/2026
"ALPHABET CLASSE A";US02079K3059;2GOOGL;"Trading After Hours";EUR;296.80;301.65;296.80;300.75;"24/09/2026 20:12";CET;239;71630.50;302.20;25/09/2026
"ALPHABET CLASSE A";US02079K3059;1GOOGL;"Euronext Global Equity Market";EUR;301.60;304.00;299.70;302.20;"25/09/2026 17:35";CET;2527;761078.85;302.20;25/09/2026
"ALPHABET CLASSE C";US02079K1079;2GOOG;"Trading After Hours";EUR;299.30;299.30;299.30;299.30;"25/09/2026 19:54";CET;4;1197.20;299.30;25/09/2026
"ALPHABET CLASSE C";US02079K1079;1GOOG;"Euronext Global Equity Market";EUR;298.20;301.10;297.00;299.30;"25/09/2026 17:35";CET;956;285089.95;299.30;25/09/2026
"ALPHABET CLASSE C";US02079K1079;4GOOG;EuroTLX;EUR;316.05;316.05;316.05;316.05;"22/09/2026 15:56";CET;3;948.15;298.95;25/09/2026
ALSTOM;FR0010220475;4ALO;EuroTLX;EUR;15.00;15.00;15.00;15.00;"23/09/2026 13:31";CET;135;2025.00;14.50;25/09/2026
ALSTOM;FR0010220475;ALO;"Euronext Paris";EUR;14.60;14.76;14.475;14.545;"25/09/2026 17:38";CET;1588396;23155396.40;14.545;25/09/2026
ALSTOM;FR0010220475;2ALO;"Trading After Hours";EUR;20.09;20.09;20.09;20.09;"15/05/2025 19:15";CET;75;1506.75;14.545;25/09/2026
ALTAMIR;FR0000053837;LTA;"Euronext Paris";EUR;22.90;22.90;22.90;22.90;"25/09/2026 10:10";CET;22;503.80;22.90;25/09/2026
ALTAREA;FR0000033219;2ALTA;"Trading After Hours";EUR;-;-;-;-;-;CET;-;-;82.70;25/09/2026
ALTAREA;FR0000033219;ALTA;"Euronext Paris";EUR;85.50;85.50;82.30;82.70;"25/09/2026 17:36";CET;10409;865911.10;82.70;25/09/2026
ALTAREIT;FR0000039216;AREIT;"Euronext Paris";EUR;560.00;560.00;560.00;560.00;"25/09/2026 09:00";CET;1;560.00;560.00;25/09/2026
"ALTEA GREEN POWER";IT0005472730;AGP;"Euronext Milan";EUR;5.93;6.00;5.93;5.94;"25/09/2026 17:35";CET;6446;38305.91;5.94;25/09/2026
ALTEN;FR0000071946;2ATE;"Trading After Hours";EUR;-;-;-;-;-;CET;-;-;76.25;25/09/2026
ALTEN;FR0000071946;ATE;"Euronext Paris";EUR;76.90;77.00;72.10;76.25;"25/09/2026 17:35";CET;123081;9278816.425;76.25;25/09/2026
ALTHEORA;FR0000061244;ALORA;"Euronext Growth Paris";EUR;0.37;0.41;0.36;0.38;"25/09/2026 17:35";CET;63144;23887.084;0.38;25/09/2026
"ALTRI SGPS";PTALT0AE0002;ALTR;"Euronext Lisbon";EUR;4.74;4.765;4.73;4.735;"25/09/2026 21:35";BST;452297;2150046.30;4.735;25/09/2026
"ALTRI SGPS";PTALT0AE0002;2ALTR;"Trading After Hours";EUR;-;-;-;-;-;CET;-;-;4.735;25/09/2026
"ALTRIA GROUP";US02209S1033;1MO;"Euronext Global Equity Market";EUR;60.46;60.46;60.46;60.46;"25/09/2026 13:56";CET;50;3023.00;60.02;25/09/2026
"ALTRIA GROUP";US02209S1033;4MO;EuroTLX;EUR;60.02;60.02;60.02;60.02;"25/09/2026 10:24";CET;200;12004.00;60.02;25/09/2026
"ALTRIA GROUP";US02209S1033;2MO;"Trading After Hours";EUR;59.12;59.12;59.12;59.12;"30/07/2026 19:04";CET;1;59.12;60.02;25/09/2026
"ALUMEXX N.V.";NL0012194724;ALX;"Euronext Amsterdam";EUR;1.38;1.38;1.34;1.34;"21/09/2026 17:19";CET;9024;12177.93;1.34;25/09/2026
ALVEEN;FR0013253812;MLALV;"Euronext Access Paris";EUR;0.103;0.103;0.103;0.103;"10/09/2025 11:30";CET;193;19.88;0.103;25/09/2026
"AMA CORPORATION";GB00BNKGZC51;ALAMA;"Euronext Growth Paris";EUR;0.1655;0.166;0.1505;0.155;"25/09/2026 17:35";CET;29513;4717.296;0.155;25/09/2026
"AMADEUS FIRE";DE0005093108;4AAD;EuroTLX;EUR;17.52;17.52;17.52;17.52;"16/09/2026 17:14";CET;100;1752.00;16.88;25/09/2026
"AMADEUS FIRE";DE0005093108;2AAD;"Trading After Hours";EUR;23.60;23.60;23.60;23.60;"09/06/2026 19:11";CET;5;118.00;17.12;25/09/2026
"AMADEUS FIRE";DE0005093108;1AAD;"Euronext Global Equity Market";EUR;17.64;17.72;17.46;17.72;"24/09/2026 17:10";CET;336;5936.14;17.12;25/09/2026
"AMADEUS IT GROUP";ES0109067019;4AMS;EuroTLX;EUR;54.04;54.04;54.04;54.04;"16/09/2026 09:02";CET;38;2053.52;53.24;25/09/2026
"AMADEUS IT GROUP";ES0109067019;1AMS;"Euronext Global Equity Market";EUR;55.14;55.14;55.12;55.12;"21/09/2026 15:41";CET;30;1653.62;53.22;25/09/2026
"AMADEUS IT GROUP";ES0109067019;2AMS;"Trading After Hours";EUR;54.34;54.34;54.34;54.34;"03/06/2026 18:00";CET;40;2173.60;53.22;25/09/2026
"AMATHEON AGRI";NL0010273694;MLAAH;"Euronext Access Paris";EUR;0.004;0.004;0.004;0.004;"25/09/2026 16:30";CET;951952;3807.808;0.004;25/09/2026
AMAZON;US0231351067;4AMZN;EuroTLX;EUR;226.20;226.20;226.20;226.20;"23/09/2026 09:36";CET;10;2262.00;218.45;25/09/2026
AMAZON;US0231351067;1AMZN;"Euronext Global Equity Market";EUR;219.95;220.55;217.05;218.50;"25/09/2026 17:35";CET;6617;1447421.15;218.50;25/09/2026
AMAZON;US0231351067;2AMZN;"Trading After Hours";EUR;219.30;220.00;219.30;219.80;"25/09/2026 19:21";CET;316;69473.80;219.85;25/09/2026
"AMBARELLA INC";KYG037AX1015;1AMBA;"Euronext Global Equity Market";EUR;63.12;63.12;63.12;63.12;"25/09/2026 15:52";CET;99;6248.88;63.50;25/09/2026
AMBROMOBILIARE;IT0004779515;AMB;"Euronext Growth Milan";EUR;0.426;0.426;0.426;0.426;"25/09/2026 17:27";CET;4000;1704.00;0.426;25/09/2026
"AMC ENTERTAINMENT";US00165C3025;2AMC;"Trading After Hours";EUR;2.286;2.286;2.286;2.286;"03/09/2026 18:20";CET;1;2.29;2.52;25/09/2026
"AMC ENTERTAINMENT";US00165C3025;1AMC;"Euronext Global Equity Market";EUR;2.49;2.568;2.49;2.568;"22/09/2026 16:36";CET;920;2361.10;2.52;25/09/2026
"Amcor PLC";JE00BV7DQ550;1AMCR;"Euronext Global Equity Market";EUR;36.60;36.60;36.60;36.60;"18/09/2026 14:33";CET;200;7320.00;37.00;25/09/2026
"Amentum H";US0239391016;1AMTM;"Euronext Global Equity Market";EUR;17.20;17.20;17.20;17.20;"09/09/2026 15:55";CET;100;1720.00;16.76;25/09/2026
"Ameren Corp";US0236081024;1AEE;"Euronext Global Equity Market";EUR;95.04;95.04;95.04;95.04;"28/05/2026 15:38";CET;57;5417.28;86.20;25/09/2026
"AMERICAN AIRLINES";US02376R1023;1AAL;"Euronext Global Equity Market";EUR;11.866;11.928;11.75;11.878;"25/09/2026 17:35";CET;4170;49388.696;11.878;25/09/2026
"AMERICAN AIRLINES";US02376R1023;2AAL;"Trading After Hours";EUR;11.932;11.932;11.932;11.932;"23/07/2026 18:46";CET;10;119.32;11.878;25/09/2026
"AMERICAN AIRLINES";US02376R1023;4AAL;EuroTLX;EUR;12.076;12.076;12.076;12.076;"23/07/2026 17:29";CET;30;362.28;11.876;25/09/2026
"AMERICAN EAGLE OUT";US02553E1064;1AEO;"Euronext Global Equity Market";EUR;15.645;15.645;15.645;15.645;"16/07/2026 09:50";CET;4;62.58;14.195;25/09/2026
"American Electric";US0255371017;1AEP;"Euronext Global Equity Market";EUR;106.70;106.70;106.70;106.70;"15/09/2026 11:46";CET;47;5014.90;102.52;25/09/2026
"AMERICAN EXPRESS";US0258161092;2AXP;"Trading After Hours";EUR;286.30;286.30;286.30;286.30;"19/06/2026 18:24";CET;8;2290.40;269.80;25/09/2026
"AMERICAN EXPRESS";US0258161092;1AXP;"Euronext Global Equity Market";EUR;281.20;281.20;268.70;269.80;"25/09/2026 17:35";CET;409;113747.50;269.80;25/09/2026
"AMERICAN EXPRESS";US0258161092;4AXP;EuroTLX;EUR;288.70;288.70;288.70;288.70;"19/08/2026 12:21";CET;2;577.40;269.30;25/09/2026
"AMERICAN INTERN";US0268747849;2AIG;"Trading After Hours";EUR;69.19;69.19;69.19;69.19;"02/03/2026 19:21";CET;8;553.52;65.00;25/09/2026
"AMERICAN INTERN";US0268747849;4AIG;EuroTLX;EUR;68.28;68.28;68.28;68.28;"24/07/2025 09:41";CET;30;2048.40;65.00;25/09/2026
"AMERICAN INTERN";US0268747849;1AIG;"Euronext Global Equity Market";EUR;66.70;67.18;66.70;66.96;"23/09/2026 16:31";CET;71;4754.08;65.00;25/09/2026
"AMERICAN SUPERCOND";US0301112076;1AMSC;"Euronext Global Equity Market";EUR;27.32;27.32;27.32;27.32;"23/09/2026 16:01";CET;38;1038.16;26.78;25/09/2026
"AMERICAN TOWER R";US03027X1000;2AMT;"Trading After Hours";EUR;186.50;186.50;186.50;186.50;"15/11/2024 19:57";CET;5;932.50;146.40;25/09/2026
"AMERICAN TOWER R";US03027X1000;1AMT;"Euronext Global Equity Market";EUR;155.65;155.65;155.65;155.65;"17/09/2026 15:10";CET;1;155.65;146.40;25/09/2026
"AMERICAN TOWER R";US03027X1000;4AMT;EuroTLX;EUR;187.68;187.68;187.68;187.68;"25/02/2025 15:23";CET;55;10322.40;146.50;25/09/2026
"AMERICAN WATER WOR";US0304201033;4AWK;EuroTLX;EUR;118.40;118.40;118.40;118.40;"22/09/2026 15:44";CET;9;1065.60;114.50;25/09/2026
"AMERICAN WATER WOR";US0304201033;1AWK;"Euronext Global Equity Market";EUR;114.55;114.55;114.55;114.55;"25/09/2026 16:40";CET;81;9278.55;114.55;25/09/2026
"AMERICAN WATER WOR";US0304201033;2AWK;"Trading After Hours";EUR;124.70;124.70;124.70;124.70;"06/11/2024 19:48";CET;6;748.20;114.55;25/09/2026
"Ameriprise Fin";US03076C1062;1AMP;"Euronext Global Equity Market";EUR;478.30;478.30;478.30;478.30;"07/08/2026 17:35";CET;3;1434.90;434.90;25/09/2026
"AMETEK Inc";US0311001004;1AME;"Euronext Global Equity Market";EUR;217.80;220.70;217.80;220.70;"25/09/2026 15:57";CET;20;4401.10;219.70;25/09/2026
AMG;NL0000888691;2AMG;"Trading After Hours";EUR;-;-;-;-;-;CET;-;-;28.74;25/09/2026
AMG;NL0000888691;AMG;"Euronext Amsterdam";EUR;29.24;29.42;28.52;28.74;"25/09/2026 17:35";CET;98173;2831003.68;28.74;25/09/2026
AMGEN;US0311621009;4AMGN;EuroTLX;EUR;333.10;333.10;332.60;332.60;"30/07/2026 13:15";CET;80;26638.00;359.40;25/09/2026
AMGEN;US0311621009;2AMGN;"Trading After Hours";EUR;358.40;358.40;358.40;358.40;"22/09/2026 19:16";CET;10;3584.00;359.60;25/09/2026
AMGEN;US0311621009;1AMGN;"Euronext Global Equity Market";EUR;359.50;362.00;359.50;361.90;"23/09/2026 16:06";CET;144;52018.00;359.60;25/09/2026
AMOEBA;FR0011051598;ALMIB;"Euronext Growth Paris";EUR;0.36;0.39;0.345;0.3645;"25/09/2026 17:35";CET;4360546;1625401.4455;0.3645;25/09/2026
"Amphenol Corp";US0320951017;4APH;EuroTLX;EUR;75.08;75.08;75.08;75.08;"25/09/2026 15:15";CET;26;1952.08;73.58;25/09/2026
"Amphenol Corp";US0320951017;1APH;"Euronext Global Equity Market";EUR;73.77;73.77;71.11;71.11;"25/09/2026 14:46";CET;48;3482.44;73.98;25/09/2026
"Amphenol Corp";US0320951017;2APH;"Trading After Hours";EUR;67.17;67.17;67.17;67.17;"15/09/2026 18:48";CET;93;6246.81;73.98;25/09/2026
AMPLIFON;IT0004056880;2AMP;"Trading After Hours";EUR;11.495;11.57;11.46;11.56;"24/09/2026 19:47";CET;5708;65921.59;11.425;25/09/2026
AMPLIFON;IT0004056880;AMP;"Euronext Milan";EUR;11.56;11.73;11.37;11.425;"25/09/2026 17:35";CET;1074733;12338688.9825;11.425;25/09/2026
ams-OSRAM;AT0000A3EPA4;1AMSO;"Euronext Global Equity Market";EUR;22.10;22.30;21.40;22.30;"25/09/2026 09:37";CET;23;511.60;21.20;25/09/2026
AMUNDI;FR0004125920;2AMUN;"Trading After Hours";EUR;-;-;-;-;-;CET;-;-;91.25;25/09/2026
AMUNDI;FR0004125920;4AMUN;EuroTLX;EUR;95.55;95.55;95.55;95.55;"11/09/2026 12:10";CET;10;955.50;91.30;25/09/2026
AMUNDI;FR0004125920;AMUN;"Euronext Paris";EUR;91.40;92.45;91.20;91.25;"25/09/2026 17:38";CET;112720;10316031.05;91.25;25/09/2026
"ANALOG DEVICES";US0326541051;1ADI;"Euronext Global Equity Market";EUR;338.50;338.50;332.10;332.10;"24/09/2026 12:19";CET;33;10978.50;344.80;25/09/2026
"ANALOG DEVICES";US0326541051;2ADI;"Trading After Hours";EUR;339.65;339.65;339.65;339.65;"22/09/2026 18:13";CET;7;2377.55;344.80;25/09/2026
"ANALOG DEVICES";US0326541051;4ADI;EuroTLX;EUR;331.85;331.85;331.85;331.85;"05/08/2026 14:30";CET;1;331.85;344.80;25/09/2026
"ANDFJORD SALMON GR";NO0010829765;ANDF;"Euronext Growth Oslo";NOK;27.60;27.60;27.10;27.10;"25/09/2026 16:25";CET;11299;307897.50;27.10;25/09/2026
ANDRITZ;AT0000730007;1ANDR;"Euronext Global Equity Market";EUR;88.40;88.40;88.40;88.40;"24/09/2026 14:23";CET;10;884.00;83.80;25/09/2026
"ANGLOGOLD ASHANTI";GB00BRXH2664;1ANGU;"Euronext Global Equity Market";EUR;87.64;87.64;87.64;87.64;"23/09/2026 15:08";CET;2;175.28;86.28;25/09/2026
ANHEUSER-BUSCH;BE0974293251;1ABI;"Euronext Global Equity Market";EUR;68.38;68.38;67.42;67.42;"23/09/2026 17:35";CET;14;950.60;67.78;25/09/2026
ANHEUSER-BUSCH;BE0974293251;2ABI;"Trading After Hours";EUR;74.00;74.16;74.00;74.06;"30/07/2026 19:19";CET;1362;100896.72;67.78;25/09/2026
ANHEUSER-BUSCH;BE0974293251;4ABI;EuroTLX;EUR;69.82;69.82;69.82;69.82;"13/07/2026 10:37";CET;250;17455.00;67.76;25/09/2026
"ANIMA HOLDING";IT0004998065;ANIM;"Euronext Milan";EUR;7.16;7.19;7.12;7.12;"25/09/2026 17:35";CET;117484;840430.37;7.12;25/09/2026
"ANTIN INFRA PARTN";FR0014005AL0;2ANTIN;"Trading After Hours";EUR;-;-;-;-;-;CET;-;-;7.35;25/09/2026
"ANTIN INFRA PARTN";FR0014005AL0;ANTIN;"Euronext Paris";EUR;7.45;7.45;7.30;7.35;"25/09/2026 17:35";CET;19652;144910.73;7.35;25/09/2026
"Aon PLC";IE00BLP1HW54;1AON;"Euronext Global Equity Market";EUR;260.00;260.00;260.00;260.00;"17/09/2026 16:35";CET;5;1300.00;245.50;25/09/2026
"APA Corp";US03743Q1085;1APA;"Euronext Global Equity Market";EUR;36.56;36.56;36.56;36.56;"23/09/2026 09:26";CET;40;1462.40;37.845;25/09/2026
APERAM;LU0569974404;APAM;"Euronext Amsterdam, Brussels, Paris";EUR;44.72;45.86;44.50;44.50;"25/09/2026 17:35";CET;80597;3630562.45;44.50;25/09/2026
APERAM;LU0569974404;2APAM;"Trading After Hours";EUR;-;-;-;-;-;CET;-;-;44.50;25/09/2026
"APEX CRITICAL";CA03753D1042;MLAPX;"Euronext Access Paris";EUR;1.023;1.023;1.023;1.023;"23/09/2026 11:30";CET;10;10.23;1.023;25/09/2026
"APODACA INVERSIONE";ES0105658001;MLASO;"Euronext Access Paris";EUR;70.00;70.00;70.00;70.00;"07/11/2022 00:00";CET;-;-;69.50;25/09/2026
"APOLLO GLOBAL MANA";US03769M1062;1APO;"Euronext Global Equity Market";EUR;106.00;106.00;106.00;106.00;"25/09/2026 16:04";CET;50;5300.00;105.70;25/09/2026
"APOLLO MINERALS";AU000000AON7;ALAON;"Euronext Growth Paris";EUR;-;-;-;0.0315;"30/06/2026 00:00";CET;-;-;0.0315;25/09/2026
APPEAR;NO0013683821;APR;"Oslo Børs";NOK;36.40;36.40;33.00;33.00;"25/09/2026 16:26";CET;49668;1671458.60;33.00;25/09/2026
"APPFOLIO INC - A";US03783C1009;1APPF;"Euronext Global Equity Market";EUR;183.00;183.00;183.00;183.00;"07/09/2026 11:11";CET;10;1830.00;179.20;25/09/2026
APPLE;US0378331005;4AAPL;EuroTLX;EUR;305.80;305.80;293.00;293.00;"21/09/2026 11:21";CET;20;5988.00;297.05;25/09/2026
APPLE;US0378331005;1AAPL;"Euronext Global Equity Market";EUR;295.15;297.10;294.15;297.10;"25/09/2026 17:35";CET;1182;348795.20;297.10;25/09/2026
APPLE;US0378331005;2AAPL;"Trading After Hours";EUR;297.60;298.70;297.60;298.50;"25/09/2026 20:15";CET;52;15506.00;298.20;25/09/2026
"Applied Digital";US0381692070;1APLD;"Euronext Global Equity Market";EUR;24.18;24.18;23.08;23.08;"25/09/2026 17:35";CET;675;15868.62;23.08;25/09/2026
"APPLIED MATERIALS";US0382221051;2AMAT;"Trading After Hours";EUR;403.75;403.75;403.75;403.75;"09/09/2026 19:18";CET;1;403.75;420.80;25/09/2026
"APPLIED MATERIALS";US0382221051;1AMAT;"Euronext Global Equity Market";EUR;424.00;426.05;420.00;421.50;"25/09/2026 17:21";CET;349;148015.05;420.80;25/09/2026
"APPLIED MATERIALS";US0382221051;4AMAT;EuroTLX;EUR;414.80;414.80;414.80;414.80;"24/09/2026 09:06";CET;3;1244.40;420.65;25/09/2026
"APPLIED OPTOELECTR";US03823U1025;1AAOI;"Euronext Global Equity Market";EUR;90.60;91.00;88.28;89.36;"25/09/2026 17:35";CET;1104;99156.20;89.36;25/09/2026
"AppLovin Corp";US03831W1080;1APP;"Euronext Global Equity Market";EUR;275.85;276.20;275.00;275.00;"25/09/2026 15:42";CET;43;11855.30;274.85;25/09/2026
"AQUA BIO TECHNO";NO0013735894;ABTEC;"Euronext Expand Oslo";NOK;4.98;4.98;4.98;4.98;"25/09/2026 14:35";CET;30;149.40;4.98;25/09/2026
AQUAFIL;IT0005241192;ECNL;"Euronext Milan";EUR;1.306;1.32;1.288;1.30;"25/09/2026 17:35";CET;86791;112631.838;1.30;25/09/2026
AQUALIS;NO0010715394;AQUA;"Oslo Børs";NOK;8.80;8.80;8.74;8.76;"25/09/2026 16:25";CET;9087;79717.66;8.76;25/09/2026
AQUILA;FR0010340711;ALAQU;"Euronext Growth Paris";EUR;3.66;3.66;3.66;3.66;"25/09/2026 16:30";CET;30;109.80;3.66;25/09/2026
"ARAMIS GROUP";FR0014003U94;ARAMI;"Euronext Paris";EUR;3.67;3.74;3.67;3.705;"25/09/2026 17:35";CET;17427;64532.725;3.705;25/09/2026
ARCADIS;NL0006237562;2ARCAD;"Trading After Hours";EUR;-;-;-;-;-;CET;-;-;41.96;25/09/2026
ARCADIS;NL0006237562;ARCAD;"Euronext Amsterdam";EUR;41.76;41.98;41.36;41.96;"25/09/2026 17:35";CET;104322;4363101.14;41.96;25/09/2026
"ARCELOR MITT LUX";LU0006047129;-;"Euronext Expert Market";EUR;101.00;101.00;93.00;93.00;"31/12/2002 00:00";CET;104;10112.00;123.00;25/09/2026
"ARCELORMITT SCHIFF";LU0006067663;-;"Euronext Expert Market";EUR;1.01;1.01;1.01;1.01;"01/07/2025 11:30";CET;15;15.15;1.01;25/09/2026
ARCELORMITTAL;LU1598757687;4MT;EuroTLX;EUR;64.62;64.62;64.62;64.62;"18/09/2026 14:34";CET;10;646.20;62.00;25/09/2026
"ARCELORMITTAL SA";LU1598757687;MT;"Euronext Amsterdam, Paris";EUR;63.00;63.78;61.78;61.78;"25/09/2026 17:38";CET;1191480;74204273.75;61.78;25/09/2026
"Arch Capital G";BMG0450A1053;1ACGL;"Euronext Global Equity Market";EUR;84.42;84.42;84.42;84.42;"15/09/2026 17:10";CET;219;18487.98;82.96;25/09/2026
ARCHER;BMG0451H2087;ARCH;"Oslo Børs";NOK;21.70;21.80;21.25;21.65;"25/09/2026 16:25";CET;450049;9704539.80;21.65;25/09/2026
ARCHER-DANIELS-MID;US0394831020;1ADM;"Euronext Global Equity Market";EUR;73.60;74.30;73.60;74.30;"21/09/2026 15:38";CET;77;5719.00;71.52;25/09/2026
ARCHER-DANIELS-MID;US0394831020;2ADM;"Trading After Hours";EUR;72.04;72.04;72.04;72.04;"24/09/2026 18:25";CET;100;7204.00;71.52;25/09/2026
ARCHER-DANIELS-MID;US0394831020;4ADM;EuroTLX;EUR;73.14;73.14;73.14;73.14;"04/09/2026 10:48";CET;65;4754.10;71.44;25/09/2026
ARCHOS;FR001400KO61;ALJXR;"Euronext Growth Paris";EUR;0.26;0.2635;0.255;0.2555;"25/09/2026 17:35";CET;236523;60653.7005;0.2555;25/09/2026
"ARCHOS BSA";FR0014018EP6;JXRBS;"Euronext Growth Paris";EUR;0.0755;0.0845;0.0755;0.0845;"25/09/2026 14:41";CET;1285;108.5645;0.0845;25/09/2026
"ARCTIC BIOSCIENCE";NO0010859580;ABS;"Euronext Growth Oslo";NOK;2.74;2.74;2.74;2.74;"25/09/2026 10:27";CET;100;274.00;2.74;25/09/2026
"ARCTIC FISH HOLDIN";NO0010917719;AFISH;"Euronext Growth Oslo";NOK;24.60;24.60;24.60;24.60;"25/09/2026 16:25";CET;46;1131.60;24.60;25/09/2026
"ARCTICZYMES TECHNO";NO0010014632;AZT;"Oslo Børs";NOK;20.40;20.80;20.40;20.40;"25/09/2026 16:25";CET;8641;176803.80;20.40;25/09/2026
ARCURE;FR0013398997;ALCUR;"Euronext Growth Paris";EUR;2.33;2.58;2.33;2.40;"25/09/2026 17:35";CET;18037;44868.09;2.40;25/09/2026
"ARDOIN ST AMAND A";FR0005057635;MLARD;"Euronext Access Paris";EUR;210.00;210.00;210.00;210.00;"14/08/2026 16:30";CET;7;1470.00;210.00;25/09/2026
"ARDOIN ST AMAND B";FR0004070795;ARDO;"Euronext Access Paris";EUR;72.00;72.00;72.00;72.00;"03/08/2020 16:30";CET;2;144.00;72.00;25/09/2026
"AREF THALASSA";ES0105661005;MLARE;"Euronext Access Paris";EUR;8.75;8.75;8.75;8.75;"17/11/2022 00:00";CET;-;-;8.75;25/09/2026
"ARENDALS FOSSEKOMP";NO0003572802;AFK;"Oslo Børs";NOK;185.00;189.00;185.00;186.50;"25/09/2026 16:25";CET;284;53308.50;186.50;25/09/2026
ARGAN;FR0010481960;ARG;"Euronext Paris";EUR;70.80;71.20;70.10;70.20;"25/09/2026 17:35";CET;6256;439755.70;70.20;25/09/2026
"ARGENX SE";NL0010832176;ARGX;"Euronext Brussels";EUR;845.80;851.40;839.40;845.20;"25/09/2026 17:35";CET;55346;46800850.00;845.20;25/09/2026
"ARGENX SE";NL0010832176;2ARGX;"Trading After Hours";EUR;-;-;-;-;-;CET;-;-;845.20;25/09/2026
"ARIMELIA ITG";ES0105601001;MLARI;"Euronext Access Paris";EUR;2.97;2.97;2.97;2.97;"17/09/2021 00:00";CET;-;-;2.98;25/09/2026
"Arista Networks";US0404132054;1ANET;"Euronext Global Equity Market";EUR;182.16;185.26;182.00;182.00;"25/09/2026 16:10";CET;645;117984.14;181.82;25/09/2026
"ARISTON HOLDING";NL0015000N33;ARIS;"Euronext Milan";EUR;3.92;4.00;3.898;4.00;"25/09/2026 17:37";CET;317406;1259982.754;4.00;25/09/2026
ARKEMA;FR0010313833;4AKE;EuroTLX;EUR;63.00;63.00;63.00;63.00;"06/05/2026 15:23";CET;20;1260.00;56.50;25/09/2026
ARKEMA;FR0010313833;AKE;"Euronext Paris";EUR;56.65;57.15;56.00;56.50;"25/09/2026 17:35";CET;187069;10589618.35;56.50;25/09/2026
ARKEMA;FR0010313833;2AKE;"Trading After Hours";EUR;-;-;-;-;-;CET;-;-;56.50;25/09/2026
"ARKIMEDES FONDS";BE0945331669;-;"Euronext Expert Market";EUR;5.10;5.10;5.10;5.10;"22/09/2026 11:30";CET;40;204.00;5.10;25/09/2026
ARMA;BE0051300847;-;"Euronext Expert Market";EUR;-;-;-;-;-;CET;-;-;43800.00;25/09/2026
"AROCA DEL PINAR";ES0105486007;MLARO;"Euronext Access Paris";EUR;14.60;14.60;14.60;14.60;"16/08/2020 00:00";CET;-;-;4.12;25/09/2026
"Aroundtown SA";LU1673108939;1AT1;"Euronext Global Equity Market";EUR;1.809;1.809;1.809;1.809;"08/09/2026 09:56";CET;2000;3618.00;1.684;25/09/2026
ARRABIDASHOPPING;PTCAP0AM0017;MLARR;"Euronext Access Lisbon";EUR;-;-;-;-;-;BST;-;-;50.68;25/09/2026
"ARRIBATEC GROUP";NO0013682948;ARR;"Oslo Børs";NOK;5.50;5.50;5.30;5.36;"25/09/2026 16:25";CET;139309;753025.72;5.36;25/09/2026
ARTEA;FR0012185536;ARTE;"Euronext Paris";EUR;6.45;6.45;6.35;6.35;"25/09/2026 17:22";CET;3;19.15;6.35;25/09/2026
"ARTERRA BIOSCIENCE";IT0005386369;ARBS;"Euronext Growth Milan";EUR;3.06;3.17;3.06;3.17;"25/09/2026 17:25";CET;6000;18802.50;3.14;25/09/2026
"Arthur Gallagher";US3635761097;1AJG;"Euronext Global Equity Market";EUR;201.50;201.50;201.50;201.50;"25/09/2026 16:24";CET;1;201.50;202.70;25/09/2026
"ARTMARKET COM";FR0000074783;PRC;"Euronext Paris";EUR;3.53;3.63;3.45;3.58;"25/09/2026 17:27";CET;3414;12066.68;3.58;25/09/2026
"ARTOIS NOM.";FR0000076952;ARTO;"Euronext Paris";EUR;9050.00;9050.00;9050.00;9050.00;"25/09/2026 11:30";CET;4;36200.00;9050.00;25/09/2026
"ARVERNE GROUP";FR001400JWR8;ARVEN;"Euronext Paris";EUR;6.60;6.62;6.30;6.56;"25/09/2026 17:35";CET;20993;136682.96;6.56;25/09/2026
"ARVERNE WARRANT";FR0014003AC4;ARVBS;"Euronext Paris";EUR;0.10;0.10;0.10;0.10;"15/09/2026 12:44";CET;1400;140.00;0.10;25/09/2026
ASCENCIO;BE0003856730;ASCE;"Euronext Brussels";EUR;52.70;53.00;52.60;52.60;"25/09/2026 17:35";CET;1285;67682.70;52.60;25/09/2026
ASCOPIAVE;IT0004093263;ASC;"Euronext Milan";EUR;2.635;2.665;2.59;2.62;"25/09/2026 17:35";CET;163318;428969.695;2.62;25/09/2026
"ASHLER ET MANSON";FR0012968485;MLAEM;"Euronext Access Paris";EUR;2.20;2.20;2.20;2.20;"04/09/2026 16:30";CET;200;440.00;2.20;25/09/2026
"ASM INTERNATIONAL";NL0000334118;4ASM;EuroTLX;EUR;822.00;822.00;822.00;822.00;"25/08/2026 09:02";CET;1;822.00;847.80;25/09/2026
"ASM INTERNATIONAL";NL0000334118;2ASM;"Trading After Hours";EUR;-;-;-;-;-;CET;-;-;844.60;25/09/2026
"ASM INTERNATIONAL";NL0000334118;ASM;"Euronext Amsterdam";EUR;847.00;854.00;837.80;844.60;"25/09/2026 17:39";CET;114057;96404014.80;844.60;25/09/2026
ASML;NL0010273215;2ASML;"Trading After Hours";EUR;1527.80;1530.80;1526.80;1530.80;"25/09/2026 20:29";CET;38;58050.40;1527.60;25/09/2026
ASML;NL0010273215;4ASML;EuroTLX;EUR;1482.80;1482.80;1482.80;1482.80;"31/08/2026 09:37";CET;13;19276.40;1526.00;25/09/2026
ASML;NL0010273215;1ASML;"Euronext Global Equity Market";EUR;1536.20;1542.00;1523.00;1523.00;"25/09/2026 17:35";CET;1304;2001362.00;1523.00;25/09/2026
"ASML HOLDING";NL0010273215;ASML;"Euronext Amsterdam";EUR;1526.00;1543.00;1521.60;1522.60;"25/09/2026 17:39";CET;348654;533508334.90;1522.60;25/09/2026
"ASR NEDERLAND";NL0011872643;ASRNL;"Euronext Amsterdam";EUR;72.96;74.22;72.92;73.48;"25/09/2026 17:35";CET;430633;31698266.63;73.48;25/09/2026
"ASR NEDERLAND";NL0011872643;2ASRNL;"Trading After Hours";EUR;-;-;-;-;-;CET;-;-;73.48;25/09/2026
"Assa Abloy";SE0007100581;1ASSA;"Euronext Global Equity Market";EUR;31.67;31.67;31.67;31.67;"25/08/2026 09:00";CET;9;285.03;31.88;25/09/2026
ASSYSTEM;FR0000074148;ASY;"Euronext Paris";EUR;38.70;40.10;38.60;39.80;"25/09/2026 17:35";CET;2110;83424.15;39.80;25/09/2026
"AST SPACEMOBILE IN";US00217D1000;1ASTS;"Euronext Global Equity Market";EUR;54.70;54.70;54.00;54.60;"25/09/2026 17:20";CET;350;19039.60;54.70;25/09/2026
"ASTERA LABS";US04626A1034;1ALAB;"Euronext Global Equity Market";EUR;322.00;324.00;320.00;321.00;"25/09/2026 15:29";CET;26;8352.00;322.00;25/09/2026
"ASTRONICS CORP";US0464331083;1ATRO;"Euronext Global Equity Market";EUR;59.00;59.00;59.00;59.00;"24/09/2026 09:00";CET;30;1770.00;60.50;25/09/2026
"AT&S Austria";AT0000969985;1ATS;"Euronext Global Equity Market";EUR;199.80;200.00;194.60;194.60;"25/09/2026 12:36";CET;183;36245.40;198.40;25/09/2026
AT&T;US00206R1023;4T;EuroTLX;EUR;19.764;19.764;19.764;19.764;"06/08/2026 10:59";CET;125;2470.50;22.215;25/09/2026
AT&T;US00206R1023;1T;"Euronext Global Equity Market";EUR;22.415;22.415;22.385;22.385;"24/09/2026 14:41";CET;163;3651.67;22.22;25/09/2026
AT&T;US00206R1023;2T;"Trading After Hours";EUR;19.28;19.28;19.28;19.28;"21/07/2026 18:13";CET;6;115.68;22.22;25/09/2026
ATARI;FR00140173Y6;ALATA;"Euronext Growth Paris";EUR;18.70;18.80;18.20;18.70;"25/09/2026 17:26";CET;1863;34470.378;18.70;25/09/2026
ATEA;NO0004822503;ATEA;"Oslo Børs";NOK;170.00;170.40;167.00;167.20;"25/09/2026 16:25";CET;42086;7058167.40;167.20;25/09/2026
ATEME;FR0011992700;ATEME;"Euronext Paris";EUR;13.45;13.45;12.65;12.75;"25/09/2026 17:35";CET;4789;61056.90;12.75;25/09/2026
ATENOR;BE0003837540;ATEB;"Euronext Brussels";EUR;1.07;1.09;1.05;1.065;"25/09/2026 16:51";CET;16344;17479.085;1.065;25/09/2026
ATLAND;FR0013455482;ATLD;"Euronext Paris";EUR;33.30;33.90;33.30;33.90;"25/09/2026 17:35";CET;58;1932.00;33.90;25/09/2026
"ATLANTIC SAPPHI TR";NO0013340802;ASAS;"Oslo Børs";NOK;0.0001;0.0001;0.0001;0.0001;"24/09/2026 09:05";CET;125;0.01;0.0001;25/09/2026
"ATLANTIC SAPPHIRE";NO0013464750;ASA;"Oslo Børs";NOK;0.783;0.783;0.737;0.783;"25/09/2026 16:25";CET;66854;52246.282;0.783;25/09/2026
"Atlas Copco A";SE0017486889;1ATCA;"Euronext Global Equity Market";EUR;17.40;17.40;17.40;17.40;"17/09/2026 09:00";CET;96;1670.40;18.115;25/09/2026
"Atlas Copco B";SE0017486897;1ATCB;"Euronext Global Equity Market";EUR;16.075;16.075;16.075;16.075;"25/08/2026 09:00";CET;20;321.50;15.94;25/09/2026
"Atlassian Corp";US0494681010;1TEAM;"Euronext Global Equity Market";EUR;168.00;168.00;168.00;168.00;"25/09/2026 10:37";CET;5;840.00;169.60;25/09/2026
"Atmos Energy";US0495601058;1ATO;"Euronext Global Equity Market";EUR;136.30;139.30;136.30;139.30;"25/09/2026 15:00";CET;19;2619.70;136.50;25/09/2026
ATON;FR0004153930;ALTAO;"Euronext Growth Paris";EUR;0.0124;0.0126;0.012;0.012;"25/09/2026 17:35";CET;5826699;70926.487;0.012;25/09/2026
"ATON GREEN STORAGE";IT0005449464;ATON;"Euronext Growth Milan";EUR;0.48;0.49;0.47;0.489;"25/09/2026 17:35";CET;21000;10075.50;0.489;25/09/2026
"ATOS GROUP";FR001400X2S4;2ATO;"Trading After Hours";EUR;-;-;-;-;-;CET;-;-;22.36;25/09/2026
"ATOS GROUP";FR001400X2S4;ATO;"Euronext Paris";EUR;22.72;22.82;21.82;22.36;"25/09/2026 17:35";CET;287256;6401936.49;22.36;25/09/2026
"ATRIUM BIRE SIGI";PTTBI0AM0006;MLATR;"Euronext Access Lisbon";EUR;2.98;2.98;2.98;2.98;"05/08/2025 21:00";BST;16780;50004.40;2.84;25/09/2026
AUBAY;FR0000063737;AUB;"Euronext Paris";EUR;50.30;51.40;50.20;50.80;"25/09/2026 17:35";CET;5924;301131.20;50.80;25/09/2026
AUDACIA;FR00140059B5;ALAUD;"Euronext Growth Paris";EUR;4.20;4.22;4.09;4.20;"25/09/2026 17:09";CET;8655;35766.81;4.20;25/09/2026
"AUGROS COSMETIC";FR0000061780;AUGR;"Euronext Paris";EUR;4.88;4.88;4.88;4.88;"17/09/2026 16:30";CET;208;1015.04;4.88;25/09/2026
AUMANN;DE000A2DAM03;4AAG;EuroTLX;EUR;13.83411;13.83411;13.83411;13.83411;"26/08/2026 11:29";CET;143;1984.50;13.55;25/09/2026
AUMANN;DE000A2DAM03;1AAG;"Euronext Global Equity Market";EUR;13.55178;13.55178;13.55178;13.55178;"17/08/2026 10:50";CET;531;7200.00;13.75;25/09/2026
AUMANN;DE000A2DAM03;2AAG;"Trading After Hours";EUR;9.88;9.88;9.88;9.88;"13/03/2025 18:06";CET;150;1482.00;13.75;25/09/2026
Aumovio;DE000AUM0V10;1AUMO;"Euronext Global Equity Market";EUR;38.15;38.15;38.15;38.15;"11/09/2026 14:39";CET;3;114.45;36.60;25/09/2026
AUREA;FR0000039232;AURE;"Euronext Paris";EUR;5.82;6.02;5.82;6.00;"25/09/2026 16:38";CET;64178;378523.22;6.00;25/09/2026
"AURSKOG SPAREBANK";NO0006001601;AURG;"Oslo Børs";NOK;258.95;258.95;258.95;258.95;"25/09/2026 15:03";CET;1088;281737.60;258.95;25/09/2026
Aurubis;DE0006766504;1AUR;"Euronext Global Equity Market";EUR;169.90;169.90;169.90;169.90;"22/09/2026 11:03";CET;100;16990.00;168.10;25/09/2026
"AUSTEVOLL SEAFOOD";NO0010073489;AUSS;"Oslo Børs";NOK;83.00;84.80;82.60;84.00;"25/09/2026 16:26";CET;144647;12136979.30;84.00;25/09/2026
"AUTO1 Group SE";DE000A2LQ884;1AG1;"Euronext Global Equity Market";EUR;18.75;18.75;18.75;18.75;"21/09/2026 13:40";CET;50;937.50;18.33;25/09/2026
AUTODESK;US0527691069;2ADSK;"Trading After Hours";EUR;177.04;177.04;177.04;177.04;"09/09/2026 20:00";CET;5;885.20;186.56;25/09/2026
AUTODESK;US0527691069;1ADSK;"Euronext Global Equity Market";EUR;183.72;186.46;183.72;186.46;"25/09/2026 15:50";CET;11;2023.66;186.56;25/09/2026
AUTODESK;US0527691069;4ADSK;EuroTLX;EUR;193.48;193.48;193.48;193.48;"24/09/2026 14:56";CET;20;3869.60;186.44;25/09/2026
"AUTOMATIC DATA PRO";US0530151036;4ADP;EuroTLX;EUR;237.35;237.35;237.35;237.35;"22/09/2026 15:46";CET;4;949.40;231.75;25/09/2026
"AUTOMATIC DATA PRO";US0530151036;1ADP;"Euronext Global Equity Market";EUR;234.00;234.00;233.10;233.10;"24/09/2026 15:56";CET;2;467.10;231.80;25/09/2026
"AUTOMATIC DATA PRO";US0530151036;2ADP;"Trading After Hours";EUR;216.35;216.35;216.35;216.35;"20/07/2026 18:43";CET;1;216.35;231.80;25/09/2026
"AUTOSTORE HOLDINGS";BMG0670A1099;AUTO;"Oslo Børs";NOK;15.84;15.89;15.59;15.73;"25/09/2026 16:29";CET;5935827;93035185.30;15.73;25/09/2026
"AUTOSTRADE MERID";IT0000084043;AUTME;"Euronext Milan";EUR;2.64;2.64;2.64;2.64;"25/09/2026 15:25";CET;2;5.28;2.64;25/09/2026
AUTOZONE;US0533321024;4AZO;EuroTLX;EUR;2840.00;2840.00;2840.00;2840.00;"26/05/2026 13:11";CET;3;8520.00;2512.00;25/09/2026
AUTOZONE;US0533321024;1AZO;"Euronext Global Equity Market";EUR;2534.00;2534.00;2530.00;2530.00;"24/09/2026 16:37";CET;2;5064.00;2514.00;25/09/2026
AUTOZONE;US0533321024;2AZO;"Trading After Hours";EUR;3090.00;3090.00;3090.00;3090.00;"23/01/2026 19:01";CET;1;3090.00;2514.00;25/09/2026
AVANTIUM;NL0015002IE0;AVTX;"Euronext Amsterdam, Brussels";EUR;4.95;5.05;4.95;5.00;"25/09/2026 17:35";CET;147286;736821.80;5.00;25/09/2026
"Avanza Bank";SE0012454072;1AZA;"Euronext Global Equity Market";EUR;33.62;33.62;33.62;33.62;"07/07/2026 15:57";CET;1;33.62;33.63;25/09/2026
"AVENIR TELECOM";FR001400CFI7;AVT;"Euronext Paris";EUR;0.073;0.0774;0.0652;0.07;"25/09/2026 17:29";CET;134879;9383.6968;0.07;25/09/2026
"Avery Den";US0536111091;1AVY;"Euronext Global Equity Market";EUR;157.45;157.45;157.45;157.45;"21/08/2026 17:22";CET;2;314.90;149.40;25/09/2026
AVIO;IT0005119810;AVIO;"Euronext Milan";EUR;28.77;29.06;28.02;28.98;"25/09/2026 17:35";CET;514484;14721084.82;28.98;25/09/2026
"AVIS BUDGET GROUP";US0537741052;1CAR;"Euronext Global Equity Market";EUR;90.02;90.02;90.02;90.02;"25/09/2026 15:28";CET;1;90.02;92.46;25/09/2026
AVOLTA;CH0023405456;1AVOL;"Euronext Global Equity Market";EUR;44.60;45.04;44.60;45.04;"25/09/2026 10:57";CET;38;1708.44;45.30;25/09/2026
AXA;FR0000120628;1CS;"Euronext Global Equity Market";EUR;44.15;44.15;43.77;43.77;"25/09/2026 16:32";CET;1218;53522.67;43.82;25/09/2026
AXA;FR0000120628;CS;"Euronext Paris";EUR;43.98;44.11;43.76;44.00;"25/09/2026 17:40";CET;2870574;126251425.925;44.00;25/09/2026
AXA;FR0000120628;4CS;EuroTLX;EUR;44.17;44.17;44.17;44.17;"18/09/2026 11:03";CET;58;2561.86;43.83;25/09/2026
AXA;FR0000120628;2CS;"Trading After Hours";EUR;43.20;43.20;43.20;43.20;"23/09/2026 20:21";CET;5;216.00;43.82;25/09/2026
AXACTOR;NO0010840515;ACR;"Oslo Børs";NOK;4.76;4.79;4.75;4.755;"25/09/2026 16:25";CET;298701;1425606.155;4.755;25/09/2026
"AXCELIS TECHNOLOGI";US0545402085;1ACLS;"Euronext Global Equity Market";EUR;106.00;106.00;106.00;106.00;"25/09/2026 16:11";CET;2;212.00;105.40;25/09/2026
"Axfood AB";SE0006993770;1AXFO;"Euronext Global Equity Market";EUR;24.10;24.10;24.10;24.10;"15/07/2026 09:51";CET;200;4820.00;22.84;25/09/2026
"Axon Ent";US05464C1018;1AXON;"Euronext Global Equity Market";EUR;393.40;393.40;393.40;393.40;"25/09/2026 09:50";CET;15;5901.00;386.30;25/09/2026
"AXSOME THERAPEUTIC";US05464T1043;1AXSM;"Euronext Global Equity Market";EUR;175.85;175.85;175.85;175.85;"25/09/2026 15:59";CET;50;8792.50;172.25;25/09/2026
"AYFIE INTERNATIONA";NO0012861683;AIX;"Euronext Growth Oslo";NOK;3.16;3.40;3.16;3.34;"25/09/2026 15:20";CET;452;1506.82;3.34;25/09/2026
AYVENS;FR0013258662;AYV;"Euronext Paris";EUR;10.03;10.08;9.94;10.01;"25/09/2026 17:35";CET;1240300;12412596.42;10.01;25/09/2026
AYVENS;FR0013258662;2AYV;"Trading After Hours";EUR;-;-;-;-;-;CET;-;-;10.01;25/09/2026
"AZ LEASING";IT0004812258;MLAZL;"Euronext Access Paris";EUR;0.625;0.625;0.625;0.625;"06/03/2024 11:30";CET;16;10.00;0.625;25/09/2026
"AZELIS GROUP";BE0974400328;AZE;"Euronext Brussels";EUR;11.70;12.19;11.57;12.10;"25/09/2026 17:35";CET;250071;3012379.135;12.10;25/09/2026
AZERION;NL00150006Z9;AZRN;"Euronext Amsterdam";EUR;0.85;0.85;0.826;0.826;"25/09/2026 17:17";CET;3597;3015.122;0.826;25/09/2026
"AZERION WARRANTS";NL00150007A0;AZRNW;"Euronext Amsterdam";EUR;0.0005;0.0005;0.0005;0.0005;"26/05/2026 09:27";CET;163;0.08;0.0005;25/09/2026
AZIMUT;IT0003261697;AZM;"Euronext Milan";EUR;39.35;39.49;38.88;38.88;"25/09/2026 17:35";CET;293283;11487671.455;38.88;25/09/2026
AZIMUT;IT0003261697;2AZM;"Trading After Hours";EUR;39.18;39.18;39.07;39.07;"25/09/2026 20:04";CET;90;3518.50;39.09;25/09/2026
"AZOREAN TECH";PTAZR0AM0006;MLAAT;"Euronext Access Paris";EUR;0.258;0.258;0.258;0.258;"04/09/2026 11:30";CET;12;3.10;0.258;25/09/2026
"B&C SPEAKERS";IT0001268561;BEC;"Euronext Milan";EUR;11.15;11.15;10.95;11.05;"25/09/2026 17:35";CET;10543;116550.50;11.05;25/09/2026
B.COM.PORTUGUES;PTBCP0AM0015;2BCP;"Trading After Hours";EUR;-;-;-;-;-;CET;-;-;1.21;25/09/2026
B.COM.PORTUGUES;PTBCP0AM0015;BCP;"Euronext Lisbon";EUR;1.1965;1.216;1.1965;1.21;"25/09/2026 21:35";BST;66766747;80640232.314;1.21;25/09/2026
B.F.;IT0005187460;BFG;"Euronext Milan";EUR;7.52;7.78;7.50;7.64;"25/09/2026 17:35";CET;29512;225398.02;7.64;25/09/2026
"B2 Impact";NO0010633951;B2I;"Oslo Børs";NOK;24.70;24.70;24.00;24.25;"25/09/2026 16:25";CET;629541;15261763.70;24.25;25/09/2026
BAIKOWSKI;FR0013384369;ALBKK;"Euronext Growth Paris";EUR;22.30;23.00;22.10;23.00;"25/09/2026 17:24";CET;831;18690.30;23.00;25/09/2026
"BAINS MER MONACO";MC0000031187;BAIN;"Euronext Paris";EUR;141.50;144.00;141.00;144.00;"25/09/2026 17:35";CET;475;67406.50;144.00;25/09/2026
BAKKAFROST;FO0000000179;BAKKA;"Oslo Børs";NOK;441.00;453.40;440.00;450.00;"25/09/2026 16:25";CET;58168;26107575.40;450.00;25/09/2026
"Ball Corp";US0584981064;1BALL;"Euronext Global Equity Market";EUR;54.44;54.44;54.44;54.44;"24/08/2026 14:24";CET;6;326.64;49.90;25/09/2026
"BALTIC SEA PROP";NO0010810476;BALT;"Euronext Growth Oslo";NOK;49.80;49.80;49.60;49.80;"25/09/2026 14:49";CET;430;21373.80;49.80;25/09/2026
"BAM GROEP KON";NL0000337319;BAMNB;"Euronext Amsterdam";EUR;12.13;12.16;11.91;11.92;"25/09/2026 17:35";CET;498568;5983683.775;11.92;25/09/2026
"BANCA GENERALI";IT0001031084;BGN;"Euronext Milan";EUR;64.60;65.45;63.95;63.95;"25/09/2026 17:35";CET;139302;8989762.775;63.95;25/09/2026
"BANCA GENERALI";IT0001031084;2BGN;"Trading After Hours";EUR;64.90;67.05;64.65;64.90;"25/09/2026 20:11";CET;930;60938.50;65.55;25/09/2026
"BANCA IFIS";IT0003188064;IF;"Euronext Milan";EUR;14.15;14.16;11.52;12.45;"25/09/2026 17:35";CET;2742189;34412144.73;12.45;25/09/2026
"BANCA MEDIOLANUM";IT0004776628;2BMED;"Trading After Hours";EUR;23.36;23.50;23.36;23.38;"25/09/2026 19:59";CET;3490;81579.60;23.38;25/09/2026
"BANCA MEDIOLANUM";IT0004776628;BMED;"Euronext Milan";EUR;23.49;23.70;23.27;23.28;"25/09/2026 17:35";CET;604530;14170848.91;23.28;25/09/2026
"BANCA MPS";IT0005508921;BMPS;"Euronext Milan";EUR;11.94;12.026;11.91;11.966;"25/09/2026 17:38";CET;10157022;121579393.039;11.966;25/09/2026
"BANCA MPS";IT0005508921;2BMPS;"Trading After Hours";EUR;11.99;12.008;11.934;12.00;"25/09/2026 20:26";CET;74540;893923.62;11.992;25/09/2026
"BANCA SISTEMA";IT0003173629;BST;"Euronext Milan";EUR;1.586;1.588;1.586;1.588;"25/09/2026 12:46";CET;1885;2993.18;1.588;25/09/2026
"BANCO BPM";IT0005218380;2BAMI;"Trading After Hours";EUR;16.44;16.49;16.44;16.475;"25/09/2026 19:48";CET;60054;989437.015;16.475;25/09/2026
"BANCO BPM";IT0005218380;BAMI;"Euronext Milan";EUR;16.445;16.685;16.32;16.40;"25/09/2026 17:38";CET;5344963;88152743.47;16.40;25/09/2026
"BANCO DE SABADELL";ES0113860A34;2SAB;"Trading After Hours";EUR;2.766;2.766;2.766;2.766;"04/06/2026 18:52";CET;45;124.47;3.743;25/09/2026
"BANCO DE SABADELL";ES0113860A34;4SAB;EuroTLX;EUR;3.661;3.661;3.661;3.661;"04/09/2026 11:10";CET;3000;10983.00;3.743;25/09/2026
"BANCO DE SABADELL";ES0113860A34;1SAB;"Euronext Global Equity Market";EUR;3.728;3.728;3.728;3.728;"21/09/2026 13:36";CET;272;1014.02;3.743;25/09/2026
"BANCO SANTANDER";ES0113900J37;1SANX;"Euronext Global Equity Market";EUR;12.644;12.644;12.644;12.644;"25/09/2026 12:23";CET;401;5070.244;12.588;25/09/2026
"BANCO SANTANDER";ES0113900J37;2SANX;"Trading After Hours";EUR;12.628;12.628;12.628;12.628;"10/09/2026 18:18";CET;480;6061.44;12.588;25/09/2026
"BANCO SANTANDER";ES0113900J37;4SANX;EuroTLX;EUR;12.756;12.756;12.756;12.756;"21/09/2026 13:30";CET;1500;19134.00;12.59;25/09/2026
"BANIJAY GROUP";NL0015000X07;BNJ;"Euronext Amsterdam";EUR;8.42;8.42;8.36;8.36;"25/09/2026 17:35";CET;3728;31309.64;8.36;25/09/2026
"BANIJAY GROUP WARR";NL0015000H56;BNJW;"Euronext Amsterdam";EUR;0.25;0.25;0.25;0.25;"15/03/2022 11:07";CET;163;40.75;0.25;25/09/2026
"BANIMMO A";BE0003870871;BANI;"Euronext Brussels";EUR;3.06;3.12;3.04;3.08;"25/09/2026 17:28";CET;22870;70654.24;3.08;25/09/2026
"BANK OF AMERICA";US0605051046;4BAC;EuroTLX;EUR;50.90;50.90;50.90;50.90;"18/09/2026 09:02";CET;21;1068.90;49.175;25/09/2026
"BANK OF AMERICA";US0605051046;2BAC;"Trading After Hours";EUR;51.18;51.18;51.18;51.18;"29/06/2026 18:28";CET;30;1535.40;49.18;25/09/2026
"BANK OF AMERICA";US0605051046;1BAC;"Euronext Global Equity Market";EUR;49.305;49.47;49.305;49.445;"24/09/2026 14:28";CET;105;5180.45;49.18;25/09/2026
"BANK OF IRELAND GP";IE00BD1RP616;BIRG;"Euronext Dublin";EUR;20.00;20.25;19.95;20.11;"25/09/2026 21:06";IST;2410400;48543119.91;20.11;25/09/2026
"BANK OZK";US06417N1037;1OZK;"Euronext Global Equity Market";EUR;42.03;42.03;42.03;42.03;"21/09/2026 14:34";CET;21;882.63;40.95;25/09/2026
Bankinter;ES0113679I37;1BKT;"Euronext Global Equity Market";EUR;16.97;16.97;16.455;16.455;"19/08/2026 16:07";CET;75;1257.30;16.665;25/09/2026
"BANQUP GROUP";BE0974371032;BANQ;"Euronext Brussels";EUR;2.10;2.18;2.10;2.10;"25/09/2026 17:35";CET;3712;7875.87;2.10;25/09/2026
"BARBARA BUI";FR0000062788;BUI;"Euronext Paris";EUR;3.00;3.00;3.00;3.00;"04/09/2026 11:30";CET;7;21.00;3.00;25/09/2026
BARCO;BE0974362940;2BAR;"Trading After Hours";EUR;9.745;9.745;9.745;9.745;"08/01/2025 18:00";CET;42;409.29;7.46;25/09/2026
BARCO;BE0974362940;BAR;"Euronext Brussels";EUR;7.505;7.54;7.42;7.46;"25/09/2026 17:35";CET;85086;635147.6875;7.46;25/09/2026
"BARINGS CORE SPAIN";ES0105362000;MLBAR;"Euronext Access Paris";EUR;1.50;1.50;1.50;1.50;"18/09/2018 00:00";CET;-;-;0.0005;25/09/2026
"BARRAMUNDI GROUP";SGXZ33675836;BARRA;"Euronext Growth Oslo";NOK;0.462;0.498;0.46;0.498;"25/09/2026 15:00";CET;35752;16739.92;0.498;25/09/2026
"BARRY CALLEBAUT";CH0009002962;1BARN;"Euronext Global Equity Market";EUR;1260.00;1260.00;1260.00;1260.00;"17/07/2026 09:07";CET;4;5040.00;1179.00;25/09/2026
BASF;DE000BASF111;2BAS;"Trading After Hours";EUR;49.21;49.21;48.88;48.88;"25/09/2026 18:11";CET;2;98.09;49.045;25/09/2026
BASF;DE000BASF111;1BAS;"Euronext Global Equity Market";EUR;52.06;52.12;50.62;50.68;"25/09/2026 16:38";CET;30048;1541699.37;50.29;25/09/2026
BASF;DE000BASF111;4BAS;EuroTLX;EUR;50.85;52.90;48.33;52.90;"07/09/2026 10:48";CET;400;20412.32;50.31;25/09/2026
BASIC-FIT;NL0011872650;2BFIT;"Trading After Hours";EUR;-;-;-;-;-;CET;-;-;29.58;25/09/2026
BASIC-FIT;NL0011872650;BFIT;"Euronext Amsterdam";EUR;30.12;30.20;29.42;29.58;"25/09/2026 17:35";CET;108719;3218770.61;29.58;25/09/2026
BASICNET;IT0001033700;BAN;"Euronext Milan";EUR;5.52;5.52;5.45;5.52;"25/09/2026 17:35";CET;15558;85233.56;5.52;25/09/2026
BASSAC;FR0004023208;BASS;"Euronext Paris";EUR;36.80;36.90;36.40;36.50;"25/09/2026 17:21";CET;424;15571.90;36.50;25/09/2026
"BASTIDE LE CONFORT";FR0000035370;BLC;"Euronext Paris";EUR;20.00;20.20;19.22;19.50;"25/09/2026 17:35";CET;3516;69452.62;19.50;25/09/2026
"BASTOGI SPA";IT0004412497;B;"Euronext Milan";EUR;1.24;1.27;1.21;1.21;"25/09/2026 17:35";CET;31739;39335.39;1.21;25/09/2026
"BAWAG Group";AT0000BAWAG2;1BGA;"Euronext Global Equity Market";EUR;183.60;183.60;183.60;183.60;"15/09/2026 12:42";CET;20;3672.00;182.90;25/09/2026
"BAXTER INTERN";US0718131099;2BAX;"Trading After Hours";EUR;20.97;20.97;20.97;20.97;"10/09/2026 18:27";CET;125;2621.25;20.66;25/09/2026
"BAXTER INTERN";US0718131099;4BAX;EuroTLX;EUR;24.18;24.18;24.18;24.18;"03/08/2026 16:59";CET;11;265.98;20.67;25/09/2026
"BAXTER INTERN";US0718131099;1BAX;"Euronext Global Equity Market";EUR;21.00;21.00;21.00;21.00;"09/09/2026 13:51";CET;123;2583.00;20.66;25/09/2026
BAYER;DE000BAY0017;4BAYN;EuroTLX;EUR;49.77;49.81;49.77;49.81;"25/09/2026 09:38";CET;200;9958.00;49.84;25/09/2026
BAYER;DE000BAY0017;1BAYN;"Euronext Global Equity Market";EUR;49.33;50.34;49.19;50.04;"25/09/2026 17:35";CET;28126;1401892.37;50.04;25/09/2026
BAYER;DE000BAY0017;2BAYN;"Trading After Hours";EUR;49.80;49.80;49.80;49.80;"25/09/2026 20:26";CET;250;12450.00;49.80;25/09/2026
BBVA;ES0113211835;4BBVA;EuroTLX;EUR;24.92;25.00;24.92;25.00;"28/08/2026 12:02";CET;2000;49896.00;25.09;25/09/2026
BBVA;ES0113211835;1BBVA;"Euronext Global Equity Market";EUR;24.90;25.00;24.90;25.00;"24/09/2026 14:45";CET;3;74.90;25.09;25/09/2026
BBVA;ES0113211835;2BBVA;"Trading After Hours";EUR;24.60;24.60;24.60;24.60;"18/09/2026 18:04";CET;2300;56580.00;25.09;25/09/2026
"BCA PROFILO";IT0005704439;PRO;"Euronext Milan";EUR;1.592;1.61;1.584;1.59;"25/09/2026 17:35";CET;66946;106555.82;1.59;25/09/2026
"BCO DESIO BRIANZA";IT0001041000;BDB;"Euronext Milan";EUR;18.14;18.94;18.14;18.88;"25/09/2026 17:35";CET;79316;1491765.30;18.88;25/09/2026
"BE MAKER";CH1148983609;MLBBO;"Euronext Access Paris";EUR;0.168;0.168;0.168;0.168;"07/09/2026 16:30";CET;1;0.17;0.168;25/09/2026
"BE SEMICONDUCTOR";NL0012866412;2BESI;"Trading After Hours";EUR;-;-;-;-;-;CET;-;-;187.60;25/09/2026
"BE SEMICONDUCTOR";NL0012866412;BESI;"Euronext Amsterdam";EUR;190.20;191.10;186.50;187.60;"25/09/2026 17:37";CET;320164;60270201.175;187.60;25/09/2026
Bechtle;DE0005158703;1BC8;"Euronext Global Equity Market";EUR;34.56;34.56;34.56;34.56;"25/09/2026 09:00";CET;12;414.72;33.90;25/09/2026
"BECTON, DICKINSON";US0758871091;1BDX;"Euronext Global Equity Market";EUR;159.35;159.35;159.35;159.35;"22/09/2026 17:09";CET;1;159.35;159.65;25/09/2026
"BECTON, DICKINSON";US0758871091;4BDX;EuroTLX;EUR;157.65;157.65;157.65;157.65;"14/09/2026 11:40";CET;2;315.30;159.65;25/09/2026
"BECTON, DICKINSON";US0758871091;2BDX;"Trading After Hours";EUR;150.00;150.00;150.00;150.00;"26/02/2026 20:25";CET;30;4500.00;159.65;25/09/2026
BEEWIZE;IT0001487047;BWZ;"Euronext Milan";EUR;0.32;0.336;0.32;0.336;"15/09/2026 16:21";CET;41522;13297.68;0.336;25/09/2026
BEIERSDORF;DE0005200000;2BEI;"Trading After Hours";EUR;72.18;72.18;71.54;71.54;"18/09/2026 18:47";CET;2;143.72;78.64;25/09/2026
BEIERSDORF;DE0005200000;4BEI;EuroTLX;EUR;80.66;80.66;80.66;80.66;"28/07/2026 11:06";CET;200;16132.00;78.68;25/09/2026
BEIERSDORF;DE0005200000;1BEI;"Euronext Global Equity Market";EUR;78.88;78.88;78.88;78.88;"25/09/2026 16:13";CET;40;3155.20;78.64;25/09/2026
"Beijer Ref AB";SE0015949748;1BEIJ;"Euronext Global Equity Market";EUR;12.72;12.72;12.72;12.72;"18/09/2026 09:25";CET;100;1272.00;13.03;25/09/2026
BEKAERT;BE0974258874;BEKB;"Euronext Brussels";EUR;38.25;38.60;38.20;38.40;"25/09/2026 17:35";CET;32034;1230479.95;38.40;25/09/2026
BELIMO;CH1101098163;1BEAN;"Euronext Global Equity Market";EUR;876.00;876.00;873.00;873.00;"24/09/2026 09:30";CET;155;135563.00;860.50;25/09/2026
"BELLINI NAUTICA";IT0005497042;BELL;"Euronext Growth Milan";EUR;4.38;4.52;4.38;4.52;"25/09/2026 17:12";CET;7000;31020.00;4.52;25/09/2026
BELUGA;BE0003723377;BELU;"Euronext Expert Market";EUR;0.06;0.06;0.06;0.06;"07/07/2026 11:30";CET;20;1.20;0.06;25/09/2026
"BELYSSE GROUP";BE0974314461;BELYS;"Euronext Brussels";EUR;0.394;0.394;0.393;0.393;"25/09/2026 17:37";CET;19721;7750.897;0.393;25/09/2026
"BEM INVEST";BE0046318490;-;"Euronext Expert Market";EUR;14.00;14.00;14.00;14.00;"21/02/2017 11:30";CET;5;70.00;14.00;25/09/2026
"BENDING SPOONS";IT0005717696;1BSP;"Euronext Global Equity Market";EUR;29.40;29.50;27.90;28.50;"25/09/2026 17:35";CET;13852;399343.30;28.50;25/09/2026
"BENDING SPOONS";IT0005717696;2BSP;"Trading After Hours";EUR;29.30;29.30;29.30;29.30;"25/09/2026 18:00";CET;5;146.50;29.30;25/09/2026
BENETEAU;FR0000035164;BEN;"Euronext Paris";EUR;5.44;5.48;5.10;5.15;"25/09/2026 17:39";CET;326473;1693673.925;5.15;25/09/2026
BENETEAU;FR0000035164;2BEN;"Trading After Hours";EUR;-;-;-;-;-;CET;-;-;5.15;25/09/2026
BENFICA;PTSLB0AM0010;SLBEN;"Euronext Lisbon";EUR;6.78;6.78;6.68;6.68;"25/09/2026 21:29";BST;275;1843.20;6.68;25/09/2026
"BENTLEY SYSTEMS IN";US08265T2087;1BSY;"Euronext Global Equity Market";EUR;28.42;28.42;28.42;28.42;"24/09/2026 17:28";CET;262;7446.04;27.89;25/09/2026
"BERGEN CARBON SOL";NO0010950249;BCS;"Euronext Growth Oslo";NOK;6.00;6.00;5.50;5.80;"25/09/2026 16:25";CET;113812;647230.46;5.80;25/09/2026
"BERKSHIRE HATHAW B";US0846707026;1BRK;"Euronext Global Equity Market";EUR;443.60;444.35;440.95;443.05;"25/09/2026 17:35";CET;346;153293.55;443.05;25/09/2026
"BERKSHIRE HATHAW B";US0846707026;4BRK;EuroTLX;EUR;432.80;432.80;432.80;432.80;"26/08/2026 13:16";CET;150;64920.00;443.20;25/09/2026
"BERKSHIRE HATHAW B";US0846707026;2BRKH;"Trading After Hours";EUR;443.85;443.85;443.00;443.00;"25/09/2026 20:29";CET;13;5761.55;443.20;25/09/2026
"BERNARD LOISEAU";FR0000066961;ALDBL;"Euronext Growth Paris";EUR;3.88;3.90;3.88;3.90;"24/09/2026 16:30";CET;96;373.68;3.90;25/09/2026
"BEST BUY CO";US0865161014;2BBY;"Trading After Hours";EUR;76.38;76.38;76.38;76.38;"08/09/2026 18:40";CET;4;305.52;79.04;25/09/2026
"BEST BUY CO";US0865161014;4BBY;EuroTLX;EUR;81.00;81.00;81.00;81.00;"18/09/2026 13:02";CET;4;324.00;78.90;25/09/2026
"BEST BUY CO";US0865161014;1BBY;"Euronext Global Equity Market";EUR;82.30;82.30;81.00;81.00;"25/09/2026 10:17";CET;6;489.90;79.04;25/09/2026
"BESTBE HOLDING";IT0005611642;BES;"Euronext Milan";EUR;0.056;0.058;0.056;0.058;"25/11/2025 16:02";CET;13476;762.26;0.058;25/09/2026
"BEVER HOLDING";NL0000285278;BEVER;"Euronext Amsterdam";EUR;2.80;2.80;2.80;2.80;"11/09/2026 11:30";CET;219;613.20;2.80;25/09/2026
BEVEST;NO0013711721;BINT;"Oslo Børs";NOK;21.50;22.40;21.50;22.40;"25/09/2026 16:19";CET;979;21658.50;22.40;25/09/2026
BEWI;NO0010890965;BEWI;"Oslo Børs";NOK;21.40;21.55;21.05;21.20;"25/09/2026 16:25";CET;45898;972270.60;21.20;25/09/2026
"BEYOND MEAT";US08862E3071;1BYND;"Euronext Global Equity Market";EUR;8.053;8.236;7.45;7.492;"25/09/2026 17:23";CET;7653;58769.321;7.407;25/09/2026
"BEYOND MEAT";US08862E3071;2BYND;"Trading After Hours";EUR;7.416;7.416;7.416;7.416;"25/09/2026 18:44";CET;7;51.912;7.416;25/09/2026
"BFF BANK";IT0005244402;BFF;"Euronext Milan";EUR;2.846;2.858;2.682;2.742;"25/09/2026 17:35";CET;3225599;8877940.87;2.742;25/09/2026
"BGL BNP PARIBAS";LU0097891112;-;"Euronext Expert Market";EUR;81.00;81.00;81.00;81.00;"14/07/2026 11:30";CET;6;486.00;81.00;25/09/2026
BIC;FR0000120966;BB;"Euronext Paris";EUR;67.50;67.50;66.90;66.90;"25/09/2026 17:35";CET;35772;2395099.20;66.90;25/09/2026
BIC;FR0000120966;2BB;"Trading After Hours";EUR;-;-;-;-;-;CET;-;-;66.90;25/09/2026
"BIEN SPAREBANK";NO0012706763;BIEN;"Oslo Børs";NOK;144.00;144.00;144.00;144.00;"25/09/2026 09:00";CET;40;5760.00;144.00;25/09/2026
BIESSE;IT0003097257;BSS;"Euronext Milan";EUR;5.10;5.20;5.05;5.05;"25/09/2026 17:35";CET;35130;179250.91;5.05;25/09/2026
"BIGBEN INTERACTIVE";FR0000074072;BIG;"Euronext Paris";EUR;0.1022;0.1022;0.0928;0.0994;"25/09/2026 17:35";CET;52200;5037.0228;0.0994;25/09/2026
BIL;LU0006040975;-;"Euronext Expert Market";EUR;386.10;386.10;386.10;386.10;"04/04/2017 11:30";CET;1;386.10;386.00;25/09/2026
BILENDI;FR0004174233;ALBLD;"Euronext Growth Paris";EUR;9.66;9.82;9.62;9.76;"25/09/2026 17:35";CET;1606;15625.85;9.76;25/09/2026
"Bilfinger SE";DE0005909006;1GBF;"Euronext Global Equity Market";EUR;56.00;56.00;51.80;51.80;"25/09/2026 11:03";CET;45;2458.80;55.50;25/09/2026
"BILL HOLDINGS";US0900431000;1BILL;"Euronext Global Equity Market";EUR;41.50;41.50;41.50;41.50;"21/09/2026 16:36";CET;50;2075.00;40.00;25/09/2026
"BIMMART INVESTMENT";ES0106008008;MLBIM;"Euronext Access Paris";EUR;-;-;-;16.00;"09/03/2026 00:00";CET;-;-;15.70;25/09/2026
"Bio-Techne Corp";US09073M1045;1TECH;"Euronext Global Equity Market";EUR;63.26;63.26;63.26;63.26;"07/08/2026 16:29";CET;7;442.82;63.70;25/09/2026
"BIO-UV GROUP";FR0013345493;ALTUV;"Euronext Growth Paris";EUR;1.215;1.215;1.16;1.195;"25/09/2026 17:35";CET;33850;40179.765;1.195;25/09/2026
BIOGEN;US09062X1037;2BIIB;"Trading After Hours";EUR;178.72;178.72;178.72;178.72;"31/07/2026 18:04";CET;5;893.60;197.26;25/09/2026
BIOGEN;US09062X1037;4BIIB;EuroTLX;EUR;186.78;186.78;186.78;186.78;"14/07/2026 09:47";CET;5;933.90;197.22;25/09/2026
BIOGEN;US09062X1037;1BIIB;"Euronext Global Equity Market";EUR;196.50;196.50;196.50;196.50;"25/09/2026 16:38";CET;2;393.00;197.26;25/09/2026
"BIOMARIN PHARMA";US09061G1013;2BMRN;"Trading After Hours";EUR;51.90;51.90;51.90;51.90;"21/07/2026 18:56";CET;1;51.90;53.42;25/09/2026
"BIOMARIN PHARMA";US09061G1013;1BMRN;"Euronext Global Equity Market";EUR;58.22;58.22;55.82;56.34;"15/09/2026 16:51";CET;47;2675.18;53.42;25/09/2026
"BIOMARIN PHARMA";US09061G1013;4BMRN;EuroTLX;EUR;59.78;59.78;59.78;59.78;"12/08/2026 11:33";CET;5;298.90;53.42;25/09/2026
BIOMERIEUX;FR0013280286;BIM;"Euronext Paris";EUR;77.05;77.80;76.55;77.70;"25/09/2026 17:35";CET;163036;12656277.275;77.70;25/09/2026
BIOMERIEUX;FR0013280286;2BIM;"Trading After Hours";EUR;-;-;-;-;-;CET;-;-;77.70;25/09/2026
BIOPHYTIS;FR001400OLP5;ALBPS;"Euronext Growth Paris";EUR;0.0478;0.0482;0.0455;0.0465;"25/09/2026 17:35";CET;6348009;297427.1688;0.0465;25/09/2026
"BIOPHYTIS BSA";FR001400YN90;BPYBS;"Euronext Growth Paris";EUR;0.005;0.005;0.005;0.005;"03/09/2026 17:20";CET;20000;100.00;0.005;25/09/2026
"BIOPHYTIS BSA";FR001400LN79;BPBS;"Euronext Growth Paris";EUR;0.0005;0.0005;0.0005;0.0005;"17/09/2026 13:55";CET;271;0.14;0.0005;25/09/2026
"BIOPHYTIS BSA31";FR0014016WC0;BIBS3;"Euronext Growth Paris";EUR;0.039;0.039;0.039;0.039;"03/09/2026 15:35";CET;2000;78.00;0.039;25/09/2026
"BIOPHYTIS BSA4";FR001401AY03;BIBS4;"Euronext Growth Paris";EUR;0.009;0.009;0.009;0.009;"18/09/2026 09:00";CET;2500;22.50;0.009;25/09/2026
BIOSENIC;BE0974280126;BIOS;"Euronext Brussels, Paris";EUR;0.002;0.002;0.002;0.002;"26/05/2026 10:35";CET;70735;141.47;0.002;25/09/2026
BIOSYNEX;FR0011005933;ALBIO;"Euronext Growth Paris";EUR;0.96;1.055;0.904;0.93;"25/09/2026 17:35";CET;149152;148565.153;0.93;25/09/2026
BIOTALYS;BE0974386188;BTLS;"Euronext Brussels";EUR;2.02;2.02;1.974;1.976;"25/09/2026 15:55";CET;4265;8499.84;1.976;25/09/2026
"BIP INV. PARTNERS";LU0110790085;-;"Euronext Expert Market";EUR;0.001;0.001;0.001;0.001;"04/11/2025 11:30";CET;3619;3.63;0.001;25/09/2026
"BITCOIN GROUP";DE000A1TNV91;4ADE;EuroTLX;EUR;28.80;28.80;28.80;28.80;"21/09/2026 10:38";CET;189;5443.20;28.40;25/09/2026
"BITCOIN GROUP";DE000A1TNV91;1ADE;"Euronext Global Equity Market";EUR;28.86;28.86;28.28;28.28;"25/09/2026 15:53";CET;764;21688.80;28.40;25/09/2026
"BITCOIN GROUP";DE000A1TNV91;2ADE;"Trading After Hours";EUR;30.80;30.80;30.80;30.80;"22/09/2026 19:55";CET;48;1478.40;28.40;25/09/2026
"Bitdeer Tech";KYG114481008;1BTDR;"Euronext Global Equity Market";EUR;10.852;10.852;10.852;10.852;"25/09/2026 09:00";CET;89;965.828;9.98;25/09/2026
BKW;CH0130293662;1BKW;"Euronext Global Equity Market";EUR;134.50;134.50;134.50;134.50;"14/09/2026 09:00";CET;5;672.50;127.80;25/09/2026
"BLACK SEA PROPERTY";NO0013685750;BSP;"Euronext Growth Oslo";NOK;2.44;2.44;2.44;2.44;"25/09/2026 16:25";CET;10;24.40;2.44;25/09/2026
BLACKROCK;US09290D1019;1BLK;"Euronext Global Equity Market";EUR;941.00;941.00;941.00;941.00;"25/09/2026 16:44";CET;5;4705.00;938.60;25/09/2026
BLACKROCK;US09290D1019;4BLK;EuroTLX;EUR;944.00;944.00;944.00;944.00;"15/07/2026 12:34";CET;3;2832.00;938.60;25/09/2026
BLACKROCK;US09290D1019;2BLK;"Trading After Hours";EUR;920.40;920.40;920.40;920.40;"17/09/2026 18:00";CET;2;1840.80;938.60;25/09/2026
"Blackstone Inc";US09260D1072;1BX;"Euronext Global Equity Market";EUR;103.00;103.00;103.00;103.00;"25/09/2026 15:30";CET;1;103.00;103.35;25/09/2026
BLEECKER;FR0000062150;BLEE;"Euronext Paris";EUR;99.00;99.00;99.00;99.00;"24/09/2026 11:30";CET;5;495.00;99.00;25/09/2026
BLK;GB00BPSKS130;BLKX;"Euronext Access Dublin";EUR;-;-;-;-;-;IST;-;-;2.92;25/09/2026
BLOCK;US8522341036;2SQ;"Trading After Hours";EUR;64.35;64.35;64.35;64.35;"18/06/2026 18:00";CET;1;64.35;67.15;25/09/2026
BLOCK;US8522341036;1SQ;"Euronext Global Equity Market";EUR;67.00;67.00;67.00;67.00;"25/09/2026 17:17";CET;47;3149.00;67.15;25/09/2026
BLOCK;US8522341036;4SQ;EuroTLX;EUR;70.00;70.00;70.00;70.00;"07/07/2026 15:23";CET;4;280.00;67.25;25/09/2026
"BLOOM ENERGY A";US0937121079;1BLE;"Euronext Global Equity Market";EUR;238.00;250.00;234.00;249.00;"25/09/2026 17:24";CET;1760;432027.50;249.50;25/09/2026
"BLUE OWL CAPITAL";US09581B1035;1OWL;"Euronext Global Equity Market";EUR;8.50;8.50;8.50;8.50;"24/09/2026 11:31";CET;588;4998.00;8.10;25/09/2026
"BLUE SHARK POWER";FR0013340973;MLBSP;"Euronext Access Paris";EUR;3.70;3.70;3.70;3.70;"25/09/2026 16:30";CET;5;18.50;3.70;25/09/2026
BLUELINEA;FR0011041011;ALBLU;"Euronext Growth Paris";EUR;0.14;0.147;0.136;0.136;"25/09/2026 16:48";CET;1605;223.135;0.136;25/09/2026
BLUENORD;NO0010379266;BNOR;"Oslo Børs";NOK;581.00;581.00;568.00;570.00;"25/09/2026 16:29";CET;90403;51720485.50;570.00;25/09/2026
BM3EAC;KYG137071075;BACE;"Euronext Amsterdam";USD;10.00;10.00;10.00;10.00;"14/03/2023 09:43";CET;354;3540.00;10.00;25/09/2026
BMW;DE0005190003;4BMW;EuroTLX;EUR;56.76;56.76;55.50;55.50;"25/09/2026 16:40";CET;492;27685.00;55.70;25/09/2026
BMW;DE0005190003;1BMW;"Euronext Global Equity Market";EUR;56.64;56.88;55.46;55.80;"25/09/2026 17:22";CET;12867;724413.70;55.74;25/09/2026
BMW;DE0005190003;2BMW;"Trading After Hours";EUR;59.60;59.60;59.56;59.56;"23/09/2026 20:23";CET;25;1489.60;55.74;25/09/2026
"BNP PARIBAS";FR0000131104;4BNP;EuroTLX;EUR;106.46;106.46;106.46;106.46;"21/08/2026 12:02";CET;100;10646.00;99.28;25/09/2026
"BNP PARIBAS";FR0000131104;2BNP;"Trading After Hours";EUR;97.07;97.07;97.07;97.07;"25/09/2026 18:29";CET;50;4853.50;97.07;25/09/2026
"BNP PARIBAS";FR0000131104;1BNP;"Euronext Global Equity Market";EUR;99.43;100.00;98.98;99.38;"25/09/2026 17:23";CET;1422;141558.36;99.29;25/09/2026
"BNP PARIBAS ACT.A";FR0000131104;BNP;"Euronext Paris";EUR;99.62;100.13;98.94;99.30;"25/09/2026 17:37";CET;1845774;183449566.06;99.30;25/09/2026
"BNP PARIBAS FORTIS";BE0172505399;-;"Euronext Expert Market";EUR;36.40;36.40;36.40;36.40;"15/09/2026 11:30";CET;605;22022.00;36.40;25/09/2026
"BOA CONCEPT";FR0011365907;ALBOA;"Euronext Growth Paris";EUR;11.90;11.90;11.80;11.80;"25/09/2026 16:57";CET;718;8544.00;11.80;25/09/2026
"BODY ONE";FR0010106039;MLONE;"Euronext Access Paris";EUR;0.60;0.60;0.60;0.60;"10/09/2026 11:30";CET;86;51.60;0.60;25/09/2026
BOEING;US0970231058;2BA;"Trading After Hours";EUR;172.80;172.80;172.80;172.80;"22/09/2026 20:15";CET;116;20044.80;174.36;25/09/2026
BOEING;US0970231058;1BA;"Euronext Global Equity Market";EUR;173.66;173.66;173.04;173.04;"25/09/2026 16:04";CET;49;8499.72;174.36;25/09/2026
BOEING;US0970231058;4BA;EuroTLX;EUR;184.30;184.30;184.30;184.30;"25/08/2026 09:35";CET;15;2764.50;174.26;25/09/2026
BOHUS;NO0013753343;BOHUS;"Oslo Børs";NOK;37.50;38.60;37.50;38.10;"25/09/2026 16:25";CET;58268;2235595.70;38.10;25/09/2026
BOIRON;FR0000061129;BOI;"Euronext Paris";EUR;19.55;20.00;19.55;19.60;"25/09/2026 17:35";CET;3187;62580.55;19.60;25/09/2026
Boliden;SE0020050417;1BOL;"Euronext Global Equity Market";EUR;49.12;49.12;49.12;49.12;"15/09/2026 12:09";CET;65;3192.80;45.67;25/09/2026
BOLLORE;FR0000039299;BOL;"Euronext Paris";EUR;3.618;3.662;3.608;3.61;"25/09/2026 17:35";CET;1747826;6314550.65;3.61;25/09/2026
BOLLORE;FR0000039299;2BOL;"Trading After Hours";EUR;5.985;5.985;5.985;5.985;"19/02/2025 18:00";CET;50;299.25;3.61;25/09/2026
BOLOGNAFIERE;IT0003516066;BF;"Euronext Growth Milan";EUR;-;-;-;-;-;CET;-;-;1.25;25/09/2026
BONDUELLE;FR0000063935;BON;"Euronext Paris";EUR;8.09;8.12;8.03;8.12;"25/09/2026 17:35";CET;5344;43237.38;8.12;25/09/2026
BONHEUR;NO0003110603;BONHR;"Oslo Børs";NOK;255.00;263.50;255.00;259.50;"25/09/2026 16:25";CET;36126;9454706.50;259.50;25/09/2026
BONYF;BE6333353298;MLBON;"Euronext Access Paris";EUR;2.48;2.48;2.48;2.48;"15/07/2026 11:30";CET;20;49.60;2.48;25/09/2026
"BOOKING HOLDINGS";US09857L1089;1BKNG;"Euronext Global Equity Market";EUR;139.55;141.90;139.05;141.90;"25/09/2026 17:06";CET;40;5599.80;142.10;25/09/2026
"BOOKING HOLDINGS";US09857L1089;4BKNG;EuroTLX;EUR;145.60;145.60;145.60;145.60;"19/02/2026 12:42";CET;125;18200.00;142.20;25/09/2026
"BOOKING HOLDINGS";US09857L1089;2BKNG;"Trading After Hours";EUR;138.00;138.00;138.00;138.00;"24/09/2026 18:00";CET;18;2484.00;142.10;25/09/2026
BOOSTHEAT;FR00140153G5;ALBOO;"Euronext Growth Paris";EUR;0.64;0.64;0.64;0.64;"25/09/2026 11:19";CET;400;256.00;0.64;25/09/2026
"BOOZ ALLEN HAMILTO";US0995021062;1BAH;"Euronext Global Equity Market";EUR;66.56;66.56;66.56;66.56;"24/09/2026 16:36";CET;193;12846.08;63.84;25/09/2026
BORGESTAD;NO0013256180;BOR;"Oslo Børs";NOK;17.45;17.45;17.45;17.45;"25/09/2026 11:28";CET;155;2704.75;17.45;25/09/2026
BORGOSESIA;IT0003217335;BO;"Euronext Milan";EUR;0.718;0.734;0.716;0.734;"25/09/2026 15:43";CET;39770;28564.788;0.734;25/09/2026
BorgWarner;US0997241064;1BWA;"Euronext Global Equity Market";EUR;53.00;53.00;53.00;53.00;"24/09/2026 16:10";CET;150;7950.00;53.02;25/09/2026
"BORR DRILLING";BMG1466R1732;BORR;"Oslo Børs";NOK;40.50;40.995;39.65;39.97;"25/09/2026 16:25";CET;146354;5869349.23;39.97;25/09/2026
BORREGAARD;NO0010657505;BRG;"Oslo Børs";NOK;151.40;151.40;148.40;149.80;"25/09/2026 16:25";CET;40434;6052596.00;149.80;25/09/2026
"BORUSSIA DORTMUND";DE0005493092;2BOD;"Trading After Hours";EUR;4.04;4.04;4.04;4.04;"15/05/2025 18:36";CET;150;606.00;3.175;25/09/2026
"BORUSSIA DORTMUND";DE0005493092;1BOD;"Euronext Global Equity Market";EUR;3.375;3.375;3.375;3.375;"23/09/2026 09:02";CET;140;472.50;3.175;25/09/2026
"BOSTON SCIENTIFIC";US1011371077;4BSX;EuroTLX;EUR;42.19;42.19;42.19;42.19;"27/08/2026 10:02";CET;150;6328.50;38.855;25/09/2026
"BOSTON SCIENTIFIC";US1011371077;2BSX;"Trading After Hours";EUR;38.925;38.925;38.925;38.925;"14/09/2026 19:26";CET;40;1557.00;38.85;25/09/2026
"BOSTON SCIENTIFIC";US1011371077;1BSX;"Euronext Global Equity Market";EUR;38.92;39.145;38.92;39.145;"25/09/2026 13:45";CET;14;546.23;38.85;25/09/2026
"BOURRELIER GROUP";FR0000054421;ALBOU;"Euronext Growth Paris";EUR;67.40;67.40;67.40;67.40;"15/09/2026 11:30";CET;2;134.80;67.40;25/09/2026
"BOURSE DIRECT";FR0000074254;BSD;"Euronext Paris";EUR;5.48;5.48;5.32;5.48;"25/09/2026 17:35";CET;1350;7281.74;5.48;25/09/2026
BOUVET;NO0010360266;BOUV;"Oslo Børs";NOK;46.50;46.95;46.05;46.65;"25/09/2026 16:25";CET;160506;7507918.75;46.65;25/09/2026
BOUYGUES;FR0000120503;2EN;"Trading After Hours";EUR;-;-;-;-;-;CET;-;-;43.14;25/09/2026
BOUYGUES;FR0000120503;4EN;EuroTLX;EUR;49.43;49.54;44.74;49.54;"03/06/2026 12:09";CET;1340;64675.59;43.02;25/09/2026
BOUYGUES;FR0000120503;EN;"Euronext Paris";EUR;43.23;43.41;42.98;43.14;"25/09/2026 17:35";CET;467767;20182458.305;43.14;25/09/2026
"BPER BANCA";IT0000066123;2BPE;"Trading After Hours";EUR;14.38;14.43;14.38;14.41;"25/09/2026 20:29";CET;50148;722810.59;14.414;25/09/2026
"BPER BANCA";IT0000066123;BPE;"Euronext Milan";EUR;14.18;14.424;14.172;14.346;"25/09/2026 17:36";CET;5155274;73846307.13;14.346;25/09/2026
BPOST;BE0974268972;BPOST;"Euronext Brussels";EUR;1.148;1.156;1.126;1.142;"25/09/2026 17:35";CET;234638;267767.054;1.142;25/09/2026
"BQUE NAT. BELGIQUE";BE0003008019;BNB;"Euronext Brussels";EUR;356.00;362.00;356.00;362.00;"25/09/2026 17:28";CET;37;13297.00;362.00;25/09/2026
"BRAZE INC-A";US10576N1028;1BRZE;"Euronext Global Equity Market";EUR;21.20;21.20;21.20;21.20;"25/09/2026 15:36";CET;26;551.20;21.80;25/09/2026
BREDERODE;LU1068091351;BREB;"Euronext Brussels";EUR;103.40;104.40;103.40;104.00;"25/09/2026 17:35";CET;2600;270251.60;104.00;25/09/2026
BREMBO;NL0015001KT6;BRE;"Euronext Milan";EUR;10.06;10.08;9.96;10.05;"25/09/2026 17:35";CET;159028;1595096.92;10.05;25/09/2026
BRENNTAG;DE000A1DAHH0;1BRE;"Euronext Global Equity Market";EUR;61.34;61.34;61.34;61.34;"14/09/2026 16:22";CET;56;3435.04;59.54;25/09/2026
BRENNTAG;DE000A1DAHH0;2BRE;"Trading After Hours";EUR;54.48;56.20;54.48;56.20;"03/06/2026 20:29";CET;152;8406.96;59.54;25/09/2026
"BRIDGEBIO PHARMA I";US10806X1028;1BBIO;"Euronext Global Equity Market";EUR;58.25;58.25;58.25;58.25;"21/09/2026 15:57";CET;21;1223.25;57.24;25/09/2026
"BRINKER INTERNATIO";US1096411004;1EAT;"Euronext Global Equity Market";EUR;174.70;174.70;167.05;167.05;"16/09/2026 15:26";CET;70;12158.35;180.50;25/09/2026
BRIOSCHI;IT0000066180;BRI;"Euronext Milan";EUR;0.0674;0.0674;0.0654;0.0672;"25/09/2026 17:35";CET;36701;2441.8904;0.0672;25/09/2026
"BRISTOL-MYERS SQ";US1101221083;1BMY;"Euronext Global Equity Market";EUR;53.99;53.99;53.99;53.99;"25/09/2026 15:37";CET;1;53.99;54.28;25/09/2026
"BRISTOL-MYERS SQ";US1101221083;4BMY;EuroTLX;EUR;56.76;56.76;56.76;56.76;"04/09/2026 17:12";CET;7;397.32;54.31;25/09/2026
"BRISTOL-MYERS SQ";US1101221083;2BMY;"Trading After Hours";EUR;53.86;53.86;53.86;53.86;"23/07/2026 18:02";CET;10;538.60;54.28;25/09/2026
BROADCOM;US11135F1012;4AVGO;EuroTLX;EUR;313.50;313.50;313.50;313.50;"25/09/2026 10:44";CET;17;5329.50;308.80;25/09/2026
BROADCOM;US11135F1012;1AVGO;"Euronext Global Equity Market";EUR;312.05;312.50;307.10;309.20;"25/09/2026 17:28";CET;2297;713749.10;308.75;25/09/2026
BROADCOM;US11135F1012;2AVGO;"Trading After Hours";EUR;310.25;310.40;310.05;310.40;"25/09/2026 19:35";CET;103;31935.90;310.05;25/09/2026
BROADPEAK;FR001400AJZ7;ALBPK;"Euronext Growth Paris";EUR;2.11;2.20;2.11;2.17;"25/09/2026 17:35";CET;1281;2758.27;2.17;25/09/2026
"Brown Brown";US1152361010;1BRO;"Euronext Global Equity Market";EUR;54.50;54.50;54.50;54.50;"22/09/2026 15:58";CET;20;1090.00;53.86;25/09/2026
Brown-Forman;US1156372096;1BFB;"Euronext Global Equity Market";EUR;23.78;23.89;23.34;23.40;"02/09/2026 17:06";CET;4845;114444.44;22.87;25/09/2026
"BRUKER CORP";US1167941087;1BRKR;"Euronext Global Equity Market";EUR;56.16;56.16;56.16;56.16;"25/09/2026 12:24";CET;17;954.72;55.80;25/09/2026
"BRUNEL INTERNAT";NL0010776944;BRNL;"Euronext Amsterdam";EUR;7.13;7.27;7.13;7.25;"25/09/2026 17:35";CET;52770;379181.09;7.25;25/09/2026
"BRUNELLO CUCINELLI";IT0004764699;2BC;"Trading After Hours";EUR;80.60;82.18;80.60;80.72;"24/09/2026 20:10";CET;402;32722.08;80.80;25/09/2026
"BRUNELLO CUCINELLI";IT0004764699;BC;"Euronext Milan";EUR;81.50;81.80;80.76;80.80;"25/09/2026 17:35";CET;193562;15703027.68;80.80;25/09/2026
BRUTON;NO0013036814;BRUT;"Euronext Growth Oslo";NOK;50.00;50.00;48.00;48.20;"25/09/2026 16:19";CET;486170;23580648.20;48.20;25/09/2026
"Builders FS";US12008R1077;1BLDR;"Euronext Global Equity Market";EUR;52.54;52.54;52.54;52.54;"22/09/2026 15:30";CET;260;13660.40;50.68;25/09/2026
"BUREAU VERITAS";FR0006174348;BVI;"Euronext Paris";EUR;26.78;27.02;26.70;26.89;"25/09/2026 17:35";CET;723190;19445261.26;26.89;25/09/2026
"BUREAU VERITAS";FR0006174348;2BVI;"Trading After Hours";EUR;-;-;-;-;-;CET;-;-;26.89;25/09/2026
BURELLE;FR0000061137;BUR;"Euronext Paris";EUR;363.00;367.00;361.00;361.00;"25/09/2026 17:29";CET;34;12395.00;361.00;25/09/2026
BUZZI;IT0001347308;BZU;"Euronext Milan";EUR;36.94;37.55;36.88;37.18;"25/09/2026 17:35";CET;338234;12587946.49;37.18;25/09/2026
BUZZI;IT0001347308;2BZU;"Trading After Hours";EUR;36.86;36.98;36.86;36.87;"24/09/2026 20:21";CET;402;14845.50;37.18;25/09/2026
"BW ENERGY LIMITED";BMG0702P1086;BWE;"Oslo Børs";NOK;58.00;58.60;56.80;58.00;"25/09/2026 16:25";CET;59178;3404549.80;58.00;25/09/2026
"BW LPG";SGXZ69436764;BWLPG;"Oslo Børs";NOK;229.80;232.40;226.80;230.80;"25/09/2026 16:26";CET;190554;43817626.80;230.80;25/09/2026
"BW OFFSHORE LTD";BMG1738J1247;BWO;"Oslo Børs";NOK;39.90;40.65;39.75;40.45;"25/09/2026 16:25";CET;152835;6120860.10;40.45;25/09/2026
BYGGMA;NO0003087603;BMA;"Euronext Growth Oslo";NOK;24.00;24.20;24.00;24.00;"25/09/2026 12:20";CET;3511;84338.20;24.00;25/09/2026
"C. LATTE D'ITALIA";IT0003023980;CLI;"Euronext Milan";EUR;4.03;4.09;4.01;4.01;"25/09/2026 17:35";CET;1439;5835.83;4.01;25/09/2026
"C3.ai Inc";US12468P1049;1C3;"Euronext Global Equity Market";EUR;9.52;9.52;9.52;9.52;"24/09/2026 15:31";CET;205;1951.60;9.239;25/09/2026
"C3.ai Inc";US12468P1049;2C3;"Trading After Hours";EUR;9.286;9.286;9.286;9.286;"23/09/2026 19:04";CET;35;325.01;9.239;25/09/2026
"CA Immobilien";AT0000641352;1CAI;"Euronext Global Equity Market";EUR;-;-;-;-;-;CET;-;-;22.50;25/09/2026
"CA TOULOUSE 31 CCI";FR0000045544;CAT31;"Euronext Paris";EUR;115.00;115.98;114.00;114.00;"25/09/2026 17:35";CET;640;73553.54;114.00;25/09/2026
CABKA;NL00150000S7;CABKA;"Euronext Amsterdam";EUR;1.97;1.97;1.97;1.97;"25/09/2026 14:04";CET;148;291.56;1.97;25/09/2026
"CABKA DSC2 TS";NL00150002R5;DSC2S;"Euronext Amsterdam";EUR;-;-;-;-;-;CET;-;-;0.01;25/09/2026
"CABKA EUR 12W";NL00150000U3;DSCW2;"Euronext Amsterdam";EUR;0.0005;0.0005;0.0005;0.0005;"23/03/2026 12:51";CET;158;0.08;0.0005;25/09/2026
"CABKA EUR 13W";NL00150000V1;DSCW3;"Euronext Amsterdam";EUR;0.0005;0.0005;0.0005;0.0005;"23/03/2026 12:51";CET;158;0.08;0.0005;25/09/2026
CADELER;DK0061412772;CADLR;"Oslo Børs";NOK;55.85;56.45;55.10;55.35;"25/09/2026 16:25";CET;205386;11439100.90;55.35;25/09/2026
"Cadence Design";US1273871087;1CDNS;"Euronext Global Equity Market";EUR;287.50;289.35;284.20;284.20;"25/09/2026 16:35";CET;73;20984.60;285.40;25/09/2026
CAFOM;FR0010151589;ALCAF;"Euronext Growth Paris";EUR;12.95;12.95;12.60;12.65;"25/09/2026 17:29";CET;598;7687.70;12.65;25/09/2026
"CAIRN HOMES PLC";IE00BWY4ZF18;C5H;"Euronext Dublin";EUR;2.71;2.71;2.67;2.67;"25/09/2026 21:02";IST;618361;1654208.0617;2.67;25/09/2026
"CAIRO COMMUNICAT";IT0004329733;CAI;"Euronext Milan";EUR;2.22;2.24;2.21;2.23;"25/09/2026 17:35";CET;51094;113708.21;2.23;25/09/2026
CAIXABANK;ES0140609019;2CABK;"Trading After Hours";EUR;13.265;13.265;13.265;13.265;"23/07/2026 18:44";CET;3;39.80;13.205;25/09/2026
CAIXABANK;ES0140609019;1CABK;"Euronext Global Equity Market";EUR;13.14;13.205;13.135;13.205;"25/09/2026 16:29";CET;95;1253.085;13.205;25/09/2026
CAIXABANK;ES0140609019;4CABK;EuroTLX;EUR;12.86;13.695;12.225;13.27;"07/09/2026 12:19";CET;2400;31708.46;13.19;25/09/2026
"CAL-MAINE FOODS IN";US1280302027;1CALM;"Euronext Global Equity Market";EUR;62.34;62.34;62.34;62.34;"24/09/2026 11:10";CET;14;872.76;59.48;25/09/2026
CALEFFI;IT0003025019;CLF;"Euronext Milan";EUR;0.836;0.836;0.818;0.822;"25/09/2026 17:35";CET;28284;23363.536;0.822;25/09/2026
CALIBRE;FR0014004QR6;ALIBR;"Euronext Growth Paris";EUR;0.0003;0.0004;0.0002;0.0002;"25/09/2026 17:35";CET;28469640;7139.8844;0.0002;25/09/2026
"CALIBRE BSA K2A";FR0013507985;IBRKA;"Euronext Growth Paris";EUR;0.0005;0.0005;0.0005;0.0005;"12/02/2026 09:00";CET;480114;240.06;0.0005;25/09/2026
"CALIBRE BSA K2B";FR0013508009;IBRKB;"Euronext Growth Paris";EUR;0.0005;0.0005;0.0005;0.0005;"19/02/2026 09:00";CET;20001;10.00;0.0005;25/09/2026
CALTAGIRONE;IT0003127930;CALT;"Euronext Milan";EUR;10.10;10.10;9.83;9.93;"25/09/2026 17:35";CET;9410;93141.39;9.93;25/09/2026
"CALTAGIRONE EDIT";IT0001472171;CED;"Euronext Milan";EUR;2.68;2.68;2.62;2.64;"25/09/2026 17:35";CET;11493;30559.73;2.64;25/09/2026
CAMBI;NO0010078850;CAMBI;"Euronext Growth Oslo";NOK;24.20;24.50;23.90;24.50;"25/09/2026 16:25";CET;33087;802420.40;24.50;25/09/2026
"CAMBODGE NOM.";FR001400SUB7;CBDG;"Euronext Paris";EUR;104.00;105.00;104.00;105.00;"25/09/2026 16:33";CET;610;63540.00;105.00;25/09/2026
CAMPARI;NL0015435975;2CPR;"Trading After Hours";EUR;5.99;6.018;5.972;5.98;"25/09/2026 20:03";CET;6277;37698.454;6.006;25/09/2026
CAMPARI;NL0015435975;CPR;"Euronext Milan";EUR;5.99;6.024;5.952;5.968;"25/09/2026 17:35";CET;2093380;12508908.218;5.968;25/09/2026
CAMPINE;BE0003825420;CAMB;"Euronext Brussels";EUR;187.50;187.50;185.00;185.00;"25/09/2026 17:35";CET;198;36883.50;185.00;25/09/2026
"CANDELA INVEST";BE0974298300;CAND;"Euronext Growth Brussels";EUR;2.02;2.02;2.02;2.02;"21/09/2026 11:30";CET;2;4.04;2.02;25/09/2026
CAPGEMINI;FR0000125338;CAP;"Euronext Paris";EUR;103.80;105.00;103.30;104.50;"25/09/2026 17:35";CET;396386;41365179.025;104.50;25/09/2026
CAPGEMINI;FR0000125338;4CAP;EuroTLX;EUR;100.15;100.15;100.15;100.15;"09/09/2026 16:39";CET;30;3004.50;104.75;25/09/2026
CAPGEMINI;FR0000125338;2CAP;"Trading After Hours";EUR;154.95;154.95;154.95;154.95;"06/06/2025 18:00";CET;14;2169.30;104.50;25/09/2026
"CAPITAL B";FR0014019Y19;ALCPB;"Euronext Growth Paris";EUR;5.576;5.68;5.398;5.47;"25/09/2026 17:35";CET;369353;2030680.79;5.47;25/09/2026
"Capital One Fin";US14040H1059;1COF;"Euronext Global Equity Market";EUR;179.80;179.80;179.80;179.80;"15/09/2026 10:25";CET;1;179.80;173.50;25/09/2026
"CAPITAL TANKERS";MHY1096C1093;CAPT;"Euronext Growth Oslo";NOK;172.50;172.52;166.54;168.50;"25/09/2026 16:25";CET;571879;96499018.04;168.50;25/09/2026
"CAPSOL TECHNOLOGI";NO0010923121;CAPSL;"Oslo Børs";NOK;4.50;4.69;4.40;4.41;"25/09/2026 16:25";CET;29680;133725.96;4.41;25/09/2026
CARBIOS;FR0011648716;ALCRB;"Euronext Growth Paris";EUR;5.39;5.39;4.965;5.27;"25/09/2026 17:35";CET;34882;176076.39;5.27;25/09/2026
"Cardinal Health";US14149Y1082;1CAH;"Euronext Global Equity Market";EUR;203.20;203.20;203.20;203.20;"16/09/2026 10:38";CET;10;2032.00;193.45;25/09/2026
"CARE PROPERTY INV.";BE0974273055;CPINV;"Euronext Brussels";EUR;12.38;12.42;12.24;12.26;"25/09/2026 17:35";CET;24309;299281.88;12.26;25/09/2026
"CAREL INDUSTRIES";IT0005331019;CRL;"Euronext Milan";EUR;29.20;29.20;28.20;28.20;"25/09/2026 17:35";CET;58789;1673946.20;28.20;25/09/2026
"CARL ZEISS MEDITEC";DE0005313704;4AFX;EuroTLX;EUR;32.24;32.24;32.24;32.24;"20/08/2026 13:00";CET;300;9672.00;31.18;25/09/2026
"CARL ZEISS MEDITEC";DE0005313704;2AFX;"Trading After Hours";EUR;28.36;28.36;27.76;27.76;"21/09/2026 18:00";CET;177;5003.52;31.20;25/09/2026
"CARL ZEISS MEDITEC";DE0005313704;1AFX;"Euronext Global Equity Market";EUR;31.00;31.00;30.82;30.82;"25/09/2026 16:50";CET;43;1330.66;31.20;25/09/2026
"CARLYLE GROUP";US14316J1088;1CG;"Euronext Global Equity Market";EUR;34.075;35.60;34.075;35.60;"16/09/2026 15:39";CET;100;3483.75;34.69;25/09/2026
CARMILA;FR0010828137;CARM;"Euronext Paris";EUR;14.86;14.88;14.76;14.80;"25/09/2026 17:35";CET;103206;1528377.12;14.80;25/09/2026
CARMILA;FR0010828137;2CARM;"Trading After Hours";EUR;-;-;-;-;-;CET;-;-;14.80;25/09/2026
CARREFOUR;FR0000120172;2CA;"Trading After Hours";EUR;14.22;14.435;14.22;14.435;"07/01/2025 18:03";CET;1000;14303.00;16.20;25/09/2026
CARREFOUR;FR0000120172;4CA;EuroTLX;EUR;16.35;16.35;16.35;16.35;"22/09/2026 13:56";CET;99;1618.65;16.24;25/09/2026
CARREFOUR;FR0000120172;CA;"Euronext Paris";EUR;16.10;16.305;16.04;16.20;"25/09/2026 17:38";CET;1481059;23999206.78;16.20;25/09/2026
"Carrier Global";US14448C1045;1CARR;"Euronext Global Equity Market";EUR;47.77;47.77;47.70;47.70;"24/09/2026 13:34";CET;100;4774.76;49.05;25/09/2026
"CARVANA CO";US1468691027;1CVNA;"Euronext Global Equity Market";EUR;56.24;56.24;56.24;56.24;"25/09/2026 15:32";CET;120;6748.80;56.08;25/09/2026
CARVOLIX;FR0013333077;CVX;"Euronext Paris";EUR;5.76;5.76;5.60;5.64;"25/09/2026 17:35";CET;8195;46307.12;5.64;25/09/2026
"CASINO BSA1";FR001400OJ72;COBS1;"Euronext Paris";EUR;-;-;-;-;-;CET;-;-;0.0155;25/09/2026
"CASINO BSA3";FR001400OJ98;COBS3;"Euronext Paris";EUR;0.0005;0.0005;0.0005;0.0005;"03/07/2026 11:30";CET;1000000;500.00;0.0005;25/09/2026
"CASINO GUICHARD";FR001400OKR3;2CO;"Trading After Hours";EUR;-;-;-;-;-;CET;-;-;0.1739;25/09/2026
"CASINO GUICHARD";FR001400OKR3;CO;"Euronext Paris";EUR;0.175;0.1798;0.171;0.1739;"25/09/2026 17:35";CET;201687;35244.656;0.1739;25/09/2026
"CASTA DIVA GROUP";IT0005003782;CDG;"Euronext Growth Milan";EUR;3.17;3.25;3.17;3.20;"25/09/2026 16:09";CET;62000;199470.00;3.20;25/09/2026
Castellum;SE0000379190;1CAST;"Euronext Global Equity Market";EUR;-;-;-;-;-;CET;-;-;11.225;25/09/2026
"CATANA GROUP";FR0010193052;ALCAT;"Euronext Growth Paris";EUR;1.86;1.86;1.76;1.78;"25/09/2026 17:35";CET;15421;27892.284;1.78;25/09/2026
"CATERING INTL SCES";FR0000064446;ALCIS;"Euronext Growth Paris";EUR;20.90;21.20;20.90;21.20;"25/09/2026 17:35";CET;970;20319.80;21.20;25/09/2026
CATERPILLAR;US1491231015;1CAT;"Euronext Global Equity Market";EUR;715.60;715.60;712.20;713.00;"25/09/2026 17:28";CET;5;3569.40;712.00;25/09/2026
CATERPILLAR;US1491231015;2CAT;"Trading After Hours";EUR;700.00;700.00;700.00;700.00;"04/09/2026 18:29";CET;1;700.00;712.00;25/09/2026
"CAVENDISH HYDROGEN";NO0013219535;CAVEN;"Oslo Børs";NOK;5.41;5.50;5.40;5.43;"25/09/2026 16:25";CET;5304;28718.32;5.43;25/09/2026
CBI;FR0014007LW0;ALCBI;"Euronext Growth Paris";EUR;0.15;0.15;0.136;0.136;"25/09/2026 17:39";CET;1257905;177798.6635;0.136;25/09/2026
"CBI BSA A";FR001400O416;CBBSA;"Euronext Growth Paris";EUR;0.01;0.01;0.01;0.01;"24/09/2026 09:00";CET;60;0.60;0.01;25/09/2026
"CBI BSA B";FR001400O408;CBSAB;"Euronext Growth Paris";EUR;0.003;0.003;0.003;0.003;"18/09/2026 12:55";CET;3005;9.02;0.003;25/09/2026
"CBO TERRITORIA";FR0010193979;CBOT;"Euronext Paris";EUR;3.86;3.89;3.83;3.83;"25/09/2026 17:35";CET;20421;78794.71;3.83;25/09/2026
"Cboe Global";US12503M1080;1CBOE;"Euronext Global Equity Market";EUR;238.20;238.20;236.80;236.80;"21/09/2026 17:24";CET;112;26661.60;225.00;25/09/2026
"CBRE Group Inc";US12504L1098;1CBRE;"Euronext Global Equity Market";EUR;126.20;126.20;126.20;126.20;"01/09/2026 12:08";CET;1;126.20;118.30;25/09/2026
"CDW Corp/DE";US12514G1085;1CDW;"Euronext Global Equity Market";EUR;119.05;119.25;119.05;119.20;"19/08/2026 11:49";CET;26;3096.60;123.05;25/09/2026
CECONOMY;DE0007257503;1CEC;"Euronext Global Equity Market";EUR;3.85;3.85;3.85;3.85;"23/09/2026 10:43";CET;582;2240.70;3.935;25/09/2026
CECONOMY;DE0007257503;4CEC;EuroTLX;EUR;3.985;3.985;3.985;3.985;"14/09/2026 16:51";CET;1600;6376.00;4.00;25/09/2026
CECONOMY;DE0007257503;2CEC;"Trading After Hours";EUR;3.042;3.042;3.002;3.002;"02/12/2024 19:36";CET;1554;4725.11;3.935;25/09/2026
CEGEDIM;FR0000053506;ALCGM;"Euronext Growth Paris";EUR;11.78;11.82;11.12;11.48;"25/09/2026 17:36";CET;34352;395543.61;11.48;25/09/2026
"Celanese Corp";US1508701034;1CE;"Euronext Global Equity Market";EUR;43.58;43.58;42.73;43.29;"23/09/2026 16:44";CET;74;3200.84;42.42;25/09/2026
CELLECTIS;FR0010425595;ALCLS;"Euronext Growth Paris";EUR;1.238;1.257;1.208;1.248;"25/09/2026 17:35";CET;176646;218458.841;1.248;25/09/2026
"Cellnex Telecom";ES0105066007;1CLNX;"Euronext Global Equity Market";EUR;25.41;25.41;25.41;25.41;"14/09/2026 17:19";CET;50;1270.50;24.58;25/09/2026
CELLULARLINE;IT0005244618;CELL;"Euronext Milan";EUR;2.64;2.65;2.61;2.61;"25/09/2026 17:35";CET;15768;41471.69;2.61;25/09/2026
"CELYAD ONCOLOGY";BE0974260896;CYAD;"Euronext Brussels, Paris";EUR;0.234;0.25;0.234;0.235;"25/09/2026 17:30";CET;12368;3016.141;0.235;25/09/2026
CEMBRE;IT0001128047;CMB;"Euronext Milan";EUR;83.60;85.40;83.30;84.30;"25/09/2026 17:35";CET;8179;688511.50;84.30;25/09/2026
"CEMENTIR HOLDING";NL0013995087;CEM;"Euronext Milan";EUR;13.52;13.61;13.42;13.48;"25/09/2026 17:35";CET;33850;457160.87;13.48;25/09/2026
"Cencora Inc";US03073E1055;1COR;"Euronext Global Equity Market";EUR;288.90;288.90;288.90;288.90;"23/09/2026 14:32";CET;2;577.80;268.10;25/09/2026
CENERGY;BE0974303357;CENER;"Euronext Brussels";EUR;22.98;23.50;22.98;23.10;"25/09/2026 17:35";CET;6380;148616.42;23.10;25/09/2026
CENTENE;US15135B1017;4CNC;EuroTLX;EUR;58.00;58.00;58.00;58.00;"04/09/2026 09:26";CET;8;464.00;55.64;25/09/2026
CENTENE;US15135B1017;1CNC;"Euronext Global Equity Market";EUR;54.50;54.50;54.50;54.50;"25/09/2026 16:08";CET;43;2343.50;55.66;25/09/2026
CENTENE;US15135B1017;2CNC;"Trading After Hours";EUR;58.88;58.88;58.88;58.88;"17/09/2026 18:41";CET;20;1177.60;55.66;25/09/2026
"CenterPoint En";US15189T1079;1CNP;"Euronext Global Equity Market";EUR;33.84;33.84;33.84;33.84;"21/08/2026 15:34";CET;900;30456.00;32.07;25/09/2026
"CF Industries";US1252691001;1CF;"Euronext Global Equity Market";EUR;107.80;107.80;106.25;106.25;"24/09/2026 15:51";CET;6;642.15;101.75;25/09/2026
CFE;BE0003883031;CFEB;"Euronext Brussels";EUR;10.55;10.55;10.40;10.55;"25/09/2026 15:51";CET;1159;12107.15;10.55;25/09/2026
CFI;FR0000037475;CFI;"Euronext Paris";EUR;1.47;1.47;1.47;1.47;"07/09/2026 16:30";CET;755;1109.85;1.47;25/09/2026
"CFM INDOSUEZWEALTH";MC0010000826;MLCFM;"Euronext Access Paris";EUR;1280.00;1280.00;1280.00;1280.00;"25/09/2026 11:30";CET;6;7680.00;1280.00;25/09/2026
"CH.FER DEPARTEMENT";FR0000037871;MLCFD;"Euronext Access Paris";EUR;1130.00;1130.00;1130.00;1130.00;"09/09/2026 11:30";CET;1;1130.00;1130.00;25/09/2026
"CHARB BONNIER";BE0010381029;-;"Euronext Expert Market";EUR;103.00;103.00;103.00;103.00;"29/10/2024 11:30";CET;19;1957.00;103.00;25/09/2026
"Charles Schwab";US8085131055;1SCHW;"Euronext Global Equity Market";EUR;88.56;88.56;88.42;88.42;"23/09/2026 17:15";CET;82;7260.24;86.88;25/09/2026
"CHARTER COMM";US16119P1084;4CHTR;EuroTLX;EUR;112.50;112.50;112.50;112.50;"04/06/2026 10:22";CET;5;562.50;99.83;25/09/2026
"CHARTER COMM";US16119P1084;2CHTR;"Trading After Hours";EUR;121.14;121.14;121.14;121.14;"15/05/2026 19:00";CET;6;726.84;99.76;25/09/2026
"CHARTER COMM";US16119P1084;1CHTR;"Euronext Global Equity Market";EUR;100.76;100.76;100.76;100.76;"25/09/2026 17:25";CET;1;100.76;99.76;25/09/2026
"CHARWOOD ENERGY";FR001400AJ60;ALCWE;"Euronext Growth Paris";EUR;3.27;3.28;3.20;3.24;"25/09/2026 13:44";CET;609;1967.89;3.24;25/09/2026
CHAUSSERIA;FR0000060907;CHSR;"Euronext Paris";EUR;7.00;7.00;7.00;7.00;"29/05/2026 16:30";CET;4;28.00;7.00;25/09/2026
"CHEESECAKE FACTORY";US1630721017;1CAKE;"Euronext Global Equity Market";EUR;86.84;88.02;86.84;88.02;"17/09/2026 14:30";CET;100;8757.16;90.56;25/09/2026
"CHENIERE ENERGY IN";US16411R2085;1LNG;"Euronext Global Equity Market";EUR;240.80;240.80;240.80;240.80;"25/09/2026 15:32";CET;4;963.20;239.30;25/09/2026
"CHEOPS TECHNOLOGY";FR0010447086;MLCHE;"Euronext Access Paris";EUR;57.00;57.00;57.00;57.00;"16/09/2026 16:30";CET;1;57.00;57.00;25/09/2026
CHEVRON;US1667641005;1CVX;"Euronext Global Equity Market";EUR;178.02;180.84;177.96;180.84;"25/09/2026 17:35";CET;91;16248.86;180.84;25/09/2026
CHEVRON;US1667641005;2CVX;"Trading After Hours";EUR;182.58;182.58;182.58;182.58;"24/09/2026 18:00";CET;25;4564.50;180.84;25/09/2026
CHEVRON;US1667641005;4CVX;EuroTLX;EUR;180.26;180.26;180.26;180.26;"11/09/2026 11:23";CET;31;5588.06;181.02;25/09/2026
"CHEWY CLASS A";US16679L1098;1CHWY;"Euronext Global Equity Market";EUR;16.19;16.19;16.19;16.19;"25/09/2026 14:42";CET;374;6055.06;16.105;25/09/2026
"CHIPOTLE MEXICAN";US1696561059;1CMG;"Euronext Global Equity Market";EUR;28.95;28.95;28.30;28.30;"23/09/2026 16:05";CET;51;1448.25;27.65;25/09/2026
CHOICE;BE0974370026;MLTV;"Euronext Access Brussels";EUR;0.18;0.18;0.18;0.18;"24/09/2026 11:30";CET;2000;360.00;0.18;25/09/2026
"CHRISTIAN DIOR";FR0000130403;CDI;"Euronext Paris";EUR;422.80;426.60;416.00;416.00;"25/09/2026 17:35";CET;39375;16478877.40;416.00;25/09/2026
"Chubb Ltd";CH0044328745;1CB;"Euronext Global Equity Market";EUR;296.70;296.70;296.70;296.70;"24/09/2026 10:17";CET;2;593.40;293.10;25/09/2026
"Church & Dwight";US1713401024;1CHD;"Euronext Global Equity Market";EUR;88.92;88.92;88.92;88.92;"07/08/2026 17:35";CET;6;533.52;83.94;25/09/2026
"CIAGEST - SIGI S.A";PTIAG0AM0005;MLCIA;"Euronext Access Lisbon";EUR;2.24;2.24;2.24;2.24;"25/09/2026 20:30";BST;90000;201600.00;2.24;25/09/2026
CIBIX;BE0003706208;-;"Euronext Expert Market";EUR;-;-;-;-;-;CET;-;-;29.80;25/09/2026
"CIBOX INTER A CTIV";FR0000054322;ALCBX;"Euronext Growth Paris";EUR;0.0119;0.0121;0.0119;0.0119;"25/09/2026 17:35";CET;110254;1319.7726;0.0119;25/09/2026
"CIE BOIS SAUVAGE";BE0003592038;COMB;"Euronext Brussels";EUR;303.00;303.00;297.00;297.00;"25/09/2026 17:35";CET;318;95303.00;297.00;25/09/2026
"CIE DU MONT BLANC";FR0000060428;MLCMB;"Euronext Access Paris";EUR;256.00;256.00;256.00;256.00;"24/09/2026 16:30";CET;19;4864.00;256.00;25/09/2026
"Cie Financiere Ric";CH0210483332;1CFR;"Euronext Global Equity Market";EUR;180.90;180.90;180.90;180.90;"24/09/2026 11:12";CET;11;1989.90;182.00;25/09/2026
"Cie HET ZOUTE";BE0027840017;-;"Euronext Expert Market";EUR;5100.00;5100.00;5100.00;5100.00;"21/07/2026 11:30";CET;1;5100.00;5100.00;25/09/2026
CIECHARGEURSINVEST;FR0000130692;CRI;"Euronext Paris";EUR;8.00;8.00;7.86;8.00;"25/09/2026 17:35";CET;11741;93243.725;8.00;25/09/2026
CIENA;US1717793095;4CIEN;EuroTLX;EUR;316.60;316.60;316.60;316.60;"21/09/2026 13:50";CET;5;1583.00;313.70;25/09/2026
CIENA;US1717793095;1CIEN;"Euronext Global Equity Market";EUR;305.20;316.50;305.10;311.00;"24/09/2026 16:19";CET;171;52995.50;314.00;25/09/2026
CIENA;US1717793095;2CIEN;"Trading After Hours";EUR;313.50;313.50;313.50;313.50;"21/09/2026 19:21";CET;17;5329.50;314.00;25/09/2026
"Cigna Group/The";US1255231003;1CI;"Euronext Global Equity Market";EUR;239.30;239.30;239.30;239.30;"24/09/2026 12:56";CET;8;1914.40;237.60;25/09/2026
"Cincinnati Fin";US1720621010;1CINF;"Euronext Global Equity Market";EUR;146.45;146.45;146.45;146.45;"24/08/2026 10:10";CET;22;3221.90;142.80;25/09/2026
"CIPHER DIGITAL";US17253J1060;1CIFR;"Euronext Global Equity Market";EUR;16.402;16.876;15.518;15.704;"25/09/2026 16:52";CET;6043;98087.268;15.654;25/09/2026
CIR;IT0000070786;CIR;"Euronext Milan";EUR;0.768;0.781;0.767;0.78;"25/09/2026 17:35";CET;392266;304222.89;0.78;25/09/2026
"CIRCIO HOLDING";NO0013033795;CRNA;"Oslo Børs";NOK;10.32;10.58;10.12;10.16;"25/09/2026 16:27";CET;3953975;40672476.24;10.16;25/09/2026
CIRCLE;IT0005344996;CIRC;"Euronext Growth Milan";EUR;14.65;15.20;14.30;14.80;"25/09/2026 17:04";CET;4164;61021.65;14.80;25/09/2026
"CIRCLE INTERNET";US1725731079;1CRCL;"Euronext Global Equity Market";EUR;81.75;82.15;77.30;77.75;"25/09/2026 17:24";CET;575;45439.15;77.30;25/09/2026
"CIRRUS LOGIC INC";US1727551004;1CRUS;"Euronext Global Equity Market";EUR;104.80;104.80;104.80;104.80;"18/09/2026 15:34";CET;216;22636.80;105.55;25/09/2026
"CISCO SYSTEMS";US17275R1023;1CSCO;"Euronext Global Equity Market";EUR;94.02;95.07;93.77;94.47;"25/09/2026 17:03";CET;507;47805.64;94.50;25/09/2026
"CISCO SYSTEMS";US17275R1023;4CSCO;EuroTLX;EUR;94.55;94.55;94.55;94.55;"08/09/2026 16:14";CET;50;4727.50;94.50;25/09/2026
"CISCO SYSTEMS";US17275R1023;2CSCO;"Trading After Hours";EUR;91.85;91.85;91.85;91.85;"22/09/2026 18:54";CET;40;3674.00;94.50;25/09/2026
CITIGROUP;US1729674242;2C;"Trading After Hours";EUR;114.62;114.62;114.62;114.62;"24/09/2026 18:00";CET;50;5731.00;117.20;25/09/2026
CITIGROUP;US1729674242;1C;"Euronext Global Equity Market";EUR;115.54;115.54;115.54;115.54;"24/09/2026 16:44";CET;15;1733.10;117.20;25/09/2026
CITIGROUP;US1729674242;4C;EuroTLX;EUR;114.66;114.66;114.66;114.66;"17/09/2026 16:09";CET;25;2866.50;117.14;25/09/2026
"Citizens Fin";US1746101054;1CFG;"Euronext Global Equity Market";EUR;57.18;57.18;57.18;57.18;"23/09/2026 15:48";CET;20;1143.60;57.12;25/09/2026
CKV;BE0021556221;-;"Euronext Expert Market";EUR;51.47;51.47;51.47;51.47;"13/10/2015 11:30";CET;253;13021.91;51.50;25/09/2026
CLABO;IT0005091324;CLABO;"Euronext Growth Milan";EUR;1.095;1.095;1.095;1.095;"13/06/2025 14:55";CET;1000;1095.00;1.10;25/09/2026
CLARANOVA;FR0013426004;ALCLA;"Euronext Growth Paris";EUR;0.573;0.599;0.573;0.593;"25/09/2026 17:35";CET;56531;33231.509;0.593;25/09/2026
CLARIANE;FR0010386334;2CLARI;"Trading After Hours";EUR;-;-;-;-;-;CET;-;-;3.90;25/09/2026
CLARIANE;FR0010386334;CLARI;"Euronext Paris";EUR;3.902;3.966;3.876;3.90;"25/09/2026 17:35";CET;322581;1259408.798;3.90;25/09/2026
CLARIANT;CH0012142631;1CLN;"Euronext Global Equity Market";EUR;11.35;11.35;11.35;11.35;"25/09/2026 15:42";CET;1016;11531.60;11.36;25/09/2026
"CLASS EDITORI";IT0005117848;CLE;"Euronext Milan";EUR;0.138;0.138;0.138;0.138;"25/09/2026 17:35";CET;91;12.558;0.138;25/09/2026
CLEANBNB;IT0005377277;CBB;"Euronext Growth Milan";EUR;0.70;0.71;0.70;0.71;"25/09/2026 17:35";CET;5600;3968.00;0.71;25/09/2026
"Cleanspark Inc";US18452B2097;1CLSK;"Euronext Global Equity Market";EUR;12.62;12.72;12.62;12.72;"25/09/2026 15:03";CET;1030;13001.60;12.08;25/09/2026
CLEVELAND-CLIFFS;US1858991011;4CVA;EuroTLX;EUR;12.504;12.80;12.504;12.80;"10/10/2025 15:18";CET;1100;13958.64;10.805;25/09/2026
CLEVELAND-CLIFFS;US1858991011;2CVA;"Trading After Hours";EUR;8.414;8.414;8.414;8.414;"15/07/2026 18:46";CET;1611;13554.95;10.795;25/09/2026
CLEVELAND-CLIFFS;US1858991011;1CVA;"Euronext Global Equity Market";EUR;10.755;10.755;10.755;10.755;"08/09/2026 16:21";CET;1548;16648.74;10.795;25/09/2026
"CLOUDBERRY CLEAN";NO0010876642;CLOUD;"Oslo Børs";NOK;12.30;12.30;11.52;11.52;"25/09/2026 16:25";CET;137567;1592536.34;11.52;25/09/2026
"CLOUDIA RESEARCH";IT0005577090;AGAIN;"Euronext Growth Milan";EUR;0.66;0.66;0.658;0.658;"27/05/2026 16:26";CET;9000;5928.00;0.658;25/09/2026
CM.COM;NL0012747059;CMCOM;"Euronext Amsterdam";EUR;6.81;6.86;6.78;6.81;"25/09/2026 17:35";CET;3004;20467.97;6.81;25/09/2026
CMB.TECH;BE0003816338;CMBT;"Euronext Brussels";EUR;16.92;16.92;16.42;16.82;"25/09/2026 17:36";CET;105538;1761641.10;16.82;25/09/2026
CMB.TECH;BE0003816338;CMBTO;"Oslo Børs";NOK;182.80;182.80;177.40;180.40;"25/09/2026 16:25";CET;284425;50960075.20;180.40;25/09/2026
"CME Group Inc";US12572Q1058;1CME;"Euronext Global Equity Market";EUR;239.90;239.90;239.90;239.90;"15/09/2026 15:28";CET;13;3118.70;229.45;25/09/2026
"CMG CLEANTECH";FR0013406881;MLCMG;"Euronext Access Paris";EUR;0.18;0.18;0.18;0.18;"24/09/2026 16:30";CET;1000;180.00;0.18;25/09/2026
"CNH INDUSTRIAL";NL0010545661;1CNHI;"Euronext Global Equity Market";EUR;11.64;11.74;11.38;11.44;"25/09/2026 17:35";CET;60840;701789.78;11.44;25/09/2026
"CNH INDUSTRIAL";NL0010545661;2CNHI;"Trading After Hours";EUR;11.72;11.72;11.70;11.70;"24/09/2026 19:57";CET;1240;14518.40;11.44;25/09/2026
CO.BR.HA;BE0003519270;COBH;"Euronext Growth Brussels";EUR;2080.00;2080.00;2080.00;2080.00;"25/09/2026 16:30";CET;1;2080.00;2080.00;25/09/2026
"COCA-COLA CONSOLID";US1910981026;1COKE;"Euronext Global Equity Market";EUR;163.35;163.35;162.80;162.80;"25/09/2026 17:22";CET;19;3098.70;163.25;25/09/2026
Coca-ColaEuropacif;GB00BDCPN049;CCEP;"Euronext Amsterdam";EUR;88.30;88.70;87.60;88.40;"25/09/2026 17:35";CET;11381;1004346.30;88.40;25/09/2026
"CODELAB CAPITAL";NO0013483503;CODE;"Euronext Growth Oslo";NOK;5.08;5.46;4.77;5.02;"25/09/2026 16:25";CET;38819;198735.67;5.02;25/09/2026
"COEUR MINING";US1921085049;2CDE;"Trading After Hours";EUR;13.235;13.235;13.235;13.235;"21/07/2026 18:13";CET;200;2647.00;16.885;25/09/2026
"COEUR MINING";US1921085049;1CDE;"Euronext Global Equity Market";EUR;16.81;16.81;16.655;16.745;"25/09/2026 15:32";CET;2457;41088.145;16.885;25/09/2026
"COEUR MINING";US1921085049;4CDE;EuroTLX;EUR;16.40;16.40;16.40;16.40;"14/08/2026 17:25";CET;16;262.40;16.875;25/09/2026
COFACE;FR0010667147;2COFA;"Trading After Hours";EUR;-;-;-;-;-;CET;-;-;16.39;25/09/2026
COFACE;FR0010667147;COFA;"Euronext Paris";EUR;16.34;16.42;16.135;16.39;"25/09/2026 17:35";CET;172955;2827054.265;16.39;25/09/2026
COFIDUR;FR0013257409;ALCOF;"Euronext Growth Paris";EUR;280.00;280.00;266.00;274.00;"25/09/2026 17:09";CET;28;7756.00;274.00;25/09/2026
COFLE;IT0005465619;CFL;"Euronext Growth Milan";EUR;1.79;1.79;1.79;1.79;"25/09/2026 17:09";CET;940;1682.60;1.79;25/09/2026
COGEFEED;IT0005618043;CGF;"Euronext Growth Milan";EUR;1.25;1.25;1.25;1.25;"03/06/2026 17:35";CET;8500;10625.00;1.25;25/09/2026
"COGNEX CORP";US1924221039;1CGNX;"Euronext Global Equity Market";EUR;51.66;52.34;51.10;51.10;"25/09/2026 15:27";CET;197;10244.10;50.80;25/09/2026
"Cognizant Tech";US1924461023;1CTSH;"Euronext Global Equity Market";EUR;50.23;50.23;50.23;50.23;"25/09/2026 16:05";CET;13;652.99;51.08;25/09/2026
COGRA;FR0011071570;ALCOG;"Euronext Growth Paris";EUR;6.72;6.78;6.68;6.68;"25/09/2026 17:00";CET;998;6687.80;6.68;25/09/2026
"COHERENT CORP";US19247G1076;1COHR;"Euronext Global Equity Market";EUR;260.90;262.00;256.40;258.40;"25/09/2026 17:35";CET;258;67230.70;258.40;25/09/2026
COHERIS;FR0004031763;COH;"Euronext Paris";EUR;8.44;8.78;8.44;8.78;"25/09/2026 12:25";CET;545;4751.10;8.78;25/09/2026
COIL;BE0160342011;ALCOI;"Euronext Growth Paris";EUR;1.19;1.19;1.17;1.19;"25/09/2026 16:03";CET;47;55.13;1.19;25/09/2026
"COINBASE GLOBAL";US19260Q1076;1COIN;"Euronext Global Equity Market";EUR;173.78;176.56;170.00;170.52;"25/09/2026 17:35";CET;3849;666927.40;170.52;25/09/2026
"COINBASE GLOBAL";US19260Q1076;2COIN;"Trading After Hours";EUR;175.40;176.50;174.40;174.40;"24/09/2026 18:53";CET;228;40199.72;170.52;25/09/2026
"COINBASE GLOBAL";US19260Q1076;4COIN;EuroTLX;EUR;169.54;169.54;169.54;169.54;"24/09/2026 11:01";CET;30;5086.20;170.52;25/09/2026
COLGATE-PALMOLIVE;US1941621039;4CL;EuroTLX;EUR;76.06;76.06;76.06;76.06;"18/05/2026 15:38";CET;39;2966.34;74.94;25/09/2026
COLGATE-PALMOLIVE;US1941621039;2CL;"Trading After Hours";EUR;76.70;76.70;76.70;76.70;"12/06/2026 19:37";CET;4;306.80;74.96;25/09/2026
COLGATE-PALMOLIVE;US1941621039;1CL;"Euronext Global Equity Market";EUR;74.50;74.58;71.62;74.58;"25/09/2026 16:05";CET;52;3832.00;74.96;25/09/2026
COLIPAYS;FR0010959684;MLCLP;"Euronext Access Paris";EUR;1.73;1.73;1.73;1.73;"25/09/2026 11:46";CET;3024;5231.52;1.73;25/09/2026
"Colonial SFL";ES0139140174;1COL;"Euronext Global Equity Market";EUR;5.305;5.305;5.305;5.305;"23/09/2026 10:07";CET;500;2652.50;5.035;25/09/2026
COLRUYT;BE0974256852;COLR;"Euronext Brussels";EUR;38.90;39.14;38.71;39.06;"25/09/2026 17:35";CET;21821;851411.94;39.06;25/09/2026
COLT;CZ0009008942;COLT;"Euronext Amsterdam";EUR;37.40;37.40;36.50;36.50;"25/09/2026 17:08";CET;1217;44524.48;36.50;25/09/2026
"COLUMBIA SPORTSWEA";US1985161066;1COLM;"Euronext Global Equity Market";EUR;50.50;50.50;49.80;49.80;"28/08/2026 09:00";CET;1164;58699.40;50.00;25/09/2026
COM.TEL;IT0005632945;CMTL;"Euronext Growth Milan";EUR;2.02;2.02;1.97;2.02;"25/09/2026 17:29";CET;8400;16722.00;2.02;25/09/2026
COMCAST;US20030N1019;4CMCSA;EuroTLX;EUR;22.565;22.565;22.565;22.565;"04/09/2026 17:21";CET;90;2030.85;19.002;25/09/2026
COMCAST;US20030N1019;2CMCSA;"Trading After Hours";EUR;21.75;21.75;21.75;21.75;"14/09/2026 18:16";CET;500;10875.00;19.006;25/09/2026
COMCAST;US20030N1019;1CMCSA;"Euronext Global Equity Market";EUR;19.166;19.166;18.85;18.85;"25/09/2026 15:36";CET;617;11718.636;19.006;25/09/2026
"COMER INDUSTRIES";IT0005246191;COM;"Euronext Milan";EUR;46.70;46.80;45.50;45.50;"25/09/2026 17:35";CET;1662;76815.80;45.50;25/09/2026
"COMFORT SYSTEMS";US1999081045;1FIX;"Euronext Global Equity Market";EUR;1400.00;1400.00;1400.00;1400.00;"17/09/2026 12:33";CET;1;1400.00;1435.00;25/09/2026
"COMMERCIALE BELGE";BE0013068706;-;"Euronext Expert Market";EUR;680.00;680.00;680.00;680.00;"09/07/2019 11:30";CET;10;6800.00;680.00;25/09/2026
COMMERZBANK;DE000CBK1001;2CBK;"Trading After Hours";EUR;42.86;42.86;42.86;42.86;"16/09/2026 18:39";CET;1;42.86;42.24;25/09/2026
COMMERZBANK;DE000CBK1001;4CBK;EuroTLX;EUR;43.13;43.13;43.13;43.13;"08/09/2026 12:38";CET;600;25878.00;42.24;25/09/2026
COMMERZBANK;DE000CBK1001;1CBK;"Euronext Global Equity Market";EUR;41.69;42.35;41.69;42.25;"25/09/2026 17:26";CET;2522;106512.07;42.24;25/09/2026
"COMPAGNIE ODET";FR0000062234;ODET;"Euronext Paris";EUR;926.00;978.00;926.00;970.00;"25/09/2026 17:35";CET;6801;6539872.50;970.00;25/09/2026
"Conagra Brands";US2058871029;1CAG;"Euronext Global Equity Market";EUR;12.915;12.98;12.915;12.98;"23/09/2026 15:33";CET;1922;24943.34;12.565;25/09/2026
"CONDOR TECHNOLOG";BE6252013725;MLMFI;"Euronext Access Paris";EUR;12.00;12.00;12.00;12.00;"29/02/2024 16:30";CET;1748;20976.00;12.00;25/09/2026
CONDURIL;PTCDU0AE0003;CDU;"Euronext Access Lisbon";EUR;12.60;12.60;12.60;12.60;"04/08/2026 15:30";BST;50;630.00;12.60;25/09/2026
"CONFINVEST ORO";IT0005379604;CFV;"Euronext Growth Milan";EUR;2.38;2.42;2.30;2.36;"25/09/2026 17:35";CET;55000;130440.00;2.36;25/09/2026
CONOCOPHILLIPS;US20825C1045;1COP;"Euronext Global Equity Market";EUR;111.76;112.46;111.76;112.46;"25/09/2026 17:35";CET;25;2797.12;112.46;25/09/2026
CONOCOPHILLIPS;US20825C1045;2COP;"Trading After Hours";EUR;102.42;102.42;102.42;102.42;"20/07/2026 18:03";CET;20;2048.40;112.46;25/09/2026
CONOCOPHILLIPS;US20825C1045;4COP;EuroTLX;EUR;98.49;100.00;98.49;100.00;"25/05/2026 16:34";CET;1200;119247.00;112.60;25/09/2026
"CONSOLIDATED EDIS";US2091151041;2ED;"Trading After Hours";EUR;88.20;88.48;88.20;88.28;"11/12/2024 18:47";CET;47;4151.08;89.88;25/09/2026
"CONSOLIDATED EDIS";US2091151041;4ED;EuroTLX;EUR;100.10;100.10;100.10;100.10;"07/07/2026 15:27";CET;3;300.30;89.86;25/09/2026
"CONSOLIDATED EDIS";US2091151041;1ED;"Euronext Global Equity Market";EUR;90.88;90.88;90.88;90.88;"24/08/2026 13:23";CET;3;272.64;89.88;25/09/2026
"CONSORT NT";FR0000077828;MLCNT;"Euronext Access Paris";EUR;60.00;60.00;60.00;60.00;"28/04/2026 11:30";CET;1;60.00;58.00;25/09/2026
"CONSTELLATION BR";US21036P1084;4STZ;EuroTLX;EUR;104.50;104.50;104.50;104.50;"11/09/2026 16:17";CET;70;7315.00;99.80;25/09/2026
"CONSTELLATION BR";US21036P1084;1STZ;"Euronext Global Equity Market";EUR;102.00;102.00;101.50;101.50;"23/09/2026 17:35";CET;34;3466.00;100.00;25/09/2026
"CONSTELLATION BR";US21036P1084;2STZ;"Trading After Hours";EUR;114.00;114.00;114.00;114.00;"06/07/2026 19:23";CET;10;1140.00;100.00;25/09/2026
"Constellation En";US21037T1097;1CEG;"Euronext Global Equity Market";EUR;233.80;233.80;231.20;231.20;"25/09/2026 17:20";CET;13;3013.40;230.65;25/09/2026
"CONSTELLATION OIL";NO0013597419;COSH;"Oslo Børs";NOK;137.00;138.00;136.00;136.00;"25/09/2026 16:25";CET;74082;10138171.00;136.00;25/09/2026
"CONSTRUCTEURS BOIS";FR00140007I9;MLLCB;"Euronext Access Paris";EUR;1.70;1.70;1.70;1.70;"25/09/2026 16:30";CET;1000;1700.00;1.70;25/09/2026
"CONSTRUCTION PARTN";US21044C1071;1ROAD;"Euronext Global Equity Market";EUR;88.50;88.50;86.50;86.50;"02/09/2026 15:30";CET;67;5905.50;80.50;25/09/2026
CONTEXTVISION;SE0014731154;CONTX;"Oslo Børs";NOK;5.22;5.36;4.97;5.16;"25/09/2026 16:25";CET;210813;1089987.25;5.16;25/09/2026
"CONTINENT. LAND CY";NL0000121622;-;"Euronext Expert Market";EUR;20.00;20.00;20.00;20.00;"26/08/2025 11:30";CET;150;3000.00;20.00;25/09/2026
CONTINENTAL;DE0005439004;1CON;"Euronext Global Equity Market";EUR;68.54;69.26;68.54;69.26;"25/09/2026 11:25";CET;47;3242.98;69.34;25/09/2026
CONTINENTAL;DE0005439004;2CON;"Trading After Hours";EUR;67.28;67.28;66.58;66.58;"25/09/2026 18:02";CET;2;133.86;66.94;25/09/2026
CONTINENTAL;DE0005439004;4CON;EuroTLX;EUR;71.96;71.96;71.96;71.96;"14/07/2026 13:32";CET;4;287.84;69.36;25/09/2026
CONVERGENZE;IT0005426215;CVG;"Euronext Growth Milan";EUR;1.66;1.67;1.65;1.65;"25/09/2026 17:16";CET;7500;12390.00;1.65;25/09/2026
"Cooper Cos";US2166485019;1COO;"Euronext Global Equity Market";EUR;48.20;48.74;48.20;48.74;"23/09/2026 16:43";CET;117;5647.86;48.80;25/09/2026
"Copart Inc";US2172041061;1CPRT;"Euronext Global Equity Market";EUR;25.34;25.34;24.915;24.915;"24/09/2026 16:13";CET;1374;34604.66;24.315;25/09/2026
COPERNICO;IT0005379406;COP;"Euronext Growth Milan";EUR;7.90;7.90;7.80;7.80;"22/09/2026 12:10";CET;750;5900.00;7.80;25/09/2026
CORBION;NL0010583399;2CRBN;"Trading After Hours";EUR;-;-;-;-;-;CET;-;-;22.40;25/09/2026
CORBION;NL0010583399;CRBN;"Euronext Amsterdam";EUR;22.60;22.60;22.20;22.40;"25/09/2026 17:35";CET;99083;2219222.78;22.40;25/09/2026
"CORCEPT THERAP";US2183521028;1CORT;"Euronext Global Equity Market";EUR;103.75;104.00;103.75;104.00;"23/09/2026 15:53";CET;31;3220.25;100.70;25/09/2026
"CORE & MAIN CL A";US21874C1027;1CNM;"Euronext Global Equity Market";EUR;-;-;-;-;-;CET;-;-;37.20;25/09/2026
"CORE SCIENTIFIC";US21874A1060;1CORZ;"Euronext Global Equity Market";EUR;16.06;16.06;16.06;16.06;"21/09/2026 09:00";CET;7;112.42;15.496;25/09/2026
"CORE SPAIN HOLDCO";ES0105660007;MLCOE;"Euronext Access Paris";EUR;16.60;16.60;16.60;16.60;"17/11/2022 00:00";CET;-;-;16.40;25/09/2026
"COREP LIGHTING";FR0010035816;MLCOR;"Euronext Access Paris";EUR;9.00;9.00;9.00;9.00;"27/02/2024 11:30";CET;47;423.00;9.00;25/09/2026
"CORESTATE CAPITAL";LU1296758029;2CCAP;"Trading After Hours";EUR;-;-;-;-;-;CET;-;-;0.283;25/09/2026
"CORESTATE CAPITAL";LU1296758029;1CCAP;"Euronext Global Equity Market";EUR;-;-;-;-;-;CET;-;-;0.283;25/09/2026
"COREWEAVE CL A";US21873S1087;1CRWV;"Euronext Global Equity Market";EUR;80.20;80.72;76.51;76.63;"25/09/2026 17:35";CET;2167;170576.76;76.63;25/09/2026
CORNING;US2193501051;4GLW;EuroTLX;EUR;136.76;136.76;136.76;136.76;"23/09/2026 16:49";CET;29;3966.04;136.80;25/09/2026
CORNING;US2193501051;1GLW;"Euronext Global Equity Market";EUR;137.44;137.44;136.24;136.40;"25/09/2026 17:27";CET;41;5596.24;136.86;25/09/2026
CORNING;US2193501051;2GLW;"Trading After Hours";EUR;137.00;137.00;137.00;137.00;"24/09/2026 19:03";CET;36;4932.00;136.86;25/09/2026
"Corpay Inc";US2199481068;1CPAY;"Euronext Global Equity Market";EUR;348.20;348.20;348.20;348.20;"09/09/2026 17:12";CET;17;5919.40;351.20;25/09/2026
"Corteva Inc";US22052L1044;1CTVA;"Euronext Global Equity Market";EUR;74.44;74.44;74.44;74.44;"09/09/2026 11:46";CET;5;372.20;68.58;25/09/2026
"CORTICEIRA AMORIM";PTCOR0AE0006;COR;"Euronext Lisbon";EUR;7.08;7.12;7.03;7.07;"25/09/2026 21:35";BST;124080;877181.90;7.07;25/09/2026
"CoStar Group";US22160N1090;4CSGP;EuroTLX;EUR;28.085;28.085;28.085;28.085;"14/08/2026 10:01";CET;22;617.87;24.905;25/09/2026
"CoStar Group";US22160N1090;1CSGP;"Euronext Global Equity Market";EUR;24.89;24.89;24.89;24.89;"24/09/2026 15:31";CET;603;15008.67;24.88;25/09/2026
"CoStar Group";US22160N1090;2CSGP;"Trading After Hours";EUR;-;-;-;-;-;CET;-;-;24.88;25/09/2026
"COSTCO WHOLESALE";US22160K1051;2COST;"Trading After Hours";EUR;796.50;796.50;796.50;796.50;"04/09/2026 19:26";CET;1;796.50;807.00;25/09/2026
"COSTCO WHOLESALE";US22160K1051;1COST;"Euronext Global Equity Market";EUR;788.50;788.50;788.50;788.50;"23/09/2026 16:45";CET;10;7885.00;807.00;25/09/2026
"COSTCO WHOLESALE";US22160K1051;4COST;EuroTLX;EUR;826.00;826.00;826.00;826.00;"09/07/2026 11:36";CET;1;826.00;806.50;25/09/2026
COTY;US2220702037;COTY;"Euronext Paris";EUR;2.28;2.28;2.26;2.28;"25/09/2026 17:25";CET;2395;5430.76;2.28;25/09/2026
COTY;US2220702037;2COTY;"Trading After Hours";EUR;2.58;2.58;2.58;2.58;"03/09/2026 18:21";CET;1;2.58;2.28;25/09/2026
COTY;US2220702037;1COTY;"Euronext Global Equity Market";EUR;2.50;2.50;2.50;2.50;"08/09/2026 15:40";CET;200;500.00;2.28;25/09/2026
COUPANG;US22266T1097;1CPNG;"Euronext Global Equity Market";EUR;12.205;12.205;12.205;12.205;"25/09/2026 15:31";CET;975;11899.875;12.295;25/09/2026
"COURBET HERITAGE";FR0004998318;MLCOU;"Euronext Access Paris";EUR;1.20;1.20;1.20;1.20;"25/09/2026 11:30";CET;71;85.20;1.20;25/09/2026
COURTOIS;FR0000065393;COUR;"Euronext Paris";EUR;102.00;102.00;102.00;102.00;"17/09/2026 11:30";CET;19;1938.00;102.00;25/09/2026
COVESTRO;DE0006062144;11COV;"Euronext Global Equity Market";EUR;63.50;63.50;63.50;63.50;"13/08/2026 10:31";CET;60;3810.00;59.90;25/09/2026
COVESTRO;DE0006062144;21COV;"Trading After Hours";EUR;52.18;52.18;52.18;52.18;"15/04/2024 20:27";CET;50;2609.00;59.90;25/09/2026
COVIVIO;FR0000064578;COV;"Euronext Paris";EUR;46.58;47.08;46.16;46.38;"25/09/2026 17:36";CET;118224;5489240.12;46.38;25/09/2026
COVIVIO;FR0000064578;2COV;"Trading After Hours";EUR;49.50;49.50;49.50;49.50;"28/01/2025 18:02";CET;1;49.50;46.38;25/09/2026
"COVIVIO HOTELS";FR0000060303;COVH;"Euronext Paris";EUR;20.70;20.90;20.70;20.90;"25/09/2026 17:35";CET;530;11024.40;20.90;25/09/2026
"COVIVIO REIT";FR0000064578;4COV;EuroTLX;EUR;46.82;46.82;46.82;46.82;"25/09/2026 15:41";CET;12;561.84;46.26;25/09/2026
"CP 76 PETROFINA";BE0099150162;-;"Euronext Expert Market";EUR;28.10;28.10;28.10;28.10;"03/11/2020 11:30";CET;9;252.90;28.20;25/09/2026
"CP 79 PETROFINA";BE0099395676;-;"Euronext Expert Market";EUR;80.40;80.40;80.40;80.40;"03/11/2020 11:30";CET;1;80.40;80.50;25/09/2026
CPIEUROPE;AT0000A21KS2;1CPIE;"Euronext Global Equity Market";EUR;15.81;15.81;15.81;15.81;"28/01/2026 17:21";CET;10;158.10;15.24;25/09/2026
"CRCAM ALP.PROV.CCI";FR0000044323;CRAP;"Euronext Paris";EUR;124.00;125.00;124.00;124.50;"25/09/2026 17:36";CET;369;46011.10;124.50;25/09/2026
"CRCAM ATL.VEND.CCI";FR0000185506;CRAV;"Euronext Paris";EUR;124.50;125.00;124.50;125.00;"25/09/2026 17:35";CET;764;95191.84;125.00;25/09/2026
"CRCAM BRIE PIC2CCI";FR0010483768;CRBP2;"Euronext Paris";EUR;32.20;32.67;32.00;32.025;"25/09/2026 17:35";CET;6552;211943.30;32.025;25/09/2026
"CRCAM ILLE-VIL.CCI";FR0000045213;CIV;"Euronext Paris";EUR;113.00;113.80;109.22;110.50;"25/09/2026 17:28";CET;1100;123406.50;110.50;25/09/2026
"CRCAM LANGUED CCI";FR0010461053;CRLA;"Euronext Paris";EUR;83.00;83.50;81.50;81.50;"25/09/2026 17:29";CET;196;16198.00;81.50;25/09/2026
"CRCAM LOIRE HTE L.";FR0000045239;CRLO;"Euronext Paris";EUR;95.01;95.50;95.01;95.50;"25/09/2026 15:14";CET;59;5626.17;95.50;25/09/2026
"CRCAM MORBIHAN CCI";FR0000045551;CMO;"Euronext Paris";EUR;116.00;116.70;112.42;113.50;"25/09/2026 16:52";CET;625;71315.26;113.50;25/09/2026
"CRCAM NORD CCI";FR0000185514;CNDF;"Euronext Paris";EUR;26.37;26.81;26.315;26.48;"25/09/2026 17:35";CET;6745;179152.17;26.48;25/09/2026
"CRCAM NORM.SEINE";FR0000044364;CCN;"Euronext Paris";EUR;150.00;150.00;149.00;149.00;"25/09/2026 14:50";CET;66;9891.00;149.00;25/09/2026
"CRCAM PARIS ET IDF";FR0000045528;CAF;"Euronext Paris";EUR;95.77;99.58;95.77;97.93;"25/09/2026 17:29";CET;1029;100554.27;97.93;25/09/2026
"CRCAM SUD R.A.CCI";FR0000045346;CRSU;"Euronext Paris";EUR;216.00;216.00;213.00;213.00;"25/09/2026 16:32";CET;176;37749.65;213.00;25/09/2026
"CRCAM TOURAINE CCI";FR0000045304;CRTO;"Euronext Paris";EUR;127.98;127.98;127.00;127.00;"25/09/2026 17:35";CET;6;762.98;127.00;25/09/2026
"CREACTIVES GROUP";IT0005408593;CREG;"Euronext Growth Milan";EUR;2.96;2.96;2.96;2.96;"27/02/2026 17:35";CET;6000;17760.00;2.96;25/09/2026
CREDEM;IT0003121677;CE;"Euronext Milan";EUR;21.12;21.58;21.12;21.36;"25/09/2026 17:35";CET;108183;2318714.68;21.36;25/09/2026
CREDIMO;BE0015460372;-;"Euronext Expert Market";EUR;67.00;67.00;67.00;67.00;"27/10/2015 11:30";CET;3;201.00;67.00;25/09/2026
"CREDIMO HOLDING";BE0162868054;-;"Euronext Expert Market";EUR;32.84;32.84;32.84;32.84;"24/11/2015 11:30";CET;4239;139208.76;32.80;25/09/2026
"CREDIT AGRICOLE";FR0000045072;ACA;"Euronext Paris";EUR;18.10;18.275;18.05;18.185;"25/09/2026 17:35";CET;3280493;59643325.65;18.185;25/09/2026
"CREDIT AGRICOLE";FR0000045072;2ACA;"Trading After Hours";EUR;17.955;17.955;17.955;17.955;"14/09/2026 19:02";CET;2;35.91;18.145;25/09/2026
"CREDIT AGRICOLE";FR0000045072;4ACA;EuroTLX;EUR;18.265;18.265;18.265;18.265;"22/09/2026 11:04";CET;226;4127.89;18.13;25/09/2026
"CREDIT AGRICOLE";FR0000045072;1ACA;"Euronext Global Equity Market";EUR;18.19;18.26;18.16;18.16;"25/09/2026 17:05";CET;5078;92354.29;18.145;25/09/2026
"CROCS INC";US2270461096;1CROX;"Euronext Global Equity Market";EUR;107.00;107.00;107.00;107.00;"21/09/2026 17:21";CET;99;10593.00;109.50;25/09/2026
CROSSJECT;FR0011716265;ALCJ;"Euronext Growth Paris";EUR;1.34;1.444;1.31;1.336;"25/09/2026 17:36";CET;547941;740744.133;1.336;25/09/2026
"CROSSJECT BS27";FR001400UR90;CJBS;"Euronext Growth Paris";EUR;0.99;0.99;0.99;0.99;"26/08/2026 17:35";CET;3831;3792.69;0.99;25/09/2026
CROSSWOOD;FR0000050395;CROS;"Euronext Paris";EUR;8.80;8.80;8.80;8.80;"25/09/2026 16:30";CET;25;220.00;8.80;25/09/2026
"Crowdstrike Hold";US22788C1053;1CRWD;"Euronext Global Equity Market";EUR;229.50;229.50;222.45;225.60;"25/09/2026 17:35";CET;109;24741.10;225.60;25/09/2026
"Crowdstrike Hold";US22788C1053;4CRWD;EuroTLX;EUR;229.50;229.50;229.50;229.50;"25/09/2026 10:07";CET;4;918.00;225.40;25/09/2026
"Crowdstrike Hold";US22788C1053;2CRWD;"Trading After Hours";EUR;234.75;236.25;234.75;236.25;"23/09/2026 20:28";CET;32;7515.00;225.60;25/09/2026
"CS BRUX";BE0010566900;-;"Euronext Expert Market";EUR;60.40;60.40;60.40;60.40;"01/09/2015 11:30";CET;272;16428.80;60.50;25/09/2026
CSG;NL0015073TS8;2CSG;"Trading After Hours";EUR;-;-;-;-;-;CET;-;-;15.082;25/09/2026
CSG;NL0015073TS8;CSG;"Euronext Amsterdam";EUR;15.25;15.29;14.94;15.082;"25/09/2026 17:35";CET;562832;8494349.862;15.082;25/09/2026
"CSP INT IND CALZE";IT0001127874;CSP;"Euronext Milan";EUR;0.291;0.291;0.285;0.285;"25/09/2026 17:35";CET;1293;374.505;0.285;25/09/2026
"CSX Corp";US1264081035;1CSX;"Euronext Global Equity Market";EUR;41.34;41.34;41.34;41.34;"24/09/2026 14:52";CET;15;620.10;40.99;25/09/2026
CTAC;NL0000345577;CTAC;"Euronext Amsterdam";EUR;2.86;2.87;2.68;2.84;"25/09/2026 17:35";CET;147;415.76;2.84;25/09/2026
CTP;NL00150006R6;2CTPNV;"Trading After Hours";EUR;-;-;-;-;-;CET;-;-;12.90;25/09/2026
CTP;NL00150006R6;CTPNV;"Euronext Amsterdam";EUR;13.08;13.16;12.90;12.90;"25/09/2026 17:35";CET;278944;3614679.12;12.90;25/09/2026
"CTS Eventim";DE0005470306;1EVD;"Euronext Global Equity Market";EUR;56.10;56.10;56.10;56.10;"23/09/2026 12:07";CET;6;336.60;54.70;25/09/2026
"CTT CORREIOS PORT";PTCTT0AM0001;2CTT;"Trading After Hours";EUR;-;-;-;-;-;CET;-;-;6.255;25/09/2026
"CTT CORREIOS PORT";PTCTT0AM0001;CTT;"Euronext Lisbon";EUR;6.315;6.34;6.255;6.255;"25/09/2026 21:35";BST;346743;2178069.4125;6.255;25/09/2026
"CUBE LABS";IT0005532483;CUBE;"Euronext Growth Milan";EUR;2.34;2.34;2.34;2.34;"16/07/2026 17:35";CET;15000;35100.00;2.34;25/09/2026
"Cummins Inc";US2310211063;1CMI;"Euronext Global Equity Market";EUR;459.20;459.20;457.40;457.40;"24/09/2026 16:04";CET;4;1833.20;460.70;25/09/2026
CUMULEX;BE0003463685;CLEX;"Euronext Brussels";EUR;0.94;0.94;0.94;0.94;"09/09/2026 11:30";CET;3;2.82;0.94;25/09/2026
"CUMULEX (ben/win)";BE0010026350;-;"Euronext Expert Market";EUR;10.00;10.00;10.00;10.00;"17/07/2018 11:30";CET;14;140.00;10.00;25/09/2026
"CVC CAPITAL";JE00BRX98089;CVC;"Euronext Amsterdam";EUR;12.40;12.43;12.25;12.37;"25/09/2026 17:35";CET;763476;9438596.40;12.37;25/09/2026
"CVS HEALTH";US1266501006;1CVS;"Euronext Global Equity Market";EUR;75.00;75.00;75.00;75.00;"25/09/2026 10:26";CET;20;1500.00;76.92;25/09/2026
"CVS HEALTH";US1266501006;2CVS;"Trading After Hours";EUR;94.28;94.28;94.28;94.28;"16/07/2026 19:18";CET;110;10370.80;76.92;25/09/2026
"CVS HEALTH";US1266501006;4CVS;EuroTLX;EUR;76.66;76.66;76.66;76.66;"23/09/2026 17:17";CET;60;4599.60;76.86;25/09/2026
CY4GATE;IT0005412504;CY4;"Euronext Milan";EUR;10.54;10.54;9.92;9.97;"25/09/2026 17:35";CET;62027;628605.93;9.97;25/09/2026
CYBEROO;IT0005546103;CYB;"Euronext Growth Milan";EUR;1.22;1.22;1.215;1.22;"25/09/2026 17:35";CET;3251;3956.505;1.22;25/09/2026
"CYTOKINETICS INC";US23282W6057;1CYTK;"Euronext Global Equity Market";EUR;57.32;58.80;57.32;58.80;"24/09/2026 15:26";CET;47;2729.56;56.82;25/09/2026
CYVIZ;NO0010015175;CYVIZ;"Euronext Growth Oslo";NOK;22.70;22.70;21.60;22.40;"24/09/2026 16:25";CET;316;7094.80;22.40;25/09/2026
D'AMICO;LU2592315662;DIS;"Euronext Milan";EUR;7.87;7.87;7.625;7.815;"25/09/2026 17:35";CET;133688;1034066.66;7.815;25/09/2026
"D'IETEREN GROUP";BE0974259880;2DIE;"Trading After Hours";EUR;-;-;-;-;-;CET;-;-;162.50;25/09/2026
"D'IETEREN GROUP";BE0974259880;DIE;"Euronext Brussels";EUR;162.00;163.60;160.60;162.50;"25/09/2026 17:35";CET;54639;8873108.10;162.50;25/09/2026
"D-WAVE QUANTUM INC";US26740W1099;1QBTS;"Euronext Global Equity Market";EUR;15.44;15.715;15.10;15.565;"25/09/2026 17:29";CET;5240;80422.895;15.55;25/09/2026
D.A.T.E;FR0014018PW8;ALDAT;"Euronext Growth Paris";EUR;20.36;21.50;20.01;21.50;"25/09/2026 17:35";CET;29563;614878.595;21.50;25/09/2026
D.L.S.I.;FR0010404368;ALDLS;"Euronext Growth Paris";EUR;10.00;10.30;10.00;10.30;"25/09/2026 17:11";CET;227;2300.80;10.30;25/09/2026
"DAIMLER TRUCK HD";DE000DTR0CK8;1DTRH;"Euronext Global Equity Market";EUR;41.75;42.28;41.75;42.28;"25/09/2026 17:12";CET;196;8262.50;42.27;25/09/2026
"DAIMLER TRUCK HD";DE000DTR0CK8;2DTRH;"Trading After Hours";EUR;35.90;36.60;35.90;36.60;"01/10/2025 18:00";CET;500;18090.00;42.27;25/09/2026
DAMARIS;FR0000077885;MLDAM;"Euronext Access Paris";EUR;4.96;4.96;4.96;4.96;"27/08/2026 16:30";CET;46;228.16;4.96;25/09/2026
DAMARTEX;FR0000185423;ALDAR;"Euronext Growth Paris";EUR;2.39;2.40;2.39;2.40;"25/09/2026 12:38";CET;124;297.59;2.40;25/09/2026
DANAHER;US2358511028;1DHR;"Euronext Global Equity Market";EUR;196.50;196.50;196.50;196.50;"25/09/2026 17:35";CET;2;393.00;196.50;25/09/2026
DANAHER;US2358511028;4DHR;EuroTLX;EUR;186.40;186.40;186.40;186.40;"31/08/2026 17:22";CET;18;3355.20;196.55;25/09/2026
DANAHER;US2358511028;2DHR;"Trading After Hours";EUR;174.75;174.75;174.75;174.75;"11/09/2026 18:14";CET;4;699.00;196.50;25/09/2026
"DANIELI & C";IT0000076502;DAN;"Euronext Milan";EUR;58.70;59.40;58.55;59.10;"25/09/2026 17:35";CET;79972;4733322.40;59.10;25/09/2026
"DANIELI & C RISP";IT0000076486;DANR;"Euronext Milan";EUR;40.68;41.26;40.50;40.68;"25/09/2026 17:35";CET;75111;3062257.18;40.68;25/09/2026
DANONE;FR0000120644;BN;"Euronext Paris";EUR;60.00;60.36;59.40;59.56;"25/09/2026 17:35";CET;1128976;67289271.09;59.56;25/09/2026
DANONE;FR0000120644;2BN;"Trading After Hours";EUR;65.66;65.66;65.64;65.64;"08/04/2026 20:23";CET;26;1707.00;59.56;25/09/2026
DANONE;FR0000120644;4BN;EuroTLX;EUR;60.38;60.38;60.38;60.38;"24/09/2026 10:53";CET;5;301.90;59.60;25/09/2026
"Darden Restaurants";US2371941053;1DRI;"Euronext Global Equity Market";EUR;187.40;187.40;187.40;187.40;"20/08/2026 17:05";CET;14;2623.60;176.65;25/09/2026
"DASSAULT AVIATION";FR0014004L86;AM;"Euronext Paris";EUR;293.00;294.40;290.00;292.60;"25/09/2026 17:35";CET;47512;13882709.60;292.60;25/09/2026
"DASSAULT AVIATION";FR0014004L86;2AM;"Trading After Hours";EUR;-;-;-;-;-;CET;-;-;292.60;25/09/2026
"DASSAULT SYSTEMES";FR0014003TT8;DSY;"Euronext Paris";EUR;21.26;21.35;20.89;21.07;"25/09/2026 17:35";CET;1817439;38363249.415;21.07;25/09/2026
"DASSAULT SYSTEMES";FR0014003TT8;4DSY;EuroTLX;EUR;20.79;20.79;20.79;20.79;"04/08/2026 13:43";CET;150;3118.50;20.99;25/09/2026
"DASSAULT SYSTEMES";FR0014003TT8;2DSY;"Trading After Hours";EUR;-;-;-;-;-;CET;-;-;21.07;25/09/2026
"Datadog Inc";US23804L1035;1DDOG;"Euronext Global Equity Market";EUR;246.00;246.00;242.00;242.00;"25/09/2026 16:21";CET;26;6348.00;238.00;25/09/2026
DATRIX;IT0005468357;DATA;"Euronext Growth Milan";EUR;1.65;1.70;1.64;1.70;"25/09/2026 17:09";CET;13000;21797.50;1.70;25/09/2026
"DaVita Inc";US23918K1088;1DVA;"Euronext Global Equity Market";EUR;163.75;163.80;163.75;163.80;"23/09/2026 12:44";CET;80;13101.50;155.80;25/09/2026
"DBA GROUP";IT0005285942;DBA;"Euronext Growth Milan";EUR;4.66;4.70;4.59;4.70;"25/09/2026 17:35";CET;6900;32082.00;4.70;25/09/2026
DBT;FR001400LO86;ALDBT;"Euronext Growth Paris";EUR;0.0638;0.0638;0.059;0.0616;"25/09/2026 17:35";CET;4158303;252103.0616;0.0616;25/09/2026
"DBV TECHNOLOGIES";FR0010417345;DBV;"Euronext Paris";EUR;2.012;2.054;1.988;2.022;"25/09/2026 17:35";CET;1204583;2434824.335;2.022;25/09/2026
DE'LONGHI;IT0003115950;DLG;"Euronext Milan";EUR;39.76;40.00;39.58;39.58;"25/09/2026 17:35";CET;137761;5463805.60;39.58;25/09/2026
DECEUNINCK;BE0003789063;DECB;"Euronext Brussels";EUR;2.49;2.495;2.465;2.495;"25/09/2026 17:35";CET;71506;177531.27;2.495;25/09/2026
"Deckers Outdoor";US2435371073;1DECK;"Euronext Global Equity Market";EUR;68.90;68.90;68.90;68.90;"25/09/2026 15:35";CET;1;68.90;69.16;25/09/2026
DEDEM;IT0005659724;DDM;"Euronext Growth Milan";EUR;2.32;2.32;2.10;2.26;"25/09/2026 15:46";CET;21750;47365.00;2.26;25/09/2026
"DEEP VALUE DRILLER";NO0010955917;DVD;"Euronext Growth Oslo";NOK;21.30;21.35;21.25;21.30;"25/09/2026 16:25";CET;447782;9536715.90;21.30;25/09/2026
"DEERE & CO";US2441991054;1DE;"Euronext Global Equity Market";EUR;615.40;615.40;615.40;615.40;"25/09/2026 11:29";CET;1;615.40;600.60;25/09/2026
"DEERE & CO";US2441991054;4DE;EuroTLX;EUR;576.00;576.00;576.00;576.00;"02/09/2026 12:54";CET;1;576.00;601.00;25/09/2026
DEERE&CO;US2441991054;2DE;"Trading After Hours";EUR;546.80;546.80;546.80;546.80;"26/06/2026 18:00";CET;1;546.80;600.60;25/09/2026
DEEZER;FR001400AYG6;DEEZR;"Euronext Paris";EUR;1.285;1.30;1.26;1.30;"25/09/2026 17:35";CET;7359;9394.84;1.30;25/09/2026
"DEEZER WARRANTS";FR0014004JF6;DEEZW;"Euronext Paris";EUR;0.0005;0.0005;0.0005;0.0005;"30/10/2024 09:00";CET;2;-;0.0005;25/09/2026
DEKUPLE;FR0000062978;DKUPL;"Euronext Paris";EUR;23.60;24.60;23.50;24.40;"25/09/2026 17:35";CET;1085;25940.20;24.40;25/09/2026
DELFINGEN;FR0000054132;ALDEL;"Euronext Growth Paris";EUR;33.00;33.00;32.40;32.60;"25/09/2026 17:35";CET;289;9477.90;32.60;25/09/2026
"DELIVERY HERO";DE000A2E4K43;4DHER;EuroTLX;EUR;37.42;37.42;37.42;37.42;"07/07/2026 15:29";CET;7;261.94;36.40;25/09/2026
"DELIVERY HERO";DE000A2E4K43;2DHER;"Trading After Hours";EUR;17.335;17.335;17.335;17.335;"08/04/2026 20:27";CET;2;34.67;36.41;25/09/2026
"DELIVERY HERO";DE000A2E4K43;1DHER;"Euronext Global Equity Market";EUR;36.29;36.29;36.29;36.29;"25/09/2026 13:58";CET;9;326.61;36.41;25/09/2026
"Dell Technologies";US24703L2025;1DELL;"Euronext Global Equity Market";EUR;479.00;495.65;478.00;495.65;"25/09/2026 17:35";CET;560;270697.55;495.65;25/09/2026
"Dell Technologies";US24703L2025;4DELL;EuroTLX;EUR;488.65;488.65;488.65;488.65;"22/09/2026 15:47";CET;10;4886.50;495.25;25/09/2026
"Dell Technologies";US24703L2025;2DELL;"Trading After Hours";EUR;502.00;502.00;500.60;500.60;"25/09/2026 19:55";CET;348;174693.00;502.00;25/09/2026
"DELLIA GROUP";NO0013755728;DELIA;"Oslo Børs";NOK;22.65;22.65;20.60;20.90;"25/09/2026 16:25";CET;48217;1011386.70;20.90;25/09/2026
"Delta Air Lines";US2473617023;1DAL;"Euronext Global Equity Market";EUR;71.65;71.65;71.65;71.65;"24/09/2026 10:24";CET;50;3582.50;72.91;25/09/2026
"DELTA PLUS GROUP";FR0013283108;ALDLT;"Euronext Growth Paris";EUR;27.70;28.00;27.50;28.00;"25/09/2026 17:35";CET;1311;36383.40;28.00;25/09/2026
"DEME GROUP";BE0974413453;DEME;"Euronext Brussels";EUR;179.80;180.60;178.80;179.40;"25/09/2026 17:35";CET;6888;1235650.50;179.40;25/09/2026
"DENTSPLY SIRONA";US24906P1093;1XRAY;"Euronext Global Equity Market";EUR;10.135;10.135;10.055;10.055;"08/09/2026 09:38";CET;11;111.41;8.374;25/09/2026
"DENTSPLY SIRONA";US24906P1093;2XRAY;"Trading After Hours";EUR;9.722;9.722;9.722;9.722;"26/06/2026 18:00";CET;30;291.66;8.374;25/09/2026
"DENTSPLY SIRONA";US24906P1093;4XRAY;EuroTLX;EUR;12.005;12.005;12.005;12.005;"06/08/2026 17:19";CET;21;252.11;8.388;25/09/2026
DEODATO.GALLERY;IT0005528937;ART;"Euronext Growth Milan";EUR;0.234;0.234;0.23;0.23;"23/09/2026 10:07";CET;9000;2082.00;0.23;25/09/2026
DERICHEBOURG;FR0000053381;2DBG;"Trading After Hours";EUR;-;-;-;-;-;CET;-;-;8.505;25/09/2026
DERICHEBOURG;FR0000053381;DBG;"Euronext Paris";EUR;8.41;8.54;8.355;8.505;"25/09/2026 17:39";CET;127168;1074063.28;8.505;25/09/2026
"DESERT CONTROL";NO0010963275;DSRT;"Euronext Growth Oslo";NOK;0.3565;0.38;0.3565;0.3725;"25/09/2026 16:25";CET;3406238;1254473.797;0.3725;25/09/2026
"DESTINATION ITALIA";IT0005454027;DIT;"Euronext Growth Milan";EUR;0.24;0.248;0.24;0.242;"25/09/2026 17:35";CET;9000;2181.00;0.242;25/09/2026
"DEUTSCHE BANK";DE0005140008;2DBK;"Trading After Hours";EUR;31.28;31.28;31.28;31.28;"24/09/2026 18:34";CET;100;3128.00;31.775;25/09/2026
"DEUTSCHE BANK";DE0005140008;4DBK;EuroTLX;EUR;33.89;33.89;33.89;33.89;"18/09/2026 12:09";CET;50;1694.50;31.765;25/09/2026
"DEUTSCHE BANK";DE0005140008;1DBK;"Euronext Global Equity Market";EUR;31.795;31.84;31.385;31.775;"25/09/2026 17:35";CET;47694;1508556.945;31.775;25/09/2026
"DEUTSCHE BOERSE";DE0005810055;4DB1;EuroTLX;EUR;283.80;283.80;283.80;283.80;"03/09/2026 17:29";CET;1;283.80;285.10;25/09/2026
"DEUTSCHE BOERSE";DE0005810055;2DB1;"Trading After Hours";EUR;264.70;264.70;264.70;264.70;"09/09/2026 18:00";CET;28;7411.60;285.10;25/09/2026
"DEUTSCHE BOERSE";DE0005810055;1DB1;"Euronext Global Equity Market";EUR;283.90;283.90;283.90;283.90;"25/09/2026 13:45";CET;9;2555.10;285.10;25/09/2026
"DEUTSCHE EUROSHOP";DE0007480204;2DEQ;"Trading After Hours";EUR;19.06;19.06;19.06;19.06;"06/02/2025 19:12";CET;26;495.56;17.70;25/09/2026
"DEUTSCHE EUROSHOP";DE0007480204;1DEQ;"Euronext Global Equity Market";EUR;17.80;17.82;17.80;17.82;"21/09/2026 16:09";CET;60;1069.16;17.70;25/09/2026
"DEUTSCHE EUROSHOP";DE0007480204;4DEQ;EuroTLX;EUR;20.25;20.25;20.25;20.25;"18/06/2026 09:55";CET;5;101.25;17.66;25/09/2026
"DEUTSCHE LUFTHANSA";DE0008232125;1LHA;"Euronext Global Equity Market";EUR;7.70;7.73;7.638;7.638;"25/09/2026 17:35";CET;28004;215698.114;7.638;25/09/2026
"DEUTSCHE LUFTHANSA";DE0008232125;4LHA;EuroTLX;EUR;7.688;7.688;7.688;7.688;"10/09/2026 09:24";CET;860;6611.68;7.656;25/09/2026
"DEUTSCHE LUFTHANSA";DE0008232125;2LHA;"Trading After Hours";EUR;7.918;7.918;7.918;7.918;"17/09/2026 18:00";CET;250;1979.50;7.638;25/09/2026
"DEUTSCHE ROHSTOFF";DE000A0XYG76;1DR;"Euronext Global Equity Market";EUR;84.70;84.70;84.70;84.70;"23/09/2026 09:02";CET;12;1016.40;82.90;25/09/2026
"DEUTSCHE ROHSTOFF";DE000A0XYG76;2DR;"Trading After Hours";EUR;-;-;-;-;-;CET;-;-;82.90;25/09/2026
"DEUTSCHE ROHSTOFF";DE000A0XYG76;4DR;EuroTLX;EUR;85.10;85.10;84.20;84.20;"18/06/2026 10:35";CET;12;1011.30;83.00;25/09/2026
"DEUTSCHE TELEKOM";DE0005557508;1DTE;"Euronext Global Equity Market";EUR;26.91;26.94;26.79;26.90;"25/09/2026 17:24";CET;1613;43394.27;26.95;25/09/2026
"DEUTSCHE TELEKOM";DE0005557508;2DTE;"Trading After Hours";EUR;27.81;27.81;27.81;27.81;"24/09/2026 18:59";CET;9;250.29;26.95;25/09/2026
"DEUTSCHE TELEKOM";DE0005557508;4DTE;EuroTLX;EUR;26.95;26.95;26.83;26.83;"25/09/2026 15:55";CET;759;20367.21;26.97;25/09/2026
"DEUTSCHE WOHNEN";DE000A0HN5C6;1DWNI;"Euronext Global Equity Market";EUR;18.46;18.46;18.46;18.46;"20/07/2026 09:06";CET;149;2750.54;15.78;25/09/2026
"DEUTSCHE WOHNEN";DE000A0HN5C6;4DWNI;EuroTLX;EUR;23.80;23.80;23.80;23.80;"18/02/2025 12:47";CET;13;309.40;15.88;25/09/2026
"DEUTSCHE WOHNEN";DE000A0HN5C6;2DWNI;"Trading After Hours";EUR;-;-;-;-;-;CET;-;-;15.78;25/09/2026
DEUTZ;DE0006305006;4DEZ;EuroTLX;EUR;10.68;10.68;10.68;10.68;"08/05/2026 09:30";CET;51;544.68;11.24;25/09/2026
DEUTZ;DE0006305006;1DEZ;"Euronext Global Equity Market";EUR;11.18;11.43;11.18;11.43;"24/09/2026 14:15";CET;307;3503.51;11.25;25/09/2026
DEUTZ;DE0006305006;2DEZ;"Trading After Hours";EUR;9.485;9.485;9.485;9.485;"31/07/2026 18:58";CET;107;1014.90;11.25;25/09/2026
DEVERNOIS;FR0000060840;ALDEV;"Euronext Growth Paris";EUR;10.20;10.20;10.20;10.20;"22/09/2026 11:30";CET;10;102.00;10.20;25/09/2026
"DEVON ENERGY";US25179M1036;4DY6;EuroTLX;EUR;43.45;43.45;43.45;43.45;"16/09/2026 09:39";CET;7;304.15;41.78;25/09/2026
"DEVON ENERGY";US25179M1036;2DY6;"Trading After Hours";EUR;37.60;37.60;37.60;37.60;"25/06/2026 19:14";CET;100;3760.00;41.76;25/09/2026
"DEVON ENERGY";US25179M1036;1DY6;"Euronext Global Equity Market";EUR;42.08;42.08;42.08;42.08;"23/09/2026 17:00";CET;1;42.08;41.76;25/09/2026
"Dexcom Inc";US2521311074;1DXCM;"Euronext Global Equity Market";EUR;76.80;76.80;76.80;76.80;"25/09/2026 10:41";CET;1;76.80;76.40;25/09/2026
DEXELANCE;IT0005543480;DEX;"Euronext Milan";EUR;2.09;2.11;2.06;2.10;"25/09/2026 17:35";CET;43121;90100.15;2.10;25/09/2026
"DEXIA HOLDING";BE0974290224;DEXB;"Euronext Expert Market";EUR;0.05;0.05;0.05;0.05;"08/09/2026 11:30";CET;10;0.50;0.05;25/09/2026
DHH;IT0005203622;DHH;"Euronext Growth Milan";EUR;25.90;25.90;25.40;25.40;"25/09/2026 17:28";CET;2670;68033.30;25.40;25/09/2026
DHL;DE0005552004;1DHL;"Euronext Global Equity Market";EUR;56.90;56.90;56.90;56.90;"25/09/2026 13:02";CET;28;1593.20;57.40;25/09/2026
DHL;DE0005552004;2DHL;"Trading After Hours";EUR;56.88;56.88;55.70;55.70;"22/09/2026 18:00";CET;110;6250.90;57.40;25/09/2026
DHL;DE0005552004;4DHL;EuroTLX;EUR;55.50;55.50;55.50;55.50;"20/08/2026 14:02";CET;10;555.00;57.42;25/09/2026
"DIAGNOSTIC MEDICAL";FR0012202497;ALDMS;"Euronext Growth Paris";EUR;0.97;0.972;0.94;0.96;"25/09/2026 17:35";CET;16545;15767.494;0.96;25/09/2026
"Diamondback Energy";US25278X1090;1FANG;"Euronext Global Equity Market";EUR;162.78;162.78;162.78;162.78;"23/09/2026 14:12";CET;13;2116.14;164.24;25/09/2026
DIASORIN;IT0003492391;DIA;"Euronext Milan";EUR;78.54;79.20;78.00;78.80;"25/09/2026 17:35";CET;104002;8176118.64;78.80;25/09/2026
DIASORIN;IT0003492391;2DIA;"Trading After Hours";EUR;80.62;80.62;78.26;78.26;"25/09/2026 18:09";CET;130;10244.80;78.80;25/09/2026
"DICK'S SPORTING G";US2533931026;1DKS;"Euronext Global Equity Market";EUR;120.00;120.00;120.00;120.00;"25/09/2026 15:27";CET;64;7680.00;118.40;25/09/2026
"DIEGEM KENNEDYCERT";BE0003698124;DIEG;"Euronext Brussels";EUR;110.02;114.00;110.02;114.00;"23/09/2026 16:30";CET;364;40103.00;114.00;25/09/2026
"DIERK. ANTWERP.";BE0036367895;-;"Euronext Expert Market";EUR;103.00;103.00;103.00;103.00;"03/06/2025 11:30";CET;1;103.00;103.00;25/09/2026
"DIERKUNDE ANTW";BE0026342551;-;"Euronext Expert Market";EUR;300.00;300.00;300.00;300.00;"08/09/2026 11:37";CET;8;2400.00;300.00;25/09/2026
"DIGITAL BROS";IT0001469995;DIB;"Euronext Milan";EUR;12.84;13.50;12.60;13.20;"25/09/2026 17:35";CET;56382;746256.74;13.20;25/09/2026
"DIGITAL TURBINE IN";US25400W1027;1APPS;"Euronext Global Equity Market";EUR;9.52;10.00;9.52;10.00;"25/09/2026 16:09";CET;1581;15787.96;10.05;25/09/2026
DIGITOUCH;IT0005089476;DGT;"Euronext Growth Milan";EUR;1.835;1.835;1.81;1.825;"25/09/2026 15:55";CET;8500;15472.50;1.825;25/09/2026
"DIPIETRO GROUP";IT0005716813;DPG;"Euronext Growth Milan";EUR;1.62;1.62;1.62;1.62;"21/09/2026 09:42";CET;20000;32400.00;1.62;25/09/2026
"DIRECTA SIM";IT0001463063;D;"Euronext Growth Milan";EUR;7.98;7.98;7.90;7.98;"25/09/2026 14:00";CET;2250;17935.00;7.98;25/09/2026
"DIS ELET ADRIATICA";IT0005600249;DEA;"Euronext Growth Milan";EUR;8.05;8.05;8.00;8.00;"25/09/2026 16:59";CET;11400;91230.00;8.00;25/09/2026
"DISTRI-LAND CERT";BE0003605160;DISL;"Euronext Brussels";EUR;212.00;212.00;212.00;212.00;"09/09/2026 11:30";CET;4;848.00;212.00;25/09/2026
"DNB BANK";NO0010161896;DNB;"Oslo Børs";NOK;316.40;318.40;316.30;317.10;"25/09/2026 16:27";CET;1094865;347421758.80;317.10;25/09/2026
DNO;NO0003921009;DNO;"Oslo Børs";NOK;19.55;19.55;19.12;19.28;"25/09/2026 16:29";CET;2671866;51497375.275;19.28;25/09/2026
DNXCORP;FR0010436584;ALDNX;"Euronext Growth Paris";EUR;20.10;20.80;20.00;20.80;"25/09/2026 17:25";CET;3759;76044.10;20.80;25/09/2026
"DO & CO AG";AT0000818802;1DOC;"Euronext Global Equity Market";EUR;210.00;210.00;210.00;210.00;"17/09/2026 16:38";CET;5;1050.00;187.40;25/09/2026
"DOCK.PETR.AMBES AM";FR0000065260;DPAM;"Euronext Paris";EUR;855.00;860.00;855.00;860.00;"25/09/2026 16:30";CET;3;2570.00;860.00;25/09/2026
"DOF GROUP";NO0012851874;DOFG;"Oslo Børs";NOK;130.60;131.00;129.80;131.00;"25/09/2026 16:25";CET;115534;15095230.60;131.00;25/09/2026
DOLFINES;FR001400SP13;ALDOL;"Euronext Growth Paris";EUR;1.11;1.11;1.025;1.025;"25/09/2026 17:29";CET;1394;1445.325;1.025;25/09/2026
"DOLLAR GENERAL";US2566771059;4DGX;EuroTLX;EUR;106.00;109.50;106.00;109.50;"27/08/2026 15:49";CET;188;20257.00;109.05;25/09/2026
"DOLLAR GENERAL";US2566771059;2DGX;"Trading After Hours";EUR;113.70;113.70;113.70;113.70;"29/07/2026 18:39";CET;5;568.50;109.10;25/09/2026
"DOLLAR GENERAL";US2566771059;1DGX;"Euronext Global Equity Market";EUR;107.40;107.40;107.40;107.40;"11/09/2026 16:02";CET;1;107.40;109.10;25/09/2026
"Dollar Tree Inc";US2567461080;1DLTR;"Euronext Global Equity Market";EUR;99.68;99.68;99.68;99.68;"17/09/2026 13:02";CET;33;3289.44;99.36;25/09/2026
"DOLPHIN DRILLING";NO0013711739;DDRIL;"Euronext Growth Oslo";NOK;1.875;1.965;1.85;1.89;"25/09/2026 16:25";CET;1569518;3017949.455;1.89;25/09/2026
"DOMINION ENERGY";US25746U1097;2D;"Trading After Hours";EUR;52.75;52.75;52.75;52.75;"07/10/2025 19:56";CET;6;316.50;52.92;25/09/2026
"DOMINION ENERGY";US25746U1097;4D;EuroTLX;EUR;62.06;62.06;62.06;62.06;"21/07/2026 14:52";CET;4;248.24;52.94;25/09/2026
"DOMINION ENERGY";US25746U1097;1D;"Euronext Global Equity Market";EUR;59.62;59.62;59.62;59.62;"18/08/2026 16:48";CET;6;357.72;52.92;25/09/2026
"Domino's Pizza";US25754A2015;1DPZ;"Euronext Global Equity Market";EUR;255.00;255.00;255.00;255.00;"23/09/2026 15:40";CET;5;1275.00;253.00;25/09/2026
"DONEGAL INVESTMENT";IE00038O9UC4;DQ7A;"Euronext Growth Dublin";EUR;9.50;10.00;9.50;10.00;"17/09/2026 19:50";IST;9;86.50;10.00;25/09/2026
DONTNOD;FR0013331212;ALDNE;"Euronext Growth Paris";EUR;0.395;0.395;0.371;0.375;"25/09/2026 17:29";CET;2374;888.796;0.375;25/09/2026
DOORDASH;US25809K1051;1DASH;"Euronext Global Equity Market";EUR;166.92;166.92;166.92;166.92;"25/09/2026 12:23";CET;12;2003.04;166.18;25/09/2026
DOORDASH;US25809K1051;4DASH;EuroTLX;EUR;166.42;166.42;166.42;166.42;"06/07/2026 13:11";CET;7;1164.94;166.24;25/09/2026
DOORDASH;US25809K1051;2DASH;"Trading After Hours";EUR;148.28;148.28;148.28;148.28;"15/04/2026 18:00";CET;3;444.84;166.18;25/09/2026
DOTSTAY;IT0005523839;DOT;"Euronext Growth Milan";EUR;4.00;4.00;4.00;4.00;"03/09/2026 17:35";CET;6000;24000.00;4.00;25/09/2026
DOVALUE;IT0005610958;DOV;"Euronext Milan";EUR;1.67;1.687;1.623;1.67;"25/09/2026 17:35";CET;816382;1358839.41;1.67;25/09/2026
"Dover Corp";US2600031080;1DOV;"Euronext Global Equity Market";EUR;165.70;165.70;165.70;165.70;"09/09/2026 16:12";CET;135;22369.50;166.65;25/09/2026
DOW;US2605571031;1DOW;"Euronext Global Equity Market";EUR;25.22;25.22;25.22;25.22;"25/09/2026 14:05";CET;3;75.66;24.61;25/09/2026
DOW;US2605571031;2DOW;"Trading After Hours";EUR;29.55;29.55;29.55;29.55;"10/06/2026 20:07";CET;53;1566.15;24.61;25/09/2026
DOW;US2605571031;4DOW;EuroTLX;EUR;35.70;35.70;35.70;35.70;"01/04/2026 09:23";CET;90;3213.00;24.61;25/09/2026
DOXEE;IT0005394413;DOX;"Euronext Growth Milan";EUR;3.92;3.93;3.90;3.93;"25/09/2026 14:37";CET;1000;3912.50;3.93;25/09/2026
"DR Horton Inc";US23331A1097;1DHI;"Euronext Global Equity Market";EUR;120.00;120.00;120.00;120.00;"22/09/2026 11:52";CET;1;120.00;122.95;25/09/2026
"DRAFTKINGS INC A";US26142V1052;1DKNG;"Euronext Global Equity Market";EUR;19.60;19.60;18.30;18.30;"24/09/2026 15:37";CET;450;8434.00;18.60;25/09/2026
"DRONE VOLT";FR001400SVN0;ALDRV;"Euronext Growth Paris";EUR;0.31;0.31;0.302;0.308;"25/09/2026 17:35";CET;554167;169504.0753;0.308;25/09/2026
"DRONE VOLT BS28";FR0014007951;BNBS;"Euronext Growth Paris";EUR;0.007;0.0076;0.0066;0.0066;"25/09/2026 17:20";CET;946643;6603.7128;0.0066;25/09/2026
"DRONE VOLT BSA";FR0014011219;DRNBS;"Euronext Growth Paris";EUR;-;-;-;-;-;CET;-;-;0.0215;25/09/2026
DRONEVOLTBS2031;FR001401ARU9;DV31;"Euronext Growth Paris";EUR;-;-;-;-;-;CET;-;-;0.0803;25/09/2026
DRONEVOLTBS31;FR00140188H9;DVBS6;"Euronext Growth Paris";EUR;-;-;-;-;-;CET;-;-;0.055;25/09/2026
"DROPBOX INC-CLASS";US26210C1045;1DBX;"Euronext Global Equity Market";EUR;29.06;29.06;29.06;29.06;"24/09/2026 10:00";CET;49;1423.94;28.765;25/09/2026
"DSM FIRMENICH AG";CH1216478797;DSFIR;"Euronext Amsterdam";EUR;98.32;99.36;97.12;97.78;"25/09/2026 17:35";CET;719823;70469296.76;97.78;25/09/2026
"Duke Energy Corp";US26441C2044;1DUK;"Euronext Global Equity Market";EUR;102.30;102.30;102.30;102.30;"23/09/2026 09:30";CET;73;7467.90;98.94;25/09/2026
"DUPONT DE NEMOURS";US26614N2018;1DD;"Euronext Global Equity Market";EUR;115.12;115.12;115.12;115.12;"02/09/2026 15:49";CET;20;2302.40;114.24;25/09/2026
"DUPONT DE NEMOURS";US26614N2018;2DD;"Trading After Hours";EUR;36.535;36.535;36.535;36.535;"07/01/2026 20:13";CET;8;292.28;114.24;25/09/2026
DURR;DE0005565204;2DUE;"Trading After Hours";EUR;19.92;19.92;19.92;19.92;"07/10/2025 18:15";CET;50;996.00;16.60;25/09/2026
DURR;DE0005565204;1DUE;"Euronext Global Equity Market";EUR;18.18;18.18;18.18;18.18;"17/07/2026 15:00";CET;56;1018.08;16.60;25/09/2026
DURR;DE0005565204;4DUE;EuroTLX;EUR;17.62;17.62;17.62;17.62;"28/07/2026 14:05";CET;50;881.00;16.64;25/09/2026
DYNAFOND;FR0000052920;MLDYN;"Euronext Access Paris";EUR;0.70;0.70;0.70;0.70;"01/10/2025 11:30";CET;1269;888.30;0.70;25/09/2026
DYNATRACE;US2681501092;1DYT;"Euronext Global Equity Market";EUR;38.00;38.00;38.00;38.00;"21/07/2026 16:07";CET;38;1444.00;51.50;25/09/2026
"E PANGO";FR0014004339;ALAGO;"Euronext Growth Paris";EUR;0.171;0.1737;0.16;0.1674;"25/09/2026 17:35";CET;796980;131254.8667;0.1674;25/09/2026
E-GLOBE;IT0005557514;EGB;"Euronext Growth Milan";EUR;0.47;0.47;0.452;0.47;"25/09/2026 17:29";CET;27000;12584.00;0.47;25/09/2026
E-NOVIA;IT0005391229;E9IA;"Euronext Growth Milan";EUR;2.00;2.00;2.00;2.00;"27/08/2025 17:35";CET;1400;2800.00;2.00;25/09/2026
E.ON;DE000ENAG999;1EOAN;"Euronext Global Equity Market";EUR;17.30;17.30;17.30;17.30;"25/09/2026 12:50";CET;200;3460.00;17.16;25/09/2026
E.ON;DE000ENAG999;4EOAN;EuroTLX;EUR;17.35;17.35;17.35;17.35;"16/09/2026 09:08";CET;3;52.05;17.165;25/09/2026
E.ON;DE000ENAG999;2EOAN;"Trading After Hours";EUR;18.20;18.20;18.20;18.20;"16/06/2026 20:17";CET;300;5460.00;17.16;25/09/2026
E.T.S.;IT0005669558;ETS;"Euronext Growth Milan";EUR;7.15;7.15;7.15;7.15;"25/09/2026 10:29";CET;300;2145.00;7.15;25/09/2026
EAGLEFOOTBALLGROUP;FR0010428771;EFG;"Euronext Paris";EUR;1.63;1.695;1.60;1.60;"25/09/2026 14:20";CET;2825;4590.475;1.60;25/09/2026
"EAM SOLAR";NO0013601245;EAM;"Euronext Growth Oslo";NOK;0.692;0.692;0.66;0.68;"25/09/2026 16:26";CET;1071470;720129.344;0.68;25/09/2026
"EASE2PAY NV";NL0000345627;EAS2P;"Euronext Amsterdam";EUR;0.58;0.592;0.576;0.59;"25/09/2026 17:35";CET;131912;77280.27;0.59;25/09/2026
"EASSON HOLDINGS";HK0000038783;MLEAS;"Euronext Access Paris";EUR;1.26;1.26;1.26;1.26;"06/01/2025 11:30";CET;50;63.00;1.26;25/09/2026
"Eastman Chemical";US2774321002;1EMN;"Euronext Global Equity Market";EUR;57.52;57.52;57.52;57.52;"15/09/2026 16:37";CET;150;8628.00;58.22;25/09/2026
"Eaton Corp PLC";IE00B8KQN827;1ETN;"Euronext Global Equity Market";EUR;389.90;392.40;389.90;390.10;"25/09/2026 15:58";CET;19;7411.00;385.30;25/09/2026
"EAUX DE ROYAN";FR0007200100;MLEDR;"Euronext Access Paris";EUR;35.40;35.40;35.40;35.40;"25/09/2026 16:30";CET;1;35.40;35.40;25/09/2026
EAVS;FR0010536185;MLEAV;"Euronext Access Paris";EUR;13.00;13.00;13.00;13.00;"28/09/2022 11:30";CET;2;26.00;13.00;25/09/2026
EBAY;US2786421030;2EBAY;"Trading After Hours";EUR;101.88;102.28;101.88;102.28;"10/07/2026 19:42";CET;45;4600.60;95.06;25/09/2026
EBAY;US2786421030;1EBAY;"Euronext Global Equity Market";EUR;95.13;95.13;95.13;95.13;"24/09/2026 13:46";CET;1;95.13;95.06;25/09/2026
EBAY;US2786421030;4EBAY;EuroTLX;EUR;97.00;97.00;97.00;97.00;"03/08/2026 12:20";CET;102;9894.00;95.08;25/09/2026
"EBUSCO HOLDING";NL0015002AG2;EBUS;"Euronext Amsterdam";EUR;0.19;0.1928;0.1882;0.1928;"25/09/2026 17:35";CET;222007;42114.7904;0.1928;25/09/2026
ECFC;BE0003783975;-;"Euronext Expert Market";EUR;4120.00;4120.00;4120.00;4120.00;"26/05/2020 11:30";CET;1;4120.00;4120.00;25/09/2026
"ECHOSTAR CORP-A";US2787681061;1ECHO;"Euronext Global Equity Market";EUR;83.70;83.70;83.70;83.70;"22/09/2026 17:15";CET;13;1088.10;80.12;25/09/2026
"ECKERT & ZIEGLER";DE0005659700;1EUZ;"Euronext Global Equity Market";EUR;13.15;13.15;13.15;13.15;"28/08/2026 11:36";CET;146;1919.90;12.17;25/09/2026
"ECKERT & ZIEGLER";DE0005659700;4EUZ;EuroTLX;EUR;13.60;13.60;13.60;13.60;"27/07/2026 16:10";CET;38;516.80;12.16;25/09/2026
ECKERT&ZIEGLER;DE0005659700;2EUZ;"Trading After Hours";EUR;-;-;-;-;-;CET;-;-;12.17;25/09/2026
ECOLAB;US2788651006;1ECL;"Euronext Global Equity Market";EUR;243.00;243.00;243.00;243.00;"24/08/2026 15:02";CET;1;243.00;242.70;25/09/2026
ECOLAB;US2788651006;4ECL;EuroTLX;EUR;249.40;249.40;249.40;249.40;"03/07/2026 12:25";CET;1;249.40;242.30;25/09/2026
ECOLAB;US2788651006;2ECL;"Trading After Hours";EUR;-;-;-;-;-;CET;-;-;242.70;25/09/2026
ECOMEMBRANE;IT0005543332;ECMB;"Euronext Growth Milan";EUR;6.85;6.85;6.85;6.85;"25/09/2026 16:50";CET;1600;10960.00;6.85;25/09/2026
ECOMIAM;FR0013534617;ALECO;"Euronext Growth Paris";EUR;2.04;2.12;2.02;2.12;"25/09/2026 15:56";CET;165;344.32;2.12;25/09/2026
"ECONOCOM GROUP";BE0974313455;ECONB;"Euronext Brussels";EUR;1.32;1.355;1.32;1.35;"25/09/2026 17:35";CET;37447;49969.97;1.35;25/09/2026
ECOSLOPS;FR0011490648;ALESA;"Euronext Growth Paris";EUR;1.09;1.09;1.02;1.025;"25/09/2026 17:35";CET;21893;22990.965;1.025;25/09/2026
ECOSUNTEK;IT0005654766;ECK;"Euronext Growth Milan";EUR;3.56;3.84;3.56;3.66;"25/09/2026 17:08";CET;14800;54039.74;3.66;25/09/2026
EDENRED;FR0010908533;EDEN;"Euronext Paris";EUR;27.50;27.73;27.26;27.46;"25/09/2026 17:35";CET;262890;7221341.30;27.46;25/09/2026
EDENRED;FR0010908533;2EDEN;"Trading After Hours";EUR;21.07;21.07;21.07;21.07;"13/10/2025 18:00";CET;6;126.42;27.46;25/09/2026
EDGELAB;IT0005627762;ELB;"Euronext Growth Milan";EUR;5.15;5.15;5.15;5.15;"24/09/2026 16:13";CET;2000;10300.00;5.15;25/09/2026
"EDIL SAN FELICE";IT0005561441;ESF;"Euronext Growth Milan";EUR;4.18;4.18;4.03;4.10;"25/09/2026 17:35";CET;6724;27635.89;4.10;25/09/2026
EDILIZIACROBATICA;IT0005351504;ALEAC;"Euronext Growth Paris";EUR;2.17;2.17;1.98;2.06;"25/09/2026 17:35";CET;1272;2543.11;2.06;25/09/2026
EDILIZIACROBATICA;IT0005351504;EDAC;"Euronext Growth Milan";EUR;2.00;2.02;1.94;2.00;"25/09/2026 17:35";CET;8872;17710.015;2.00;25/09/2026
"Edison Intern";US2810201077;1EIX;"Euronext Global Equity Market";EUR;45.82;45.82;45.82;45.82;"25/09/2026 09:53";CET;50;2291.00;46.15;25/09/2026
"EDISON R";IT0003372205;EDNR;"Euronext Milan";EUR;1.956;1.974;1.94;1.942;"25/09/2026 17:37";CET;24417;47627.948;1.942;25/09/2026
EDP;PTEDP0AM0009;EDP;"Euronext Lisbon";EUR;4.80;4.866;4.795;4.839;"25/09/2026 21:35";BST;8653719;41880070.282;4.839;25/09/2026
EDP;PTEDP0AM0009;2EDP;"Trading After Hours";EUR;-;-;-;-;-;CET;-;-;4.839;25/09/2026
"EDP RENEWABLES";ES0127797019;2EDPR;"Trading After Hours";EUR;13.25;13.25;13.25;13.25;"27/10/2025 18:00";CET;250;3312.50;12.99;25/09/2026
"EDP RENEWABLES";ES0127797019;EDPR;"Euronext Lisbon";EUR;12.92;13.12;12.92;12.99;"25/09/2026 21:35";BST;788165;10261486.23;12.99;25/09/2026
"EDP, SA";PTEDP0AM0009;4EDP;EuroTLX;EUR;4.788;4.788;4.788;4.788;"25/09/2026 12:29";CET;1447;6928.236;4.837;25/09/2026
"EDUFORM ACTION";FR0010882886;ALEFA;"Euronext Growth Paris";EUR;0.25;0.25;0.25;0.25;"25/09/2026 16:54";CET;18228;4557.00;0.25;25/09/2026
"EDWARDS LIFESCIENC";US28176E1082;4EW;EuroTLX;EUR;77.10;77.10;77.10;77.10;"16/07/2026 17:12";CET;4;308.40;76.28;25/09/2026
"EDWARDS LIFESCIENC";US28176E1082;1EW;"Euronext Global Equity Market";EUR;76.10;76.10;76.10;76.10;"21/09/2026 10:00";CET;2;152.20;76.26;25/09/2026
"EDWARDS LIFESCIENC";US28176E1082;2EW;"Trading After Hours";EUR;80.30;80.30;80.30;80.30;"26/06/2026 18:02";CET;10;803.00;76.26;25/09/2026
EGIDE;FR0000072373;ALGID;"Euronext Growth Paris";EUR;0.65;0.70;0.65;0.658;"25/09/2026 17:35";CET;41199;28048.615;0.658;25/09/2026
EGOMNIA;IT0005586497;EGN;"Euronext Growth Milan";EUR;-;-;-;-;-;CET;-;-;0.50;25/09/2026
EHI;IT0005723405;EHI;"Euronext Growth Milan";EUR;9.90;9.90;9.90;9.90;"25/09/2026 10:21";CET;200;1980.00;9.90;25/09/2026
"EIDESVIK OFFSHORE";NO0010263023;EIOF;"Oslo Børs";NOK;17.65;17.65;17.10;17.20;"25/09/2026 16:04";CET;966;16789.40;17.20;25/09/2026
EIFFAGE;FR0000130452;FGR;"Euronext Paris";EUR;105.85;106.95;105.50;106.05;"25/09/2026 17:36";CET;130473;13862217.575;106.05;25/09/2026
EIFFAGE;FR0000130452;2FGR;"Trading After Hours";EUR;118.80;118.80;117.60;117.60;"03/06/2025 18:00";CET;65;7692.00;106.05;25/09/2026
EKINOPS;FR0011466069;EKI;"Euronext Paris";EUR;2.16;2.175;2.09;2.13;"25/09/2026 17:35";CET;83693;178127.375;2.13;25/09/2026
EKOPAK;BE0974380124;EKOP;"Euronext Brussels";EUR;3.355;3.355;3.28;3.30;"25/09/2026 17:35";CET;5365;17848.655;3.30;25/09/2026
EL.EN.;IT0005453250;ELN;"Euronext Milan";EUR;16.25;16.25;15.68;15.72;"25/09/2026 17:35";CET;25805;406373.10;15.72;25/09/2026
ELEC.STRASBOURG;FR0000031023;ELEC;"Euronext Paris";EUR;165.00;165.60;163.00;164.40;"25/09/2026 17:35";CET;1592;261405.60;164.40;25/09/2026
"ELECT. MADAGASCAR";FR0000035719;EEM;"Euronext Paris";EUR;1.90;1.90;1.90;1.90;"24/09/2026 16:30";CET;1000;1900.00;1.90;25/09/2026
Electrolux;SE0016589188;1ELUX;"Euronext Global Equity Market";EUR;2.53;2.53;2.53;2.53;"04/09/2026 09:00";CET;1;2.53;2.35;25/09/2026
Elekta;SE0000163628;1EKTA;"Euronext Global Equity Market";EUR;4.562;4.562;4.562;4.562;"17/09/2026 09:16";CET;3090;14096.58;4.516;25/09/2026
"ELEVANCE HEALTH";US0367521038;2ANTM;"Trading After Hours";EUR;326.40;326.40;326.40;326.40;"30/07/2026 18:53";CET;15;4896.00;354.60;25/09/2026
"ELEVANCE HEALTH";US0367521038;1ANTM;"Euronext Global Equity Market";EUR;360.20;360.20;360.20;360.20;"18/09/2026 16:37";CET;2;720.40;354.60;25/09/2026
"ELEVANCE HEALTH";US0367521038;4ANTM;EuroTLX;EUR;312.00;312.00;312.00;312.00;"06/05/2026 14:03";CET;2;624.00;354.40;25/09/2026
"ELF BEAUTY";US26856L1035;1ELF;"Euronext Global Equity Market";EUR;87.14;88.00;84.20;87.90;"24/09/2026 13:55";CET;981;83186.20;87.46;25/09/2026
"ELI LILLY & COMP";US5324571083;4LLY;EuroTLX;EUR;1023.60;1023.60;1023.60;1023.60;"24/09/2026 11:45";CET;1;1023.60;1022.00;25/09/2026
"ELI LILLY & COMP";US5324571083;1LLY;"Euronext Global Equity Market";EUR;1038.80;1046.40;1021.60;1021.60;"25/09/2026 17:25";CET;160;166202.60;1021.60;25/09/2026
"ELI LILLY&COMP";US5324571083;2LLY;"Trading After Hours";EUR;1033.80;1033.80;1033.80;1033.80;"25/09/2026 20:25";CET;2;2067.60;1033.80;25/09/2026
"ELIA GROUP";BE0003822393;ELI;"Euronext Brussels";EUR;118.40;120.20;117.80;118.30;"25/09/2026 17:35";CET;81417;9640349.70;118.30;25/09/2026
"ELIA GROUP";BE0003822393;2ELI;"Trading After Hours";EUR;-;-;-;-;-;CET;-;-;118.30;25/09/2026
ELICA;IT0003404214;ELC;"Euronext Milan";EUR;1.14;1.17;1.115;1.135;"25/09/2026 17:35";CET;14536;16722.57;1.135;25/09/2026
"ELIOR GROUP";FR0011950732;ELIOR;"Euronext Paris";EUR;1.787;1.833;1.787;1.823;"25/09/2026 17:35";CET;426094;771352.091;1.823;25/09/2026
"ELIOR GROUP";FR0011950732;2ELIOR;"Trading After Hours";EUR;-;-;-;-;-;CET;-;-;1.823;25/09/2026
ELIS;FR0012435121;ELIS;"Euronext Paris";EUR;22.18;22.26;21.70;22.20;"25/09/2026 17:35";CET;338879;7507366.05;22.20;25/09/2026
ELIS;FR0012435121;2ELIS;"Trading After Hours";EUR;-;-;-;-;-;CET;-;-;22.20;25/09/2026
"Elisa Oyj";FI0009007884;1ELIS;"Euronext Global Equity Market";EUR;35.22;35.22;35.22;35.22;"21/08/2026 17:09";CET;5;176.10;37.58;25/09/2026
ELIX;ES0105726006;MLERH;"Euronext Access Paris";EUR;2.00;2.00;2.00;2.00;"23/01/2025 12:13";CET;1;2.00;2.00;25/09/2026
ELKEM;NO0010816093;ELK;"Oslo Børs";NOK;34.60;34.98;34.00;34.00;"25/09/2026 16:25";CET;721064;24710279.02;34.00;25/09/2026
"ELLIPTIC LABORATOR";NO0010722283;ELABS;"Oslo Børs";NOK;3.55;3.59;3.40;3.49;"25/09/2026 16:28";CET;337190;1168215.815;3.49;25/09/2026
"ELMERA GROUP";NO0010815673;ELMRA;"Oslo Børs";NOK;47.00;47.00;46.45;46.85;"25/09/2026 16:26";CET;35937;1683196.85;46.85;25/09/2026
ELOPAK;NO0011002586;ELO;"Oslo Børs";NOK;35.65;35.70;35.35;35.55;"25/09/2026 16:25";CET;383241;13607414.10;35.55;25/09/2026
"ELSA SOLUTIONS";IT0005561466;ELSA;"Euronext Growth Milan";EUR;2.22;2.22;2.22;2.22;"25/09/2026 11:45";CET;1000;2220.00;2.22;25/09/2026
EMAK;IT0001237053;EM;"Euronext Milan";EUR;0.808;0.816;0.804;0.808;"25/09/2026 17:35";CET;23605;19137.623;0.808;25/09/2026
EMBENTION;ES0105639001;ALUAV;"Euronext Growth Paris";EUR;32.40;32.40;30.00;30.00;"25/09/2026 16:30";CET;23;738.00;30.00;25/09/2026
"EMCOR GROUP";US29084Q1004;1EME;"Euronext Global Equity Market";EUR;666.80;666.80;666.80;666.80;"24/09/2026 09:00";CET;10;6668.00;660.80;25/09/2026
"EMD MUSIC";BE0003849669;EMD;"Euronext Expert Market";EUR;1.30;1.30;1.30;1.30;"24/07/2018 11:30";CET;600;780.00;1.30;25/09/2026
EMEIS;FR001400NLM4;EMEIS;"Euronext Paris";EUR;11.62;11.69;11.25;11.30;"25/09/2026 17:35";CET;296703;3384940.455;11.30;25/09/2026
EMEIS;FR001400NLM4;2EMEIS;"Trading After Hours";EUR;-;-;-;-;-;CET;-;-;11.30;25/09/2026
"EMERSON ELECTRIC";US2910111044;1EMR;"Euronext Global Equity Market";EUR;133.80;133.80;133.80;133.80;"22/09/2026 15:34";CET;60;8028.00;139.10;25/09/2026
"EMERSON ELECTRIC";US2910111044;2EMR;"Trading After Hours";EUR;112.10;112.10;112.10;112.10;"19/03/2026 18:53";CET;3;336.30;139.10;25/09/2026
"EMERSON ELECTRIC";US2910111044;4EMR;EuroTLX;EUR;137.25;137.25;137.25;137.25;"28/08/2026 09:58";CET;18;2470.50;139.00;25/09/2026
"EMMA VILLAS";IT0005562183;EAV;"Euronext Growth Milan";EUR;1.44;1.46;1.41;1.46;"25/09/2026 16:18";CET;12500;17910.00;1.46;25/09/2026
"EMOVA GROUP";FR0013356755;ALEMV;"Euronext Growth Paris";EUR;0.595;0.64;0.57;0.57;"25/09/2026 17:29";CET;918;548.015;0.57;25/09/2026
EMS-CHEMIE;CH0016440353;1EMSN;"Euronext Global Equity Market";EUR;650.00;650.00;650.00;650.00;"02/02/2026 11:04";CET;3;1950.00;870.00;25/09/2026
ENA;IT0005468290;ENA;"Euronext Growth Milan";EUR;0.525;0.53;0.525;0.53;"25/09/2026 15:35";CET;6000;3155.00;0.53;25/09/2026
ENAGAS;ES0130960018;1ENG;"Euronext Global Equity Market";EUR;16.80;16.80;16.80;16.80;"21/09/2026 13:36";CET;165;2772.00;16.61;25/09/2026
ENAGAS;ES0130960018;2ENG;"Trading After Hours";EUR;17.72;17.72;17.72;17.72;"21/05/2026 18:22";CET;4;70.88;16.61;25/09/2026
ENAGAS;ES0130960018;4ENG;EuroTLX;EUR;16.69;16.69;16.69;16.69;"13/08/2026 09:07";CET;100;1669.00;16.61;25/09/2026
ENAV;IT0005176406;ENAV;"Euronext Milan";EUR;4.97;5.015;4.94;4.96;"25/09/2026 17:35";CET;180749;898809.573;4.96;25/09/2026
"ENCRES DUBUIT";FR0004030708;ALDUB;"Euronext Growth Paris";EUR;2.00;2.16;1.92;2.10;"25/09/2026 14:39";CET;2695;5525.68;2.10;25/09/2026
ENDESA;ES0130670112;1ELE;"Euronext Global Equity Market";EUR;42.63;42.63;42.37;42.37;"25/09/2026 17:26";CET;250;10618.50;42.23;25/09/2026
ENDESA;ES0130670112;2ELE;"Trading After Hours";EUR;41.55;41.55;41.55;41.55;"22/09/2026 18:22";CET;49;2035.95;42.23;25/09/2026
ENDESA;ES0130670112;4ELE;EuroTLX;EUR;42.60;42.60;42.60;42.60;"24/09/2026 11:46";CET;6;255.60;42.25;25/09/2026
ENDÚR;NO0012555459;ENDUR;"Oslo Børs";NOK;109.00;110.00;108.20;108.40;"25/09/2026 16:26";CET;565837;61809595.40;108.40;25/09/2026
ENEL;IT0003128367;2ENEL;"Trading After Hours";EUR;8.946;8.946;8.91;8.932;"25/09/2026 20:29";CET;31848;284463.242;8.932;25/09/2026
ENEL;IT0003128367;ENEL;"Euronext Milan";EUR;8.846;8.928;8.826;8.913;"25/09/2026 17:35";CET;15475536;137727198.4975;8.913;25/09/2026
ENENSYS;FR0013330792;ALNN6;"Euronext Growth Paris";EUR;1.245;1.25;1.20;1.25;"25/09/2026 15:51";CET;4756;5936.095;1.25;25/09/2026
ENERGEIA;NO0013698431;ENERG;"Euronext Growth Oslo";NOK;7.50;7.50;7.50;7.50;"25/09/2026 16:19";CET;221;1657.50;7.50;25/09/2026
ENERGISME;FR001401A702;ALNRG;"Euronext Growth Paris";EUR;3.97;3.97;3.80;3.90;"25/09/2026 17:29";CET;2408;9260.5265;3.90;25/09/2026
ENERGY;IT0005500712;ENY;"Euronext Growth Milan";EUR;0.644;0.658;0.642;0.658;"25/09/2026 17:35";CET;13000;8424.00;0.658;25/09/2026
"ENERGY SOLAR";ES0105687000;ALETC;"Euronext Growth Paris";EUR;1.24;1.24;1.24;1.24;"25/09/2026 11:44";CET;58;71.92;1.24;25/09/2026
"ENERGY TIME";IT0005660219;ET;"Euronext Growth Milan";EUR;7.80;7.80;7.80;7.80;"24/09/2026 14:39";CET;500;3900.00;7.80;25/09/2026
ENERGYVISION;BE0974499312;ENRGY;"Euronext Brussels";EUR;17.46;17.48;17.32;17.34;"25/09/2026 17:35";CET;50401;798217.06;17.34;25/09/2026
ENERVIT;IT0004356751;ENV;"Euronext Milan";EUR;5.22;5.30;5.20;5.30;"25/09/2026 17:35";CET;2899;15260.16;5.30;25/09/2026
ENGIE;FR0010208488;2ENGI;"Trading After Hours";EUR;24.38;24.38;24.38;24.38;"21/09/2026 18:00";CET;21;511.98;23.27;25/09/2026
ENGIE;FR0010208488;4ENGI;EuroTLX;EUR;23.80;23.80;23.80;23.80;"22/09/2026 10:11";CET;400;9520.00;23.25;25/09/2026
ENGIE;FR0010208488;ENGI;"Euronext Paris, Brussels";EUR;23.37;23.57;23.17;23.35;"25/09/2026 17:36";CET;3692731;86284066.425;23.35;25/09/2026
ENGIE;FR0010208488;1ENGI;"Euronext Global Equity Market";EUR;23.41;23.41;23.30;23.30;"25/09/2026 16:06";CET;96;2239.11;23.27;25/09/2026
ENI;IT0003132476;ENI;"Euronext Milan";EUR;24.13;24.345;23.895;24.09;"25/09/2026 17:36";CET;6757824;162825843.3975;24.09;25/09/2026
ENI;IT0003132476;2ENI;"Trading After Hours";EUR;24.01;24.02;23.86;23.94;"25/09/2026 20:21";CET;11764;281419.675;23.92;25/09/2026
ENOGIA;FR0014004974;ALENO;"Euronext Growth Paris";EUR;6.26;6.26;6.24;6.24;"25/09/2026 17:35";CET;511;3194.68;6.24;25/09/2026
"ENOVIX CORP";US2935941078;1ENVX;"Euronext Global Equity Market";EUR;2.54;2.54;2.54;2.54;"25/09/2026 13:45";CET;119;302.26;2.575;25/09/2026
"Enphase Energy";US29355A1079;1ENPH;"Euronext Global Equity Market";EUR;29.00;29.00;29.00;29.00;"25/09/2026 10:54";CET;134;3886.00;28.59;25/09/2026
"ENSIGN GROUP INC";US29358P1012;1ENSG;"Euronext Global Equity Market";EUR;149.65;149.65;149.65;149.65;"19/08/2026 13:26";CET;15;2244.75;152.10;25/09/2026
"ENSURGE MICROPOWER";NO0013186460;ENSU;"Oslo Børs";NOK;0.57;0.57;0.556;0.564;"25/09/2026 16:25";CET;268392;149674.30;0.564;25/09/2026
ENTECH;FR0014004362;ALESE;"Euronext Growth Paris";EUR;10.10;10.20;9.98;9.98;"25/09/2026 17:35";CET;18626;188140.08;9.98;25/09/2026
"ENTEGRIS INC";US29362U1043;1ENTG;"Euronext Global Equity Market";EUR;119.00;119.00;119.00;119.00;"11/09/2026 13:44";CET;102;12138.00;133.00;25/09/2026
ENTERA;IT0005353575;ENT;"Euronext Growth Milan";EUR;0.975;0.975;0.965;0.965;"25/09/2026 15:03";CET;4200;4080.00;0.965;25/09/2026
"Entergy Corp";US29364G1031;1ETR;"Euronext Global Equity Market";EUR;101.90;101.90;101.90;101.90;"27/07/2026 15:55";CET;1;101.90;85.36;25/09/2026
ENTRA;NO0010716418;ENTRA;"Oslo Børs";NOK;99.90;99.90;98.30;98.60;"25/09/2026 16:25";CET;61293;6050183.50;98.60;25/09/2026
"ENVIPCO HOLDING";NL0015000GX8;ENVIP;"Oslo Børs";NOK;35.30;37.15;35.00;36.60;"25/09/2026 16:25";CET;498931;18121354.40;36.60;25/09/2026
"ENVIPCO HOLDING";NL0015000GX8;ENVI;"Euronext Amsterdam";EUR;3.28;3.415;3.25;3.41;"25/09/2026 17:35";CET;73063;245510.26;3.41;25/09/2026
EO2;FR0010465534;ALEO2;"Euronext Growth Paris";EUR;2.72;2.72;2.72;2.72;"25/09/2026 09:05";CET;91;247.52;2.72;25/09/2026
"EOG Resources Inc";US26875P1012;1EOG;"Euronext Global Equity Market";EUR;125.40;125.40;125.40;125.40;"24/09/2026 09:20";CET;32;4012.80;124.30;25/09/2026
"EPAM Systems Inc";US29414B1044;1EPAM;"Euronext Global Equity Market";EUR;97.66;97.66;97.66;97.66;"22/09/2026 09:00";CET;44;4297.04;95.42;25/09/2026
"EPH INVEST";IT0005730095;EPH;"Euronext Milan";EUR;1.401;1.539;1.401;1.539;"25/09/2026 17:35";CET;33782;49567.8924;1.539;25/09/2026
Epiroc;SE0015658109;1EPIA;"Euronext Global Equity Market";EUR;24.58;24.58;24.58;24.58;"03/02/2026 09:28";CET;1;24.58;22.57;25/09/2026
EPRCOMUNICAZIONE;IT0005519837;EPRB;"Euronext Growth Milan";EUR;1.20;1.21;1.20;1.21;"24/09/2026 13:45";CET;1400;1690.50;1.21;25/09/2026
"EQT AB";SE0012853455;1EQT;"Euronext Global Equity Market";EUR;25.50;25.50;25.50;25.50;"06/07/2026 09:47";CET;340;8670.00;24.25;25/09/2026
"EQT Corp";US26884L1098;1EQTC;"Euronext Global Equity Market";EUR;45.93;45.93;45.93;45.93;"25/09/2026 09:00";CET;20;918.60;44.61;25/09/2026
EQUASENS;FR0012882389;EQS;"Euronext Paris";EUR;29.15;29.55;28.90;29.45;"25/09/2026 17:35";CET;28045;821092.275;29.45;25/09/2026
"Equifax Inc";US2944291051;1EFX;"Euronext Global Equity Market";EUR;157.55;157.55;157.55;157.55;"15/09/2026 15:04";CET;2;315.10;130.80;25/09/2026
EQUINOR;NO0010096985;EQNR;"Oslo Børs";NOK;410.40;411.90;400.70;404.70;"25/09/2026 16:27";CET;2088062;847011288.75;404.70;25/09/2026
"EQUITA GROUP";IT0005312027;EQUI;"Euronext Milan";EUR;5.89;5.96;5.89;5.92;"25/09/2026 17:35";CET;39194;232291.72;5.92;25/09/2026
EQVA;NO0010708605;EQVA;"Oslo Børs";NOK;2.95;2.95;2.82;2.82;"25/09/2026 16:18";CET;29429;83465.46;2.82;25/09/2026
"ER Capital";NL0010389508;ERC;"Euronext Amsterdam";EUR;2.20;2.20;2.10;2.10;"24/09/2026 13:36";CET;468;1026.90;2.10;25/09/2026
ERAMET;FR0000131757;2ERA;"Trading After Hours";EUR;-;-;-;-;-;CET;-;-;44.00;25/09/2026
ERAMET;FR0000131757;ERA;"Euronext Paris";EUR;44.28;44.80;43.38;44.00;"25/09/2026 17:35";CET;25185;1104889.31;44.00;25/09/2026
ERG;IT0001157020;2ERG;"Trading After Hours";EUR;22.70;22.70;22.60;22.68;"23/09/2026 18:56";CET;422;9549.80;22.66;25/09/2026
ERG;IT0001157020;ERG;"Euronext Milan";EUR;22.90;22.90;22.46;22.66;"25/09/2026 17:35";CET;127753;2893957.52;22.66;25/09/2026
"ERICSSON - CLASS B";SE0000108656;2ERICB;"Trading After Hours";EUR;8.914;8.914;8.86;8.86;"28/01/2026 19:31";CET;280;2485.12;8.388;25/09/2026
"ERICSSON - CLASS B";SE0000108656;1ERICB;"Euronext Global Equity Market";EUR;8.396;8.396;8.33;8.33;"24/09/2026 17:35";CET;2033;17066.89;8.388;25/09/2026
"ERICSSON - CLASS B";SE0000108656;4ERICB;EuroTLX;EUR;11.19;11.19;11.19;11.19;"28/05/2026 15:40";CET;500;5595.00;8.404;25/09/2026
ERREDUE;IT0005521247;RDUE;"Euronext Growth Milan";EUR;10.40;10.70;10.25;10.25;"25/09/2026 17:35";CET;1600;16780.00;10.25;25/09/2026
"Erste Group Bank";AT0000652011;4EBS;EuroTLX;EUR;118.70;118.70;118.70;118.70;"15/09/2026 11:16";CET;10;1187.00;122.50;25/09/2026
"Erste Group Bank";AT0000652011;1EBS;"Euronext Global Equity Market";EUR;119.80;119.80;119.80;119.80;"08/09/2026 16:21";CET;4;479.20;123.30;25/09/2026
"ES VEDRA";ES0105964003;MLESV;"Euronext Access Paris";EUR;-;-;-;1.11;"18/12/2025 00:00";CET;-;-;1.11;25/09/2026
ESAUTOMOTION;IT0005337107;ESAU;"Euronext Growth Milan";EUR;3.12;3.12;3.10;3.10;"25/09/2026 16:42";CET;2000;6220.00;3.10;25/09/2026
ESI;IT0005421885;ESIGM;"Euronext Growth Milan";EUR;1.73;1.79;1.73;1.79;"25/09/2026 16:52";CET;10800;18999.00;1.79;25/09/2026
ESPE;IT0005573818;ESPE;"Euronext Growth Milan";EUR;6.10;6.10;6.00;6.08;"24/09/2026 14:22";CET;12000;72390.00;6.08;25/09/2026
ESPRINET;IT0003850929;PRT;"Euronext Milan";EUR;8.00;8.13;7.90;8.045;"25/09/2026 17:35";CET;177364;1419948.245;8.045;25/09/2026
ESSILORLUXOTTICA;FR0000121667;2EL;"Trading After Hours";EUR;140.65;146.80;140.65;146.80;"25/09/2026 19:14";CET;12;1755.45;146.30;25/09/2026
ESSILORLUXOTTICA;FR0000121667;4EL;EuroTLX;EUR;146.60;154.30;146.60;147.45;"24/09/2026 16:03";CET;205;30388.25;143.45;25/09/2026
ESSILORLUXOTTICA;FR0000121667;EL;"Euronext Paris";EUR;143.55;144.35;141.65;143.90;"25/09/2026 17:36";CET;800577;115030802.55;143.90;25/09/2026
ESSILORLUXOTTICA;FR0000121667;1EL;"Euronext Global Equity Market";EUR;145.85;145.85;141.80;143.40;"25/09/2026 17:29";CET;12543;1799442.55;143.55;25/09/2026
Essity;SE0009922164;1ESSI;"Euronext Global Equity Market";EUR;27.70;27.70;27.70;27.70;"26/08/2026 13:44";CET;200;5540.00;23.26;25/09/2026
"ESTEE LAUDER COMP";US5184391044;2ELX;"Trading After Hours";EUR;74.80;74.84;74.80;74.84;"22/06/2026 20:12";CET;380;28428.00;82.88;25/09/2026
"ESTEE LAUDER COMP";US5184391044;4ELX;EuroTLX;EUR;83.08;83.08;83.08;83.08;"11/09/2026 14:38";CET;60;4984.80;83.12;25/09/2026
"ESTEE LAUDER COMP";US5184391044;1ELX;"Euronext Global Equity Market";EUR;86.70;86.70;84.80;84.80;"24/09/2026 16:00";CET;12;1036.60;82.88;25/09/2026
"ESTORIL SOL N";PTESO0AM0000;ESON;"Euronext Lisbon";EUR;2.82;2.82;2.82;2.82;"25/09/2026 15:34";BST;400;1128.00;2.82;25/09/2026
ESTRIMA;IT0005468191;ESTM;"Euronext Growth Milan";EUR;0.0892;0.092;0.0892;0.091;"25/09/2026 17:01";CET;51200;4607.52;0.091;25/09/2026
ETEX;BE0941244536;-;"Euronext Expert Market";EUR;13.50;13.50;13.50;13.50;"22/09/2026 11:30";CET;875;11812.50;13.50;25/09/2026
ETHERO;FR0010424697;ALENT;"Euronext Growth Paris";EUR;0.73;0.794;0.68;0.734;"25/09/2026 17:35";CET;119552;88488.283;0.734;25/09/2026
ETI;IT0005720005;ETI;"Euronext Growth Milan";EUR;4.80;4.80;4.74;4.74;"25/09/2026 16:22";CET;3750;17900.00;4.74;25/09/2026
ETSY;US29786A1060;2ETSY;"Trading After Hours";EUR;68.24;68.24;68.24;68.24;"26/06/2026 18:56";CET;150;10236.00;62.08;25/09/2026
ETSY;US29786A1060;4ETSY;EuroTLX;EUR;40.725;40.725;40.725;40.725;"12/02/2026 09:28";CET;1;40.73;62.08;25/09/2026
ETSY;US29786A1060;1ETSY;"Euronext Global Equity Market";EUR;64.18;64.18;64.18;64.18;"21/09/2026 15:42";CET;150;9627.00;62.08;25/09/2026
EUKEDOS;IT0004818297;EUK;"Euronext Milan";EUR;0.498;0.51;0.498;0.51;"25/09/2026 16:34";CET;50;25.044;0.51;25/09/2026
"EURASIA FONC INV";FR0000061475;EFI;"Euronext Paris";EUR;0.161;0.161;0.161;0.161;"27/08/2026 11:45";CET;470;75.67;0.161;25/09/2026
"EURASIA GROUPE";FR0010844001;ALEUA;"Euronext Growth Paris";EUR;1.22;1.22;1.22;1.22;"05/06/2025 10:04";CET;1;1.22;1.22;25/09/2026
EURAZEO;FR0000121121;2RF;"Trading After Hours";EUR;-;-;-;-;-;CET;-;-;46.52;25/09/2026
EURAZEO;FR0000121121;RF;"Euronext Paris";EUR;46.68;47.12;46.28;46.52;"25/09/2026 17:35";CET;49535;2307573.80;46.52;25/09/2026
EUROAPI;FR0014008VX5;EAPI;"Euronext Paris";EUR;0.777;0.777;0.724;0.748;"25/09/2026 17:35";CET;365638;271075.058;0.748;25/09/2026
EUROAPI;FR0014008VX5;2EAPI;"Trading After Hours";EUR;2.73;2.73;2.73;2.73;"20/02/2025 18:00";CET;6;16.38;0.748;25/09/2026
EUROBIO-SCIENTIFIC;FR0013240934;ALERS;"Euronext Growth Paris";EUR;25.10;25.20;25.10;25.10;"25/09/2026 17:35";CET;9094;228261.20;25.10;25/09/2026
"EUROCASTLE INVEST.";GB00B94QM994;ECT;"Euronext Amsterdam";EUR;13.00;13.00;13.00;13.00;"17/09/2026 15:44";CET;16;208.00;13.00;25/09/2026
EUROCOMMERCIAL;NL0015000K93;2ECMPA;"Trading After Hours";EUR;26.30;26.30;25.75;25.75;"20/07/2026 20:00";CET;1071;27688.25;26.70;25/09/2026
EUROCOMMERCIAL;NL0015000K93;ECMPA;"Euronext Amsterdam, Brussels";EUR;26.80;27.00;26.45;26.70;"25/09/2026 17:35";CET;75641;2018943.35;26.70;25/09/2026
EUROCOMMERCIAL;NL0015000K93;ECMPM;"Euronext Milan";EUR;26.45;26.45;26.45;26.45;"25/09/2026 14:21";CET;9;238.05;26.45;25/09/2026
"EUROFINS CEREP";FR0013256518;ALECR;"Euronext Growth Paris";EUR;18100.00;18100.00;18100.00;18100.00;"23/09/2026 11:30";CET;1;18100.00;18100.00;25/09/2026
"EUROFINS SCIENT";FR0014000MR3;4ERF;EuroTLX;EUR;61.90;61.90;61.90;61.90;"30/12/2025 09:18";CET;80;4952.00;77.06;25/09/2026
"EUROFINS SCIENT.";FR0014000MR3;ERF;"Euronext Paris";EUR;77.84;78.42;76.64;77.36;"25/09/2026 17:35";CET;274276;21215891.17;77.36;25/09/2026
"EUROFINS SCIENT.";FR0014000MR3;2ERF;"Trading After Hours";EUR;-;-;-;-;-;CET;-;-;77.36;25/09/2026
"EUROGROUP LAM";IT0005527616;EGLA;"Euronext Milan";EUR;0.93;0.936;0.913;0.9265;"25/09/2026 17:35";CET;127255;117511.2595;0.9265;25/09/2026
"EUROLAND CORPORATE";FR0010157115;ALERO;"Euronext Growth Paris";EUR;3.00;3.00;3.00;3.00;"23/09/2026 12:44";CET;185;555.00;3.00;25/09/2026
"EUROLOG CANOLA";ES0105586004;MLCAN;"Euronext Access Paris";EUR;1320.00;1320.00;1320.00;1320.00;"11/08/2021 00:00";CET;-;-;1250.00;25/09/2026
"EURONET WORLDWIDE";US2987361092;1EEFT;"Euronext Global Equity Market";EUR;67.04;67.04;67.04;67.04;"30/07/2026 15:32";CET;44;2949.76;57.94;25/09/2026
EURONEXT;NL0006294274;ENXP;"Euronext Lisbon";EUR;-;-;-;-;-;BST;-;-;-;-
EURONEXT;NL0006294274;2ENX;"Trading After Hours";EUR;154.10;154.10;154.10;154.10;"06/05/2025 18:00";CET;10;1541.00;159.50;25/09/2026
EURONEXT;NL0006294274;ENX;"Euronext Paris, Amsterdam, Brussels";EUR;160.00;160.80;159.50;159.50;"25/09/2026 17:35";CET;119341;19067776.10;159.50;25/09/2026
EUROPACORP;FR0010490920;ALECP;"Euronext Growth Paris";EUR;0.259;0.259;0.255;0.258;"25/09/2026 17:11";CET;15213;3905.298;0.258;25/09/2026
"European Medical S";BE0974497290;ALEMS;"Euronext Growth Brussels, Paris";EUR;4.10;4.20;4.10;4.20;"23/09/2026 14:12";CET;60;247.00;4.20;25/09/2026
EUROPLASMA;FR0014011QJ8;ALEUP;"Euronext Growth Paris";EUR;0.0004;0.0006;0.0004;0.0004;"25/09/2026 17:35";CET;48444203;21065.4218;0.0004;25/09/2026
EUROPRIS;NO0010735343;EPR;"Oslo Børs";NOK;82.20;82.70;81.30;81.30;"25/09/2026 16:25";CET;378454;30956749.30;81.30;25/09/2026
EUROTECH;IT0003895668;ETH;"Euronext Milan";EUR;1.232;1.266;1.232;1.254;"25/09/2026 17:35";CET;138493;173706.46;1.254;25/09/2026
"EUTELSAT COMMUNIC.";FR0010221234;ETL;"Euronext Paris";EUR;1.724;1.74;1.688;1.7075;"25/09/2026 17:35";CET;1222169;2085434.5975;1.7075;25/09/2026
"EUTELSAT COMMUNIC.";FR0010221234;2ETL;"Trading After Hours";EUR;-;-;-;-;-;CET;-;-;1.7075;25/09/2026
"Everest Group Ltd";BMG3223R1088;1EG;"Euronext Global Equity Market";EUR;316.00;316.00;316.00;316.00;"20/08/2026 17:08";CET;7;2212.00;323.60;25/09/2026
EVERGREEN;FR0000035784;EGR;"Euronext Paris";EUR;0.08;0.08;0.0705;0.0795;"25/09/2026 16:35";CET;112;8.9495;0.0795;25/09/2026
"Evergy Inc";US30034W1062;1EVRG;"Euronext Global Equity Market";EUR;69.00;69.00;68.50;68.50;"24/09/2026 16:54";CET;2129;146641.00;68.00;25/09/2026
EVERPURE;US74624M1027;1PSTG;"Euronext Global Equity Market";EUR;100.20;113.50;100.20;113.50;"24/09/2026 16:54";CET;86;8998.60;110.20;25/09/2026
"EVERSOURCE ENERGY";US30040W1080;1ES;"Euronext Global Equity Market";EUR;65.50;65.50;65.50;65.50;"22/07/2026 14:43";CET;100;6550.00;56.00;25/09/2026
"EVERSOURCE ENERGY";US30040W1080;4ES;EuroTLX;EUR;61.50;61.50;61.50;61.50;"21/08/2026 11:26";CET;100;6150.00;55.50;25/09/2026
"EVERSOURCE ENERGY";US30040W1080;2ES;"Trading After Hours";EUR;65.50;65.50;65.50;65.50;"23/07/2026 19:08";CET;39;2554.50;56.00;25/09/2026
EVISO;IT0005430936;EVISO;"Euronext Growth Milan";EUR;9.95;10.16;9.80;9.95;"25/09/2026 17:35";CET;10934;108638.10;9.95;25/09/2026
"EVN AG";AT0000741053;1EVN;"Euronext Global Equity Market";EUR;29.05;29.05;29.05;29.05;"11/09/2026 09:35";CET;151;4386.55;28.10;25/09/2026
"Evolution AB";SE0012673267;1EVO;"Euronext Global Equity Market";EUR;73.98;73.98;73.98;73.98;"24/09/2026 17:05";CET;43;3181.14;71.50;25/09/2026
"EVONIK INDUSTRIES";DE000EVNK013;1EVK;"Euronext Global Equity Market";EUR;18.46;19.91;18.46;19.51;"25/09/2026 16:16";CET;1159;21573.14;19.45;25/09/2026
"EVONIK INDUSTRIES";DE000EVNK013;4EVK;EuroTLX;EUR;18.21;18.21;18.21;18.21;"27/08/2026 17:25";CET;58;1056.18;19.45;25/09/2026
"EVONIK INDUSTRIES";DE000EVNK013;2EVK;"Trading After Hours";EUR;18.41;18.41;18.305;18.305;"25/07/2024 18:08";CET;2;36.72;19.45;25/09/2026
EVOTEC;DE0005664809;1EVT;"Euronext Global Equity Market";EUR;2.80;2.80;2.80;2.80;"25/09/2026 17:28";CET;500;1400.00;2.802;25/09/2026
EVOTEC;DE0005664809;4EVT;EuroTLX;EUR;3.44;3.44;3.44;3.44;"15/07/2026 15:42";CET;90;309.60;2.806;25/09/2026
EVOTEC;DE0005664809;2EVT;"Trading After Hours";EUR;3.37;3.37;3.37;3.37;"03/09/2026 18:23";CET;1;3.37;2.802;25/09/2026
EVS;BE0003820371;EVS;"Euronext Brussels";EUR;26.95;26.95;26.55;26.70;"25/09/2026 17:35";CET;12064;322394.95;26.70;25/09/2026
"EXACOMPTA CLAIREF.";FR0000064164;ALEXA;"Euronext Growth Paris";EUR;153.00;153.00;153.00;153.00;"25/09/2026 11:30";CET;14;2142.00;153.00;25/09/2026
"EXACT THERAPEUTICS";NO0010852213;EXTX;"Euronext Growth Oslo";NOK;0.70;0.705;0.685;0.705;"25/09/2026 12:54";CET;60214;41398.31;0.705;25/09/2026
"EXAIL TECHNOLOGIES";FR0000062671;EXA;"Euronext Paris";EUR;124.90;125.10;124.50;124.50;"25/09/2026 17:35";CET;21984;2739648.00;124.50;25/09/2026
EXECUS;IT0005557530;EXEC;"Euronext Growth Milan";EUR;0.945;1.00;0.945;0.99;"24/09/2026 16:49";CET;28000;26845.00;0.99;25/09/2026
"EXEL INDUSTRIES";FR0004527638;EXE;"Euronext Paris";EUR;17.95;18.00;17.00;17.35;"25/09/2026 17:35";CET;2654;46118.35;17.35;25/09/2026
"EXELIXIS INC";US30161Q1040;1EXEL;"Euronext Global Equity Market";EUR;52.26;52.34;52.26;52.34;"18/09/2026 09:16";CET;24;1255.84;50.68;25/09/2026
EXELON;US30161N1019;4EXC;EuroTLX;EUR;41.47;41.47;41.47;41.47;"24/10/2025 13:21";CET;6;248.82;34.975;25/09/2026
EXELON;US30161N1019;2EXC;"Trading After Hours";EUR;39.74;39.74;39.74;39.74;"28/04/2025 19:44";CET;229;9100.46;34.96;25/09/2026
EXELON;US30161N1019;1EXC;"Euronext Global Equity Market";EUR;38.91;38.91;38.91;38.91;"31/08/2026 09:54";CET;2;77.82;34.96;25/09/2026
"EXLSERVICE HOLDING";US3020811044;1EXLS;"Euronext Global Equity Market";EUR;31.07;31.07;31.07;31.07;"24/09/2026 15:30";CET;107;3324.49;30.72;25/09/2026
EXMAR;BE0003808251;EXM;"Euronext Brussels";EUR;11.65;11.85;11.65;11.65;"25/09/2026 17:28";CET;338;3952.10;11.65;25/09/2026
"EXOR NV";NL0012059018;2EXO;"Trading After Hours";EUR;95.35;95.35;94.65;94.65;"05/09/2024 18:48";CET;100;9500.00;70.55;25/09/2026
"EXOR NV";NL0012059018;EXO;"Euronext Amsterdam";EUR;70.95;71.40;70.35;70.55;"25/09/2026 17:35";CET;180130;12745197.40;70.55;25/09/2026
EXOSENS;FR001400Q9V2;EXENS;"Euronext Paris";EUR;62.20;62.50;60.45;62.30;"25/09/2026 17:37";CET;83683;5182067.375;62.30;25/09/2026
"EXPAND ENERGY CORP";US1651677353;1EXE;"Euronext Global Equity Market";EUR;76.43;76.43;75.88;76.08;"25/09/2026 16:59";CET;455;34681.52;76.08;25/09/2026
"EXPEDIA GROUP";US30212P3038;2EXPE;"Trading After Hours";EUR;233.60;233.60;233.60;233.60;"13/07/2026 19:09";CET;21;4905.60;233.20;25/09/2026
"EXPEDIA GROUP";US30212P3038;1EXPE;"Euronext Global Equity Market";EUR;234.15;234.15;234.15;234.15;"25/09/2026 11:06";CET;1;234.15;233.20;25/09/2026
"EXPEDIA GROUP";US30212P3038;4EXPE;EuroTLX;EUR;285.25;285.25;285.25;285.25;"13/08/2026 17:01";CET;1;285.25;232.65;25/09/2026
EXPERT.AI;IT0004496029;EXAI;"Euronext Growth Milan";EUR;1.59;1.618;1.588;1.60;"25/09/2026 17:35";CET;72942;116351.114;1.60;25/09/2026
"EXPLOSIFS PROD.CHI";FR0014003AQ4;EXPL;"Euronext Paris";EUR;303.00;305.00;300.00;300.00;"25/09/2026 15:34";CET;732;220719.00;300.00;25/09/2026
"EXXITA BE CIRCULAR";ES0106046008;MLEXX;"Euronext Access Paris";EUR;-;-;-;290.50;"14/07/2026 00:00";CET;-;-;290.00;25/09/2026
"EXXITA BE CIRCULAR";ES0106046016;MLEXP;"Euronext Access Paris";EUR;-;-;-;-;-;CET;-;-;290.00;25/09/2026
EXXONMOBIL;US30233Q1085;1XOM;"Euronext Global Equity Market";EUR;140.84;140.84;140.62;140.62;"25/09/2026 13:48";CET;54;7602.28;141.78;25/09/2026
EXXONMOBIL;US30233Q1085;4XOM;EuroTLX;EUR;143.50;143.50;143.50;143.50;"16/09/2026 09:00";CET;20;2870.00;141.76;25/09/2026
EXXONMOBIL;US30233Q1085;2XOM;"Trading After Hours";EUR;141.22;141.38;141.20;141.38;"23/09/2026 19:08";CET;193;27254.38;141.78;25/09/2026
"F5 Inc";US3156161024;1FFIV;"Euronext Global Equity Market";EUR;390.90;390.90;390.90;390.90;"22/09/2026 09:00";CET;18;7036.20;394.00;25/09/2026
FABRINET;KYG3323L1005;1FN;"Euronext Global Equity Market";EUR;343.90;343.90;343.80;343.80;"24/09/2026 10:37";CET;47;16160.70;354.50;25/09/2026
FACEPHI;ES0105029005;ALPHI;"Euronext Growth Paris";EUR;1.48;1.48;1.48;1.48;"25/09/2026 09:00";CET;4;5.92;1.48;25/09/2026
"FactSet Research";US3030751057;1FDS;"Euronext Global Equity Market";EUR;247.30;247.30;244.60;245.60;"22/09/2026 15:14";CET;115;28315.60;242.20;25/09/2026
"FAE TECHNOLOGY";IT0005500688;FAE;"Euronext Growth Milan";EUR;3.91;3.99;3.90;3.93;"25/09/2026 17:11";CET;23619;92949.50;3.93;25/09/2026
FAGRON;BE0003874915;FAGR;"Euronext Brussels, Amsterdam";EUR;21.85;22.10;21.75;21.75;"25/09/2026 17:35";CET;120182;2629150.85;21.75;25/09/2026
FAGRON;BE0003874915;2FAGR;"Trading After Hours";EUR;-;-;-;-;-;CET;-;-;21.75;25/09/2026
"FAIFEY INVEST";ES0105553004;MLECE;"Euronext Access Paris";EUR;19.80;19.80;19.80;19.80;"29/07/2021 00:00";CET;-;-;19.30;25/09/2026
"Fair Isaac Corp";US3032501047;1FICO;"Euronext Global Equity Market";EUR;785.00;785.00;774.00;774.00;"23/09/2026 15:57";CET;22;17248.00;756.50;25/09/2026
FARMACOSMO;IT0005487670;COSMO;"Euronext Growth Milan";EUR;0.451;0.464;0.45;0.462;"25/09/2026 16:54";CET;4200;1922.182;0.462;25/09/2026
FARMINVESTE;PTFNV1AM0002;MLFMV;"Euronext Access Lisbon";EUR;4.50;4.50;4.50;4.50;"25/09/2026 15:30";BST;15;67.50;4.50;25/09/2026
"Fastenal Co";US3119001044;1FAST;"Euronext Global Equity Market";EUR;43.84;43.84;43.84;43.84;"24/08/2026 14:32";CET;7;306.88;44.41;25/09/2026
"Fastighets Balder";SE0017832488;1BALD;"Euronext Global Equity Market";EUR;4.683;4.948;4.683;4.948;"07/07/2026 17:01";CET;1000;4815.50;4.349;25/09/2026
FASTNED;NL0013654809;FAST;"Euronext Amsterdam";EUR;46.70;47.50;45.05;45.20;"25/09/2026 17:35";CET;37590;1748817.20;45.20;25/09/2026
"FBD HOLDINGS PLC";IE0003290289;EG7;"Euronext Dublin";EUR;19.00;19.00;18.70;18.90;"25/09/2026 21:00";IST;1699;31940.60;18.90;25/09/2026
FD;FR0012300424;MLFDV;"Euronext Access Paris";EUR;0.378;0.378;0.378;0.378;"09/09/2026 16:30";CET;132;49.90;0.378;25/09/2026
"FDJ UNITED";FR0013451333;FDJU;"Euronext Paris";EUR;21.10;21.19;20.90;21.14;"25/09/2026 17:35";CET;564908;11922164.295;21.14;25/09/2026
"FDJ UNITED";FR0013451333;2FDJU;"Trading After Hours";EUR;-;-;-;-;-;CET;-;-;21.14;25/09/2026
FEDEX;US31428X1063;2FDX;"Trading After Hours";EUR;288.80;288.80;288.80;288.80;"25/06/2026 18:46";CET;10;2888.00;248.60;25/09/2026
FEDEX;US31428X1063;4FDX;EuroTLX;EUR;265.96233;276.55655;265.96233;266.27858;"20/04/2026 13:29";CET;88;23824.00;248.60;25/09/2026
FEDEX;US31428X1063;1FDX;"Euronext Global Equity Market";EUR;246.30;246.30;246.30;246.30;"25/09/2026 13:00";CET;7;1724.10;248.60;25/09/2026
FERM.CAS.MUN.CANNE;FR0000062101;FCMC;"Euronext Paris";EUR;2820.00;2820.00;2820.00;2820.00;"24/09/2026 16:30";CET;3;8460.00;2820.00;25/09/2026
FERMENTALG;FR0011271600;ALGAE;"Euronext Growth Paris";EUR;0.455;0.4555;0.43;0.442;"25/09/2026 17:35";CET;144251;64224.77;0.442;25/09/2026
FERRARI;NL0011585146;RACE;"Euronext Milan";EUR;361.80;362.35;353.35;357.05;"25/09/2026 17:35";CET;363724;129905606.10;357.05;25/09/2026
FERRARI;NL0011585146;2RACE;"Trading After Hours";EUR;357.90;360.10;357.90;360.10;"25/09/2026 20:18";CET;4802;1725954.00;359.40;25/09/2026
"FERRARI GROUP";GB00BN0VZ646;FERGR;"Euronext Amsterdam";EUR;7.60;7.60;7.34;7.41;"25/09/2026 17:35";CET;54263;403272.22;7.41;25/09/2026
FERRETTI;IT0005383291;YACHT;"Euronext Milan";EUR;2.892;2.892;2.852;2.856;"25/09/2026 17:35";CET;75442;216218.86;2.856;25/09/2026
"FI BELGO-TUNISIENN";BE0011238830;-;"Euronext Expert Market";EUR;21.40;21.40;21.40;21.40;"19/03/2024 11:30";CET;14;299.60;21.40;25/09/2026
"Fidelity National";US31620M1062;1FIS;"Euronext Global Equity Market";EUR;30.55;30.55;30.55;30.55;"23/09/2026 15:30";CET;320;9776.00;31.09;25/09/2026
FIDIA;IT0005654683;FDA;"Euronext Milan";EUR;0.0088;0.0104;0.0086;0.01;"25/09/2026 17:37";CET;56626138;556500.0364;0.01;25/09/2026
"FIDUCIAL OFF.SOL.";FR0000061418;SACI;"Euronext Paris";EUR;35.20;35.20;35.20;35.20;"21/09/2026 11:50";CET;180;6336.00;35.20;25/09/2026
"FIDUCIAL REAL EST.";FR0000060535;ORIA;"Euronext Paris";EUR;162.00;162.00;162.00;162.00;"25/09/2026 11:30";CET;1;162.00;162.00;25/09/2026
"FIERA MILANO";IT0003365613;FM;"Euronext Milan";EUR;7.44;7.54;7.37;7.49;"25/09/2026 17:35";CET;29411;219423.39;7.49;25/09/2026
"Fifth Third Banc";US3167731005;1FTHB;"Euronext Global Equity Market";EUR;49.355;49.355;49.355;49.355;"16/09/2026 12:47";CET;1;49.36;45.575;25/09/2026
"FIGEAC AERO";FR0011665280;FGA;"Euronext Paris";EUR;11.00;11.16;11.00;11.08;"25/09/2026 17:35";CET;14581;161792.96;11.08;25/09/2026
"FIGMA CL A";US3168411052;1FIG;"Euronext Global Equity Market";EUR;19.02;19.02;19.02;19.02;"24/09/2026 17:26";CET;2000;38040.00;18.68;25/09/2026
FILA;IT0004967292;FILA;"Euronext Milan";EUR;10.82;10.82;10.70;10.73;"25/09/2026 17:35";CET;88711;952574.30;10.73;25/09/2026
"FILL UP MEDIA";FR001400AEM6;ALFUM;"Euronext Growth Paris";EUR;5.32;5.82;5.28;5.82;"25/09/2026 17:25";CET;11005;61245.92;5.82;25/09/2026
FIMMOBEL;BE0945246784;-;"Euronext Expert Market";EUR;450.00;450.00;450.00;450.00;"06/06/2023 11:30";CET;1;450.00;450.00;25/09/2026
"FIN.OUEST AFRICAIN";SN0000033192;FOAF;"Euronext Paris";EUR;13.40;13.40;13.40;13.40;"10/09/2026 11:30";CET;40;536.00;13.40;25/09/2026
Financiere;BE0003823409;1TUB;"Euronext Global Equity Market";EUR;218.00;228.00;218.00;228.00;"04/06/2026 14:05";CET;66;14689.60;177.90;25/09/2026
"FINANCIERE MARJOS";FR0000060824;FINM;"Euronext Paris";EUR;1.55;1.55;1.55;1.55;"25/09/2026 11:30";CET;3386;5248.30;1.55;25/09/2026
FINANZA.TECH;IT0005475162;FTC;"Euronext Growth Milan";EUR;0.274;0.282;0.266;0.278;"25/09/2026 17:18";CET;69000;18756.00;0.278;25/09/2026
FINASUCRE;BE0012544319;-;"Euronext Expert Market";EUR;3620.00;3620.00;3620.00;3620.00;"05/03/2024 11:30";CET;3;10860.00;3620.00;25/09/2026
FINAXO;FR0010487272;MLFXO;"Euronext Access Paris";EUR;5.00;5.00;5.00;5.00;"24/09/2026 16:30";CET;20;100.00;5.00;25/09/2026
FINCANTIERI;IT0005599938;FCT;"Euronext Milan";EUR;11.89;11.935;11.55;11.78;"25/09/2026 17:36";CET;2980067;35097531.30;11.78;25/09/2026
"FINE FOODS & PHARM";IT0005215329;FF;"Euronext Milan";EUR;7.22;7.30;7.06;7.10;"25/09/2026 17:35";CET;14617;105097.88;7.10;25/09/2026
FINECOBANK;IT0000072170;FBK;"Euronext Milan";EUR;22.09;22.39;21.81;21.86;"25/09/2026 17:39";CET;2647983;58121581.40;21.86;25/09/2026
FINECOBANK;IT0000072170;2FBK;"Trading After Hours";EUR;21.86;22.00;21.86;21.92;"25/09/2026 20:29";CET;4847;106402.72;21.95;25/09/2026
FIPP;FR0000038184;FIPP;"Euronext Paris";EUR;0.144;0.148;0.144;0.148;"25/09/2026 17:35";CET;2495;367.28;0.148;25/09/2026
"FIRST CAPITAL";IT0005252736;FIC;"Euronext Growth Milan";EUR;17.80;17.85;17.80;17.85;"25/09/2026 11:04";CET;220;3917.00;17.85;25/09/2026
"FIRST HORIZON CORP";US3205171057;1FHN;"Euronext Global Equity Market";EUR;21.20;22.20;21.20;21.40;"24/09/2026 14:06";CET;7;150.40;20.20;25/09/2026
"FIRST POINT";IT0005720500;FPT;"Euronext Growth Milan";EUR;1.125;1.125;1.12;1.12;"25/09/2026 17:13";CET;3000;3367.50;1.12;25/09/2026
"FIRST SOLAR";US3364331070;4FSLR;EuroTLX;EUR;200.00;200.00;200.00;200.00;"13/08/2026 09:32";CET;15;3000.00;156.20;25/09/2026
"FIRST SOLAR";US3364331070;2FSLR;"Trading After Hours";EUR;177.40;177.40;177.40;177.40;"22/09/2026 18:09";CET;5;887.00;156.20;25/09/2026
"FIRST SOLAR";US3364331070;1FSLR;"Euronext Global Equity Market";EUR;153.00;153.80;152.20;153.80;"25/09/2026 15:56";CET;112;17131.60;156.20;25/09/2026
FIRSTCAUTION;CH0120879058;MLFIR;"Euronext Access Paris";EUR;32.00;32.00;32.00;32.00;"10/06/2026 11:30";CET;29;928.00;31.60;25/09/2026
"FirstEnergy Corp";US3379321074;1FEU;"Euronext Global Equity Market";EUR;40.19;40.19;40.19;40.19;"08/09/2026 17:11";CET;50;2009.50;37.63;25/09/2026
FISERV;US3377381088;2FISV;"Trading After Hours";EUR;39.90;39.90;39.90;39.90;"22/09/2026 20:29";CET;10;399.00;40.55;25/09/2026
FISERV;US3377381088;4FISV;EuroTLX;EUR;46.25;46.25;46.25;46.25;"12/08/2026 14:44";CET;90;4162.50;40.60;25/09/2026
FISERV;US3377381088;1FISV;"Euronext Global Equity Market";EUR;39.50;40.25;39.50;40.25;"25/09/2026 14:34";CET;61;2447.00;40.55;25/09/2026
"FIVE BELOW";US33829M1018;1FIVE;"Euronext Global Equity Market";EUR;215.80;215.80;215.80;215.80;"14/09/2026 16:39";CET;103;22227.40;192.95;25/09/2026
"FIVE9 INC";US3383071012;1FIVN;"Euronext Global Equity Market";EUR;31.88;31.88;31.88;31.88;"25/09/2026 16:25";CET;78;2486.64;32.68;25/09/2026
"FJORD DEFENCE GR";NO0013647693;DFENS;"Oslo Børs";NOK;14.85;14.85;14.10;14.40;"25/09/2026 16:25";CET;47536;679269.30;14.40;25/09/2026
"FLEKKEFJORD SPAREB";NO0013209858;FFSB;"Euronext Growth Oslo";NOK;114.50;114.50;114.30;114.30;"25/09/2026 15:36";CET;89;10181.90;114.30;25/09/2026
"FLEURY MICHON";FR0000074759;ALFLE;"Euronext Growth Paris";EUR;21.70;21.70;21.70;21.70;"25/09/2026 17:11";CET;1141;24759.70;21.70;25/09/2026
FLEXDEAL;PTFXD0AM0018;FLEXD;"Euronext Lisbon";EUR;5.15;5.15;5.15;5.15;"31/07/2026 19:44";BST;1;5.15;5.15;25/09/2026
FLORENTAISE;FR001400GO75;ALFLO;"Euronext Growth Paris";EUR;1.05;1.08;1.04;1.04;"23/09/2026 17:35";CET;210;222.55;1.04;25/09/2026
FLORIDIENNE;BE0974502347;FLOB;"Euronext Brussels";EUR;56.00;56.00;56.00;56.00;"25/09/2026 16:30";CET;290;16240.00;56.00;25/09/2026
"FLOW TRADERS";BMG3602E1084;FLOW;"Euronext Amsterdam";EUR;26.90;27.41;26.62;26.92;"25/09/2026 17:35";CET;212620;5729569.13;26.92;25/09/2026
FLOWSPARKS;BE0003847648;FLSP;"Euronext Access Brussels";EUR;21.00;21.00;21.00;21.00;"25/09/2026 11:30";CET;318;6678.00;21.00;25/09/2026
"FLUENCE ENERGY INC";US34379V1035;1FLNC;"Euronext Global Equity Market";EUR;6.64;6.95;6.57;6.95;"25/09/2026 16:28";CET;4674;31324.75;6.81;25/09/2026
"FLUGHAFEN ZUERICH";CH0319416936;1FHZN;"Euronext Global Equity Market";EUR;213.80;213.80;213.80;213.80;"24/09/2026 10:37";CET;100;21380.00;213.60;25/09/2026
"Fluidra SA";ES0137650018;1FDR;"Euronext Global Equity Market";EUR;17.19;18.03;17.19;18.03;"21/09/2026 13:56";CET;540;9484.20;17.93;25/09/2026
"FLUXYS BELGIUM D";BE0974265945;FLUX;"Euronext Brussels";EUR;21.90;22.10;21.60;21.60;"25/09/2026 17:35";CET;2148;46705.50;21.60;25/09/2026
"FMC Corp";US3024913036;1FMC;"Euronext Global Equity Market";EUR;9.172;9.172;9.172;9.172;"22/09/2026 16:28";CET;1429;13106.79;8.46;25/09/2026
"FNAC DARTY";FR0011476928;2FNAC;"Trading After Hours";EUR;-;-;-;-;-;CET;-;-;34.50;25/09/2026
"FNAC DARTY";FR0011476928;FNAC;"Euronext Paris";EUR;34.55;34.55;34.50;34.50;"25/09/2026 17:35";CET;2672;92203.35;34.50;25/09/2026
FNM;IT0000060886;FNM;"Euronext Milan";EUR;0.457;0.458;0.452;0.457;"25/09/2026 17:39";CET;179326;81815.086;0.457;25/09/2026
FNPTECHNOLOGIESSA;FR0013230067;MLFNP;"Euronext Access Paris";EUR;0.06;0.06;0.06;0.06;"23/04/2026 16:30";CET;80000;4800.00;0.06;25/09/2026
"FONCIERE 7 INVEST";FR0000065930;LEBL;"Euronext Paris";EUR;0.352;0.352;0.352;0.352;"04/09/2026 11:30";CET;29;10.21;0.352;25/09/2026
"FONCIERE INEA";FR0010341032;INEA;"Euronext Paris";EUR;31.60;31.70;31.30;31.70;"25/09/2026 17:35";CET;92;2903.20;31.70;25/09/2026
"FONCIERE VINDI";FR0011605617;MLVIN;"Euronext Access Paris";EUR;4.58;4.58;4.58;4.58;"22/09/2026 13:21";CET;2;9.16;4.58;25/09/2026
"FONCIERE VOLTA";FR0000053944;SPEL;"Euronext Paris";EUR;8.75;8.75;8.75;8.75;"22/09/2026 11:30";CET;170;1487.50;8.75;25/09/2026
FOPE;IT0005203424;FPE;"Euronext Growth Milan";EUR;55.50;56.00;55.50;56.00;"25/09/2026 17:24";CET;750;41875.00;56.00;25/09/2026
"FORD MOTOR";US3453708600;1F;"Euronext Global Equity Market";EUR;11.48;11.48;11.48;11.48;"23/09/2026 13:17";CET;25;287.00;11.135;25/09/2026
"FORD MOTOR";US3453708600;2F;"Trading After Hours";EUR;13.355;13.49;13.355;13.49;"25/05/2026 18:10";CET;960;12901.80;11.135;25/09/2026
"FORD MOTOR";US3453708600;4F;EuroTLX;EUR;12.885;12.885;12.885;12.885;"28/07/2026 17:23";CET;50;644.25;11.14;25/09/2026
"FORESTIERE EQUAT.";CI0000053161;FORE;"Euronext Paris";EUR;880.00;880.00;880.00;880.00;"09/09/2026 11:30";CET;1;880.00;880.00;25/09/2026
FORFARMERS;NL0011832811;FFARM;"Euronext Amsterdam";EUR;5.94;5.96;5.86;5.95;"25/09/2026 17:35";CET;72659;430848.79;5.95;25/09/2026
"FORSEE POWER";FR0014005SB3;ALFOR;"Euronext Growth Paris";EUR;0.19;0.193;0.189;0.1928;"25/09/2026 17:21";CET;24974;4767.537;0.1928;25/09/2026
"Fortinet Inc";US34959E1091;1FTNT;"Euronext Global Equity Market";EUR;157.44;157.44;156.76;156.76;"25/09/2026 10:11";CET;31;4869.76;153.86;25/09/2026
"Fortive Corp";US34959J1088;1FTV;"Euronext Global Equity Market";EUR;49.13;49.13;49.13;49.13;"25/09/2026 17:06";CET;6;294.78;49.01;25/09/2026
FORTUM;FI0009007132;1FORT;"Euronext Global Equity Market";EUR;23.58;23.58;23.58;23.58;"25/09/2026 10:18";CET;25;589.50;23.37;25/09/2026
FORTUM;FI0009007132;2FORT;"Trading After Hours";EUR;13.54;13.54;13.54;13.54;"28/01/2025 18:25";CET;3;40.62;23.37;25/09/2026
FORTUM;FI0009007132;4FORT;EuroTLX;EUR;20.41;21.37;19.875;19.875;"29/06/2026 09:16";CET;240;4911.00;23.45;25/09/2026
FORVIA;FR0000121147;2FRVIA;"Trading After Hours";EUR;9.00;9.00;8.896;8.896;"24/09/2026 20:21";CET;329;2937.18;8.79;25/09/2026
FORVIA;FR0000121147;4FRVIA;EuroTLX;EUR;8.724;9.126;8.694;8.694;"25/09/2026 14:53";CET;2770;24267.92;8.712;25/09/2026
FORVIA;FR0000121147;1FRVIA;"Euronext Global Equity Market";EUR;8.772;8.818;8.636;8.79;"25/09/2026 17:35";CET;41032;358197.236;8.79;25/09/2026
FORVIA;FR0000121147;FRVIA;"Euronext Paris";EUR;8.784;8.812;8.63;8.716;"25/09/2026 17:36";CET;541668;4720995.452;8.716;25/09/2026
FOUNTAIN;BE0003752665;FOU;"Euronext Brussels";EUR;1.16;1.16;1.16;1.16;"25/09/2026 12:51";CET;638;740.08;1.16;25/09/2026
"FOUNTAINE PAJOT";FR0010485268;ALFPC;"Euronext Growth Paris";EUR;80.00;80.50;79.50;80.50;"25/09/2026 17:35";CET;82;6580.50;80.50;25/09/2026
"Fox Corp";US35137L1052;1FOXA;"Euronext Global Equity Market";EUR;55.96;56.50;55.96;56.50;"24/09/2026 15:30";CET;394;22214.27;55.20;25/09/2026
"Fox Corp B";US35137L2043;1FOX;"Euronext Global Equity Market";EUR;49.80;49.80;49.80;49.80;"25/09/2026 10:00";CET;90;4482.00;49.355;25/09/2026
FOYER;NSCEX0000018;-;"Euronext Expert Market";EUR;64.01;64.01;64.01;64.01;"15/03/2022 11:30";CET;100;6401.00;64.00;25/09/2026
"FRANCAISE ENERGIE";FR0013030152;FDE;"Euronext Paris";EUR;20.95;21.30;20.70;20.90;"25/09/2026 17:35";CET;13365;279577.675;20.90;25/09/2026
"FRANCE TOURISME";FR0010823724;MLFTI;"Euronext Access Paris";EUR;0.23;0.23;0.23;0.23;"24/09/2026 16:34";CET;3800;874.00;0.23;25/09/2026
FRANCHETTI;IT0005508574;FCH;"Euronext Growth Milan";EUR;5.85;5.85;5.70;5.75;"25/09/2026 16:56";CET;1500;8650.00;5.75;25/09/2026
"FRANCHI UMB MARMI";IT0005335754;FUM;"Euronext Growth Milan";EUR;3.01;3.01;2.96;3.00;"25/09/2026 17:25";CET;13800;41301.00;2.97;25/09/2026
Franklin;US3546131018;1BEN;"Euronext Global Equity Market";EUR;29.10;29.10;29.10;29.10;"21/09/2026 15:31";CET;70;2037.00;28.77;25/09/2026
FRAPORT;DE0005773303;1FRA;"Euronext Global Equity Market";EUR;63.55;63.55;63.55;63.55;"31/08/2026 15:16";CET;1;63.55;62.15;25/09/2026
FRAPORT;DE0005773303;4FRA;EuroTLX;EUR;71.25;71.25;71.25;71.25;"12/12/2025 13:02";CET;300;21375.00;62.05;25/09/2026
FRAPORT;DE0005773303;2FRA;"Trading After Hours";EUR;-;-;-;-;-;CET;-;-;62.15;25/09/2026
FREELANCE.COM;FR0004187367;ALFRE;"Euronext Growth Paris";EUR;2.49;2.50;2.46;2.49;"25/09/2026 17:35";CET;515;1275.17;2.49;25/09/2026
"Freenet AG";DE000A0Z2ZZ5;1FNTN;"Euronext Global Equity Market";EUR;25.30;25.30;25.30;25.30;"14/09/2026 12:06";CET;80;2024.00;23.80;25/09/2026
FREEPORT-MCMORAN;US35671D8570;1FCX;"Euronext Global Equity Market";EUR;63.25;63.62;63.06;63.06;"24/09/2026 17:29";CET;132;8343.16;63.36;25/09/2026
FREEPORT-MCMORAN;US35671D8570;2FCX;"Trading After Hours";EUR;62.60;62.60;61.22;61.22;"24/09/2026 18:00";CET;120;7484.40;63.36;25/09/2026
FREEPORT-MCMORAN;US35671D8570;4FCX;EuroTLX;EUR;62.05;62.05;62.05;62.05;"02/09/2026 13:16";CET;40;2482.00;63.36;25/09/2026
"FRENDY ENERGY";IT0004819857;FRE;"Euronext Growth Milan";EUR;0.176;0.176;0.176;0.176;"24/09/2026 09:31";CET;5400;950.40;0.176;25/09/2026
FRESENIUS;DE000FRE5EN2;2FRE;"Trading After Hours";EUR;47.66;47.66;47.66;47.66;"05/02/2026 18:52";CET;134;6386.44;46.19;25/09/2026
FRESENIUS;DE000FRE5EN2;4FRE;EuroTLX;EUR;48.20;48.20;48.20;48.20;"06/01/2026 16:15";CET;234;11278.80;46.18;25/09/2026
FRESENIUS;DE000FRE5EN2;1FRE;"Euronext Global Equity Market";EUR;45.68;45.68;45.68;45.68;"18/09/2026 09:53";CET;80;3654.40;46.19;25/09/2026
"FRESENIUS MED CARE";DE0005785802;4FME;EuroTLX;EUR;39.81;39.84;37.85;39.84;"08/04/2026 16:05";CET;690;27044.30;39.71;25/09/2026
"FRESENIUS MED CARE";DE0005785802;2FME;"Trading After Hours";EUR;35.84;35.84;35.84;35.84;"14/05/2026 18:00";CET;90;3225.60;39.70;25/09/2026
"FRESENIUS MED CARE";DE0005785802;1FME;"Euronext Global Equity Market";EUR;39.01;39.70;39.01;39.70;"23/09/2026 16:10";CET;426;16636.20;39.70;25/09/2026
"FRESHPET INC";US3580391056;1FRPT;"Euronext Global Equity Market";EUR;50.68;50.68;50.68;50.68;"25/09/2026 16:54";CET;58;2939.44;50.48;25/09/2026
"FRESHWORKS INC-CL";US3580541049;1FRSH;"Euronext Global Equity Market";EUR;10.645;10.645;10.645;10.645;"25/09/2026 09:41";CET;15;159.675;11.20;25/09/2026
FREY;FR0010588079;FREY;"Euronext Paris";EUR;34.20;34.20;34.20;34.20;"25/09/2026 11:30";CET;103;3522.60;34.20;25/09/2026
FRIENDS;IT0005664641;AMI;"Euronext Growth Milan";EUR;1.43;1.43;1.42;1.42;"24/09/2026 11:01";CET;3000;4270.00;1.42;25/09/2026
FRONTLINE;CY0200352116;FRO;"Oslo Børs";NOK;453.40;456.40;445.30;456.20;"25/09/2026 16:26";CET;861837;389659812.80;456.20;25/09/2026
FSDV;FR0000031973;FSDV;"Euronext Paris";EUR;17.90;17.90;17.90;17.90;"25/09/2026 09:00";CET;1;17.90;17.90;25/09/2026
"FUCHS SE";DE000A3E5D64;1FPE;"Euronext Global Equity Market";EUR;42.46;42.46;42.46;42.46;"07/09/2026 10:04";CET;75;3184.50;42.36;25/09/2026
"FUELCELL ENERGY";US35952H7008;2FEY2;"Trading After Hours";EUR;14.595;14.595;14.595;14.595;"25/09/2026 19:43";CET;10;145.95;14.595;25/09/2026
"FUELCELL ENERGY";US35952H7008;4FEY2;EuroTLX;EUR;14.86;14.86;14.86;14.86;"24/09/2026 11:05";CET;220;3269.20;14.535;25/09/2026
"FUELCELL ENERGY";US35952H7008;1FEY2;"Euronext Global Equity Market";EUR;14.695;14.72;14.45;14.575;"25/09/2026 17:35";CET;3439;50232.11;14.575;25/09/2026
FUGRO;NL00150003E1;2FUR;"Trading After Hours";EUR;-;-;-;-;-;CET;-;-;8.105;25/09/2026
FUGRO;NL00150003E1;FUR;"Euronext Amsterdam";EUR;8.10;8.105;7.915;8.105;"25/09/2026 17:35";CET;241237;1944880.635;8.105;25/09/2026
"FUT.CLUBE PORTO";PTFCP0AM0008;FCP;"Euronext Lisbon";EUR;2.64;2.76;2.64;2.76;"25/09/2026 20:30";BST;2597;7164.72;2.76;25/09/2026
G.A.I.;FR0000053415;MLGAI;"Euronext Access Paris";EUR;134.00;134.00;134.00;134.00;"21/09/2026 11:30";CET;20;2680.00;134.00;25/09/2026
"G.M. LEATHER";IT0005498610;GML;"Euronext Growth Milan";EUR;0.69;0.69;0.68;0.69;"21/09/2026 10:50";CET;15000;10300.00;0.69;25/09/2026
GABETTI;IT0005023038;GAB;"Euronext Milan";EUR;0.384;0.384;0.38;0.38;"25/09/2026 17:35";CET;14682;5600.812;0.38;25/09/2026
"GAIASHOPPING - SIC";PTGHP0AM0005;MLGSH;"Euronext Access Lisbon";EUR;-;-;-;-;-;BST;-;-;8985.00;25/09/2026
gAIn360;IT0005672461;GAIN;"Euronext Growth Milan";EUR;1.561;1.561;1.561;1.561;"03/02/2026 17:35";CET;3500;5463.50;1.56;25/09/2026
"GALAXY DIGITAL A";US36317J2096;1GLXY;"Euronext Global Equity Market";EUR;22.305;22.305;22.305;22.305;"25/09/2026 15:24";CET;160;3568.80;21.56;25/09/2026
"Galderma Group";CH1335392721;1GALD;"Euronext Global Equity Market";EUR;171.00;171.00;171.00;171.00;"21/09/2026 09:21";CET;3;513.00;173.00;25/09/2026
GALENICA;CH0360674466;1GALE;"Euronext Global Equity Market";EUR;90.90;90.90;90.90;90.90;"12/06/2026 13:42";CET;16;1454.40;87.35;25/09/2026
GALEO;FR0011100759;MLGAL;"Euronext Access Paris";EUR;7.60;7.60;7.60;7.60;"25/09/2026 16:30";CET;150;1140.00;7.60;25/09/2026
"GALP ENERGIA-NOM";PTGAL0AM0009;GALP;"Euronext Lisbon";EUR;22.92;23.02;22.34;22.50;"25/09/2026 21:35";BST;1557066;35167897.36;22.50;25/09/2026
"GALP ENERGIA-NOM";PTGAL0AM0009;2GALP;"Trading After Hours";EUR;-;-;-;-;-;CET;-;-;22.50;25/09/2026
"GAMBERO ROSSO";IT0005122392;GAMB;"Euronext Growth Milan";EUR;0.352;0.354;0.352;0.352;"25/09/2026 16:55";CET;21000;7396.00;0.352;25/09/2026
"GAMESTOP CORP";US36467W1099;1GME;"Euronext Global Equity Market";EUR;21.96;21.96;20.44;20.80;"25/09/2026 17:16";CET;268;5613.46;20.64;25/09/2026
"GAMESTOP CORP";US36467W1099;2GME;"Trading After Hours";EUR;19.22;19.22;19.22;19.22;"14/09/2026 19:19";CET;25;480.50;20.64;25/09/2026
"Garmin Ltd";CH0114405324;1GRMN;"Euronext Global Equity Market";EUR;241.80;241.80;241.80;241.80;"21/09/2026 17:21";CET;17;4110.60;258.70;25/09/2026
"GAROF HEALTH CARE";IT0005345233;GHC;"Euronext Milan";EUR;5.40;5.42;5.36;5.40;"25/09/2026 17:35";CET;7902;42707.92;5.40;25/09/2026
"Gartner Inc";US3666511072;1IT;"Euronext Global Equity Market";EUR;158.75;159.60;153.90;159.60;"24/09/2026 15:31";CET;130;20669.65;163.05;25/09/2026
"GAS PLUS";IT0004098510;GSP;"Euronext Milan";EUR;6.70;6.70;6.52;6.55;"25/09/2026 17:35";CET;75514;495641.08;6.55;25/09/2026
GASCOGNE;FR0000124414;ALBI;"Euronext Growth Paris";EUR;2.10;2.10;2.10;2.10;"25/09/2026 17:09";CET;103;216.30;2.10;25/09/2026
GAUMONT;FR0000034894;GAM;"Euronext Paris";EUR;103.00;103.00;101.00;103.00;"25/09/2026 15:00";CET;4;408.00;103.00;25/09/2026
GBL;BE0003797140;2GBLB;"Trading After Hours";EUR;-;-;-;-;-;CET;-;-;73.20;25/09/2026
GBL;BE0003797140;GBLB;"Euronext Brussels";EUR;73.65;73.80;73.15;73.20;"25/09/2026 17:35";CET;66044;4842058.45;73.20;25/09/2026
"GDL MANAGEMENT GRP";IE000HBCCM49;GDL;"Euronext Dublin";EUR;-;-;-;-;-;IST;-;-;134.50;25/09/2026
"GE AEROSPACE";US3696043013;2GE;"Trading After Hours";EUR;268.15;268.15;268.15;268.15;"15/09/2026 18:00";CET;4;1072.60;283.50;25/09/2026
"GE AEROSPACE";US3696043013;1GE;"Euronext Global Equity Market";EUR;282.00;282.00;282.00;282.00;"25/09/2026 14:37";CET;5;1410.00;283.50;25/09/2026
"GE HealthCare T";US36266G1076;1GEHC;"Euronext Global Equity Market";EUR;55.50;55.50;55.50;55.50;"16/09/2026 15:32";CET;134;7437.00;58.08;25/09/2026
"GE Vernova Inc";US36828A1016;1GEV;"Euronext Global Equity Market";EUR;844.00;850.00;832.80;832.80;"25/09/2026 17:35";CET;48;40531.00;832.80;25/09/2026
"GEA GRENOBL.ELECT.";FR0000053035;GEA;"Euronext Paris";EUR;72.00;72.50;72.00;72.50;"25/09/2026 15:00";CET;2;144.50;72.50;25/09/2026
"GEA GROUP";DE0006602006;4G;EuroTLX;EUR;61.00;61.00;61.00;61.00;"03/11/2025 12:02";CET;35;2135.00;66.75;25/09/2026
"GEA GROUP";DE0006602006;1G;"Euronext Global Equity Market";EUR;67.50;67.50;67.50;67.50;"26/08/2026 12:32";CET;100;6750.00;66.75;25/09/2026
"GEA GROUP";DE0006602006;2GG;"Trading After Hours";EUR;58.15;58.15;58.15;58.15;"23/03/2026 18:55";CET;33;1918.95;66.75;25/09/2026
Geberit;CH0030170408;1GEBN;"Euronext Global Equity Market";EUR;562.20;562.20;561.80;561.80;"21/09/2026 15:41";CET;221;124194.20;576.00;25/09/2026
"GECI INTL";FR001400M1R1;ALGEC;"Euronext Growth Paris";EUR;1.155;1.25;1.15;1.24;"25/09/2026 17:35";CET;824;982.43;1.24;25/09/2026
GECINA;FR0010040865;GFC;"Euronext Paris";EUR;63.90;64.50;63.75;63.75;"25/09/2026 17:35";CET;152613;9753302.75;63.75;25/09/2026
GECINA;FR0010040865;2GFC;"Trading After Hours";EUR;-;-;-;-;-;CET;-;-;63.75;25/09/2026
GEFRAN;IT0003203947;GE;"Euronext Milan";EUR;11.75;11.75;11.35;11.50;"25/09/2026 17:35";CET;18193;208495.50;11.50;25/09/2026
GEL;IT0005312365;GEL;"Euronext Growth Milan";EUR;2.48;2.48;2.48;2.48;"25/09/2026 17:35";CET;625;1550.00;2.48;25/09/2026
"GEN DIGITAL";US6687711084;1NLOK;"Euronext Global Equity Market";EUR;26.57;26.57;26.57;26.57;"14/09/2026 16:27";CET;30;797.10;19.736;25/09/2026
"GEN DIGITAL";US6687711084;2NLOK;"Trading After Hours";EUR;22.93;22.93;22.93;22.93;"24/07/2026 18:00";CET;32;733.76;19.736;25/09/2026
"GEN DIGITAL";US6687711084;4NLOK;EuroTLX;EUR;23.12;23.12;23.105;23.105;"24/09/2026 11:48";CET;41;947.76;19.514;25/09/2026
"Generac Hold";US3687361044;1GNRC;"Euronext Global Equity Market";EUR;181.80;181.80;180.00;180.00;"23/09/2026 14:56";CET;13;2345.40;180.15;25/09/2026
"GENERAL DYNAMICS";US3695501086;1GD;"Euronext Global Equity Market";EUR;311.10;311.10;311.10;311.10;"22/09/2026 11:15";CET;5;1555.50;296.40;25/09/2026
"GENERAL DYNAMICS";US3695501086;2GD;"Trading After Hours";EUR;266.90;266.90;266.90;266.90;"28/04/2026 20:11";CET;6;1601.40;296.40;25/09/2026
"GENERAL DYNAMICS";US3695501086;4GD;EuroTLX;EUR;308.85;308.85;308.85;308.85;"02/03/2026 09:00";CET;33;10192.05;296.40;25/09/2026
"General Mills Inc";US3703341046;1GIS;"Euronext Global Equity Market";EUR;31.19;31.19;31.19;31.19;"23/09/2026 10:39";CET;15;467.85;29.89;25/09/2026
"GENERAL MOTORS";US37045V1008;2GM;"Trading After Hours";EUR;64.42;64.42;64.42;64.42;"04/05/2026 20:04";CET;100;6442.00;72.27;25/09/2026
"GENERAL MOTORS";US37045V1008;1GM;"Euronext Global Equity Market";EUR;71.27;71.27;71.27;71.27;"22/09/2026 09:00";CET;3;213.81;72.27;25/09/2026
"GENERAL MOTORS";US37045V1008;4GM;EuroTLX;EUR;62.70;62.70;62.70;62.70;"16/03/2026 11:25";CET;2;125.40;72.35;25/09/2026
"GENERAL OCEANS";NO0013713115;GENO;"Oslo Børs";NOK;20.65;21.00;19.86;19.86;"25/09/2026 16:26";CET;81451;1648949.35;19.86;25/09/2026
GENERALFINANCE;IT0005144784;GF;"Euronext Milan";EUR;20.80;20.90;20.70;20.70;"25/09/2026 17:35";CET;2647;54955.00;20.70;25/09/2026
GENERALI;IT0000062072;2G;"Trading After Hours";EUR;43.78;44.40;43.54;43.64;"24/09/2026 20:29";CET;1123;49273.62;43.72;25/09/2026
GENERALI;IT0000062072;G;"Euronext Milan";EUR;43.54;44.01;43.44;43.72;"25/09/2026 17:35";CET;2067595;90385965.20;43.72;25/09/2026
GENESIS;ES0105807004;MLGNS;"Euronext Access Paris";EUR;1.58;1.58;1.58;1.58;"20/12/2024 00:00";CET;-;-;1.58;25/09/2026
GENFIT;FR0004163111;GNFT;"Euronext Paris";EUR;8.96;9.02;8.66;8.92;"25/09/2026 17:37";CET;916352;8107715.89;8.92;25/09/2026
GENOWAY;FR0004053510;ALGEN;"Euronext Growth Paris";EUR;2.36;2.38;2.36;2.36;"25/09/2026 17:35";CET;4887;11545.54;2.36;25/09/2026
"GENS AUREA";IT0005713232;OROX;"Euronext Milan";EUR;13.30;13.68;13.20;13.62;"25/09/2026 17:35";CET;110805;1483984.48;13.62;25/09/2026
"GENSIGHT BIOLOGICS";FR0013183985;SIGHT;"Euronext Paris";EUR;0.133;0.1354;0.1212;0.1228;"25/09/2026 17:35";CET;2687582;341769.9751;0.1228;25/09/2026
"GENSIGHT BSA";FR0014010IB4;SIGBS;"Euronext Growth Paris";EUR;-;-;-;-;-;CET;-;-;0.0545;25/09/2026
"GENTIAN DIAGNOSTIC";NO0010748866;GENT;"Oslo Børs";NOK;37.90;38.30;37.30;38.30;"25/09/2026 15:51";CET;816;30706.00;38.30;25/09/2026
"GENTILI MOSCONI";IT0005531261;GM;"Euronext Growth Milan";EUR;2.74;2.76;2.68;2.73;"25/09/2026 16:00";CET;3315;8984.10;2.73;25/09/2026
"GENTLEMENS EQUITY";PTGVE1AM0017;MLGEQ;"Euronext Access Paris";EUR;0.246;0.246;0.246;0.246;"31/08/2026 11:30";CET;50;12.30;0.246;25/09/2026
"Genuine Parts Co";US3724601055;1GPC;"Euronext Global Equity Market";EUR;113.25;113.25;113.15;113.15;"22/09/2026 16:07";CET;556;62934.15;113.50;25/09/2026
"GEORG FISCHER";CH1169151003;1GF;"Euronext Global Equity Market";EUR;58.45;58.45;58.45;58.45;"17/09/2026 14:25";CET;108;6312.60;61.10;25/09/2026
GEOX;IT0003697080;GEO;"Euronext Milan";EUR;0.285;0.288;0.284;0.284;"25/09/2026 17:35";CET;90861;26006.0485;0.284;25/09/2026
"GERON CORP";US3741631036;1GERN;"Euronext Global Equity Market";EUR;1.102;1.102;1.102;1.102;"25/09/2026 16:12";CET;3000;3306.00;1.1005;25/09/2026
Gerresheimer;DE000A0LD6E6;1GXI;"Euronext Global Equity Market";EUR;29.92;29.92;29.92;29.92;"14/09/2026 16:03";CET;70;2094.40;26.08;25/09/2026
"Getinge AB";SE0000202624;1GETI;"Euronext Global Equity Market";EUR;20.15;20.15;20.15;20.15;"30/07/2026 15:45";CET;60;1209.00;21.77;25/09/2026
"GETLINK SE";FR0010533075;2GET;"Trading After Hours";EUR;-;-;-;-;-;CET;-;-;18.83;25/09/2026
"GETLINK SE";FR0010533075;GET;"Euronext Paris";EUR;18.58;18.92;18.58;18.83;"25/09/2026 17:35";CET;421685;7934724.445;18.83;25/09/2026
GEVELOT;FR0000033888;ALGEV;"Euronext Growth Paris";EUR;194.00;194.00;194.00;194.00;"24/09/2026 17:05";CET;60;11640.00;194.00;25/09/2026
GIG;GG00BMB5XZ39;CABLE;"Euronext Amsterdam";GBP;2.78;2.78;2.78;2.78;"21/04/2026 09:00";CET;2;5.56;2.78;25/09/2026
"GIGANTE SALMON";NO0011013765;GIGA;"Euronext Growth Oslo";NOK;5.14;5.14;4.93;5.06;"25/09/2026 15:28";CET;89528;451698.28;5.06;25/09/2026
GIGLIO.COM;IT0005453003;GCOM;"Euronext Growth Milan";EUR;0.54;0.55;0.54;0.54;"25/09/2026 17:13";CET;8800;4784.00;0.54;25/09/2026
"GILEAD SCIENCES";US3755581036;4GILD;EuroTLX;EUR;96.88;96.88;96.88;96.88;"25/09/2025 09:09";CET;35;3390.80;130.94;25/09/2026
"GILEAD SCIENCES";US3755581036;1GILD;"Euronext Global Equity Market";EUR;131.62;131.62;130.36;130.36;"25/09/2026 17:19";CET;260;34062.56;130.92;25/09/2026
"GILEAD SCIENCES";US3755581036;2GILD;"Trading After Hours";EUR;110.80;110.80;110.80;110.80;"08/05/2026 19:14";CET;24;2659.20;130.92;25/09/2026
GIMV;BE0003699130;GIMB;"Euronext Brussels";EUR;46.90;47.65;46.80;47.30;"25/09/2026 17:35";CET;27818;1315820.70;47.30;25/09/2026
"GIOCAMONDO STUDY";IT0005652489;GMS;"Euronext Growth Milan";EUR;1.32;1.32;1.32;1.32;"25/09/2026 10:11";CET;2000;2640.00;1.32;25/09/2026
"GISMONDI 1754";IT0005391138;GIS;"Euronext Growth Milan";EUR;1.56;1.62;1.56;1.62;"25/09/2026 13:39";CET;1600;2520.00;1.62;25/09/2026
"GITLAB INC-CL A";US37637K1088;1GTLB;"Euronext Global Equity Market";EUR;42.51;42.51;42.51;42.51;"17/09/2026 13:21";CET;95;4038.45;42.185;25/09/2026
GIUNTI;IT0005722191;GPSY;"Euronext Growth Milan";EUR;4.80;4.85;4.80;4.85;"25/09/2026 16:28";CET;12200;58857.35;4.85;25/09/2026
Givaudan;CH0010645932;1GIVN;"Euronext Global Equity Market";EUR;3475.00;3580.00;3475.00;3580.00;"21/09/2026 12:33";CET;44;154528.00;3628.00;25/09/2026
"GJENSIDIGE FORSIKR";NO0010582521;GJF;"Oslo Børs";NOK;259.20;262.20;259.20;259.40;"25/09/2026 16:29";CET;211152;54842065.00;259.40;25/09/2026
"GL EVENTS";FR0000066672;GLO;"Euronext Paris";EUR;25.15;25.50;24.85;25.50;"25/09/2026 17:35";CET;19736;497122.80;25.50;25/09/2026
"GLANBIA PLC";IE0000669501;GL9;"Euronext Dublin";EUR;20.10;20.14;19.73;19.74;"25/09/2026 21:00";IST;552756;8339929.37;19.74;25/09/2026
"GLASS TO POWER";IT0005613739;MLGL;"Euronext Access Paris";EUR;-;-;-;-;-;CET;-;-;4.50;25/09/2026
GLENCORE;JE00B4T3BW64;4GLEN;EuroTLX;EUR;6.37;6.60;6.37;6.58;"17/09/2026 11:00";CET;1350;8769.00;6.47;25/09/2026
"GLENVEAGH PROP.PLC";IE00BD6JX574;GVR;"Euronext Dublin";EUR;2.41;2.41;2.36;2.36;"25/09/2026 21:00";IST;1118702;2655674.105;2.36;25/09/2026
GLINTT;PTPAD0AM0007;GLINT;"Euronext Lisbon";EUR;1.24;1.24;1.22;1.235;"25/09/2026 19:52";BST;5574;6811.26;1.235;25/09/2026
"GLOBAL PAYMENTS";US37940X1028;1GPN;"Euronext Global Equity Market";EUR;61.20;61.20;61.20;61.20;"29/06/2026 09:41";CET;10;612.00;75.40;25/09/2026
"GLOBAL PAYMENTS";US37940X1028;4GPN;EuroTLX;EUR;69.44;69.44;69.44;69.44;"15/07/2025 12:44";CET;15;1041.60;75.20;25/09/2026
"GLOBAL PAYMENTS";US37940X1028;2GPN;"Trading After Hours";EUR;108.75;108.75;108.75;108.75;"06/02/2025 18:25";CET;1;108.75;75.40;25/09/2026
"GLOBAL PIELAGO";ES0105537007;MLNDG;"Euronext Access Paris";EUR;4.92;4.92;4.92;4.92;"16/04/2021 00:00";CET;-;-;4.92;25/09/2026
GLOBALFOUNDRIES;KYG393871085;1GFS;"Euronext Global Equity Market";EUR;41.695;41.695;41.695;41.695;"25/09/2026 09:18";CET;2;83.39;42.825;25/09/2026
"GoDaddy Inc";US3802371076;1GDDY;"Euronext Global Equity Market";EUR;89.42;89.42;89.42;89.42;"25/09/2026 12:15";CET;37;3308.54;87.10;25/09/2026
"GOLD BY GOLD";FR0011208693;ALGLD;"Euronext Growth Paris";EUR;4.88;4.90;4.80;4.80;"25/09/2026 17:35";CET;10247;49633.87;4.80;25/09/2026
"GOLD ROAD INTL";MT0003060101;GOLDR;"Euronext Growth Oslo";NOK;8.00;8.00;7.84;7.86;"25/09/2026 16:25";CET;22719;180112.50;7.86;25/09/2026
"GOLDEN ENERGY OFF";NO0013228585;GEOS;"Euronext Growth Oslo";NOK;6.55;6.65;6.55;6.60;"25/09/2026 13:22";CET;21985;145349.15;6.60;25/09/2026
"GOLDMAN SACHS GR";US38141G1040;2GSG;"Trading After Hours";EUR;850.20;850.20;850.20;850.20;"21/09/2026 18:00";CET;2;1700.40;808.40;25/09/2026
"GOLDMAN SACHS GR";US38141G1040;4GS;EuroTLX;EUR;909.40;909.40;909.40;909.40;"06/07/2026 11:28";CET;11;10003.40;808.40;25/09/2026
"GOLDMAN SACHS GR";US38141G1040;1GS;"Euronext Global Equity Market";EUR;816.80;816.80;808.40;808.40;"25/09/2026 15:46";CET;17;13751.20;808.40;25/09/2026
GOODTECH;NO0004913609;GOD;"Oslo Børs";NOK;14.20;14.60;13.90;14.50;"25/09/2026 16:25";CET;156814;2255120.25;14.50;25/09/2026
"GOODYEAR TIRE & RU";US3825501014;1GT;"Euronext Global Equity Market";EUR;4.448;4.454;4.448;4.454;"25/09/2026 15:31";CET;5049;22473.252;4.49;25/09/2026
"GOPRO - CLASSE A";US38268T1034;2GPRO;"Trading After Hours";EUR;1.13;1.13;1.13;1.13;"18/09/2026 20:15";CET;700;791.00;1.135;25/09/2026
"GOPRO - CLASSE A";US38268T1034;1GPRO;"Euronext Global Equity Market";EUR;1.10;1.15;1.085;1.15;"25/09/2026 15:49";CET;11453;13011.155;1.135;25/09/2026
"GOPRO - CLASSE A";US38268T1034;4GPRO;EuroTLX;EUR;1.13;1.13;1.13;1.13;"22/09/2026 16:30";CET;8000;9040.00;1.14;25/09/2026
"GOSSON KESSALES";BE0011395465;-;"Euronext Expert Market";EUR;55.11;55.11;55.11;55.11;"09/06/2015 11:30";CET;1;55.11;55.00;25/09/2026
"GPE GROUP PIZZORNO";FR0010214064;GPE;"Euronext Paris";EUR;61.95;61.95;61.95;61.95;"25/09/2026 14:27";CET;21;1300.95;61.95;25/09/2026
GPI;IT0005221517;GPI;"Euronext Milan";EUR;14.30;14.42;14.16;14.16;"25/09/2026 17:35";CET;7408;105601.16;14.16;25/09/2026
"GRAINES VOLTZ";FR0000065971;GRVO;"Euronext Paris";EUR;16.95;17.00;16.95;17.00;"25/09/2026 10:16";CET;50;848.85;17.00;25/09/2026
"GREAT WESTERN MIN.";IE000T78CHJ8;8GW;"Euronext Growth Dublin";EUR;0.044;0.044;0.044;0.044;"17/09/2026 19:36";IST;10000;440.00;0.044;25/09/2026
"GREEN EARTH GROUP";NL0009169515;EARTH;"Euronext Amsterdam";EUR;1.04;1.04;0.99;0.99;"25/09/2026 17:00";CET;7137;7085.25;0.99;25/09/2026
"GREEN MINERALS";NO0010907744;GEM;"Euronext Growth Oslo";NOK;1.29;1.30;1.11;1.20;"25/09/2026 16:25";CET;25784;32498.86;1.20;25/09/2026
"GREEN OLEO";IT0005549768;GRN;"Euronext Growth Milan";EUR;0.406;0.408;0.40;0.40;"24/09/2026 14:31";CET;7500;3042.00;0.40;25/09/2026
"GREENCOAT REN.";IE00BF2NR112;GRP;"Euronext Growth Dublin";EUR;0.77;0.783;0.766;0.778;"25/09/2026 21:00";IST;5977906;4654313.526;0.778;25/09/2026
"GRIEG SEAFOOD";NO0010365521;GSF;"Oslo Børs";NOK;25.58;26.24;25.58;25.74;"25/09/2026 16:26";CET;396117;10226250.44;25.74;25/09/2026
GRIFAL;IT0005332595;GRAL;"Euronext Growth Milan";EUR;0.58;0.58;0.58;0.58;"25/09/2026 16:10";CET;4500;2610.00;0.58;25/09/2026
Grifols;ES0171996087;1GRF;"Euronext Global Equity Market";EUR;9.93;9.93;9.93;9.93;"30/07/2026 10:54";CET;200;1986.00;9.368;25/09/2026
Grifols;ES0171996087;4GRF;EuroTLX;EUR;8.898;8.898;8.898;8.898;"23/06/2026 16:26";CET;750;6673.50;9.608;25/09/2026
GROLLEAU;FR0014005ZM5;ALGRO;"Euronext Growth Paris";EUR;3.64;3.64;3.52;3.64;"25/09/2026 17:05";CET;3195;11473.56;3.64;25/09/2026
"GRONG SPAREBANK";NO0010636491;GRONG;"Euronext Growth Oslo";NOK;168.98;172.00;168.98;172.00;"25/09/2026 13:25";CET;1413;240717.54;172.00;25/09/2026
"GROTTES DE HAN";BE0057677594;-;"Euronext Expert Market";EUR;122.00;122.00;122.00;122.00;"21/11/2017 11:30";CET;63;7686.00;122.00;25/09/2026
"GROUPE CARNIVOR";FR0000076960;MLGRC;"Euronext Access Paris";EUR;27.00;27.00;27.00;27.00;"14/08/2026 11:30";CET;10;270.00;27.00;25/09/2026
"GROUPE CRIT";FR0000036675;CEN;"Euronext Paris";EUR;49.70;49.80;49.30;49.30;"25/09/2026 17:35";CET;309;15325.60;49.30;25/09/2026
"GROUPE GUILLIN";FR0012819381;ALGIL;"Euronext Growth Paris";EUR;20.00;20.50;19.90;20.50;"25/09/2026 17:35";CET;701;14182.00;20.50;25/09/2026
"GROUPE JAJ";FR0004010338;GJAJ;"Euronext Paris";EUR;1.29;1.29;1.29;1.29;"11/09/2026 11:30";CET;10;12.90;1.29;25/09/2026
"GROUPE JOSI";BE0011606630;-;"Euronext Expert Market";EUR;1432.00;1432.00;1432.00;1432.00;"21/04/2015 12:00";CET;91;130312.00;1430.00;25/09/2026
"GROUPE LDLC";FR0000075442;ALLDL;"Euronext Growth Paris";EUR;11.80;12.06;11.80;12.06;"25/09/2026 17:29";CET;1852;22099.64;12.06;25/09/2026
"GROUPE OKWIND";FR0013439627;ALOKW;"Euronext Growth Paris";EUR;0.225;0.228;0.22;0.228;"25/09/2026 17:29";CET;19309;4381.523;0.228;25/09/2026
"GROUPE PARTOUCHE";FR0012612646;PARP;"Euronext Paris";EUR;17.60;17.65;17.55;17.55;"25/09/2026 17:35";CET;42;737.35;17.55;25/09/2026
"GROUPE SFPI";FR0004155000;SFPI;"Euronext Paris";EUR;1.95;1.95;1.895;1.895;"25/09/2026 17:35";CET;15042;28795.74;1.895;25/09/2026
"GROUPE TERA";FR0013429404;ALGTR;"Euronext Growth Paris";EUR;5.90;5.90;5.45;5.50;"25/09/2026 17:10";CET;1764;9726.80;5.50;25/09/2026
GROUPIMO;FR0014000RP6;ALIMO;"Euronext Growth Paris";EUR;0.292;0.292;0.292;0.292;"22/09/2026 16:30";CET;93;27.16;0.292;25/09/2026
GROWENS;IT0005040354;GROW;"Euronext Growth Milan";EUR;1.84;1.87;1.735;1.82;"25/09/2026 17:28";CET;63356;114113.63;1.82;25/09/2026
GROWNERS;BE0003861789;-;"Euronext Expert Market";EUR;8.00;8.00;8.00;8.00;"26/10/2021 11:30";CET;1065;8520.00;8.00;25/09/2026
"GT TALENT GROUP";IT0005607699;GT;"Euronext Growth Milan";EUR;0.155;0.16;0.147;0.16;"23/05/2025 17:35";CET;40875;6315.01;0.16;25/09/2026
GTT;FR0011726835;2GTT;"Trading After Hours";EUR;-;-;-;-;-;CET;-;-;218.80;25/09/2026
GTT;FR0011726835;GTT;"Euronext Paris";EUR;223.00;224.00;218.80;218.80;"25/09/2026 17:36";CET;76101;16711497.30;218.80;25/09/2026
"GUARDANT HEALTH IN";US40131M1099;1GH;"Euronext Global Equity Market";EUR;155.66;155.66;149.66;149.66;"22/09/2026 15:30";CET;33;4968.78;156.36;25/09/2026
GUERBET;FR0000032526;GBT;"Euronext Paris";EUR;7.02;7.10;7.02;7.03;"25/09/2026 17:35";CET;16837;119007.18;7.03;25/09/2026
"GUIDEWIRE SOFTWARE";US40171V1008;1GWRE;"Euronext Global Equity Market";EUR;122.85;122.85;122.85;122.85;"18/09/2026 15:47";CET;30;3685.50;130.00;25/09/2026
"GUIDOTTI SHIPS";IT0005723074;GDT;"Euronext Growth Milan";EUR;2.62;2.62;2.62;2.62;"23/09/2026 16:39";CET;1200;3144.00;2.62;25/09/2026
GUILLEMOT;FR0000066722;GUI;"Euronext Paris";EUR;4.08;4.08;3.99;4.04;"25/09/2026 17:35";CET;14326;57315.45;4.04;25/09/2026
"GULF KEYSTONE PET";BMG4209G2077;GKP;"Euronext Growth Oslo";NOK;25.00;25.00;24.95;24.95;"25/09/2026 09:28";CET;2151;53700.00;24.95;25/09/2026
GVS;IT0005411209;GVS;"Euronext Milan";EUR;4.62;4.895;4.62;4.88;"25/09/2026 17:35";CET;316889;1533181.45;4.88;25/09/2026
GYLDENDAL;NO0004288200;GYL;"Oslo Børs";NOK;438.00;440.00;438.00;440.00;"25/09/2026 14:47";CET;161;70758.00;440.00;25/09/2026
H-FARM;IT0004674666;FARM;"Euronext Growth Milan";EUR;0.206;0.206;0.206;0.206;"25/09/2026 09:19";CET;4500;927.00;0.206;25/09/2026
"HAFFNER ENERGY";FR0014007ND6;ALHAF;"Euronext Growth Paris";EUR;0.76;0.816;0.705;0.77;"25/09/2026 17:38";CET;10758156;8237367.293;0.77;25/09/2026
"HAFFNER ENERGY BSA";FR001400Y4X9;HAFBS;"Euronext Growth Paris";EUR;0.0065;0.008;0.0045;0.0055;"25/09/2026 17:16";CET;210942;1312.035;0.0055;25/09/2026
"HAFNIA LIMITED";SGXZ53070850;HAFNI;"Oslo Børs";NOK;84.15;84.30;81.75;84.10;"25/09/2026 16:28";CET;2060760;208489368.20;84.10;25/09/2026
HAIKI+;IT0005628778;HIK;"Euronext Growth Milan";EUR;0.90;0.905;0.90;0.905;"25/09/2026 17:35";CET;51616;46569.578;0.905;25/09/2026
"HAL TRUST";BMG455841020;HAL;"Euronext Amsterdam";EUR;165.40;166.40;165.20;165.40;"25/09/2026 17:35";CET;4355;721196.80;165.40;25/09/2026
HALLIBURTON;US4062161017;4HAL;EuroTLX;EUR;28.20;28.20;28.20;28.20;"03/07/2026 15:39";CET;45;1269.00;28.76;25/09/2026
HALLIBURTON;US4062161017;2HAL;"Trading After Hours";EUR;35.77;35.77;35.77;35.77;"30/04/2026 18:00";CET;5;178.85;28.76;25/09/2026
HALLIBURTON;US4062161017;1HAL;"Euronext Global Equity Market";EUR;29.15;29.15;28.36;28.36;"25/09/2026 10:01";CET;101;2865.15;28.76;25/09/2026
"HALOZYME THERAPEUT";US40637H1095;1HALO;"Euronext Global Equity Market";EUR;103.00;103.00;103.00;103.00;"25/09/2026 11:45";CET;25;2575.00;100.25;25/09/2026
"HAMILTON GLOBAL OP";GB00BMDXQ672;ALHGO;"Euronext Growth Paris";EUR;42.00;42.00;42.00;42.00;"16/09/2026 09:36";CET;20;840.00;42.00;25/09/2026
"HAMMERSON PLC";GB00BRJQ8J25;HMSO;"Euronext Dublin";GBP;3.50;3.50;3.50;3.50;"15/09/2026 17:09";IST;1389;4861.50;3.50;25/09/2026
"HANNOVER RUCK";DE0008402215;2HANN;"Trading After Hours";EUR;-;-;-;-;-;CET;-;-;257.00;25/09/2026
"HANNOVER RUCK";DE0008402215;1HANN;"Euronext Global Equity Market";EUR;258.20;258.20;258.20;258.20;"27/08/2026 17:07";CET;6;1549.20;257.00;25/09/2026
HAPAG-LLOYD;DE000HLAG475;1HLAG;"Euronext Global Equity Market";EUR;135.00;135.00;135.00;135.00;"16/09/2026 09:58";CET;20;2700.00;135.40;25/09/2026
HAPAG-LLOYD;DE000HLAG475;2HLAG;"Trading After Hours";EUR;123.10;123.10;123.10;123.10;"28/07/2026 18:57";CET;2;246.20;135.40;25/09/2026
HAPAG-LLOYD;DE000HLAG475;4HLAG;EuroTLX;EUR;135.10;135.10;135.10;135.10;"25/08/2026 10:18";CET;2;270.20;135.30;25/09/2026
HARLEY-DAVIDSON;US4128221086;1HOG;"Euronext Global Equity Market";EUR;22.73;23.29;22.73;23.29;"09/09/2026 15:35";CET;51;1185.55;22.25;25/09/2026
HARLEY-DAVIDSON;US4128221086;2HOG;"Trading After Hours";EUR;23.65;23.65;23.65;23.65;"30/09/2025 18:44";CET;15;354.75;22.25;25/09/2026
HARLEY-DAVIDSON;US4128221086;4HOG;EuroTLX;EUR;21.60;21.60;21.60;21.60;"10/06/2026 13:07";CET;25;540.00;22.27;25/09/2026
"Hartford Finan";US4165151048;1HIG;"Euronext Global Equity Market";EUR;118.65;118.65;118.65;118.65;"25/08/2026 15:37";CET;30;3559.50;109.50;25/09/2026
HASBRO;US4180561072;2HAS;"Trading After Hours";EUR;84.18;84.18;84.18;84.18;"28/07/2026 19:39";CET;30;2525.40;76.76;25/09/2026
HASBRO;US4180561072;4HAS;EuroTLX;EUR;83.68;83.68;83.68;83.68;"29/07/2026 10:47";CET;7;585.76;76.86;25/09/2026
HASBRO;US4180561072;1HAS;"Euronext Global Equity Market";EUR;76.54;76.54;76.54;76.54;"18/09/2026 15:30";CET;100;7654.00;76.76;25/09/2026
"HAUGESUND SPB";NO0010764053;HGSB;"Oslo Børs";NOK;155.00;155.00;152.78;154.98;"25/09/2026 13:48";CET;733;113598.14;154.98;25/09/2026
"HAULOTTE GROUP";FR0000066755;PIG;"Euronext Paris";EUR;2.18;2.23;2.16;2.17;"25/09/2026 17:29";CET;2824;6136.09;2.17;25/09/2026
"HAV GROUP";NO0010931918;HAV;"Euronext Growth Oslo";NOK;12.40;12.40;12.00;12.00;"25/09/2026 16:19";CET;8915;108372.40;12.00;25/09/2026
HAVAS;NL0015002K83;HAVAS;"Euronext Amsterdam";EUR;17.90;17.90;17.70;17.70;"25/09/2026 17:35";CET;43882;777445.65;17.70;25/09/2026
"HAVILA KYSTRUTEN";NO0013696799;HKY;"Euronext Growth Oslo";NOK;50.50;51.00;50.50;51.00;"25/09/2026 15:04";CET;4363;220381.50;51.00;25/09/2026
"HAVILA SHIPPING";NO0010257728;HAVI;"Oslo Børs";NOK;1.075;1.08;1.05;1.065;"25/09/2026 16:25";CET;134639;143896.85;1.065;25/09/2026
"HAWICK DATA NV";NL0010556726;HWK;"Euronext Amsterdam";EUR;2.26;2.26;2.26;2.26;"23/09/2026 16:30";CET;5033;11374.58;2.26;25/09/2026
"HAY 2 SOCIMI";ES0106042007;MLHA2;"Euronext Access Paris";EUR;-;-;-;-;-;CET;-;-;38.00;25/09/2026
HCA-HEALTHCARE;US40412C1018;1HCA;"Euronext Global Equity Market";EUR;380.50;380.50;380.50;380.50;"23/09/2026 14:11";CET;13;4946.50;377.60;25/09/2026
HCA-HEALTHCARE;US40412C1018;2HCA;"Trading After Hours";EUR;328.40;328.40;328.40;328.40;"18/06/2026 18:55";CET;12;3940.80;377.60;25/09/2026
HCA-HEALTHCARE;US40412C1018;4HCA;EuroTLX;EUR;368.50;368.50;368.50;368.50;"18/09/2026 13:06";CET;1;368.50;377.60;25/09/2026
HDF;FR0014003VY4;HDF;"Euronext Paris";EUR;2.24;2.30;2.235;2.27;"25/09/2026 17:35";CET;7504;17002.905;2.27;25/09/2026
"HEALTHCARE ACTIVOS";ES0105498002;MLHAY;"Euronext Access Paris";EUR;1.28141;1.28141;1.28141;1.28141;"30/09/2020 00:00";CET;-;-;1.40;25/09/2026
"HECLA MINING";US4227041062;2HL;"Trading After Hours";EUR;16.18;16.18;16.18;16.18;"23/09/2026 18:33";CET;5;80.90;15.935;25/09/2026
"HECLA MINING";US4227041062;4HL;EuroTLX;EUR;16.58;16.58;16.58;16.58;"14/09/2026 11:50";CET;15;248.70;15.935;25/09/2026
"HECLA MINING";US4227041062;1HL;"Euronext Global Equity Market";EUR;15.96;15.97;15.935;15.935;"25/09/2026 17:35";CET;512;8164.47;15.935;25/09/2026
"HEIDELBERG MAT";DE0006047004;4HEI;EuroTLX;EUR;165.00;165.00;165.00;165.00;"15/07/2026 09:46";CET;9;1485.00;144.05;25/09/2026
"HEIDELBERG MAT";DE0006047004;1HEI;"Euronext Global Equity Market";EUR;144.95;144.95;144.95;144.95;"25/09/2026 16:40";CET;10;1449.50;144.15;25/09/2026
"HEIDELBERG MAT";DE0006047004;2HEI;"Trading After Hours";EUR;172.10;172.10;172.10;172.10;"29/06/2026 18:15";CET;2;344.20;144.15;25/09/2026
"HEIJMANS KON";NL0009269109;HEIJM;"Euronext Amsterdam";EUR;88.05;88.25;85.90;85.90;"25/09/2026 17:35";CET;38549;3336520.15;85.90;25/09/2026
HEINEKEN;NL0000009165;4HEIA;EuroTLX;EUR;73.54;73.54;73.54;73.54;"08/09/2026 17:03";CET;10;735.40;70.74;25/09/2026
HEINEKEN;NL0000009165;HEIA;"Euronext Amsterdam";EUR;71.10;71.54;70.58;70.58;"25/09/2026 17:35";CET;345643;24473974.37;70.58;25/09/2026
HEINEKEN;NL0000009165;2HEIA;"Trading After Hours";EUR;69.22;69.56;69.22;69.56;"09/01/2025 18:06";CET;100;6932.20;70.58;25/09/2026
"HEINEKEN HOLDING";NL0000008977;HEIO;"Euronext Amsterdam";EUR;66.95;67.10;66.50;66.50;"25/09/2026 17:35";CET;149066;9938208.70;66.50;25/09/2026
"Hella KGaA";DE000A13SX22;1HLE;"Euronext Global Equity Market";EUR;72.10;72.10;68.60;68.60;"05/08/2026 16:11";CET;112;7900.20;69.80;25/09/2026
HELLOFRESH;DE000A161408;4HFG;EuroTLX;EUR;2.691;2.691;2.691;2.691;"17/09/2026 10:00";CET;10;26.91;2.263;25/09/2026
HELLOFRESH;DE000A161408;1HFG;"Euronext Global Equity Market";EUR;2.30;2.30;2.25;2.25;"25/09/2026 17:17";CET;11563;26169.50;2.265;25/09/2026
HELLOFRESH;DE000A161408;2HFG;"Trading After Hours";EUR;4.808;4.808;4.808;4.808;"04/03/2026 19:17";CET;20;96.16;2.265;25/09/2026
"HELVETIA BALOISE H";CH0466642201;1HELN;"Euronext Global Equity Market";EUR;229.20;229.20;226.60;226.60;"24/09/2026 16:35";CET;449;102575.00;226.20;25/09/2026
"HELYX INDUSTRIES";IT0005451213;HLX;"Euronext Growth Milan";EUR;0.776;0.776;0.776;0.776;"25/09/2026 16:30";CET;1000;776.00;0.776;25/09/2026
"Hemnet Group";SE0015671995;1HEM;"Euronext Global Equity Market";EUR;11.54;11.54;11.54;11.54;"16/02/2026 10:02";CET;150;1731.00;5.94;25/09/2026
HENKEL;DE0006048408;4HEN;EuroTLX;EUR;71.80;71.80;71.80;71.80;"08/07/2026 10:15";CET;9;646.20;68.25;25/09/2026
HENKEL;DE0006048408;1HEN;"Euronext Global Equity Market";EUR;68.70;68.70;68.70;68.70;"25/09/2026 13:00";CET;299;20541.30;68.30;25/09/2026
HENKEL;DE0006048408;2HEN;"Trading After Hours";EUR;61.60;61.60;60.25;60.25;"23/09/2025 20:23";CET;170;10350.50;68.30;25/09/2026
"HENKEL VZ";DE0006048432;4HEN3;EuroTLX;EUR;77.56;77.56;77.56;77.56;"10/08/2026 16:15";CET;4;310.24;73.80;25/09/2026
"HENKEL VZ";DE0006048432;2HEN3;"Trading After Hours";EUR;71.62;71.62;71.62;71.62;"25/09/2026 18:13";CET;1;71.62;71.62;25/09/2026
"HENKEL VZ";DE0006048432;1HEN3;"Euronext Global Equity Market";EUR;74.34;74.34;74.34;74.34;"25/09/2026 16:15";CET;5;371.70;73.80;25/09/2026
"Hennes & Mauritz";SE0000106270;1HMB;"Euronext Global Equity Market";EUR;13.985;13.99;13.985;13.99;"22/09/2026 17:15";CET;28;391.65;14.625;25/09/2026
"Henry Schein Inc";US8064071025;1HSIC;"Euronext Global Equity Market";EUR;75.00;75.00;75.00;75.00;"22/09/2026 17:17";CET;200;15000.00;75.50;25/09/2026
HENSOLDT;DE000HAG0005;2HENS;"Trading After Hours";EUR;82.68;82.68;82.68;82.68;"26/05/2026 18:39";CET;20;1653.60;76.50;25/09/2026
HENSOLDT;DE000HAG0005;1HENS;"Euronext Global Equity Market";EUR;75.26;75.44;75.26;75.44;"25/09/2026 17:19";CET;114;8599.62;76.50;25/09/2026
HERA;IT0001250932;HER;"Euronext Milan";EUR;3.584;3.606;3.538;3.554;"25/09/2026 17:35";CET;1392135;4969037.16;3.554;25/09/2026
HERA;IT0001250932;2HER;"Trading After Hours";EUR;3.61;3.61;3.61;3.61;"24/09/2026 18:29";CET;220;794.20;3.554;25/09/2026
HERIGE;FR0000066540;ALHRG;"Euronext Growth Paris";EUR;18.10;19.20;17.90;17.90;"25/09/2026 17:35";CET;6389;116386.95;17.90;25/09/2026
"HERMANA HOLDING";NO0013401380;HERMA;"Oslo Børs";NOK;15.00;15.10;15.00;15.00;"25/09/2026 15:23";CET;16380;247288.00;15.00;25/09/2026
"HERMES INTERN";FR0000052292;4RMS;EuroTLX;EUR;1354.00;1354.00;1354.00;1354.00;"25/09/2026 09:21";CET;15;20310.00;1354.00;25/09/2026
"HERMES INTL";FR0000052292;RMS;"Euronext Paris";EUR;1365.00;1365.00;1342.00;1347.50;"25/09/2026 17:35";CET;78189;105468729.25;1347.50;25/09/2026
"HERMES INTL";FR0000052292;2RMS;"Trading After Hours";EUR;1978.50;1978.50;1978.50;1978.50;"24/07/2024 19:19";CET;1;1978.50;1347.50;25/09/2026
"Hershey Co/The";US4278661081;1HSY;"Euronext Global Equity Market";EUR;148.25;148.25;148.25;148.25;"25/09/2026 09:00";CET;1;148.25;146.45;25/09/2026
"HEWLETT PACKARD EN";US42824C1099;4HPE;EuroTLX;EUR;48.69;48.69;48.69;48.69;"09/09/2026 15:35";CET;19;925.11;56.06;25/09/2026
"HEWLETT PACKARD EN";US42824C1099;1HPE;"Euronext Global Equity Market";EUR;56.90;56.92;55.92;56.20;"25/09/2026 17:35";CET;420;23813.22;56.20;25/09/2026
"HEWLETT PACKARD EN";US42824C1099;2HPE;"Trading After Hours";EUR;53.70;53.70;53.70;53.70;"21/09/2026 18:00";CET;330;17721.00;56.20;25/09/2026
"Hexagon AB";SE0015961909;1HEXA;"Euronext Global Equity Market";EUR;8.312;8.312;8.312;8.312;"24/09/2026 13:06";CET;200;1662.40;8.294;25/09/2026
"HEXAGON COMPOSITES";NO0003067902;HEX;"Oslo Børs";NOK;12.54;12.62;12.43;12.44;"25/09/2026 16:25";CET;606802;7581446.18;12.44;25/09/2026
"HEXAGON PURUS";NO0013751966;HPUR;"Oslo Børs";NOK;4.32;4.50;4.05;4.36;"25/09/2026 16:19";CET;72983;315377.03;4.36;25/09/2026
HEXAOM;FR0004159473;ALHEX;"Euronext Growth Paris";EUR;20.40;21.50;19.90;21.50;"25/09/2026 17:35";CET;63479;1274486.00;21.50;25/09/2026
Hexpol;SE0007074281;1HPOL;"Euronext Global Equity Market";EUR;8.285;8.285;8.285;8.285;"24/09/2026 14:33";CET;70;579.95;8.365;25/09/2026
"HF COMPANY";FR0000038531;ALHF;"Euronext Growth Paris";EUR;3.95;4.06;3.95;4.06;"25/09/2026 17:29";CET;425;1686.40;4.06;25/09/2026
"HF SINCLAIR CORP";US4039491000;1DINO;"Euronext Global Equity Market";EUR;101.70;101.70;101.70;101.70;"18/09/2026 09:58";CET;44;4474.80;94.06;25/09/2026
HHLA;DE000A0S8488;4HHFA;EuroTLX;EUR;23.10;23.10;23.10;23.10;"05/03/2026 11:04";CET;12;277.20;21.50;25/09/2026
"HIAB CORPORATION";FI4000571013;1HIAB;"Euronext Global Equity Market";EUR;62.80;62.80;62.80;62.80;"17/09/2026 10:27";CET;6;376.80;60.15;25/09/2026
"HIGH CO";FR0000054231;HCO;"Euronext Paris";EUR;3.395;3.455;3.395;3.455;"25/09/2026 17:35";CET;7059;24201.275;3.455;25/09/2026
"HIGH QUALITY FOOD";IT0005450694;HQF;"Euronext Growth Milan";EUR;0.50;0.51;0.49;0.51;"25/09/2026 17:29";CET;12000;5954.25;0.496;25/09/2026
"HILTON WORLDWIDE H";US43300A2033;2HLT;"Trading After Hours";EUR;187.60;187.60;187.60;187.60;"11/03/2024 20:06";CET;3;562.80;273.20;25/09/2026
"HILTON WORLDWIDE H";US43300A2033;4HLT;EuroTLX;EUR;298.40;298.40;298.40;298.40;"10/06/2026 11:23";CET;1;298.40;272.80;25/09/2026
"HILTON WORLDWIDE H";US43300A2033;1HLT;"Euronext Global Equity Market";EUR;281.00;281.00;281.00;281.00;"06/08/2026 16:17";CET;5;1405.00;273.20;25/09/2026
"HIMALAYA SHIPPING";BMG4660A1036;HSHP;"Oslo Børs";NOK;171.80;171.80;164.60;167.20;"25/09/2026 16:25";CET;144491;24151335.60;167.20;25/09/2026
"HIPAY GROUP";FR0012821916;ALHYP;"Euronext Growth Paris";EUR;4.65;4.65;4.38;4.64;"25/09/2026 16:26";CET;3377;15467.94;4.64;25/09/2026
HITECHPROS;FR0010396309;ALHIT;"Euronext Growth Paris";EUR;14.70;14.70;14.10;14.10;"25/09/2026 17:16";CET;1464;20643.00;14.10;25/09/2026
HK;DE000A11Q133;MLHK;"Euronext Access Paris";EUR;32.30;33.00;32.30;33.00;"25/09/2026 16:30";CET;342;11090.00;33.00;25/09/2026
"HOCHE BAINS L.BAIN";FR0000051302;MLHBB;"Euronext Access Paris";EUR;65.00;65.00;65.00;65.00;"23/09/2026 11:30";CET;5;325.00;65.00;25/09/2026
HOCHTIEF;DE0006070006;4HOT;EuroTLX;EUR;542.00;542.00;542.00;542.00;"06/05/2026 12:56";CET;14;7588.00;398.20;25/09/2026
HOCHTIEF;DE0006070006;1HOT;"Euronext Global Equity Market";EUR;391.20;391.20;391.20;391.20;"17/09/2026 09:04";CET;10;3912.00;398.20;25/09/2026
HOCHTIEF;DE0006070006;2HOT;"Trading After Hours";EUR;526.00;526.00;526.00;526.00;"18/06/2026 18:00";CET;2;1052.00;398.20;25/09/2026
HOFFMANN;FR0013451044;ALHGR;"Euronext Growth Paris";EUR;3.92;3.93;3.885;3.93;"25/09/2026 17:35";CET;8496;33171.26;3.93;25/09/2026
"HOFSETH BIOCARE";NO0010598683;HBC;"Oslo Børs";NOK;1.20;1.50;1.20;1.41;"25/09/2026 16:19";CET;1443125;2032599.265;1.41;25/09/2026
Holcim;CH0012214059;1HOLN;"Euronext Global Equity Market";EUR;71.42;71.42;71.42;71.42;"24/09/2026 15:26";CET;150;10713.00;68.82;25/09/2026
"HOLLAND COLOURS";NL0000440311;HOLCO;"Euronext Amsterdam";EUR;80.00;80.00;78.00;78.00;"24/09/2026 09:02";CET;20;1580.00;78.00;25/09/2026
Holmen;SE0011090018;1HOLM;"Euronext Global Equity Market";EUR;30.40;30.40;30.40;30.40;"07/04/2026 14:31";CET;30;912.00;29.16;25/09/2026
"HOME CONCEPT";FR0012336691;MLHCF;"Euronext Access Paris";EUR;16.40;16.40;16.40;16.40;"06/11/2025 11:35";CET;10;164.00;16.40;25/09/2026
"HOME DEPOT";US4370761029;1HD;"Euronext Global Equity Market";EUR;268.80;268.80;268.80;268.80;"15/09/2026 14:52";CET;2;537.60;256.10;25/09/2026
"HOME DEPOT";US4370761029;2HD;"Trading After Hours";EUR;325.15;325.15;325.15;325.15;"05/02/2026 20:27";CET;22;7153.30;256.10;25/09/2026
"HOME DEPOT";US4370761029;4HD;EuroTLX;EUR;260.80;260.80;260.80;260.80;"23/09/2026 15:55";CET;7;1825.60;256.20;25/09/2026
"HOME INVEST BE.";BE0974409410;HOMI;"Euronext Brussels";EUR;17.62;17.78;17.56;17.56;"25/09/2026 17:35";CET;5558;98181.28;17.56;25/09/2026
HOMIZY;IT0005468662;HZY;"Euronext Growth Milan";EUR;2.00;2.00;2.00;2.00;"16/09/2026 17:35";CET;1000;2000.00;2.00;25/09/2026
"HONEYWELL INTERN";US4385162056;1HON;"Euronext Global Equity Market";EUR;185.32;185.32;185.32;185.32;"24/09/2026 12:07";CET;5;926.60;185.84;25/09/2026
"HONEYWELL INTERN";US4385162056;2HON;"Trading After Hours";EUR;200.80;200.80;200.80;200.80;"17/06/2026 18:03";CET;14;2811.20;185.84;25/09/2026
HOPENING;FR0010312181;MLHPE;"Euronext Access Paris";EUR;5.10;5.10;5.10;5.10;"28/08/2026 11:30";CET;3;15.30;5.10;25/09/2026
HOPIUM;FR0014010QE1;ALHPI;"Euronext Growth Paris";EUR;0.0035;0.0035;0.0034;0.0034;"25/09/2026 17:35";CET;8136976;27880.4485;0.0034;25/09/2026
"HOPSCOTCH GROUPE";FR0000065278;ALHOP;"Euronext Growth Paris";EUR;13.50;13.50;13.25;13.25;"25/09/2026 14:11";CET;264;3535.95;13.25;25/09/2026
"Hormel Foods Corp";US4404521001;1HRL;"Euronext Global Equity Market";EUR;17.985;17.985;17.985;17.985;"22/09/2026 16:24";CET;949;17067.77;17.18;25/09/2026
"HOSTELWORLD GROUP";GB00BYYN4225;HSW;"Euronext Dublin";EUR;1.40;1.40;1.40;1.40;"18/08/2026 13:44";IST;1;1.40;1.39;25/09/2026
"HOTELES BESTPRICE";ES0105664009;MLHBP;"Euronext Access Paris";EUR;3.00;3.00;3.00;3.00;"22/09/2026 16:30";CET;950;2850.00;3.00;25/09/2026
HOTELIM;FR0000053738;MLHOT;"Euronext Access Paris";EUR;53.50;53.50;53.50;53.50;"14/09/2026 11:52";CET;49;2621.50;53.50;25/09/2026
"HOTELS DE PARIS";FR0004165801;HDP;"Euronext Paris";EUR;1.88;1.88;1.88;1.88;"25/09/2026 16:30";CET;1041;1957.08;1.88;25/09/2026
HOTL.IMMOB.NICE;FR0006563904;MLHIN;"Euronext Access Paris";EUR;280.00;280.00;280.00;280.00;"23/09/2026 13:51";CET;77;21560.00;280.00;25/09/2026
"Howmet Aerospace";US4432011082;1HWM;"Euronext Global Equity Market";EUR;199.95;201.10;199.95;201.10;"23/09/2026 16:53";CET;4;800.95;201.50;25/09/2026
HP;US40434L1052;4HPQ;EuroTLX;EUR;28.29;28.29;28.29;28.29;"24/09/2026 12:32";CET;175;4950.75;27.74;25/09/2026
HP;US40434L1052;2HPQ;"Trading After Hours";EUR;24.93;24.93;24.93;24.93;"29/07/2026 19:19";CET;30;747.90;27.73;25/09/2026
HP;US40434L1052;1HPQ;"Euronext Global Equity Market";EUR;27.31;27.59;27.09;27.59;"25/09/2026 15:58";CET;902;24654.20;27.73;25/09/2026
"HUBSPOT INC";US4435731009;1HUBS;"Euronext Global Equity Market";EUR;193.00;193.00;193.00;193.00;"23/09/2026 15:38";CET;11;2123.00;193.50;25/09/2026
"HUDDLESTOCK FINTEC";NO0010859648;HUDL;"Euronext Growth Oslo";NOK;0.522;0.54;0.504;0.536;"25/09/2026 16:19";CET;372974;196405.144;0.536;25/09/2026
HUDDLY;NO0013470534;HDLY;"Euronext Growth Oslo";NOK;20.50;22.70;20.50;22.00;"25/09/2026 15:41";CET;10148;219417.60;22.00;25/09/2026
"HUGO BOSS";DE000A1PHFF7;4BOSS;EuroTLX;EUR;34.37;34.37;34.37;34.37;"03/12/2025 14:42";CET;50;1718.50;38.28;25/09/2026
"HUGO BOSS";DE000A1PHFF7;1BOSS;"Euronext Global Equity Market";EUR;38.02;38.02;38.02;38.02;"11/09/2026 17:02";CET;100;3802.00;38.28;25/09/2026
"HUGO BOSS";DE000A1PHFF7;2BOSS;"Trading After Hours";EUR;36.91;36.91;36.91;36.91;"31/07/2026 18:55";CET;35;1291.85;38.28;25/09/2026
"Huhtamaki Oyj";FI0009000459;1HUH;"Euronext Global Equity Market";EUR;31.46;31.46;31.46;31.46;"24/08/2026 09:00";CET;8;251.68;30.62;25/09/2026
"Humana Inc";US4448591028;1HUM;"Euronext Global Equity Market";EUR;328.00;328.00;328.00;328.00;"22/09/2026 14:46";CET;14;4592.00;360.00;25/09/2026
"HUNTER GROUP";NO0012953720;HUNT;"Euronext Expand Oslo";NOK;17.24;17.40;16.38;17.00;"25/09/2026 16:27";CET;7600784;127362621.82;17.00;25/09/2026
"HUNTINGTON BANCSH";US4461501045;2HU3;"Trading After Hours";EUR;15.19;15.19;15.19;15.19;"27/07/2026 19:59";CET;100;1519.00;13.63;25/09/2026
"HUNTINGTON BANCSH";US4461501045;1HU3;"Euronext Global Equity Market";EUR;13.648;13.648;13.648;13.648;"21/09/2026 10:00";CET;6;81.89;13.63;25/09/2026
"HUNTINGTON BANCSH";US4461501045;4HU3;EuroTLX;EUR;15.346;15.346;15.346;15.346;"11/09/2025 15:04";CET;3;46.04;13.654;25/09/2026
"Huntington Ing";US4464131063;1HII;"Euronext Global Equity Market";EUR;241.10;241.10;241.10;241.10;"11/09/2026 09:00";CET;5;1205.50;230.20;25/09/2026
HUNYVERS;FR0014007LQ2;ALHUN;"Euronext Growth Paris";EUR;5.30;5.30;5.30;5.30;"25/09/2026 14:53";CET;92;487.60;5.30;25/09/2026
Husqvarna;SE0001662230;1HUSQ;"Euronext Global Equity Market";EUR;4.147;4.147;4.147;4.147;"03/11/2025 09:00";CET;50;207.35;3.066;25/09/2026
"HUT 8 CORP. O.N.";US44812J1043;2HUT;"Trading After Hours";EUR;100.00;100.00;100.00;100.00;"24/06/2026 19:31";CET;100;10000.00;86.11;25/09/2026
"HUT 8 CORP. O.N.";US44812J1043;1HUT;"Euronext Global Equity Market";EUR;92.31;92.31;86.08;86.08;"25/09/2026 17:13";CET;166;14504.98;86.11;25/09/2026
"HYBRID SOFTWARE GR";GB00BYN5BY03;HYSG;"Euronext Brussels";EUR;3.92;3.92;3.86;3.86;"25/09/2026 16:29";CET;3922;15245.20;3.86;25/09/2026
HYDRATEC;NL0009391242;HYDRA;"Euronext Amsterdam";EUR;246.00;246.00;242.00;242.00;"25/09/2026 16:51";CET;316;77372.00;242.00;25/09/2026
HYDRAULIQUEHOLDING;FR0000064735;MLHYD;"Euronext Access Paris";EUR;720.00;720.00;720.00;720.00;"26/08/2026 16:30";CET;6;4320.00;720.00;25/09/2026
HYDRO-EXPLOIT.;FR0005843125;MLHYE;"Euronext Access Paris";EUR;110.00;110.00;110.00;110.00;"17/09/2026 11:30";CET;1;110.00;110.00;25/09/2026
"HYDROGEN REFUELING";FR0014001PM5;ALHRS;"Euronext Growth Paris";EUR;0.851;1.242;0.851;1.23;"25/09/2026 17:35";CET;244734;266650.175;1.23;25/09/2026
HYDROGENPRO;NO0010892359;HYPRO;"Oslo Børs";NOK;0.498;0.499;0.48;0.49;"25/09/2026 16:25";CET;504069;244938.684;0.49;25/09/2026
HYLORIS;BE0974363955;HYL;"Euronext Brussels";EUR;4.50;4.56;4.42;4.45;"25/09/2026 17:28";CET;6863;30793.03;4.45;25/09/2026
HYNION;NO0010920945;HYN;"Euronext Growth Oslo";NOK;0.0198;0.0198;0.0178;0.0196;"16/01/2026 16:27";CET;943571;17880.98;0.0196;25/09/2026
"Hypoport SE";DE0005493365;1HYQ;"Euronext Global Equity Market";EUR;69.75;72.45;69.75;72.45;"25/09/2026 13:09";CET;34;2425.50;73.10;25/09/2026
"HÖEGH AUTOLINERS";NO0011082075;HAUTO;"Oslo Børs";NOK;184.00;186.20;181.90;184.00;"25/09/2026 16:25";CET;229908;42179705.45;184.00;25/09/2026
"HØLAND OG SETSKOG";NO0010012636;HSPG;"Oslo Børs";NOK;116.02;116.02;116.00;116.00;"25/09/2026 14:37";CET;268;31088.60;116.00;25/09/2026
"I GRANDI VIAGGI";IT0005108219;IGV;"Euronext Milan";EUR;1.806;1.808;1.77;1.77;"25/09/2026 17:35";CET;6711;11947.71;1.77;25/09/2026
I.M.D.;IT0005549255;IMD;"Euronext Growth Milan";EUR;1.30;1.30;1.30;1.30;"25/09/2026 17:02";CET;4500;5850.00;1.30;25/09/2026
I2S;FR0005854700;ALI2S;"Euronext Growth Paris";EUR;6.55;6.55;6.55;6.55;"22/09/2026 16:30";CET;930;6091.50;6.55;25/09/2026
"IANTE INVESTMENTS";ES0105479002;MLINT;"Euronext Access Paris";EUR;4.62;4.62;4.62;4.62;"20/05/2022 16:30";CET;700;3234.00;4.58;25/09/2026
IBA;BE0003766806;IBAB;"Euronext Brussels";EUR;15.26;15.62;15.24;15.60;"25/09/2026 17:35";CET;14655;226850.78;15.60;25/09/2026
IBERDROLA;ES0144580Y14;1IBE;"Euronext Global Equity Market";EUR;20.01;20.43;20.01;20.39;"25/09/2026 17:29";CET;938;19130.13;20.34;25/09/2026
IBERDROLA;ES0144580Y14;4IBE;EuroTLX;EUR;19.745;19.745;19.745;19.745;"02/09/2026 09:27";CET;16;315.92;20.35;25/09/2026
IBERDROLA;ES0144580Y14;2IBE;"Trading After Hours";EUR;19.67;19.67;19.17;19.20;"24/09/2026 18:39";CET;556;10759.36;20.34;25/09/2026
IBERSOL,SGPS;PTIBS0AM0008;IBS;"Euronext Lisbon";EUR;10.08;10.10;9.98;10.00;"25/09/2026 21:35";BST;63570;635883.08;10.00;25/09/2026
IBM;US4592001014;1IBM;"Euronext Global Equity Market";EUR;200.00;200.50;199.00;199.68;"25/09/2026 17:35";CET;690;137649.42;199.68;25/09/2026
IBM;US4592001014;2IBM;"Trading After Hours";EUR;199.26;199.26;199.26;199.26;"24/09/2026 18:00";CET;15;2988.90;199.68;25/09/2026
IBM;US4592001014;4IBM;EuroTLX;EUR;200.20;200.20;200.20;200.20;"25/08/2026 10:51";CET;25;5005.00;199.58;25/09/2026
ICADE;FR0000035081;ICAD;"Euronext Paris";EUR;16.70;16.80;16.38;16.47;"25/09/2026 17:35";CET;144358;2391682.705;16.47;25/09/2026
ICADE;FR0000035081;2ICAD;"Trading After Hours";EUR;-;-;-;-;-;CET;-;-;16.47;25/09/2026
"ICAPE HOLDING";FR001400A3Q3;ALICA;"Euronext Growth Paris";EUR;8.00;8.62;8.00;8.44;"25/09/2026 15:32";CET;2155;18071.14;8.44;25/09/2026
"ICELANDIC SALMON";NO0010724701;ISLAX;"Euronext Growth Oslo";NOK;58.50;58.50;58.50;58.50;"25/09/2026 15:03";CET;196;11466.00;58.50;25/09/2026
ICOP;IT0001214433;ICOP;"Euronext Milan";EUR;30.30;30.70;29.90;30.60;"25/09/2026 17:35";CET;12122;368469.90;30.60;25/09/2026
"ID LOGISTICS GROUP";FR0010929125;IDL;"Euronext Paris";EUR;323.00;325.50;321.00;324.50;"25/09/2026 17:35";CET;9258;3002252.00;324.50;25/09/2026
"IDEX BIOMETRICS";NO0013536078;IDEX;"Oslo Børs";NOK;6.00;6.00;5.40;5.68;"25/09/2026 16:25";CET;73142;403602.20;5.68;25/09/2026
"IDEX Corp";US45167R1041;1IEX;"Euronext Global Equity Market";EUR;192.90;200.20;192.90;200.20;"31/07/2026 15:56";CET;14;2751.70;201.40;25/09/2026
"IDEXX Lab";US45168D1046;1IDXX;"Euronext Global Equity Market";EUR;447.70;447.70;447.70;447.70;"18/09/2026 09:34";CET;3;1343.10;454.20;25/09/2026
IDI;FR0000051393;IDIP;"Euronext Paris";EUR;70.00;70.00;69.20;69.40;"25/09/2026 17:35";CET;420;29283.20;69.40;25/09/2026
IDNTT;CH1118852594;IDNTT;"Euronext Growth Milan";EUR;3.10;3.14;3.08;3.14;"23/09/2026 14:29";CET;8000;24800.00;3.14;25/09/2026
IDS;FR0000079691;MLIDS;"Euronext Access Paris";EUR;0.50;0.50;0.50;0.50;"17/09/2026 11:30";CET;800;400.00;0.50;25/09/2026
"IEP INVEST";BE0003748622;IEP;"Euronext Brussels";EUR;0.002;0.002;0.002;0.002;"24/07/2026 11:40";CET;5;0.01;0.002;25/09/2026
"IES HOLDINGS INC";US44951W1062;1IESC;"Euronext Global Equity Market";EUR;272.60;272.60;272.60;272.60;"15/09/2026 17:00";CET;20;5452.00;279.50;25/09/2026
"IEVA GROUP";FR0014015ND9;ALIEV;"Euronext Growth Paris";EUR;9.50;9.50;9.14;9.30;"25/09/2026 17:35";CET;310;2874.28;9.30;25/09/2026
IGD;IT0005322612;IGD;"Euronext Milan";EUR;3.665;3.70;3.655;3.685;"25/09/2026 17:35";CET;59038;217543.04;3.685;25/09/2026
"IGIS NEPTUNE";ES0105551008;MLABC;"Euronext Access Paris";EUR;11.43;11.43;11.43;11.43;"31/08/2021 00:00";CET;-;-;9.80;25/09/2026
IKONISYS;FR00140048X2;ALIKO;"Euronext Growth Paris";EUR;1.41;1.43;1.41;1.42;"25/09/2026 17:29";CET;5112;7252.21;1.42;25/09/2026
ILLA;IT0005578395;ILLA;"Euronext Growth Milan";EUR;0.0001;0.0001;0.0001;0.0001;"07/06/2024 16:49";CET;102260000;10226.00;0.0005;25/09/2026
"Illinois Tool W";US4523081093;1ITW;"Euronext Global Equity Market";EUR;240.70;240.70;240.70;240.70;"23/09/2026 12:35";CET;30;7221.00;240.30;25/09/2026
ILLUMINA;US4523271090;4ILMN;EuroTLX;EUR;167.70;167.70;167.70;167.70;"08/07/2026 13:10";CET;2;335.40;240.80;25/09/2026
ILLUMINA;US4523271090;1ILMN;"Euronext Global Equity Market";EUR;241.60;242.50;238.95;242.50;"25/09/2026 17:16";CET;65;15652.75;240.90;25/09/2026
ILLUMINA;US4523271090;2ILMN;"Trading After Hours";EUR;198.78;198.78;198.78;198.78;"16/09/2026 18:46";CET;1;198.78;240.90;25/09/2026
ILPRA;IT0005359101;ILP;"Euronext Growth Milan";EUR;8.25;8.85;8.25;8.85;"25/09/2026 17:14";CET;16800;142710.00;8.85;25/09/2026
IMALLIANCE;FR0010086371;MLIML;"Euronext Access Paris";EUR;0.61;0.61;0.61;0.61;"24/09/2026 11:30";CET;43;26.23;0.61;25/09/2026
"IMBAKIN HOLDING";BE6264882406;-;"Euronext Expert Market";EUR;0.025;0.025;0.025;0.025;"25/08/2026 11:30";CET;484;12.10;0.025;25/09/2026
IMCD;NL0010801007;IMCD;"Euronext Amsterdam";EUR;93.72;96.36;93.34;95.90;"25/09/2026 17:35";CET;113354;10837908.85;95.90;25/09/2026
IMCD;NL0010801007;2IMCD;"Trading After Hours";EUR;-;-;-;-;-;CET;-;-;95.90;25/09/2026
"IMEON ENERGY";FR001400QW73;MLIME;"Euronext Access Paris";EUR;-;-;-;-;-;CET;-;-;5.45;25/09/2026
IMERYS;FR0000120859;NK;"Euronext Paris";EUR;22.38;22.54;22.20;22.40;"25/09/2026 17:35";CET;47410;1061744.12;22.40;25/09/2026
IMERYS;FR0000120859;2NK;"Trading After Hours";EUR;-;-;-;-;-;CET;-;-;22.40;25/09/2026
IMM.PARIS.PERLE;FR0006859039;MLIPP;"Euronext Access Paris";EUR;191.00;191.00;191.00;191.00;"18/09/2026 11:30";CET;1;191.00;191.00;25/09/2026
IMMAGRIFOR;BE0020932779;-;"Euronext Expert Market";EUR;396.00;396.00;396.00;396.00;"04/08/2015 11:30";CET;1550;613800.00;396.00;25/09/2026
IMMERSION;FR0013060100;ALIMR;"Euronext Growth Paris";EUR;2.18;2.32;2.18;2.32;"22/09/2026 16:30";CET;895;1951.24;2.32;25/09/2026
"IMMO MCC";BE0974287196;MCC;"Euronext Brussels";EUR;520.00;520.00;520.00;520.00;"25/09/2026 11:30";CET;1;520.00;520.00;25/09/2026
"IMMO MOURY";BE0003893139;IMMOU;"Euronext Brussels";EUR;34.00;34.00;34.00;34.00;"25/09/2026 11:30";CET;35;1190.00;34.00;25/09/2026
IMMOB.DASSAULT;FR0000033243;IMDA;"Euronext Paris";EUR;42.00;42.00;41.20;41.30;"25/09/2026 17:35";CET;791;32969.00;41.30;25/09/2026
IMMOBEL;BE0003599108;IMMO;"Euronext Brussels";EUR;18.60;18.60;18.25;18.30;"25/09/2026 17:35";CET;3581;65926.65;18.30;25/09/2026
IMMSI;IT0001413837;IMS;"Euronext Milan";EUR;0.519;0.524;0.514;0.516;"25/09/2026 17:35";CET;56332;29190.928;0.516;25/09/2026
IMPIANTI;IT0005518953;MPT;"Euronext Growth Milan";EUR;1.10;1.15;1.01;1.055;"25/09/2026 17:35";CET;130500;139102.50;1.055;25/09/2026
"IMPINJ INC";US4532041096;1PI;"Euronext Global Equity Market";EUR;160.10;160.10;160.10;160.10;"21/09/2026 17:35";CET;64;10246.40;157.50;25/09/2026
IMPLANET;FR0013470168;ALIMP;"Euronext Growth Paris";EUR;0.1648;0.1648;0.156;0.1634;"25/09/2026 17:35";CET;112280;17930.2434;0.1634;25/09/2026
IMPRESA,SGPS;PTIPR0AM0000;IPR;"Euronext Lisbon";EUR;0.2005;0.204;0.2005;0.2015;"25/09/2026 21:35";BST;3170;639.503;0.2015;25/09/2026
"IMPRIMERIE CHIRAT";FR0000065773;MLIMP;"Euronext Access Paris";EUR;3.60;3.60;3.60;3.60;"16/09/2026 11:30";CET;200;720.00;3.60;25/09/2026
"IMPULSE FITNESS";ES0105590006;MLIFS;"Euronext Access Paris";EUR;7.00;7.00;7.00;7.00;"18/02/2026 16:30";CET;50;350.00;7.00;25/09/2026
"INCLUSIO SA/NV";BE0974374069;INCLU;"Euronext Brussels";EUR;16.50;16.50;16.30;16.40;"25/09/2026 17:35";CET;781;12848.30;16.40;25/09/2026
INCYTE;US45337C1027;2INCY;"Trading After Hours";EUR;105.75;105.75;105.75;105.75;"30/07/2026 19:34";CET;5;528.75;108.85;25/09/2026
INCYTE;US45337C1027;4INCY;EuroTLX;EUR;113.85;113.85;113.85;113.85;"29/07/2026 10:49";CET;3;341.55;108.85;25/09/2026
INCYTE;US45337C1027;1INCY;"Euronext Global Equity Market";EUR;108.80;108.80;108.80;108.80;"25/09/2026 14:29";CET;16;1740.80;108.85;25/09/2026
"IND CHIMICHE FORES";IT0005416281;ICF;"Euronext Growth Milan";EUR;6.20;6.25;6.15;6.15;"25/09/2026 17:35";CET;17127;106781.75;6.15;25/09/2026
"INDEL B";IT0005245508;INDB;"Euronext Milan";EUR;18.30;18.30;18.30;18.30;"25/09/2026 16:41";CET;16;292.80;18.30;25/09/2026
INDITEX;ES0148396007;1ITX;"Euronext Global Equity Market";EUR;52.62;52.62;52.62;52.62;"24/09/2026 09:00";CET;25;1315.50;53.30;25/09/2026
INDITEX;ES0148396007;2ITX;"Trading After Hours";EUR;54.48;54.48;54.48;54.48;"23/09/2026 18:00";CET;30;1634.40;53.30;25/09/2026
INDITEX;ES0148396007;4ITX;EuroTLX;EUR;54.14;54.14;54.14;54.14;"09/09/2026 12:22";CET;10;541.40;53.34;25/09/2026
"Indra Sistemas";ES0118594417;1IDR;"Euronext Global Equity Market";EUR;61.40;61.40;61.40;61.40;"23/09/2026 09:01";CET;15;921.00;61.78;25/09/2026
INDUCT;NO0010536048;INDCT;"Euronext Growth Oslo";NOK;0.60;0.628;0.57;0.628;"25/09/2026 15:28";CET;92799;53962.11;0.628;25/09/2026
"INDUS HOLDING";DE0006200108;2INH;"Trading After Hours";EUR;30.35;30.35;30.35;30.35;"20/05/2026 18:06";CET;1;30.35;38.80;25/09/2026
"INDUS HOLDING";DE0006200108;4INH;EuroTLX;EUR;23.70;23.70;23.70;23.70;"28/07/2025 10:58";CET;11;260.70;38.75;25/09/2026
"INDUS HOLDING";DE0006200108;1INH;"Euronext Global Equity Market";EUR;39.00;39.00;39.00;39.00;"24/09/2026 11:51";CET;7;273.00;38.80;25/09/2026
"INDUSTRIE DE NORA";IT0005186371;DNR;"Euronext Milan";EUR;5.955;6.01;5.86;5.86;"25/09/2026 17:35";CET;619264;3668568.525;5.86;25/09/2026
Industrivarden;SE0000107203;1INDU;"Euronext Global Equity Market";EUR;44.38;44.38;44.38;44.38;"28/04/2026 09:00";CET;20;887.60;47.83;25/09/2026
Indutrade;SE0001515552;1INDT;"Euronext Global Equity Market";EUR;22.78;22.78;22.78;22.78;"17/07/2026 09:00";CET;40;911.20;22.46;25/09/2026
"INFINEON TECHNOLOG";DE0006231004;1IFX;"Euronext Global Equity Market";EUR;57.42;57.42;56.86;56.86;"25/09/2026 14:44";CET;609;34813.76;57.04;25/09/2026
"INFINEON TECHNOLOG";DE0006231004;2IFX;"Trading After Hours";EUR;54.41;54.41;54.41;54.41;"24/09/2026 18:08";CET;19;1033.79;57.04;25/09/2026
"INFINEON TECHNOLOG";DE0006231004;4IFX;EuroTLX;EUR;58.19;58.19;58.19;58.19;"22/09/2026 10:18";CET;35;2036.65;57.07;25/09/2026
INFOCLIP;FR0011158823;MLIFC;"Euronext Access Paris";EUR;22.14;22.14;22.14;22.14;"25/09/2026 16:42";CET;485;10737.90;22.14;25/09/2026
INFOTEL;FR0000071797;INF;"Euronext Paris";EUR;38.80;40.10;38.80;40.10;"25/09/2026 17:35";CET;16821;662804.00;40.10;25/09/2026
INFRABEL;BE6265912038;-;"Euronext Expert Market";EUR;6.70;6.70;6.70;6.70;"16/09/2025 11:30";CET;1723;11544.10;6.70;25/09/2026
"ING GROEP";NL0011821202;4INGA;EuroTLX;EUR;29.865;29.865;29.865;29.865;"24/08/2026 09:58";CET;194;5793.81;31.80;25/09/2026
"ING GROEP";NL0011821202;2INGA;"Trading After Hours";EUR;31.95;31.95;31.94;31.94;"25/09/2026 19:36";CET;1030;32902.50;31.945;25/09/2026
"ING GROEP";NL0011821202;1INGA;"Euronext Global Equity Market";EUR;32.16;32.16;31.84;31.84;"25/09/2026 17:39";CET;1060;33957.34;31.78;25/09/2026
"ING GROEP N.V.";NL0011821202;INGA;"Euronext Amsterdam, Brussels";EUR;31.85;32.18;31.76;31.795;"25/09/2026 17:38";CET;5218127;166404886.525;31.795;25/09/2026
"INIFY LABORATORIES";SE0017486103;INIFY;"Euronext Growth Oslo";NOK;6.50;6.50;6.50;6.50;"25/09/2026 12:27";CET;251;1631.50;6.50;25/09/2026
"ININ GROUP";NO0010864036;ININ;"Euronext Growth Oslo";NOK;3.26;3.40;3.08;3.40;"25/09/2026 16:25";CET;23321;77995.00;3.40;25/09/2026
"INIZIAT BRESCIANE";IT0005037905;IB;"Euronext Growth Milan";EUR;8.60;8.60;8.60;8.60;"25/09/2026 16:32";CET;270;2322.00;8.60;25/09/2026
INMARK;ES0105511002;MLINM;"Euronext Access Paris";EUR;17.90;17.90;17.90;17.90;"08/04/2021 00:00";CET;-;-;17.70;25/09/2026
INMOLECULE;ES0105908000;MLINA;"Euronext Access Paris";EUR;4.08;4.08;4.08;4.08;"14/09/2026 12:06";CET;100;408.00;4.08;25/09/2026
INMOSUPA;ES0105473005;MLISP;"Euronext Access Paris";EUR;1.62;1.62;1.62;1.62;"06/04/2020 00:00";CET;-;-;1.48;25/09/2026
"INNATE PHARMA";FR0010331421;4IPH;EuroTLX;EUR;1.558;1.558;1.558;1.558;"14/09/2026 11:53";CET;158;246.16;1.44;25/09/2026
"INNATE PHARMA";FR0010331421;IPH;"Euronext Paris";EUR;1.464;1.468;1.40;1.442;"25/09/2026 17:35";CET;357243;512385.901;1.442;25/09/2026
"INNELEC MULTIMEDIA";FR0000064297;ALINN;"Euronext Growth Paris";EUR;2.00;2.02;2.00;2.02;"25/09/2026 14:21";CET;242;487.00;2.02;25/09/2026
"INNODATA INC";US4576422053;1INOD;"Euronext Global Equity Market";EUR;63.70;65.00;60.50;61.60;"25/09/2026 17:35";CET;194;11948.70;61.60;25/09/2026
INNOVATEC;IT0005412298;INC;"Euronext Growth Milan";EUR;0.2765;0.278;0.271;0.274;"25/09/2026 17:35";CET;252330;69278.847;0.274;25/09/2026
"INNOVATIVE RFK SPA";IT0005391161;MLIRF;"Euronext Access Paris";EUR;1.80;1.80;1.80;1.80;"09/09/2026 11:30";CET;2000;3600.00;1.80;25/09/2026
INPOST;LU2290522684;2INPST;"Trading After Hours";EUR;10.93;10.93;10.93;10.93;"20/10/2025 18:04";CET;100;1093.00;15.55;25/09/2026
INPOST;LU2290522684;INPST;"Euronext Amsterdam";EUR;15.57;15.57;15.55;15.55;"25/09/2026 17:35";CET;13901713;216173151.72;15.55;25/09/2026
"INSIGHT ENTERPRISE";US45765U1034;1NSIT;"Euronext Global Equity Market";EUR;135.00;135.00;135.00;135.00;"24/09/2026 14:41";CET;7;945.00;142.00;25/09/2026
"INSMED INC";US4576693075;1INSM;"Euronext Global Equity Market";EUR;107.70;107.70;107.70;107.70;"15/09/2026 15:32";CET;150;16155.00;102.18;25/09/2026
INSTABANK;NO0010762792;INSTA;"Euronext Growth Oslo";NOK;4.76;4.95;4.76;4.90;"25/09/2026 16:25";CET;292993;1426142.69;4.90;25/09/2026
INSTALLUX;FR0000060451;ALLUX;"Euronext Growth Paris";EUR;490.00;490.00;490.00;490.00;"24/09/2026 12:01";CET;48;23520.00;490.00;25/09/2026
"Insulet Corp";US45784P1012;1PODD;"Euronext Global Equity Market";EUR;121.90;121.90;121.90;121.90;"16/09/2026 15:49";CET;253;30840.70;120.00;25/09/2026
INTEGRAGEN;FR0010908723;ALINT;"Euronext Growth Paris";EUR;0.0738;0.074;0.0738;0.0738;"25/09/2026 17:35";CET;1650;121.928;0.0738;25/09/2026
"INTEGRATED WIND SO";NO0013461350;IWS;"Oslo Børs";NOK;57.40;57.40;56.80;57.40;"25/09/2026 16:14";CET;3681;210124.20;57.40;25/09/2026
"INTEGRITAS VIAGER";FR0014003FN0;MLVIE;"Euronext Access Paris";EUR;120.00;120.00;120.00;120.00;"17/08/2026 16:30";CET;2;240.00;120.00;25/09/2026
INTEL;US4581401001;1INTC;"Euronext Global Equity Market";EUR;113.56;114.42;108.50;108.68;"25/09/2026 17:35";CET;51766;5793896.04;108.68;25/09/2026
INTEL;US4581401001;4INTC;EuroTLX;EUR;108.00;108.00;108.00;108.00;"25/09/2026 16:22";CET;30;3240.00;108.52;25/09/2026
INTEL;US4581401001;2INTC;"Trading After Hours";EUR;109.62;109.62;108.64;109.62;"25/09/2026 19:02";CET;2152;235782.68;109.56;25/09/2026
Interactive;US45841N1072;1IBKR;"Euronext Global Equity Market";EUR;80.38;80.38;80.38;80.38;"21/09/2026 13:46";CET;2;160.76;78.40;25/09/2026
Intercontinental;US45866F1049;1ICE;"Euronext Global Equity Market";EUR;134.50;134.50;134.50;134.50;"23/09/2026 10:21";CET;4;538.00;135.10;25/09/2026
INTERCOS;IT0005455875;ICOS;"Euronext Milan";EUR;13.10;13.26;13.06;13.10;"25/09/2026 17:35";CET;63037;826826.92;13.10;25/09/2026
"INTERDIGITAL INC";US45867G1013;1IDCC;"Euronext Global Equity Market";EUR;293.00;293.00;293.00;293.00;"07/08/2026 16:06";CET;20;5860.00;288.30;25/09/2026
"INTERNAT CARE COMP";IT0005469371;ICC;"Euronext Growth Milan";EUR;1.07;1.07;1.07;1.07;"11/09/2026 11:46";CET;1500;1605.00;1.07;25/09/2026
"INTERNATIONAL C A";ES0177542018;4IAG;EuroTLX;EUR;5.098;5.098;5.098;5.098;"23/09/2026 15:47";CET;1500;7647.00;5.066;25/09/2026
"INTERNATIONAL C A";ES0177542018;1IAG;"Euronext Global Equity Market";EUR;4.995;4.995;4.994;4.994;"07/09/2026 16:35";CET;11078;55323.61;5.07;25/09/2026
"INTERNATIONAL C A";ES0177542018;2IAG;"Trading After Hours";EUR;5.434;5.58;5.322;5.58;"07/07/2026 18:22";CET;4796;25850.94;5.07;25/09/2026
"International F&F";US4595061015;1IFF;"Euronext Global Equity Market";EUR;68.14;68.14;68.14;68.14;"20/07/2026 15:33";CET;130;8858.20;75.10;25/09/2026
"International P";US4601461035;1IP;"Euronext Global Equity Market";EUR;31.20;31.20;31.20;31.20;"22/09/2026 16:31";CET;787;24554.40;30.60;25/09/2026
"INTEROIL EXPL PROD";NO0013119255;IOX;"Oslo Børs";NOK;2.75;2.75;2.39;2.40;"25/09/2026 16:25";CET;618747;1515885.27;2.40;25/09/2026
INTERPARFUMS;FR0004024222;ITP;"Euronext Paris";EUR;30.66;30.70;30.30;30.38;"25/09/2026 17:35";CET;46455;1418483.22;30.38;25/09/2026
INTERPARFUMS;FR0004024222;2ITP;"Trading After Hours";EUR;-;-;-;-;-;CET;-;-;30.38;25/09/2026
"INTERPUMP GROUP";IT0001078911;IP;"Euronext Milan";EUR;35.68;35.86;35.40;35.50;"25/09/2026 17:35";CET;90261;3208709.50;35.50;25/09/2026
"INTERPUMP GROUP";IT0001078911;2IP;"Trading After Hours";EUR;35.40;35.40;35.40;35.40;"23/09/2026 18:55";CET;30;1062.00;35.50;25/09/2026
"INTESA SANPAOLO";IT0000072618;ISP;"Euronext Milan";EUR;6.814;6.83;6.727;6.788;"25/09/2026 17:36";CET;36407370;246794253.343;6.788;25/09/2026
"INTESA SANPAOLO";IT0000072618;2ISP;"Trading After Hours";EUR;6.775;6.82;6.758;6.82;"25/09/2026 20:29";CET;627016;4268815.168;6.808;25/09/2026
INTEXA;FR0000064958;ITXT;"Euronext Paris";EUR;2.50;2.50;2.50;2.50;"06/02/2026 16:30";CET;116;290.00;2.50;25/09/2026
INTRASENSE;FR0011179886;ALINS;"Euronext Growth Paris";EUR;0.22;0.22;0.212;0.214;"25/09/2026 17:35";CET;10960;2328.166;0.214;25/09/2026
INTRED;IT0005337818;ITD;"Euronext Growth Milan";EUR;8.66;9.08;8.66;9.08;"25/09/2026 17:35";CET;42723;378500.24;9.08;25/09/2026
INTUIT;US4612021034;2INTU;"Trading After Hours";EUR;293.50;293.50;293.50;293.50;"14/09/2026 19:14";CET;3;880.50;242.65;25/09/2026
INTUIT;US4612021034;4INTU;EuroTLX;EUR;290.50;290.50;290.50;290.50;"18/08/2026 09:46";CET;2;581.00;242.75;25/09/2026
INTUIT;US4612021034;1INTU;"Euronext Global Equity Market";EUR;242.40;243.85;240.00;242.65;"25/09/2026 17:35";CET;346;83548.80;242.65;25/09/2026
"INTUITIVE SURGICAL";US46120E6023;1ISRG;"Euronext Global Equity Market";EUR;351.65;351.65;346.15;346.15;"25/09/2026 15:49";CET;27;9456.05;354.10;25/09/2026
"INTUITIVE SURGICAL";US46120E6023;4ISRG;EuroTLX;EUR;332.40;333.00;332.40;333.00;"06/08/2026 14:30";CET;31;10305.00;353.95;25/09/2026
"INTUITIVE SURGICAL";US46120E6023;2ISRG;"Trading After Hours";EUR;352.70;352.70;352.70;352.70;"24/09/2026 18:15";CET;20;7054.00;354.10;25/09/2026
INVENTIVA;FR0013233012;IVA;"Euronext Paris";EUR;2.795;2.88;2.73;2.845;"25/09/2026 17:35";CET;628965;1769451.20;2.845;25/09/2026
"Invesco Ltd";BMG491BT1088;1IVZ;"Euronext Global Equity Market";EUR;25.32;26.54;25.32;26.54;"16/09/2026 15:39";CET;80;2074.40;26.77;25/09/2026
"Investment Lat";SE0010100958;1LATO;"Euronext Global Equity Market";EUR;-;-;-;-;-;CET;-;-;18.585;25/09/2026
"INVESTOR AB CLASS";SE0015811963;1INVEB;"Euronext Global Equity Market";EUR;36.105;36.11;36.105;36.11;"24/09/2026 10:58";CET;193;6969.23;36.39;25/09/2026
"INVESTOR AB CLASS";SE0015811963;4INVEB;EuroTLX;EUR;36.74;36.74;36.74;36.74;"22/09/2026 15:31";CET;553;20317.22;36.34;25/09/2026
"INVESTOR AB CLASS";SE0015811963;2INVEB;"Trading After Hours";EUR;25.16;25.16;25.16;25.16;"23/04/2025 20:21";CET;15;377.40;36.39;25/09/2026
"INVIBES ADVERTSING";BE0974299316;ALINV;"Euronext Growth Paris";EUR;1.40;1.45;1.40;1.45;"25/09/2026 15:30";CET;619;875.00;1.45;25/09/2026
INWIT;IT0005090300;INW;"Euronext Milan";EUR;6.53;6.66;6.48;6.50;"25/09/2026 17:35";CET;1403287;9182542.535;6.50;25/09/2026
INWIT;IT0005090300;2INW;"Trading After Hours";EUR;6.50;6.50;6.50;6.50;"25/09/2026 19:00";CET;400;2600.00;6.50;25/09/2026
"IONIS PHARMACEUTIC";US4622221004;1IONS;"Euronext Global Equity Market";EUR;38.30;39.00;38.30;39.00;"24/09/2026 16:31";CET;106;4114.40;39.27;25/09/2026
"IONQ INC";US46222L1089;1IONQ;"Euronext Global Equity Market";EUR;39.675;40.49;38.855;40.285;"25/09/2026 17:35";CET;8787;345457.795;40.285;25/09/2026
"IOVANCE BIOTHERAPE";US4622601007;1IOVA;"Euronext Global Equity Market";EUR;9.60;9.68;9.48;9.68;"25/09/2026 17:24";CET;1106;10587.84;9.58;25/09/2026
"IPOSA PROPERTIES";ES0105417002;MLIPO;"Euronext Access Paris";EUR;18.74;18.74;18.74;18.74;"05/08/2019 00:00";CET;-;-;18.60;25/09/2026
IPSEN;FR0010259150;2IPN;"Trading After Hours";EUR;-;-;-;-;-;CET;-;-;143.30;25/09/2026
IPSEN;FR0010259150;IPN;"Euronext Paris";EUR;149.20;149.50;141.10;143.30;"25/09/2026 17:35";CET;119496;17157910.75;143.30;25/09/2026
IPSOS;FR0000073298;2IPS;"Trading After Hours";EUR;-;-;-;-;-;CET;-;-;35.36;25/09/2026
IPSOS;FR0000073298;IPS;"Euronext Paris";EUR;35.14;35.36;34.92;35.36;"25/09/2026 17:35";CET;32857;1157772.11;35.36;25/09/2026
"IQVIA H";US46266C1053;1IQV;"Euronext Global Equity Market";EUR;234.10;234.10;234.10;234.10;"18/09/2026 17:25";CET;38;8895.80;238.80;25/09/2026
IRCE;IT0001077780;IRC;"Euronext Milan";EUR;2.22;2.30;2.22;2.26;"25/09/2026 17:35";CET;9129;20679.56;2.26;25/09/2026
IREN;IT0003027817;IRE;"Euronext Milan";EUR;2.482;2.52;2.474;2.476;"25/09/2026 17:35";CET;548287;1368821.894;2.476;25/09/2026
"IRIDIUM COMMUNICAT";US46269C1027;1IRDM;"Euronext Global Equity Market";EUR;41.60;42.60;41.60;42.60;"24/09/2026 17:10";CET;4;168.40;42.70;25/09/2026
"IRISH CONT. GP.";IE00BLP58571;IR5B;"Euronext Dublin";EUR;7.94;7.94;7.92;7.92;"25/09/2026 21:00";IST;4594;36384.82;7.92;25/09/2026
"IRISH RES. PROP.";IE00BJ34P519;IRES;"Euronext Dublin";EUR;1.096;1.096;1.058;1.06;"25/09/2026 21:00";IST;382636;407869.456;1.06;25/09/2026
"ISCC FINTECH";IT0005474108;ISC;"Euronext Growth Milan";EUR;0.90;0.946;0.90;0.946;"25/09/2026 10:00";CET;530;487.46;0.946;25/09/2026
ISPD;ES0109429037;ALISP;"Euronext Growth Paris";EUR;1.46;1.46;1.46;1.46;"25/09/2026 13:12";CET;1954;2852.84;1.46;25/09/2026
"IT LINK";FR0000072597;ALITL;"Euronext Growth Paris";EUR;12.85;13.30;12.60;12.60;"25/09/2026 17:25";CET;9997;130447.30;12.60;25/09/2026
"IT WAY";IT0003057624;ITW;"Euronext Milan";EUR;0.848;0.862;0.836;0.86;"25/09/2026 17:35";CET;3835;3255.646;0.86;25/09/2026
ITALGAS;IT0005211237;IG;"Euronext Milan";EUR;8.45;8.50;8.33;8.35;"25/09/2026 17:35";CET;1664481;13972236.752;8.35;25/09/2026
ITALGAS;IT0005211237;2IG;"Trading After Hours";EUR;8.53;8.55;8.53;8.55;"22/09/2026 18:42";CET;600;5123.90;8.35;25/09/2026
"ITALIAN EXHIBITION";IT0003411417;IEG;"Euronext Milan";EUR;16.60;17.15;16.25;17.15;"25/09/2026 17:35";CET;9156;151945.45;17.15;25/09/2026
"ITALIAN WINE BRAND";IT0005075764;IWB;"Euronext Growth Milan";EUR;16.64;16.70;16.40;16.40;"25/09/2026 17:35";CET;9916;163523.64;16.40;25/09/2026
ITALMOBILIARE;IT0005253205;ITM;"Euronext Milan";EUR;25.10;25.45;25.10;25.45;"25/09/2026 17:35";CET;11065;279703.30;25.45;25/09/2026
"ITALY INNOVAZIONI";IT0005336521;MLITN;"Euronext Access Paris";EUR;8.05;8.05;8.05;8.05;"22/01/2026 11:30";CET;1;8.05;8.05;25/09/2026
ITERA;NO0010001118;ITERA;"Oslo Børs";NOK;6.00;6.10;5.84;5.90;"25/09/2026 16:25";CET;16578;98792.90;5.90;25/09/2026
"ITRON INC";US4657411066;1ITRI;"Euronext Global Equity Market";EUR;82.06;82.06;82.06;82.06;"01/09/2026 16:51";CET;10;820.60;78.82;25/09/2026
"IVECO GROUP";NL0015000LU4;IVG;"Euronext Milan";EUR;14.08;14.115;14.08;14.105;"25/09/2026 17:38";CET;565857;7982924.92;14.105;25/09/2026
"IVECO GROUP";NL0015000LU4;2IVG;"Trading After Hours";EUR;14.10;14.10;14.02;14.085;"24/09/2026 18:40";CET;1446;20369.52;14.105;25/09/2026
"IVISION TECH";IT0005554784;IVN;"Euronext Growth Milan";EUR;1.36;1.36;1.36;1.36;"25/09/2026 17:35";CET;1500;2040.00;1.36;25/09/2026
"J M Smucker";US8326964058;1SJM;"Euronext Global Equity Market";EUR;104.50;105.55;104.50;105.55;"25/09/2026 16:03";CET;4;420.10;105.60;25/09/2026
J.MARTINS,SGPS;PTJMT0AE0001;JMT;"Euronext Lisbon";EUR;17.83;17.95;17.69;17.89;"25/09/2026 21:35";BST;1401823;25003922.89;17.89;25/09/2026
J.MARTINS,SGPS;PTJMT0AE0001;2JMT;"Trading After Hours";EUR;-;-;-;-;-;CET;-;-;17.89;25/09/2026
"J.P. MORGAN CHASE";US46625H1005;1JPM;"Euronext Global Equity Market";EUR;298.15;298.15;297.85;297.85;"25/09/2026 17:03";CET;31;9242.35;298.60;25/09/2026
"J.P. MORGAN CHASE";US46625H1005;2JPMC;"Trading After Hours";EUR;296.50;296.50;296.50;296.50;"23/09/2026 19:31";CET;10;2965.00;298.60;25/09/2026
"J.P. MORGAN CHASE";US46625H1005;4JPM;EuroTLX;EUR;318.35;318.35;318.35;318.35;"17/08/2026 15:40";CET;3;955.05;298.60;25/09/2026
"Jabil Inc";US4663131039;1JBL;"Euronext Global Equity Market";EUR;282.10;282.10;282.10;282.10;"25/09/2026 14:06";CET;4;1128.40;284.40;25/09/2026
"Jack Henry & Ass";US4262811015;1JKHY;"Euronext Global Equity Market";EUR;138.10;138.10;138.10;138.10;"17/09/2026 12:51";CET;10;1381.00;129.60;25/09/2026
JACKTEL;NO0012477704;JACK;"Euronext Growth Oslo";NOK;5.92;6.10;5.92;5.98;"25/09/2026 16:28";CET;277969;1667505.32;5.98;25/09/2026
"JACQUES BOGART";FR0012872141;JBOG;"Euronext Paris";EUR;1.89;2.02;1.885;1.885;"25/09/2026 17:35";CET;2914;5748.55;1.885;25/09/2026
"JACQUET METALS";FR0000033904;JCQ;"Euronext Paris";EUR;21.30;21.35;20.70;20.70;"25/09/2026 17:35";CET;4915;102855.30;20.70;25/09/2026
"JAZZ PHARMACEUTICA";IE00B4Q5ZN47;1JAZZ;"Euronext Global Equity Market";EUR;219.00;219.00;219.00;219.00;"21/09/2026 12:45";CET;10;2190.00;207.80;25/09/2026
JCDECAUX;FR0000077919;DEC;"Euronext Paris";EUR;24.82;25.08;24.74;24.96;"25/09/2026 17:36";CET;120785;3009841.23;24.96;25/09/2026
JCDECAUX;FR0000077919;2DEC;"Trading After Hours";EUR;-;-;-;-;-;CET;-;-;24.96;25/09/2026
JENOPTIK;DE000A2NB601;1JEN;"Euronext Global Equity Market";EUR;40.98;41.40;40.98;41.40;"24/09/2026 10:50";CET;148;6085.20;40.28;25/09/2026
JENOPTIK;DE000A2NB601;4JEN;EuroTLX;EUR;21.80;21.80;21.80;21.80;"19/01/2026 09:35";CET;60;1308.00;40.30;25/09/2026
JENOPTIK;DE000A2NB601;2JEN;"Trading After Hours";EUR;46.02;46.02;46.02;46.02;"17/06/2026 20:05";CET;100;4602.00;40.28;25/09/2026
JENSEN-GROUP;BE0003858751;JEN;"Euronext Brussels";EUR;76.20;77.40;76.20;77.40;"25/09/2026 17:35";CET;2331;179341.40;77.40;25/09/2026
"JETBLUE AIRWAYS";US4771431016;1JAM;"Euronext Global Equity Market";EUR;3.791;3.791;3.658;3.658;"10/09/2026 13:17";CET;3359;12600.97;3.817;25/09/2026
"JETBLUE AIRWAYS";US4771431016;2JAM;"Trading After Hours";EUR;-;-;-;-;-;CET;-;-;3.817;25/09/2026
"JETBLUE AIRWAYS";US4771431016;4JAM;EuroTLX;EUR;5.312;5.312;5.312;5.312;"04/08/2026 11:22";CET;50;265.60;3.821;25/09/2026
"JINHUI SHIPP TRANS";BMG5137R1088;JIN;"Oslo Børs";NOK;6.58;6.70;6.48;6.48;"25/09/2026 16:25";CET;17991;119652.20;6.48;25/09/2026
"JOBY AVIATION INC";KYG651631007;1JOBY;"Euronext Global Equity Market";EUR;5.50;5.50;5.35;5.35;"24/09/2026 16:54";CET;450;2460.00;5.55;25/09/2026
"JOHNSON & JOHNSON";US4781601046;4JNJ;EuroTLX;EUR;226.60;226.60;226.60;226.60;"10/08/2026 10:45";CET;9;2039.40;237.20;25/09/2026
"JOHNSON & JOHNSON";US4781601046;1JNJ;"Euronext Global Equity Market";EUR;236.95;237.90;236.95;237.90;"25/09/2026 17:14";CET;11;2614.05;237.15;25/09/2026
"Johnson Controls";IE00BY7QL619;1JCI;"Euronext Global Equity Market";EUR;126.25;126.25;126.25;126.25;"22/09/2026 17:28";CET;85;10731.25;130.90;25/09/2026
JOHNSON&JOHNSON;US4781601046;2JNJ;"Trading After Hours";EUR;235.80;235.80;235.75;235.75;"21/09/2026 19:29";CET;220;51872.75;237.15;25/09/2026
"JULIUS BAER";CH0102484968;1BAER;"Euronext Global Equity Market";EUR;76.98;76.98;76.98;76.98;"21/09/2026 16:21";CET;1;76.98;75.46;25/09/2026
"Jungheinrich AG";DE0006219934;1JUN;"Euronext Global Equity Market";EUR;25.00;25.00;25.00;25.00;"24/09/2026 15:24";CET;200;5000.00;24.10;25/09/2026
"JUVENTUS FC";IT0005572778;JUVE;"Euronext Milan";EUR;1.929;1.929;1.905;1.929;"25/09/2026 17:35";CET;215986;414075.865;1.929;25/09/2026
"JÆREN SPAREBANK";NO0010359433;JAREN;"Oslo Børs";NOK;340.90;340.90;332.00;340.90;"25/09/2026 16:19";CET;511;172242.70;340.90;25/09/2026
"K PRIME CAPITAL";ES0105698007;MLKPS;"Euronext Access Paris";EUR;12.00;12.00;12.00;12.00;"29/03/2023 00:00";CET;-;-;11.90;25/09/2026
K+S;DE000KSAG888;1SDF;"Euronext Global Equity Market";EUR;15.95;15.95;15.95;15.95;"24/09/2026 13:18";CET;2000;31900.00;15.58;25/09/2026
K+S;DE000KSAG888;2SDF;"Trading After Hours";EUR;16.03;16.03;16.03;16.03;"11/03/2026 19:01";CET;150;2404.50;15.58;25/09/2026
K+S;DE000KSAG888;4SDF;EuroTLX;EUR;16.33;16.33;16.33;16.33;"23/04/2026 09:05";CET;100;1633.00;15.58;25/09/2026
"KABELWERK EUPEN";BE0049482129;-;"Euronext Expert Market";EUR;384.00;384.00;384.00;384.00;"20/02/2024 11:30";CET;9;3456.00;384.00;25/09/2026
KALDVIK;NO0010884794;KLDVK;"Euronext Growth Oslo";NOK;5.50;5.50;5.00;5.00;"25/09/2026 16:18";CET;4791;23985.00;5.00;25/09/2026
KALEON;IT0005678104;KLN;"Euronext Growth Milan";EUR;3.915;3.915;3.915;3.915;"25/09/2026 17:21";CET;1040;4071.60;3.915;25/09/2026
KALEON;IT0005678104;ALKLN;"Euronext Growth Paris";EUR;3.62;3.90;3.62;3.83;"25/09/2026 14:51";CET;1817;6883.865;3.83;25/09/2026
KALRAY;FR0010722819;ALKAL;"Euronext Growth Paris";EUR;5.50;5.75;4.575;5.00;"25/09/2026 17:35";CET;585826;2957670.80;5.00;25/09/2026
"KAUFMAN ET BROAD";FR0004007813;KOF;"Euronext Paris";EUR;21.05;21.05;20.70;20.95;"25/09/2026 17:35";CET;25040;522909.20;20.95;25/09/2026
KBC;BE0003565737;2KBC;"Trading After Hours";EUR;-;-;-;-;-;CET;-;-;132.35;25/09/2026
KBC;BE0003565737;KBC;"Euronext Brussels";EUR;132.00;133.05;131.90;132.35;"25/09/2026 17:35";CET;221154;29276753.35;132.35;25/09/2026
"KBC ANCORA";BE0003867844;KBCA;"Euronext Brussels";EUR;96.60;98.40;96.60;98.20;"25/09/2026 17:35";CET;42610;4171322.95;98.20;25/09/2026
"KBL EPB - ORD";LU0092281103;-;"Euronext Expert Market";EUR;35.62;35.62;35.62;35.62;"10/03/2015 12:00";CET;100;3562.00;35.60;25/09/2026
"KBL EPB - PRIV";LU0092281442;-;"Euronext Expert Market";EUR;32.10;32.10;32.10;32.10;"26/05/2015 12:00";CET;100;3210.00;32.20;25/09/2026
"Kemira Oyj";FI0009004824;1KEMI;"Euronext Global Equity Market";EUR;18.19;18.19;18.00;18.00;"10/09/2026 14:00";CET;197;3565.00;17.41;25/09/2026
KENDRION;NL0000852531;KENDR;"Euronext Amsterdam";EUR;20.85;21.05;20.55;20.70;"25/09/2026 17:35";CET;19889;413068.40;20.70;25/09/2026
"KENMARE RESOURCES";IE00BDC5DG00;KMR;"Euronext Dublin";EUR;2.10;2.10;2.10;2.10;"25/09/2026 14:00";IST;234;491.40;2.10;25/09/2026
"Kenvue Inc";US49177J1025;1KVUE;"Euronext Global Equity Market";EUR;15.625;15.625;15.625;15.625;"23/09/2026 16:26";CET;94;1468.75;15.455;25/09/2026
KERING;FR0000121485;1KER;"Euronext Global Equity Market";EUR;227.30;228.20;222.70;224.10;"25/09/2026 17:25";CET;891;200671.20;223.30;25/09/2026
KERING;FR0000121485;4KER;EuroTLX;EUR;228.70;228.70;228.40;228.40;"23/09/2026 12:07";CET;22;5025.40;223.25;25/09/2026
KERING;FR0000121485;KER;"Euronext Paris";EUR;227.05;228.70;222.35;223.35;"25/09/2026 17:37";CET;372882;83612169.775;223.35;25/09/2026
KERING;FR0000121485;2KER;"Trading After Hours";EUR;220.50;226.30;220.50;226.30;"24/09/2026 19:25";CET;31;6928.30;223.30;25/09/2026
KERLINK;FR0013156007;ALKLK;"Euronext Growth Paris";EUR;0.93;0.93;0.89;0.902;"25/09/2026 17:35";CET;4069;3688.702;0.902;25/09/2026
"KERRY GROUP PLC";IE0004906560;KRZ;"Euronext Dublin";EUR;86.10;87.70;85.45;85.55;"25/09/2026 21:00";IST;304104;25740564.385;85.55;25/09/2026
"Kesko Oyj";FI0009000202;1KESK;"Euronext Global Equity Market";EUR;22.42;22.42;22.42;22.42;"09/09/2026 09:00";CET;14;313.88;22.62;25/09/2026
"KEURIG DR PEPPER";US49271V1008;2KDP;"Trading After Hours";EUR;26.265;26.265;26.265;26.265;"05/06/2026 18:00";CET;15;393.98;27.095;25/09/2026
"KEURIG DR PEPPER";US49271V1008;1KDP;"Euronext Global Equity Market";EUR;26.795;26.795;26.795;26.795;"05/08/2026 16:03";CET;12;321.54;27.095;25/09/2026
"KEURIG DR PEPPER";US49271V1008;4KDP;EuroTLX;EUR;28.805;28.805;28.805;28.805;"24/07/2025 17:04";CET;8;230.44;27.515;25/09/2026
KeyCorp;US4932671088;1KEY;"Euronext Global Equity Market";EUR;17.695;17.695;17.695;17.695;"24/09/2026 17:19";CET;40;707.80;17.96;25/09/2026
KEYRUS;FR0004029411;ALKEY;"Euronext Growth Paris";EUR;8.10;8.18;8.10;8.10;"25/09/2026 16:05";CET;143;1159.58;8.10;25/09/2026
"Keysight Tech";US49338L1035;1KEYS;"Euronext Global Equity Market";EUR;302.05;305.10;302.05;305.10;"23/09/2026 11:31";CET;104;31475.90;317.60;25/09/2026
KID;NO0010743545;KID;"Oslo Børs";NOK;120.40;120.40;118.00;118.00;"25/09/2026 16:25";CET;38182;4528135.00;118.00;25/09/2026
Kimberly-Clark;US4943681035;1KMB;"Euronext Global Equity Market";EUR;85.83;85.83;85.83;85.83;"24/09/2026 13:31";CET;23;1974.09;85.13;25/09/2026
"Kinder Morgan Inc";US49456B1017;1KMI;"Euronext Global Equity Market";EUR;27.23;27.23;27.23;27.23;"21/09/2026 10:04";CET;12;326.76;27.08;25/09/2026
"KINEPOLIS GROUP";BE0974274061;KIN;"Euronext Brussels";EUR;50.50;50.80;50.20;50.40;"25/09/2026 17:35";CET;40026;2019385.50;50.40;25/09/2026
"KINGSPAN GROUP PLC";IE0004927939;KRX;"Euronext Dublin";EUR;97.40;98.25;96.45;97.05;"25/09/2026 21:00";IST;150299;14594784.80;97.05;25/09/2026
"Kinnevik AB";SE0022060521;1KINV;"Euronext Global Equity Market";EUR;5.678;5.678;5.678;5.678;"04/09/2026 09:00";CET;10;56.78;5.384;25/09/2026
"KION GROUP";DE000KGX8881;1KGX;"Euronext Global Equity Market";EUR;41.25;41.25;41.25;41.25;"25/09/2026 09:00";CET;123;5073.75;39.53;25/09/2026
"KION GROUP";DE000KGX8881;2KGX;"Trading After Hours";EUR;44.08;44.08;44.08;44.08;"23/03/2026 18:50";CET;36;1586.88;39.53;25/09/2026
"KION GROUP";DE000KGX8881;4KGX;EuroTLX;EUR;61.45;61.45;61.45;61.45;"06/11/2025 16:48";CET;15;921.75;39.54;25/09/2026
KITRON;NO0003079709;KIT;"Oslo Børs";NOK;98.45;98.65;97.00;97.90;"25/09/2026 16:25";CET;353162;34497612.10;97.90;25/09/2026
"KKO INTERNATIONAL";FR0013374667;ALKKO;"Euronext Growth Paris";EUR;0.064;0.064;0.0582;0.0584;"25/09/2026 17:35";CET;229277;13930.3056;0.0584;25/09/2026
"KKR & Co Inc";US48251W1045;1KKR;"Euronext Global Equity Market";EUR;86.88;86.88;86.56;86.56;"21/09/2026 14:42";CET;300;26000.32;84.58;25/09/2026
KLA-TENCOR;US4824801009;4KLAC;EuroTLX;EUR;150.98;150.98;150.98;150.98;"15/09/2026 13:36";CET;7;1056.86;164.08;25/09/2026
KLA-TENCOR;US4824801009;1KLAC;"Euronext Global Equity Market";EUR;167.08;167.66;164.32;164.32;"25/09/2026 16:50";CET;165;27610.20;164.08;25/09/2026
KLA-TENCOR;US4824801009;2KLAC;"Trading After Hours";EUR;153.98;153.98;153.94;153.94;"10/09/2026 18:34";CET;246;37874.16;164.08;25/09/2026
KLARSEN;FR0011038348;ALKLA;"Euronext Growth Paris";EUR;0.67;0.69;0.62;0.69;"25/09/2026 17:18";CET;5061;3313.536;0.69;25/09/2026
"KLARSEN BSA O";FR0014013TD1;KLBSO;"Euronext Growth Paris";EUR;0.01;0.01;0.01;0.01;"25/09/2026 15:49";CET;1041;10.41;0.01;25/09/2026
"KLAVENESS COMBINAT";NO0010833262;KCC;"Oslo Børs";NOK;98.00;98.80;97.40;97.90;"25/09/2026 16:29";CET;104994;10293352.20;97.90;25/09/2026
"KLEA HOLDING";FR0013481835;ALKLH;"Euronext Growth Paris";EUR;0.1412;0.1412;0.1366;0.14;"25/09/2026 17:35";CET;80101;11121.0728;0.14;25/09/2026
KLEPIERRE;FR0000121964;2LI;"Trading After Hours";EUR;-;-;-;-;-;CET;-;-;36.52;25/09/2026
KLEPIERRE;FR0000121964;LI;"Euronext Paris";EUR;36.96;37.22;36.42;36.52;"25/09/2026 17:35";CET;698461;25689765.27;36.52;25/09/2026
"KLEPIERRE REIT";FR0000121964;4LI;EuroTLX;EUR;35.76;35.76;35.76;35.76;"24/06/2026 09:20";CET;20;715.20;36.44;25/09/2026
KLM;NL0000009645;-;"Euronext Expert Market";EUR;1.87;1.87;1.87;1.87;"14/01/2025 11:30";CET;38;71.06;1.87;25/09/2026
"KME GROUP";IT0004552359;KME;"Euronext Milan";EUR;0.915;0.915;0.89;0.915;"25/09/2026 16:57";CET;6536;5830.44;0.915;25/09/2026
"KME GROUP RSP";IT0004552367;KMER;"Euronext Milan";EUR;1.47;1.47;1.47;1.47;"25/09/2026 15:23";CET;11;16.17;1.47;25/09/2026
Knorr-Bremse;DE000KBX1006;1KBX;"Euronext Global Equity Market";EUR;111.30;111.30;111.30;111.30;"23/09/2026 09:00";CET;2;222.60;107.30;25/09/2026
"KOENIG & BAUER";DE0007193500;4SKB;EuroTLX;EUR;14.88;14.88;14.88;14.88;"11/07/2025 16:56";CET;18;267.84;8.95;25/09/2026
"KOENIG & BAUER";DE0007193500;1SKB;"Euronext Global Equity Market";EUR;8.91;8.91;8.91;8.91;"17/09/2026 17:03";CET;126;1122.66;9.01;25/09/2026
KOENIG&BAUER;DE0007193500;2SKB;"Trading After Hours";EUR;-;-;-;-;-;CET;-;-;9.01;25/09/2026
KOMPLETT;NO0011016040;KOMPL;"Oslo Børs";NOK;6.86;6.94;6.82;6.92;"25/09/2026 16:17";CET;35447;243128.42;6.92;25/09/2026
KOMPUESTOS;ES0105425005;ALKOM;"Euronext Growth Paris";EUR;0.80;0.80;0.80;0.80;"25/09/2026 09:00";CET;1;0.80;0.80;25/09/2026
KONE;FI0009013403;4KNEBV;EuroTLX;EUR;51.02;51.02;51.02;51.02;"13/05/2026 15:36";CET;400;20408.00;51.60;25/09/2026
KONE;FI0009013403;1KNEBV;"Euronext Global Equity Market";EUR;50.12;50.12;50.12;50.12;"16/09/2026 09:15";CET;100;5012.00;51.84;25/09/2026
KONE;FI0009013403;2KNEBV;"Trading After Hours";EUR;51.82;51.82;51.82;51.82;"15/09/2026 18:21";CET;100;5182.00;51.84;25/09/2026
"Konecranes Oyj";FI0009005870;1KCR;"Euronext Global Equity Market";EUR;30.50;30.50;30.36;30.36;"25/09/2026 16:13";CET;51;1555.36;30.44;25/09/2026
"KONGSBERG AUTOMOT";NO0003033102;KOA;"Oslo Børs";NOK;1.95;1.986;1.946;1.986;"25/09/2026 16:25";CET;1117703;2204534.596;1.986;25/09/2026
"KONGSBERG GRUPPEN";NO0013536151;KOG;"Oslo Børs";NOK;316.80;317.00;312.60;312.70;"25/09/2026 16:28";CET;823492;258212435.50;312.70;25/09/2026
"KONGSBERG MARITIME";NO0013697029;KMAR;"Oslo Børs";NOK;61.80;61.80;60.32;60.80;"25/09/2026 16:25";CET;881926;53606823.98;60.80;25/09/2026
"KONINKLIJKE KPN";NL0000009082;4KPN;EuroTLX;EUR;4.038;4.038;4.038;4.038;"21/08/2026 15:28";CET;58;234.20;4.048;25/09/2026
"KPN KON";NL0000009082;2KPN;"Trading After Hours";EUR;-;-;-;-;-;CET;-;-;4.06;25/09/2026
"KPN KON";NL0000009082;KPN;"Euronext Amsterdam";EUR;4.033;4.073;4.0265;4.06;"25/09/2026 17:36";CET;11961145;48493729.518;4.06;25/09/2026
"KRAFT BANK";NO0010815103;KRAB;"Euronext Growth Oslo";NOK;12.85;12.85;12.60;12.60;"25/09/2026 16:18";CET;1899;24030.15;12.60;25/09/2026
"KRATOS DEFENSE & S";US50077B2079;1KTOS;"Euronext Global Equity Market";EUR;41.58;41.68;40.405;40.405;"25/09/2026 16:13";CET;685;28388.875;40.435;25/09/2026
KROGER;US5010441013;1KR;"Euronext Global Equity Market";EUR;52.12;52.12;52.12;52.12;"22/09/2026 16:45";CET;65;3387.80;51.03;25/09/2026
KROGER;US5010441013;4KR;EuroTLX;EUR;49.92;49.92;49.92;49.92;"21/07/2026 16:36";CET;9;449.28;50.99;25/09/2026
KROGER;US5010441013;2KR;"Trading After Hours";EUR;58.12;58.12;58.12;58.12;"11/09/2025 18:41";CET;10;581.20;51.03;25/09/2026
"Krones AG";DE0006335003;1KRN;"Euronext Global Equity Market";EUR;112.20;112.20;112.20;112.20;"23/09/2026 12:09";CET;4;448.80;106.40;25/09/2026
"KRUSO KAPITAL";IT0005707341;KK;"Euronext Milan";EUR;0.023;0.023;0.0216;0.0216;"25/09/2026 17:27";CET;4981016;111233.9132;0.0216;25/09/2026
"KRYSTAL BIOTECH IN";US5011471027;1KRYS;"Euronext Global Equity Market";EUR;307.50;307.50;299.70;299.70;"24/09/2026 17:15";CET;22;6661.60;301.10;25/09/2026
"Kuehne Nagel Inter";CH0025238863;1KNIN;"Euronext Global Equity Market";EUR;242.40;242.40;242.20;242.20;"24/09/2026 14:18";CET;106;25687.60;238.50;25/09/2026
"KUMULUS VAPE";FR0013419876;ALVAP;"Euronext Growth Paris";EUR;2.98;2.99;2.90;2.96;"25/09/2026 16:19";CET;313;927.30;2.96;25/09/2026
"L'AIR LIQUIDE";FR0000120073;4AI;EuroTLX;EUR;167.94;176.00;167.94;167.94;"25/09/2026 15:24";CET;305;51406.70;167.60;25/09/2026
L'OREAL;FR0000120321;4OR;EuroTLX;EUR;386.05;386.05;381.10;381.10;"25/09/2026 15:20";CET;59;22732.40;381.15;25/09/2026
L'OREAL;FR0000120321;OR;"Euronext Paris";EUR;384.05;387.20;380.20;381.85;"25/09/2026 17:35";CET;267986;102507779.425;381.85;25/09/2026
L'OREAL;FR0000120321;2OR;"Trading After Hours";EUR;363.35;363.35;363.35;363.35;"23/04/2025 19:50";CET;7;2543.45;381.85;25/09/2026
"L3Harris Tech";US5024311095;1LHX;"Euronext Global Equity Market";EUR;210.90;210.90;210.00;210.10;"24/09/2026 14:47";CET;338;71156.20;209.60;25/09/2026
"LAB FARMACEUT ERFO";IT0005497885;ERFO;"Euronext Growth Milan";EUR;1.10;1.115;1.10;1.11;"25/09/2026 17:17";CET;13000;14405.00;1.11;25/09/2026
"LABO EUROMEDIS";FR0000075343;ALEMG;"Euronext Growth Paris";EUR;5.15;5.20;5.15;5.20;"24/09/2026 11:02";CET;1255;6463.65;5.20;25/09/2026
"Laboratorios Farma";ES0157261019;1ROVI;"Euronext Global Equity Market";EUR;57.65;57.65;57.65;57.65;"19/08/2026 09:00";CET;5;288.25;59.25;25/09/2026
"LACROIX GROUP";FR0000066607;LACR;"Euronext Paris";EUR;17.00;17.00;16.85;16.90;"25/09/2026 17:35";CET;1009;17065.15;16.90;25/09/2026
"LAGARDERE SA";FR0000130213;MMB;"Euronext Paris";EUR;18.24;18.26;17.90;17.90;"25/09/2026 17:35";CET;3572;64570.20;17.90;25/09/2026
"Lagercrantz G";SE0014990966;1LAGR;"Euronext Global Equity Market";EUR;19.38;19.38;19.38;19.38;"18/09/2026 09:00";CET;95;1841.10;20.20;25/09/2026
"LAKEFRONT BIOTHER.";BE0003818359;4LKFT;EuroTLX;EUR;27.50;27.50;27.50;27.50;"29/08/2025 09:17";CET;100;2750.00;25.88;25/09/2026
"LAKEFRONT BIOTHER.";BE0003818359;LKFT;"Euronext Amsterdam, Brussels";EUR;26.54;26.66;25.86;25.98;"25/09/2026 17:35";CET;67125;1755947.70;25.98;25/09/2026
"LAKEFRONT BIOTHER.";BE0003818359;2LKFT;"Trading After Hours";EUR;24.30;24.30;24.30;24.30;"06/06/2024 18:00";CET;80;1944.00;25.98;25/09/2026
"LAM RESEARCH";US5128073062;4LRCX;EuroTLX;EUR;267.80;267.80;267.80;267.80;"24/08/2026 14:03";CET;5;1339.00;273.60;25/09/2026
"LAM RESEARCH";US5128073062;2LRCX;"Trading After Hours";EUR;237.35;237.35;236.25;236.25;"16/09/2026 18:17";CET;2;473.60;273.70;25/09/2026
"LAM RESEARCH";US5128073062;1LRCX;"Euronext Global Equity Market";EUR;274.45;275.40;271.60;275.40;"25/09/2026 15:55";CET;160;43777.65;273.70;25/09/2026
"LANDI RENZO";IT0005619843;LNDR;"Euronext Milan";EUR;0.644;0.668;0.642;0.66;"25/09/2026 16:54";CET;1850;1223.628;0.66;25/09/2026
LANSON-BCC;FR0004027068;ALLAN;"Euronext Growth Paris";EUR;26.40;26.40;26.00;26.00;"25/09/2026 17:29";CET;244;6387.70;26.00;25/09/2026
"LANTHEUS HOLDINGS";US5165441032;1LNTH;"Euronext Global Equity Market";EUR;86.50;86.50;86.50;86.50;"02/09/2026 15:30";CET;50;4325.00;87.50;25/09/2026
LANXESS;DE0005470405;1LXS;"Euronext Global Equity Market";EUR;13.78;13.78;13.78;13.78;"17/09/2026 11:10";CET;20;275.60;12.37;25/09/2026
LANXESS;DE0005470405;2LXS;"Trading After Hours";EUR;18.63;18.63;18.63;18.63;"02/03/2026 18:38";CET;30;558.90;12.37;25/09/2026
LANXESS;DE0005470405;4LXS;EuroTLX;EUR;22.85;22.85;22.85;22.85;"05/03/2024 17:25";CET;1500;34275.00;12.37;25/09/2026
LARGO;FR0013308582;ALLGO;"Euronext Growth Paris";EUR;1.245;1.245;1.14;1.215;"25/09/2026 12:10";CET;2949;3427.055;1.215;25/09/2026
"Las Vegas Sands";US5178341070;1LVS;"Euronext Global Equity Market";EUR;39.28;39.28;39.28;39.28;"31/08/2026 09:00";CET;7;274.96;33.94;25/09/2026
LATECOERE;FR001400JY13;LAT;"Euronext Paris";EUR;0.0128;0.0128;0.0115;0.012;"25/09/2026 17:35";CET;9072444;110070.4149;0.012;25/09/2026
"LATTICE SEMICONDUC";US5184151042;1LSCC;"Euronext Global Equity Market";EUR;109.00;109.00;109.00;109.00;"25/09/2026 13:47";CET;50;5450.00;111.00;25/09/2026
LAURENT-PERRIER;FR0006864484;LPE;"Euronext Paris";EUR;76.40;77.00;74.80;75.60;"25/09/2026 17:35";CET;1600;121772.00;75.60;25/09/2026
"LAVIDE HOLDING";NL0010545679;LVIDE;"Euronext Amsterdam";EUR;0.435;0.46;0.435;0.46;"25/09/2026 17:27";CET;712;320.044;0.46;25/09/2026
LDC;FR001400SF56;LOUP;"Euronext Paris";EUR;106.20;106.80;105.80;106.20;"25/09/2026 17:35";CET;2352;249900.00;106.20;25/09/2026
"LE SLIP FRANCAIS";FR0014018Y10;ALLSF;"Euronext Growth Paris";EUR;12.50;12.68;11.80;12.00;"25/09/2026 17:25";CET;9438;114994.00;12.00;25/09/2026
LEBON;FR0000121295;ALBON;"Euronext Growth Paris";EUR;96.00;96.60;96.00;96.60;"25/09/2026 17:27";CET;3624;347904.60;96.60;25/09/2026
LECTRA;FR0000065484;LSS;"Euronext Paris";EUR;21.05;21.30;21.00;21.30;"25/09/2026 17:35";CET;19050;404495.00;21.30;25/09/2026
"LEG IMMOBILIEN";DE000LEG1110;2LEG;"Trading After Hours";EUR;77.18;77.92;77.18;77.92;"25/06/2024 18:00";CET;150;11628.80;45.12;25/09/2026
"LEG IMMOBILIEN";DE000LEG1110;1LEG;"Euronext Global Equity Market";EUR;45.50;45.50;45.50;45.50;"25/09/2026 14:16";CET;188;8554.00;45.12;25/09/2026
"LEG IMMOBILIEN";DE000LEG1110;4LEG;EuroTLX;EUR;76.22;76.22;76.22;76.22;"15/01/2025 12:15";CET;4;304.88;45.14;25/09/2026
LEGRAND;FR0010307819;LR;"Euronext Paris";EUR;136.45;138.00;133.80;134.85;"25/09/2026 17:35";CET;459018;62031186.50;134.85;25/09/2026
LEGRAND;FR0010307819;2LR;"Trading After Hours";EUR;-;-;-;-;-;CET;-;-;134.85;25/09/2026
"Leidos Hold";US5253271028;1LDOS;"Euronext Global Equity Market";EUR;117.40;117.40;113.00;113.00;"22/09/2026 12:36";CET;10;1152.00;108.55;25/09/2026
"LEMON SISTEMI";IT0005573438;LS;"Euronext Growth Milan";EUR;1.49;1.49;1.37;1.48;"25/09/2026 13:27";CET;22000;31620.00;1.48;25/09/2026
"Lennar Corp";US5260571048;1LEN;"Euronext Global Equity Market";EUR;67.36;67.36;67.36;67.36;"21/09/2026 09:00";CET;6;404.16;70.66;25/09/2026
"LENNOX INTERNATION";US5261071071;1LII;"Euronext Global Equity Market";EUR;320.80;320.80;320.80;320.80;"22/09/2026 09:00";CET;40;12832.00;325.00;25/09/2026
"Lenzing AG";AT0000644505;1LNZ;"Euronext Global Equity Market";EUR;22.65;22.65;22.65;22.65;"04/09/2026 09:36";CET;264;5979.60;20.05;25/09/2026
LEONARDO;IT0003856405;LDO;"Euronext Milan";EUR;49.48;49.675;48.90;48.975;"25/09/2026 17:39";CET;1518468;74694297.715;48.975;25/09/2026
LEONARDO;IT0003856405;2LDO;"Trading After Hours";EUR;49.295;49.295;48.825;49.05;"25/09/2026 20:28";CET;5156;253119.72;49.09;25/09/2026
"LEONE FILM GROUP";IT0004973696;LFG;"Euronext Growth Milan";EUR;1.50;1.52;1.47;1.52;"25/09/2026 17:30";CET;1800;2688.00;1.52;25/09/2026
LEPERMISLIBRE;FR001400F2Z1;ALLPL;"Euronext Growth Paris";EUR;0.0588;0.0598;0.0552;0.0598;"25/09/2026 15:28";CET;3630;215.4612;0.0598;25/09/2026
"LERØY SEAFOOD GP";NO0003096208;LSG;"Oslo Børs";NOK;42.32;43.28;42.18;42.90;"25/09/2026 16:25";CET;312292;13376660.56;42.90;25/09/2026
"LES HOTELS BAVEREZ";FR0007080254;ALLHB;"Euronext Growth Paris";EUR;71.50;71.50;71.50;71.50;"25/09/2026 16:30";CET;23;1644.50;71.50;25/09/2026
"LEVI STRAUSS & CO";US52736R1023;1LEVI;"Euronext Global Equity Market";EUR;17.92;17.92;17.92;17.92;"21/09/2026 15:54";CET;60;1075.20;17.305;25/09/2026
"LEVI STRAUSS & CO";US52736R1023;4LEVI;EuroTLX;EUR;17.86;17.86;17.86;17.86;"02/09/2026 14:43";CET;100;1786.00;17.285;25/09/2026
"LEVI STRAUSS&CO";US52736R1023;2LEVI;"Trading After Hours";EUR;22.34;22.34;22.34;22.34;"07/07/2026 18:00";CET;250;5585.00;17.305;25/09/2026
"LEXIBOOK LINGUIST.";FR0000033599;ALLEX;"Euronext Growth Paris";EUR;8.32;8.38;8.32;8.38;"24/09/2026 13:48";CET;1517;12697.78;8.38;25/09/2026
LHYFE;FR0014009YQ1;ALHYF;"Euronext Growth Paris";EUR;1.81;1.812;1.792;1.798;"25/09/2026 17:18";CET;25159;45308.402;1.798;25/09/2026
"LIBERTY MEDIA CORP";US5312297550;1FWON;"Euronext Global Equity Market";EUR;84.00;84.00;84.00;84.00;"23/09/2026 09:00";CET;100;8400.00;82.00;25/09/2026
"Lifco AB";SE0015949201;1LIFC;"Euronext Global Equity Market";EUR;26.00;27.20;26.00;27.20;"12/03/2026 12:58";CET;200;5320.00;28.00;25/09/2026
LIFECARE;NO0013355859;LIFE;"Oslo Børs";NOK;0.30;0.30;0.29;0.2995;"25/09/2026 16:25";CET;2504486;739354.0735;0.2995;25/09/2026
"LIGHTHOUSE SPANIS";ES0105825006;-;"Euronext Expert Market";EUR;-;-;-;-;-;CET;-;-;9.45;25/09/2026
LIGHTON;FR0013230950;ALTAI;"Euronext Growth Paris";EUR;3.15;3.15;3.09;3.11;"25/09/2026 17:35";CET;12347;38548.04;3.11;25/09/2026
LINDBERGH;IT0005469272;LDB;"Euronext Growth Milan";EUR;14.40;14.50;14.15;14.25;"25/09/2026 16:57";CET;5250;75425.00;14.25;25/09/2026
"Linde PLC";IE000S9YS762;2LINUS;"Trading After Hours";EUR;436.90;436.90;436.90;436.90;"22/06/2026 20:20";CET;4;1747.60;410.55;25/09/2026
"Linde PLC";IE000S9YS762;1LINUS;"Euronext Global Equity Market";EUR;401.30;401.30;399.20;399.20;"21/09/2026 16:58";CET;77;30790.90;410.55;25/09/2026
LINDT;CH0010570759;1LISN;"Euronext Global Equity Market";EUR;-;-;-;-;-;CET;-;-;94500.00;25/09/2026
"LINDT PS";CH0010570767;1LISP;"Euronext Global Equity Market";EUR;9150.00;9150.00;9150.00;9150.00;"18/09/2026 10:43";CET;1;9150.00;9100.00;25/09/2026
"LINEDATA SERVICES";FR0004156297;LIN;"Euronext Paris";EUR;54.20;54.80;54.20;54.20;"25/09/2026 17:35";CET;716;38817.80;54.20;25/09/2026
"LINK MOBILITY GRP";NO0010894231;LINK;"Oslo Børs";NOK;24.40;24.48;24.04;24.26;"25/09/2026 16:25";CET;645136;15653525.46;24.26;25/09/2026
LISI;FR0000050353;FII;"Euronext Paris";EUR;62.10;62.10;61.20;61.90;"25/09/2026 17:35";CET;26494;1638545.50;61.90;25/09/2026
LITIX;IT0005600801;LTX;"Euronext Growth Milan";EUR;0.835;0.835;0.82;0.82;"24/09/2026 13:55";CET;5000;4130.00;0.82;25/09/2026
"Live Nation Ent";US5380341090;1LYV;"Euronext Global Equity Market";EUR;147.35;148.40;147.35;148.40;"15/09/2026 15:41";CET;18;2661.75;148.50;25/09/2026
"LKQ Corp";US5018892084;1LKQ;"Euronext Global Equity Market";EUR;20.47;20.47;20.47;20.47;"24/09/2026 16:27";CET;103;2108.41;20.33;25/09/2026
LLEIDA;ES0105089009;ALLLN;"Euronext Growth Paris";EUR;1.01;1.01;1.01;1.01;"25/09/2026 15:30";CET;4;4.04;1.01;25/09/2026
"LNA SANTE";FR0004170017;LNA;"Euronext Paris";EUR;27.50;29.20;27.50;29.20;"25/09/2026 17:35";CET;7321;209762.40;29.20;25/09/2026
"LOCASYSTEM INTL";FR0004155208;MLLOI;"Euronext Access Paris";EUR;10.60;11.00;10.60;11.00;"25/09/2026 16:30";CET;253;2683.80;11.00;25/09/2026
"Loews Corp";US5404241086;1LOE;"Euronext Global Equity Market";EUR;92.88;92.88;92.84;92.84;"08/09/2026 15:31";CET;150;13929.00;91.80;25/09/2026
"LOGIC INSTRUMENT";FR0000044943;ALLOG;"Euronext Growth Paris";EUR;1.902;1.904;1.87;1.904;"25/09/2026 16:39";CET;8715;16521.75;1.904;25/09/2026
"Logista Integral";ES0105027009;1LOG;"Euronext Global Equity Market";EUR;36.16;36.16;36.16;36.16;"15/09/2026 10:21";CET;5;180.80;35.46;25/09/2026
"Logitech Internati";CH0025751329;1LOGN;"Euronext Global Equity Market";EUR;87.94;88.70;87.16;88.70;"25/09/2026 16:02";CET;4552;399295.78;88.98;25/09/2026
"LOKOTECH GROUP";NO0010921299;LOKO;"Euronext Growth Oslo";NOK;0.659;0.685;0.659;0.677;"25/09/2026 16:25";CET;1493958;1009535.24;0.677;25/09/2026
"LOMBARD ET MEDOT";FR0006205019;MLCAC;"Euronext Access Paris";EUR;16.00;16.00;16.00;16.00;"14/09/2026 13:26";CET;121;1936.00;16.00;25/09/2026
LONGINO&CARDENAL;IT0005337073;LON;"Euronext Growth Milan";EUR;1.22;1.22;1.22;1.22;"25/09/2026 09:00";CET;1000;1220.00;1.22;25/09/2026
"Lonza Group";CH0013841017;1LONN;"Euronext Global Equity Market";EUR;599.40;599.40;599.40;599.40;"25/09/2026 16:52";CET;1;599.40;602.20;25/09/2026
"LOTTOMATICA GROUP";IT0005541336;LTMC;"Euronext Milan";EUR;27.00;27.16;26.31;26.54;"25/09/2026 17:35";CET;844329;22521581.35;26.54;25/09/2026
"LOTTOMATICA GROUP";IT0005541336;2LTMC;"Trading After Hours";EUR;26.47;26.47;26.47;26.47;"25/09/2026 20:20";CET;150;3970.50;26.47;25/09/2026
"LOTUS BAKERIES";BE0003604155;LOTB;"Euronext Brussels";EUR;12500.00;12580.00;12420.00;12440.00;"25/09/2026 17:35";CET;614;7657900.00;12440.00;25/09/2026
"LOUIS HACHETTE";FR001400TL40;ALHG;"Euronext Growth Paris";EUR;1.794;1.81;1.757;1.769;"25/09/2026 17:36";CET;972680;1726520.019;1.769;25/09/2026
"LOWES COMPANIES";US5486611073;2LOW;"Trading After Hours";EUR;183.25;183.25;183.25;183.25;"13/07/2026 20:24";CET;4;733.00;164.25;25/09/2026
"LOWES COMPANIES";US5486611073;1LOW;"Euronext Global Equity Market";EUR;168.50;168.75;168.50;168.75;"10/09/2026 16:43";CET;13;2192.75;164.25;25/09/2026
"LOWES COMPANIES";US5486611073;4LOW;EuroTLX;EUR;177.75;177.75;177.75;177.75;"08/09/2026 12:31";CET;12;2133.00;164.40;25/09/2026
"LPKF LASER & ELECT";DE0006450000;1LPK;"Euronext Global Equity Market";EUR;14.55;14.55;14.20;14.20;"25/09/2026 17:16";CET;198;2870.85;14.45;25/09/2026
"LPKF LASER & ELECT";DE0006450000;4LPK;EuroTLX;EUR;13.55;13.55;13.55;13.55;"27/08/2026 09:28";CET;200;2710.00;14.20;25/09/2026
"LPKF LASER&ELECT";DE0006450000;2LPK;"Trading After Hours";EUR;14.80;14.80;14.80;14.80;"22/09/2026 18:17";CET;8;118.40;14.45;25/09/2026
"LPL FINANCIAL HOLD";US50212V1008;1LPLA;"Euronext Global Equity Market";EUR;317.90;317.90;317.90;317.90;"04/08/2026 13:34";CET;15;4768.50;276.60;25/09/2026
LUCIBEL;FR0014013HG9;ALUCI;"Euronext Growth Paris";EUR;3.6105;3.6105;3.6105;3.6105;"24/09/2026 09:29";CET;40;144.42;3.6105;25/09/2026
"LUCID GROUP INC";US5494982029;1LCID;"Euronext Global Equity Market";EUR;3.77;3.77;3.77;3.77;"22/09/2026 09:00";CET;1;3.77;3.66;25/09/2026
"LUCISANO MEDIA G";IT0004522162;LMG;"Euronext Growth Milan";EUR;1.04;1.06;1.04;1.06;"22/09/2026 15:40";CET;15600;16440.00;1.06;25/09/2026
"Lululemon Athl";US5500211090;1LUL;"Euronext Global Equity Market";EUR;89.30;89.30;89.30;89.30;"25/09/2026 17:35";CET;33;2946.90;89.30;25/09/2026
"LUMEN TECHNOLOGIES";US5502411037;4CYTH;EuroTLX;EUR;5.98;5.98;5.98;5.98;"11/09/2026 16:53";CET;225;1345.50;5.20;25/09/2026
"LUMEN TECHNOLOGIES";US5502411037;2CYTH;"Trading After Hours";EUR;5.60;5.64;5.60;5.64;"21/09/2026 20:22";CET;650;3656.00;5.20;25/09/2026
"LUMEN TECHNOLOGIES";US5502411037;1CYTH;"Euronext Global Equity Market";EUR;5.20;5.20;5.20;5.20;"25/09/2026 17:35";CET;594;3088.80;5.20;25/09/2026
"LUMENTUM HOLDINGS";US55024U1097;1LITE;"Euronext Global Equity Market";EUR;826.70;827.70;811.10;827.70;"25/09/2026 17:35";CET;74;60700.10;827.70;25/09/2026
"LUMENTUM HOLDINGS";US55024U1097;4LITE;EuroTLX;EUR;815.70;815.70;815.70;815.70;"22/09/2026 09:56";CET;3;2447.10;827.30;25/09/2026
"LUMENTUM HOLDINGS";US55024U1097;2LITE;"Trading After Hours";EUR;821.90;821.90;819.90;819.90;"24/09/2026 18:33";CET;239;196028.90;827.70;25/09/2026
"LUMI EDUCATION GR";NO0010927288;LUMI;"Euronext Growth Oslo";NOK;18.00;18.60;18.00;18.30;"25/09/2026 09:53";CET;2730;49440.00;18.30;25/09/2026
LUMIBIRD;FR0000038242;LBIRD;"Euronext Paris";EUR;25.00;25.00;23.75;23.75;"25/09/2026 17:35";CET;68605;1664452.95;23.75;25/09/2026
"LUMO FH";FI4000312251;1LUMO;"Euronext Global Equity Market";EUR;-;-;-;-;-;CET;-;-;7.15;25/09/2026
Lundbergforetagen;SE0000108847;1LUND;"Euronext Global Equity Market";EUR;51.25;51.25;49.00;49.00;"25/03/2026 15:25";CET;50;2506.25;51.80;25/09/2026
LUVE;IT0005107492;LUVE;"Euronext Milan";EUR;68.00;69.00;67.70;68.40;"25/09/2026 17:35";CET;15249;1041476.60;68.40;25/09/2026
LVMH;FR0000121014;2MC;"Trading After Hours";EUR;406.55;406.55;406.55;406.55;"25/09/2026 18:16";CET;13;5285.15;406.55;25/09/2026
LVMH;FR0000121014;1MC;"Euronext Global Equity Market";EUR;402.40;402.40;395.40;399.80;"25/09/2026 17:35";CET;3046;1212161.15;399.80;25/09/2026
LVMH;FR0000121014;4MC;EuroTLX;EUR;398.00;398.00;398.00;398.00;"24/09/2026 15:38";CET;14;5572.00;396.90;25/09/2026
LVMH;FR0000121014;MC;"Euronext Paris";EUR;401.45;401.80;395.15;396.85;"25/09/2026 17:35";CET;508148;201817199.35;396.85;25/09/2026
LYFT;US55087P1049;1LYFT;"Euronext Global Equity Market";EUR;13.05;13.05;13.05;13.05;"21/09/2026 14:06";CET;6;78.30;13.10;25/09/2026
LYFT;US55087P1049;2LYFT;"Trading After Hours";EUR;13.45;13.70;13.45;13.70;"25/09/2026 18:00";CET;2000;27155.25;13.60;25/09/2026
LYFT;US55087P1049;4LYFT;EuroTLX;EUR;13.90;13.90;13.90;13.90;"16/07/2026 12:51";CET;150;2085.00;13.15;25/09/2026
LyondellBasell;NL0009434992;1LYB;"Euronext Global Equity Market";EUR;52.84;52.84;52.84;52.84;"22/09/2026 10:40";CET;22;1162.48;51.96;25/09/2026
"LYTIX BIOPHARMA";NO0010405780;LYTIX;"Euronext Growth Oslo";NOK;8.46;8.46;8.46;8.46;"25/09/2026 16:12";CET;244;2064.24;8.46;25/09/2026
"M VEST WATER";NO0010976343;MVW;"Euronext Growth Oslo";NOK;6.80;7.00;6.75;7.00;"25/09/2026 16:25";CET;3692;24981.35;7.00;25/09/2026
"MAAT PHARMA";FR0012634822;MAAT;"Euronext Paris";EUR;1.296;1.296;1.134;1.134;"25/09/2026 17:35";CET;137369;165350.804;1.134;25/09/2026
"MACC1X1 SOCIMI";ES0105665006;MLMAC;"Euronext Access Lisbon";EUR;1.33842;1.33842;1.33842;1.33842;"22/06/2022 04:00";BST;-;-;1.17;25/09/2026
MACOMPTA.FR;FR001400NQB6;ALCPA;"Euronext Growth Paris";EUR;4.76;4.80;4.76;4.80;"25/09/2026 17:12";CET;248;1186.88;4.80;25/09/2026
MACYS;US55616P1049;4FDO;EuroTLX;EUR;19.765;19.765;19.765;19.765;"08/09/2026 11:02";CET;205;4051.83;19.62;25/09/2026
MACYS;US55616P1049;1FDO;"Euronext Global Equity Market";EUR;19.98;19.98;19.98;19.98;"23/09/2026 15:30";CET;12;239.76;19.61;25/09/2026
MACYS;US55616P1049;2FDO;"Trading After Hours";EUR;16.83;16.83;16.80;16.81;"20/05/2026 19:19";CET;10020;168462.30;19.61;25/09/2026
"MADRIGAL PHARMACEU";US5588681057;1MDGL;"Euronext Global Equity Market";EUR;462.60;462.60;462.60;462.60;"08/09/2026 15:46";CET;26;12027.60;450.30;25/09/2026
MAGILLEM;FR0010827741;MLMGL;"Euronext Access Paris";EUR;2.34;2.34;2.34;2.34;"14/04/2026 16:30";CET;3;7.02;2.34;25/09/2026
MAGIS;IT0005525347;MGS;"Euronext Growth Milan";EUR;9.00;9.00;8.85;8.85;"25/09/2026 17:35";CET;2442;21880.50;8.85;25/09/2026
"MAGNITE INC";US55955D1000;1MGNI;"Euronext Global Equity Market";EUR;10.95;10.95;10.95;10.95;"29/04/2026 15:30";CET;2;21.90;21.31;25/09/2026
MAGNORA;NO0010187032;MGN;"Oslo Børs";NOK;22.15;22.55;22.00;22.00;"25/09/2026 16:26";CET;450564;10016463.05;22.00;25/09/2026
"MAGNORA DATA CENTE";NO0013750893;MDATA;"Euronext Growth Oslo";NOK;17.48;17.48;16.96;17.20;"25/09/2026 16:25";CET;266107;4555812.12;17.20;25/09/2026
MAGNUM;NL0015002MS2;MICC;"Euronext Amsterdam";EUR;16.95;17.274;16.54;16.54;"25/09/2026 17:35";CET;1121211;18677081.85;16.54;25/09/2026
MAIRE;IT0004931058;MAIRE;"Euronext Milan";EUR;12.22;12.35;12.09;12.09;"25/09/2026 17:35";CET;557665;6792066.67;12.09;25/09/2026
"MAISON CLIO BLUE";FR0011092089;MLCLI;"Euronext Access Paris";EUR;1.98;1.98;1.98;1.98;"08/07/2026 16:30";CET;80;158.40;1.98;25/09/2026
"MAISON POMMERY";FR0000062796;POMRY;"Euronext Paris, Brussels";EUR;9.00;9.20;9.00;9.10;"25/09/2026 17:35";CET;1723;15539.30;9.10;25/09/2026
"MAISONS DU MONDE";FR0013153541;MDM;"Euronext Paris";EUR;0.242;0.242;0.218;0.2385;"25/09/2026 17:29";CET;25457;5772.28;0.2385;25/09/2026
"MAKING SCIENCE";ES0105463006;ALMKS;"Euronext Growth Paris";EUR;6.55;6.55;6.50;6.50;"25/09/2026 16:30";CET;98;637.05;6.50;25/09/2026
"MALIN CORP. PLC";IE00BVGC3741;MLC;"Euronext Growth Dublin";EUR;7.00;7.00;7.00;7.00;"22/09/2026 12:31";IST;1;7.00;7.00;25/09/2026
"MALTERIES FCO-BEL.";FR0000030074;MALT;"Euronext Paris";EUR;830.00;830.00;830.00;830.00;"25/09/2026 16:30";CET;1;830.00;830.00;25/09/2026
"MANDATUM OYJ";FI4000552526;1MANT;"Euronext Global Equity Market";EUR;6.42;6.42;6.42;6.42;"24/09/2026 14:51";CET;100;642.00;6.345;25/09/2026
"MANITOU BF";FR0000038606;MTU;"Euronext Paris";EUR;20.75;21.05;20.60;20.70;"25/09/2026 17:35";CET;3835;79576.30;20.70;25/09/2026
MAPFRE;ES0124244E34;2MAP;"Trading After Hours";EUR;3.834;3.834;3.756;3.756;"21/10/2025 18:49";CET;2000;7629.00;4.332;25/09/2026
MAPFRE;ES0124244E34;1MAP;"Euronext Global Equity Market";EUR;4.362;4.362;4.362;4.362;"09/09/2026 16:29";CET;500;2181.00;4.332;25/09/2026
MAPFRE;ES0124244E34;4MAP;EuroTLX;EUR;3.872;3.872;3.872;3.872;"05/06/2026 09:02";CET;25000;96800.00;4.332;25/09/2026
MAPS;IT0005364333;MAPS;"Euronext Growth Milan";EUR;2.38;2.40;2.36;2.40;"25/09/2026 12:09";CET;4347;10399.20;2.40;25/09/2026
"MAQ ADMON. URBANAS";ES0105447009;MLMAQ;"Euronext Access Paris";EUR;8.30;8.30;8.30;8.30;"27/01/2020 11:30";CET;1;8.30;8.30;25/09/2026
"MARA HOLDINGS";US5657881067;1MARA;"Euronext Global Equity Market";EUR;11.504;11.55;10.656;11.006;"25/09/2026 17:14";CET;1204;13474.584;10.88;25/09/2026
"MARA HOLDINGS";US5657881067;2MARA;"Trading After Hours";EUR;11.686;11.686;11.686;11.686;"22/09/2026 18:00";CET;12;140.23;10.88;25/09/2026
"MARATHON PETROLEUM";US56585A1025;4MPC;EuroTLX;EUR;329.30;329.30;329.30;329.30;"04/09/2026 11:05";CET;1;329.30;340.40;25/09/2026
"MARATHON PETROLEUM";US56585A1025;2MPC;"Trading After Hours";EUR;362.40;362.40;362.40;362.40;"16/09/2026 20:18";CET;1;362.40;340.70;25/09/2026
"MARATHON PETROLEUM";US56585A1025;1MPC;"Euronext Global Equity Market";EUR;346.50;346.50;346.50;346.50;"24/09/2026 11:55";CET;1;346.50;340.70;25/09/2026
"MARE ENGINEERING";IT0005588626;MARE;"Euronext Growth Milan";EUR;5.06;5.06;4.88;4.92;"25/09/2026 17:35";CET;11285;55734.15;4.92;25/09/2026
"MARE NOSTRUM";FR0013400835;ALMAR;"Euronext Growth Paris";EUR;0.56;0.562;0.544;0.544;"25/09/2026 15:49";CET;588;329.494;0.544;25/09/2026
MARKBASS;IT0005670960;MARK;"Euronext Growth Milan";EUR;1.85;1.85;1.85;1.85;"24/09/2026 09:14";CET;1000;1850.00;1.85;25/09/2026
"MAROC TELECOM";MA0000011488;IAM;"Euronext Paris";EUR;9.20;9.20;9.00;9.00;"25/09/2026 16:14";CET;806;7293.18;9.00;25/09/2026
MARR;IT0003428445;MARR;"Euronext Milan";EUR;5.37;5.38;5.27;5.32;"25/09/2026 17:35";CET;162066;863962.67;5.32;25/09/2026
"MARRIOTT INTERN";US5719032022;1MAR;"Euronext Global Equity Market";EUR;289.45;289.45;289.45;289.45;"11/09/2026 16:44";CET;20;5789.00;305.85;25/09/2026
"MARRIOTT INTERN";US5719032022;4MAR;EuroTLX;EUR;330.00;330.00;330.00;330.00;"26/06/2026 09:22";CET;10;3300.00;305.95;25/09/2026
"MARRIOTT INTERN";US5719032022;2MAR;"Trading After Hours";EUR;287.30;287.30;287.30;287.30;"18/03/2026 18:00";CET;19;5458.70;305.85;25/09/2026
MARSH;US5717481023;1MMC;"Euronext Global Equity Market";EUR;150.25;150.30;150.25;150.30;"24/09/2026 16:10";CET;164;24647.00;151.50;25/09/2026
MARTIFER;PTMFR0AM0003;MAR;"Euronext Lisbon";EUR;2.29;2.33;2.29;2.33;"25/09/2026 21:10";BST;381;872.77;2.33;25/09/2026
"Martin Marietta";US5732841060;1MLM;"Euronext Global Equity Market";EUR;432.20;432.20;431.80;431.80;"15/09/2026 09:19";CET;51;22029.40;423.20;25/09/2026
"MARVELL TECHNOLOGY";US5738741041;49MW;EuroTLX;EUR;224.70;224.70;224.70;224.70;"23/09/2026 13:30";CET;10;2247.00;230.55;25/09/2026
"MARVELL TECHNOLOGY";US5738741041;29MW;"Trading After Hours";EUR;234.00;234.10;232.35;232.80;"25/09/2026 20:13";CET;3156;737453.05;233.65;25/09/2026
"MARVELL TECHNOLOGY";US5738741041;19MW;"Euronext Global Equity Market";EUR;231.15;232.80;226.00;230.30;"25/09/2026 17:35";CET;10845;2507007.75;230.30;25/09/2026
"MARZOCCHI POMPE";IT0004376858;MARP;"Euronext Growth Milan";EUR;2.06;2.08;2.06;2.06;"25/09/2026 09:56";CET;3250;6720.00;2.06;25/09/2026
"MASI AGRICOLA";IT0004125677;MASI;"Euronext Growth Milan";EUR;4.36;4.36;4.36;4.36;"24/09/2026 09:51";CET;20;87.20;4.36;25/09/2026
"MASTEC INC";US5763231090;1MTZ;"Euronext Global Equity Market";EUR;202.20;202.20;202.20;202.20;"17/09/2026 15:46";CET;2;404.40;185.60;25/09/2026
MASTERCARD;US57636Q1040;1MA;"Euronext Global Equity Market";EUR;494.80;495.10;494.80;495.10;"25/09/2026 13:53";CET;2;989.90;496.60;25/09/2026
MASTERCARD;US57636Q1040;2MA;"Trading After Hours";EUR;494.60;494.60;494.60;494.60;"21/09/2026 19:15";CET;1;494.60;496.60;25/09/2026
MASTERCARD;US57636Q1040;4MA;EuroTLX;EUR;466.60;466.60;466.60;466.60;"06/07/2026 10:56";CET;12;5599.20;496.60;25/09/2026
MASTRAD;FR0004155687;ALMAS;"Euronext Growth Paris";EUR;0.004;0.004;0.0028;0.0038;"25/09/2026 17:35";CET;702426;2463.1302;0.0038;25/09/2026
"MASTRAD BS29";FR0013472446;MASBS;"Euronext Growth Paris";EUR;-;-;-;-;-;CET;-;-;0.0785;25/09/2026
"Match Group Inc";US57667L1070;1MTCH;"Euronext Global Equity Market";EUR;35.85;35.85;35.85;35.85;"25/09/2026 15:31";CET;347;12439.95;36.195;25/09/2026
MATERIALISE;BE0974501331;MTLS;"Euronext Brussels";EUR;7.00;7.20;6.90;7.20;"25/09/2026 17:26";CET;4864;34461.25;7.20;25/09/2026
"MATICA FINTEC";IT0005388449;MFT;"Euronext Growth Milan";EUR;2.06;2.06;2.06;2.06;"24/09/2026 10:03";CET;1800;3708.00;2.06;25/09/2026
MATTEL;US5770811025;2MAT;"Trading After Hours";EUR;11.512;11.512;11.512;11.512;"25/09/2026 18:05";CET;1;11.512;11.512;25/09/2026
MATTEL;US5770811025;4MAT;EuroTLX;EUR;12.436;12.436;12.436;12.436;"10/04/2026 13:37";CET;55;683.98;11.584;25/09/2026
MATTEL;US5770811025;1MAT;"Euronext Global Equity Market";EUR;11.42;11.42;11.42;11.42;"25/09/2026 17:12";CET;1;11.42;11.526;25/09/2026
"MAUNA KEA BSA";FR00140140W9;MKTBS;"Euronext Growth Paris";EUR;0.053;0.053;0.051;0.0515;"25/09/2026 17:21";CET;15625;818.791;0.0515;25/09/2026
"MAUNA KEA TECH";FR0010609263;ALMKT;"Euronext Growth Paris";EUR;0.1468;0.149;0.1462;0.1476;"25/09/2026 17:05";CET;287986;42381.0668;0.1476;25/09/2026
MAURAGE;BE0011844108;-;"Euronext Expert Market";EUR;350.00;350.00;350.00;350.00;"10/07/2018 11:30";CET;63;22050.00;350.00;25/09/2026
"MAUREL ET PROM";FR0000051070;MAU;"Euronext Paris";EUR;7.99;8.10;7.925;8.065;"25/09/2026 17:35";CET;199025;1595857.40;8.065;25/09/2026
"Mayr Melnhof K";AT0000938204;1MMK;"Euronext Global Equity Market";EUR;77.30;77.30;77.30;77.30;"25/06/2026 13:39";CET;26;2009.80;72.10;25/09/2026
MAZARO;BE0974404361;MLMAZ;"Euronext Access Brussels";EUR;0.30;0.30;0.30;0.30;"02/07/2026 11:30";CET;800;240.00;0.30;25/09/2026
MBWS;FR0000060873;MBWS;"Euronext Paris";EUR;2.65;2.65;2.61;2.65;"25/09/2026 16:02";CET;1592;4202.26;2.65;25/09/2026
"MBZ (Gen-Jce)";BE0010342609;-;"Euronext Expert Market";EUR;124.50;124.50;124.50;124.50;"01/09/2015 11:30";CET;7;871.50;125.00;25/09/2026
"McCormick & Co";US5797802064;1MKC;"Euronext Global Equity Market";EUR;42.19;42.19;42.19;42.19;"21/09/2026 09:00";CET;21;885.99;41.68;25/09/2026
MCDONALD'S;US5801351017;4MCD;EuroTLX;EUR;209.50;209.50;209.50;209.50;"25/09/2026 17:13";CET;5;1047.50;207.90;25/09/2026
MCDONALD'S;US5801351017;1MCD;"Euronext Global Equity Market";EUR;209.30;210.30;207.10;207.60;"25/09/2026 17:35";CET;447;93046.80;207.60;25/09/2026
MCDONALD'S;US5801351017;2MCD;"Trading After Hours";EUR;212.30;212.30;212.30;212.30;"24/09/2026 18:00";CET;2;424.60;207.60;25/09/2026
MCEWEN;US58039P3055;2MUX;"Trading After Hours";EUR;15.80;15.80;15.80;15.80;"24/03/2026 18:00";CET;100;1580.00;16.54;25/09/2026
MCEWEN;US58039P3055;4MUX;EuroTLX;EUR;16.55;16.55;16.55;16.55;"24/09/2026 11:54";CET;15;248.25;16.55;25/09/2026
MCEWEN;US58039P3055;1MUX;"Euronext Global Equity Market";EUR;16.81;17.07;16.81;17.07;"23/09/2026 15:30";CET;346;5894.26;16.54;25/09/2026
"McKesson Corp";US58155Q1031;1MCK;"Euronext Global Equity Market";EUR;768.60;768.60;768.60;768.60;"17/09/2026 15:31";CET;9;6917.40;758.60;25/09/2026
"MEDIA CAPITAL";PTGMC0AM0003;MCP;"Euronext Lisbon";EUR;1.90;1.90;1.90;1.90;"03/07/2026 15:30";BST;1;1.90;1.90;25/09/2026
"MEDIA LAB";IT0005324105;MLLAB;"Euronext Access Paris";EUR;2.48;2.48;2.48;2.48;"04/09/2026 16:30";CET;5;12.40;2.48;25/09/2026
"MEDIAN TECH BSA";FR0014011D04;MDTBS;"Euronext Growth Paris";EUR;2.62;3.08;2.62;3.08;"24/09/2026 17:15";CET;3345;9169.50;3.08;25/09/2026
MEDIANTECHNOLOGIES;FR0011049824;ALMDT;"Euronext Growth Paris";EUR;3.70;3.78;3.70;3.765;"25/09/2026 17:35";CET;47476;177968.545;3.765;25/09/2026
MEDINCELL;FR0004065605;MEDCL;"Euronext Paris";EUR;23.44;23.44;22.78;23.02;"25/09/2026 17:35";CET;37821;872561.70;23.02;25/09/2026
MEDIOBANCA;IT0000062957;MB;"Euronext Milan";EUR;29.01;29.11;28.86;29.05;"25/09/2026 17:36";CET;248873;7217929.45;29.05;25/09/2026
MEDIOBANCA;IT0000062957;2MB;"Trading After Hours";EUR;29.12;29.24;29.05;29.20;"25/09/2026 19:58";CET;4298;125141.91;29.12;25/09/2026
MEDISTIM;NO0010159684;MEDI;"Oslo Børs";NOK;249.00;252.00;246.00;246.00;"25/09/2026 16:25";CET;6387;1584238.00;246.00;25/09/2026
"MEDITERRANEAN REIT";ES0105977005;MLMED;"Euronext Access Paris";EUR;-;-;-;1.266;"30/03/2026 00:00";CET;-;-;1.27;25/09/2026
"MEDPACE HOLDINGS I";US58506Q1094;1MEDP;"Euronext Global Equity Market";EUR;511.00;511.00;511.00;511.00;"14/09/2026 11:16";CET;3;1533.00;539.60;25/09/2026
MEDTRONIC;IE00BTN1Y115;2MDT;"Trading After Hours";EUR;79.06;79.06;79.06;79.06;"07/09/2026 18:42";CET;25;1976.50;77.74;25/09/2026
MEDTRONIC;IE00BTN1Y115;1MDT;"Euronext Global Equity Market";EUR;82.42;82.44;82.42;82.44;"24/09/2026 15:43";CET;6;494.58;77.74;25/09/2026
MEDTRONIC;IE00BTN1Y115;4MDT;EuroTLX;EUR;81.42;81.42;81.42;81.42;"08/09/2026 15:27";CET;50;4071.00;77.86;25/09/2026
MEGLIOQUESTO;IT0005450173;MQSPA;"Euronext Growth Milan";EUR;0.218;0.22;0.212;0.219;"18/03/2024 17:15";CET;31000;6740.91;0.22;25/09/2026
MELEXIS;BE0165385973;MELE;"Euronext Brussels";EUR;67.85;68.05;66.75;66.80;"25/09/2026 17:35";CET;28302;1897433.45;66.80;25/09/2026
MELEXIS;BE0165385973;2MELE;"Trading After Hours";EUR;-;-;-;-;-;CET;-;-;66.80;25/09/2026
"MELHUS SPAREBANK";NO0006001908;MELG;"Oslo Børs";NOK;186.00;186.00;186.00;186.00;"25/09/2026 09:48";CET;10;1860.00;186.00;25/09/2026
"MEMSCAP REGPT";FR0010298620;MEMS;"Euronext Paris";EUR;5.12;5.20;5.06;5.16;"25/09/2026 17:35";CET;7081;36359.37;5.16;25/09/2026
"MercadoLibre Inc";US58733R1023;1MELI;"Euronext Global Equity Market";EUR;1554.20;1554.40;1507.40;1522.40;"25/09/2026 16:48";CET;7;10735.60;1527.80;25/09/2026
"MERCEDES-BENZ G.";DE0007100000;1MBG;"Euronext Global Equity Market";EUR;41.42;41.545;41.05;41.26;"25/09/2026 17:09";CET;8373;345033.81;41.25;25/09/2026
"MERCEDES-BENZ G.";DE0007100000;4MBG;EuroTLX;EUR;49.345;49.345;49.345;49.345;"05/06/2026 09:00";CET;5;246.73;41.245;25/09/2026
"MERCEDES-BENZ G.";DE0007100000;2MBG;"Trading After Hours";EUR;40.06;40.06;40.06;40.06;"25/09/2026 18:03";CET;1;40.06;40.06;25/09/2026
MERCIALYS;FR0010241638;MERY;"Euronext Paris";EUR;10.16;10.26;9.92;9.97;"25/09/2026 17:35";CET;493886;4953923.02;9.97;25/09/2026
MERCIALYS;FR0010241638;2MERY;"Trading After Hours";EUR;-;-;-;-;-;CET;-;-;9.97;25/09/2026
MERCK;DE0006599905;1MRK;"Euronext Global Equity Market";EUR;133.60;133.60;133.60;133.60;"22/09/2026 14:55";CET;27;3607.20;135.20;25/09/2026
MERCK;DE0006599905;2MRK;"Trading After Hours";EUR;129.15;129.15;129.15;129.15;"15/06/2026 19:05";CET;6;774.90;135.20;25/09/2026
MERCK;DE0006599905;4MRK;EuroTLX;EUR;126.90;126.90;126.90;126.90;"09/01/2026 12:51";CET;20;2538.00;134.85;25/09/2026
"MERCK & CO.";US58933Y1055;1MRKX;"Euronext Global Equity Market";EUR;129.46;129.66;127.90;129.66;"25/09/2026 17:35";CET;91;11758.32;129.66;25/09/2026
"MERCK & CO.";US58933Y1055;4MRKX;EuroTLX;EUR;131.26;131.26;131.26;131.26;"24/09/2026 11:58";CET;2;262.52;129.82;25/09/2026
MERCK&CO.;US58933Y1055;2MRKX;"Trading After Hours";EUR;125.30;125.30;125.30;125.30;"11/09/2026 18:31";CET;1;125.30;129.66;25/09/2026
"MERIDIA RE IV";ES0105559001;MLMIV;"Euronext Access Paris";EUR;18.55;18.55;18.55;18.55;"02/07/2021 00:00";CET;-;-;16.60;25/09/2026
"MERLIN PROPERTIES";ES0105025003;MRL;"Euronext Lisbon";EUR;12.52;12.52;12.30;12.30;"24/09/2026 20:10";BST;1615;20062.00;12.30;25/09/2026
MERSEN;FR0000039620;2MRN;"Trading After Hours";EUR;-;-;-;-;-;CET;-;-;41.02;25/09/2026
MERSEN;FR0000039620;MRN;"Euronext Paris";EUR;41.76;42.08;40.50;41.02;"25/09/2026 17:35";CET;33242;1372059.67;41.02;25/09/2026
"MESSER BELGIUM";BE0003222214;-;"Euronext Expert Market";EUR;-;-;-;-;-;CET;-;-;222.00;25/09/2026
"MET.EXTRA GROUP";IT0005481855;MET;"Euronext Milan";EUR;2.32;2.42;2.32;2.32;"25/09/2026 16:47";CET;818;1952.76;2.32;25/09/2026
"META PLATFORMS";US30303M1027;2META;"Trading After Hours";EUR;658.60;659.00;658.60;659.00;"25/09/2026 19:16";CET;24;15810.40;658.80;25/09/2026
"META PLATFORMS";US30303M1027;1FB;"Euronext Global Equity Market";EUR;684.40;686.20;656.10;657.50;"25/09/2026 17:35";CET;3768;2523236.60;657.50;25/09/2026
"META PLATFORMS";US30303M1027;4FB;EuroTLX;EUR;622.10;622.10;622.10;622.10;"23/09/2026 09:00";CET;14;8709.40;658.20;25/09/2026
"METALEN GALLER";BE0038785821;-;"Euronext Expert Market";EUR;400.00;400.00;400.00;400.00;"20/10/2015 11:30";CET;515;206000.00;400.00;25/09/2026
METAVISIO;FR00140066X4;ALTHO;"Euronext Growth Paris";EUR;0.001;0.0011;0.001;0.0011;"25/09/2026 17:04";CET;11499404;11690.8288;0.0011;25/09/2026
METHANOR;FR0011217710;ALMET;"Euronext Growth Paris";EUR;2.28;2.44;2.26;2.44;"25/09/2026 17:12";CET;153;366.48;2.44;25/09/2026
"MetLife Inc";US59156R1086;1MET;"Euronext Global Equity Market";EUR;84.58;84.58;84.58;84.58;"04/09/2026 16:22";CET;25;2114.50;85.38;25/09/2026
"METRICS IN BALANCE";BE0974328602;MLMIB;"Euronext Access Paris";EUR;0.033;0.033;0.033;0.033;"15/10/2024 12:02";CET;4000;132.00;0.033;25/09/2026
"METRIKS AI";IT0005651481;MTK;"Euronext Growth Milan";EUR;3.40;3.40;3.40;3.40;"21/09/2026 16:03";CET;1000;3400.00;3.40;25/09/2026
"METROPOLE TV";FR0000053225;MMT;"Euronext Paris";EUR;11.18;11.24;11.10;11.20;"25/09/2026 17:35";CET;89514;999965.37;11.20;25/09/2026
"METROPOLE TV";FR0000053225;2MMT;"Trading After Hours";EUR;-;-;-;-;-;CET;-;-;11.20;25/09/2026
"Metsa Board Oyj B";FI0009000665;1MTBB;"Euronext Global Equity Market";EUR;3.654;3.654;3.654;3.654;"11/09/2026 12:37";CET;200;730.80;3.454;25/09/2026
"Metso Oyj";FI0009014575;1METS;"Euronext Global Equity Market";EUR;17.55;17.55;17.55;17.55;"10/09/2026 11:34";CET;80;1404.00;17.12;25/09/2026
"Mettler-Toledo Int";US5926881054;1MTD;"Euronext Global Equity Market";EUR;1304.00;1351.00;1304.00;1351.00;"24/09/2026 16:06";CET;13;17469.00;1322.00;25/09/2026
MEVIM;IT0005586950;MEV;"Euronext Growth Milan";EUR;0.107;0.107;0.10;0.10;"25/09/2026 17:35";CET;49784;5061.168;0.10;25/09/2026
MEXEDIA;IT0005450819;ALMEX;"Euronext Growth Paris";EUR;3.25;3.305;3.16;3.16;"25/09/2026 17:35";CET;18053;58425.985;3.16;25/09/2026
"MFE A";NL0015001OI1;2MFEA;"Trading After Hours";EUR;2.37;2.37;2.37;2.37;"25/09/2026 20:12";CET;2500;5925.00;2.37;25/09/2026
"MFE A";NL0015001OI1;MFEA;"Euronext Milan";EUR;2.322;2.378;2.31;2.338;"25/09/2026 17:35";CET;2455565;5773343.476;2.338;25/09/2026
"MFE B";NL0015001OJ9;MFEB;"Euronext Milan";EUR;3.126;3.20;3.11;3.166;"25/09/2026 17:35";CET;616006;1948811.774;3.166;25/09/2026
"MFE B";NL0015001OJ9;2MFEB;"Trading After Hours";EUR;3.338;3.35;3.312;3.312;"18/09/2026 20:29";CET;11200;37406.90;3.166;25/09/2026
"MG INTERNATIONAL";FR0010204453;ALMGI;"Euronext Growth Paris";EUR;2.58;2.58;2.58;2.58;"21/09/2026 11:30";CET;4;10.32;2.58;25/09/2026
"MGI DIGITAL GRAPHI";FR0010353888;ALMDG;"Euronext Growth Paris";EUR;8.49;8.60;8.49;8.60;"25/09/2026 17:35";CET;3507;29983.37;8.60;25/09/2026
"MGM Resorts Int";US5529531015;1MGM;"Euronext Global Equity Market";EUR;35.53;35.53;35.53;35.53;"04/09/2026 15:59";CET;69;2451.57;28.63;25/09/2026
MICHELIN;FR001400AJ45;ML;"Euronext Paris";EUR;33.61;33.84;33.48;33.80;"25/09/2026 17:37";CET;1253414;42332236.08;33.80;25/09/2026
"MICROCHIP TECHNOL";US5950171042;4MCHP;EuroTLX;EUR;71.39;71.39;71.39;71.39;"17/07/2026 16:23";CET;9;642.51;67.58;25/09/2026
"MICROCHIP TECHNOL";US5950171042;1MCHP;"Euronext Global Equity Market";EUR;65.84;68.05;65.84;68.05;"25/09/2026 17:09";CET;333;22375.67;67.57;25/09/2026
"MICROCHIP TECHNOL";US5950171042;2MCHP;"Trading After Hours";EUR;65.80;65.80;65.80;65.80;"23/09/2026 18:35";CET;5;329.00;67.57;25/09/2026
"MICRON TECHNOLOGY";US5951121038;2MT;"Trading After Hours";EUR;944.20;953.00;944.20;953.00;"25/09/2026 20:26";CET;243;231035.00;950.80;25/09/2026
"MICRON TECHNOLOGY";US5951121038;1MU;"Euronext Global Equity Market";EUR;957.50;972.70;945.20;947.50;"25/09/2026 17:35";CET;9404;9010705.90;947.50;25/09/2026
"MICRON TECHNOLOGY";US5951121038;4MU;EuroTLX;EUR;956.00;970.00;956.00;970.00;"25/09/2026 15:22";CET;17;16280.00;949.30;25/09/2026
"MICROSOFT CORP";US5949181045;4MSFT;EuroTLX;EUR;450.00;450.00;450.00;450.00;"25/09/2026 17:05";CET;1;450.00;451.65;25/09/2026
"MICROSOFT CORP";US5949181045;1MSFT;"Euronext Global Equity Market";EUR;437.20;453.60;435.60;451.05;"25/09/2026 17:35";CET;6280;2794708.20;451.05;25/09/2026
"MICROSOFT CORP";US5949181045;2MSFT;"Trading After Hours";EUR;451.45;454.70;451.45;454.15;"25/09/2026 20:26";CET;92;41712.00;453.40;25/09/2026
"MICS PARTNERS";BE0010610377;-;"Euronext Expert Market";EUR;-;-;-;-;-;CET;-;-;88.00;25/09/2026
"MIGUET ET ASSOCIES";FR0010500363;MLNMA;"Euronext Access Paris";EUR;0.206;0.206;0.171;0.171;"25/09/2026 16:30";CET;1626;305.766;0.171;25/09/2026
MIKO;BE0003731453;MIKO;"Euronext Brussels";EUR;71.50;71.50;71.00;71.00;"25/09/2026 16:39";CET;652;46353.50;71.00;25/09/2026
MILIBOO;FR0013053535;ALMLB;"Euronext Growth Paris";EUR;1.66;1.69;1.65;1.65;"25/09/2026 17:35";CET;378;635.71;1.65;25/09/2026
"MINCON GROUP PLC";IE00BD64C665;MIO;"Euronext Growth Dublin";EUR;0.80;0.85;0.80;0.85;"25/09/2026 21:00";IST;19207;16019.70;0.85;25/09/2026
MINT;FR0004172450;ALMIN;"Euronext Growth Paris";EUR;4.64;4.75;4.64;4.75;"25/09/2026 17:25";CET;650;3039.12;4.75;25/09/2026
"MISITANO STRACUZZI";IT0005603078;MS;"Euronext Growth Milan";EUR;0.702;0.702;0.70;0.70;"25/09/2026 17:35";CET;2940;2061.44;0.70;25/09/2026
"MIT SIM";IT0005427510;MTS;"Euronext Growth Milan";EUR;1.74;1.74;1.70;1.70;"25/09/2026 16:05";CET;4000;6880.00;1.70;25/09/2026
"MKB Nedsense";NL0009312842;NEDSE;"Euronext Amsterdam";EUR;0.0818;0.0818;0.0818;0.0818;"25/09/2026 11:17";CET;11596;948.5528;0.0818;25/09/2026
"MKS INSTRUMENTS IN";US55306N1046;1MKSI;"Euronext Global Equity Market";EUR;226.00;226.00;220.10;220.10;"31/08/2026 15:39";CET;77;16959.50;228.10;25/09/2026
MODERNA;US60770K1079;4MRNA;EuroTLX;EUR;169.66;169.66;169.66;169.66;"25/09/2026 14:08";CET;5;848.30;172.50;25/09/2026
MODERNA;US60770K1079;1MRNA;"Euronext Global Equity Market";EUR;173.74;174.20;169.00;173.12;"25/09/2026 17:35";CET;25460;4372399.66;173.12;25/09/2026
MODERNA;US60770K1079;2MRNA;"Trading After Hours";EUR;175.00;177.00;173.08;173.80;"25/09/2026 20:24";CET;1109;193980.40;174.92;25/09/2026
"MODINE MANUFACTURI";US6078281002;1MOD;"Euronext Global Equity Market";EUR;176.05;176.10;176.05;176.10;"25/09/2026 15:37";CET;12;2112.95;173.80;25/09/2026
"Mohawk Ind";US6081901042;1MHK;"Euronext Global Equity Market";EUR;112.75;112.75;112.75;112.75;"28/08/2026 14:12";CET;3;338.25;107.30;25/09/2026
"Molina Healthcare";US60855R1005;1MOH;"Euronext Global Equity Market";EUR;168.60;168.60;168.60;168.60;"24/09/2026 16:11";CET;24;4046.40;170.85;25/09/2026
"Molson Coors Bev";US60871R2094;1TAP;"Euronext Global Equity Market";EUR;31.98;31.98;31.98;31.98;"23/09/2026 15:37";CET;375;11992.50;31.68;25/09/2026
"MOLTIPLY GROUP";IT0004195308;MOL;"Euronext Milan";EUR;28.90;29.95;28.25;29.15;"25/09/2026 17:35";CET;145538;4238109.90;29.15;25/09/2026
"MON COURTIER ENERG";FR001400H3A0;ALMCE;"Euronext Growth Paris";EUR;5.70;5.70;5.50;5.55;"25/09/2026 13:54";CET;7;38.95;5.55;25/09/2026
"MONCEY (FIN.) NOM.";FR001400SU99;FMONC;"Euronext Paris";EUR;116.50;118.50;116.00;116.00;"25/09/2026 14:06";CET;348;40654.00;116.00;25/09/2026
MONCLER;IT0004965148;MONC;"Euronext Milan";EUR;44.11;44.41;43.56;43.56;"25/09/2026 17:35";CET;826097;36181398.53;43.56;25/09/2026
MONCLER;IT0004965148;2MONC;"Trading After Hours";EUR;44.60;44.60;43.61;43.61;"25/09/2026 19:42";CET;651;28598.00;43.93;25/09/2026
"MONDADORI EDIT";IT0001469383;MN;"Euronext Milan";EUR;2.09;2.09;2.065;2.075;"25/09/2026 17:35";CET;264901;549954.245;2.075;25/09/2026
"MONDELEZ INTERN";US6092071058;1MDLZ;"Euronext Global Equity Market";EUR;54.36;54.36;53.87;53.87;"11/09/2026 13:54";CET;26;1403.56;52.93;25/09/2026
"MONDELEZ INTERN";US6092071058;4MDLZ;EuroTLX;EUR;54.28;54.28;54.28;54.28;"26/09/2025 14:12";CET;1;54.28;52.94;25/09/2026
"MONDELEZ INTERN";US6092071058;2MDLZ;"Trading After Hours";EUR;53.83;53.83;53.83;53.83;"14/09/2026 18:00";CET;1;53.83;52.93;25/09/2026
"MONDO TV";IT0001447785;MTV;"Euronext Milan";EUR;0.0222;0.023;0.02;0.0219;"25/09/2026 17:13";CET;5298698;112210.8423;0.0219;25/09/2026
"MONDO TV FRANCE";FR0014011ND8;MTVFR;"Euronext Growth Milan";EUR;0.002;0.0025;0.002;0.002;"25/09/2026 17:38";CET;1998100;3996.85;0.002;25/09/2026
"MongoDB Inc";US60937P1066;1MDB;"Euronext Global Equity Market";EUR;375.40;381.00;375.40;376.55;"23/09/2026 16:09";CET;94;35371.20;366.65;25/09/2026
MONNALISA;IT0005338139;MNL;"Euronext Growth Milan";EUR;0.662;0.666;0.66;0.662;"25/09/2026 17:35";CET;29159;19302.79;0.662;25/09/2026
MONNI;BE0974503352;MONNI;"Euronext Growth Brussels";EUR;8.30;8.30;8.30;8.30;"25/09/2026 17:07";CET;41;340.30;8.30;25/09/2026
"Monolithic Power";US6098391054;1MPWR;"Euronext Global Equity Market";EUR;1184.00;1189.00;1184.00;1189.00;"25/09/2026 15:43";CET;14;16621.00;1195.50;25/09/2026
"Monster Beverage";US61174X1090;1MNST;"Euronext Global Equity Market";EUR;38.57;38.57;38.57;38.57;"21/09/2026 14:41";CET;3;115.71;37.36;25/09/2026
MONTEA;BE0003853703;MONT;"Euronext Brussels, Paris";EUR;63.20;63.70;63.00;63.00;"25/09/2026 17:35";CET;14290;902380.70;63.00;25/09/2026
"MONTEPINO LOGISTIC";ES0105549002;MLMTP;"Euronext Access Paris";EUR;10.00;10.00;10.00;10.00;"23/09/2026 11:30";CET;4900;49000.00;10.00;25/09/2026
"MONUMENTAL RES";PTMNN0AE0006;MLMR;"Euronext Access Lisbon";EUR;0.994;0.994;0.994;0.994;"23/05/2019 04:00";BST;-;-;0.995;25/09/2026
"Moody's Corp";US6153691059;1MCO;"Euronext Global Equity Market";EUR;420.00;420.00;420.00;420.00;"24/09/2026 15:32";CET;12;5040.00;409.00;25/09/2026
MOPOLI;NL0000488153;MOP;"Euronext Brussels";EUR;222.00;222.00;222.00;222.00;"23/09/2026 16:40";CET;27;5994.00;222.00;25/09/2026
"MOPOLI FOND";NL0000488161;MOPF;"Euronext Brussels";EUR;6900.00;6900.00;6900.00;6900.00;"04/09/2026 14:43";CET;2;13800.00;6900.00;25/09/2026
"MOREFIELD GROUP";CWN814651014;MORE;"Euronext Amsterdam";EUR;0.98;0.98;0.97;0.98;"25/09/2026 15:26";CET;2866;2796.41;0.98;25/09/2026
MORELD;NO0013325506;MORLD;"Oslo Børs";NOK;24.00;24.05;22.85;24.05;"25/09/2026 16:34";CET;290080;6930058.30;24.05;25/09/2026
"MORGAN STANLEY";US6174464486;1MS;"Euronext Global Equity Market";EUR;172.90;172.90;172.90;172.90;"24/09/2026 15:38";CET;3;518.70;171.05;25/09/2026
"MORGAN STANLEY";US6174464486;2MS;"Trading After Hours";EUR;193.40;193.40;193.40;193.40;"22/07/2026 18:14";CET;120;23208.00;171.05;25/09/2026
"MORGAN STANLEY";US6174464486;4MS;EuroTLX;EUR;183.05;183.05;183.05;183.05;"10/09/2026 16:00";CET;60;10983.00;171.10;25/09/2026
"Mosaic Co/The";US61945C1036;1MOS;"Euronext Global Equity Market";EUR;20.11;20.11;20.11;20.11;"25/09/2026 16:51";CET;298;5992.78;20.06;25/09/2026
"MOTA ENGIL";PTMEN0AE0005;2EGL;"Trading After Hours";EUR;-;-;-;-;-;CET;-;-;5.28;25/09/2026
"MOTA ENGIL";PTMEN0AE0005;EGL;"Euronext Lisbon";EUR;5.44;5.47;5.275;5.28;"25/09/2026 21:35";BST;2104135;11304787.815;5.28;25/09/2026
MOTORK;GB00BMXH3352;MTRK;"Euronext Amsterdam";EUR;2.20;2.20;2.20;2.20;"24/09/2026 09:00";CET;5;11.00;2.20;25/09/2026
"MOTOROLA SOLUTIONS";US6200763075;2MSI;"Trading After Hours";EUR;336.70;336.70;336.70;336.70;"15/05/2026 18:20";CET;2;673.40;402.60;25/09/2026
"MOTOROLA SOLUTIONS";US6200763075;4MSI;EuroTLX;EUR;362.50;362.50;362.50;362.50;"08/05/2026 15:12";CET;20;7250.00;402.40;25/09/2026
"MOTOROLA SOLUTIONS";US6200763075;1MSI;"Euronext Global Equity Market";EUR;395.00;395.00;395.00;395.00;"21/09/2026 14:39";CET;1;395.00;402.60;25/09/2026
MOULINVEST;FR0011033083;ALMOU;"Euronext Growth Paris";EUR;22.20;22.60;21.50;22.60;"25/09/2026 15:34";CET;682;15098.20;22.60;25/09/2026
"MOURY CONSTRUCT";BE0003602134;MOUR;"Euronext Brussels";EUR;722.00;726.00;722.00;726.00;"25/09/2026 16:40";CET;56;40552.00;726.00;25/09/2026
MOWI;NO0003054108;MOWI;"Oslo Børs";NOK;201.40;206.60;200.60;205.60;"25/09/2026 16:25";CET;1338342;274261921.30;205.60;25/09/2026
"MP MATERIALS CORP";US5533681012;1MP;"Euronext Global Equity Market";EUR;43.75;43.90;43.50;43.90;"25/09/2026 13:42";CET;82;3577.50;42.75;25/09/2026
"MPC CONTAINER SHIP";NO0010791353;MPCC;"Oslo Børs";NOK;28.80;28.90;28.00;28.36;"25/09/2026 16:25";CET;812192;23085586.62;28.36;25/09/2026
"MPC ENERGY SOLUTIO";NL0015268814;MPCES;"Euronext Growth Oslo";NOK;1.925;1.95;1.925;1.925;"25/09/2026 16:25";CET;141;274.125;1.925;25/09/2026
"MR BRICOLAGE";FR0004034320;ALMRB;"Euronext Growth Paris";EUR;3.23;3.38;3.18;3.38;"25/09/2026 17:35";CET;6567;21678.09;3.38;25/09/2026
"MSCI Inc";US55354G1004;1MSCI;"Euronext Global Equity Market";EUR;485.00;485.00;482.70;482.70;"25/09/2026 17:29";CET;4;1933.10;482.10;25/09/2026
"MTU AERO ENGINES";DE000A0D9PT0;4MTX;EuroTLX;EUR;348.90;348.90;348.90;348.90;"16/07/2026 17:16";CET;1;348.90;370.70;25/09/2026
"MTU AERO ENGINES";DE000A0D9PT0;1MTX;"Euronext Global Equity Market";EUR;369.10;369.10;369.10;369.10;"25/09/2026 09:54";CET;3;1107.30;370.70;25/09/2026
"MTU AERO ENGINES";DE000A0D9PT0;2MTX;"Trading After Hours";EUR;319.40;319.40;319.40;319.40;"24/03/2026 19:12";CET;20;6388.00;370.70;25/09/2026
MULTICONSULT;NO0010734338;MULTI;"Oslo Børs";NOK;145.60;146.20;144.00;146.00;"25/09/2026 16:25";CET;48416;7003921.40;146.00;25/09/2026
MUNIC;FR0013462231;ALMUN;"Euronext Growth Paris";EUR;0.335;0.355;0.335;0.355;"25/09/2026 15:32";CET;7892;2796.84;0.355;25/09/2026
"MUNICH RE";DE0008430026;2MUV2;"Trading After Hours";EUR;497.00;497.00;486.60;486.60;"07/09/2026 18:12";CET;9;4389.80;509.40;25/09/2026
"MUNICH RE";DE0008430026;4MUV2;EuroTLX;EUR;513.60;513.60;513.60;513.60;"16/07/2026 17:17";CET;1;513.60;509.40;25/09/2026
"MUNICH RE";DE0008430026;1MUV2;"Euronext Global Equity Market";EUR;514.60;515.20;508.60;508.60;"25/09/2026 16:18";CET;36;18511.20;509.40;25/09/2026
"Munters Group";SE0009806607;1MTRS;"Euronext Global Equity Market";EUR;14.69;14.69;14.69;14.69;"07/09/2026 09:48";CET;20;293.80;11.775;25/09/2026
"MUTTER VENTURES";ES0105697009;MLMUT;"Euronext Access Paris";EUR;1.08;1.08;1.08;1.08;"14/09/2026 16:30";CET;100;108.00;1.08;25/09/2026
Mycronic;SE0025158629;1MYCR;"Euronext Global Equity Market";EUR;30.14;30.14;30.14;30.14;"28/08/2026 15:29";CET;100;3014.00;30.14;25/09/2026
MYHOTELMATCH;FR001400IE67;MHM;"Euronext Paris";EUR;0.026;0.0348;0.0108;0.012;"25/09/2026 17:35";CET;13937185;201648.9704;0.012;25/09/2026
MÅSØVAL;NO0010974983;MAS;"Euronext Growth Oslo";NOK;38.00;38.00;37.90;37.90;"25/09/2026 14:18";CET;10992;416598.00;37.90;25/09/2026
NABLA;IT0005730384;NABLA;"Euronext Growth Milan";EUR;3.0375;3.15;3.0375;3.075;"25/09/2026 15:19";CET;12150;37751.40;3.075;25/09/2026
NACON;FR0013482791;NACON;"Euronext Paris";EUR;0.0526;0.0645;0.0526;0.06;"25/09/2026 17:35";CET;503558;29936.0511;0.06;25/09/2026
"NAI ORD SHARES";NL0015000CG2;NAI;"Euronext Amsterdam";EUR;8.70;8.70;8.70;8.70;"25/09/2026 17:35";CET;11;95.70;8.70;25/09/2026
"NAI TREAS SHARES";NL0015000CF4;NAITR;"Euronext Amsterdam";EUR;-;-;-;-;-;CET;-;-;0.04;25/09/2026
"NAI WARRANTS";NL0015000CH0;NAIW;"Euronext Amsterdam";EUR;0.0001;0.0001;0.0001;0.0001;"22/07/2026 13:54";CET;196;0.02;0.0001;25/09/2026
NAMR;FR0014003J32;ALNMR;"Euronext Growth Paris";EUR;0.225;0.23;0.225;0.23;"16/06/2025 17:20";CET;1183;271.66;0.23;25/09/2026
NANOBIOTIX;FR0011341205;NANO;"Euronext Paris";EUR;29.04;29.54;27.12;29.16;"25/09/2026 17:35";CET;196590;5632948.24;29.16;25/09/2026
NAPATECH;DK0060520450;NAPA;"Oslo Børs";NOK;44.50;44.50;42.40;43.75;"25/09/2026 16:25";CET;269631;11699676.675;43.75;25/09/2026
"Nasdaq Inc";US6311031081;1NDAQ;"Euronext Global Equity Market";EUR;83.60;83.60;81.30;81.30;"25/09/2026 17:35";CET;9;746.40;81.30;25/09/2026
"NATURGY ENERGY GR";ES0116870314;2NTGY;"Trading After Hours";EUR;22.66;22.66;22.66;22.66;"29/10/2024 19:16";CET;9;203.94;29.06;25/09/2026
"NATURGY ENERGY GR";ES0116870314;1NTGY;"Euronext Global Equity Market";EUR;29.94;29.94;29.94;29.94;"18/09/2026 10:17";CET;1;29.94;29.06;25/09/2026
"NATURGY ENERGY GR";ES0116870314;4NTGY;EuroTLX;EUR;29.64;29.64;29.64;29.64;"25/08/2026 09:24";CET;21;622.44;29.06;25/09/2026
NAVAMEDIC;NO0010205966;NAVA;"Oslo Børs";NOK;13.25;13.35;13.05;13.35;"25/09/2026 15:03";CET;11273;148739.05;13.35;25/09/2026
NEDAP;NL0000371243;NEDAP;"Euronext Amsterdam";EUR;92.20;92.70;91.80;92.20;"25/09/2026 17:35";CET;1835;169300.05;92.20;25/09/2026
NEKKAR;NO0003049405;NKR;"Oslo Børs";NOK;14.40;14.40;14.15;14.15;"25/09/2026 16:29";CET;91199;1293056.70;14.15;25/09/2026
NEL;NO0010081235;NEL;"Oslo Børs";NOK;2.055;2.06;2.04;2.06;"25/09/2026 16:25";CET;1132208;2327631.265;2.06;25/09/2026
NEMETSCHEK;DE0006452907;2NEMX;"Trading After Hours";EUR;68.80;68.80;68.80;68.80;"09/02/2026 18:21";CET;35;2408.00;62.35;25/09/2026
NEMETSCHEK;DE0006452907;4NEMX;EuroTLX;EUR;124.80;124.80;124.80;124.80;"19/08/2025 16:26";CET;2;249.60;62.40;25/09/2026
NEMETSCHEK;DE0006452907;1NEMX;"Euronext Global Equity Market";EUR;61.00;61.00;61.00;61.00;"25/09/2026 10:26";CET;6;366.00;62.35;25/09/2026
NEODECORTECH;IT0005275778;NDT;"Euronext Milan";EUR;5.32;5.46;5.32;5.34;"25/09/2026 17:35";CET;11314;60824.38;5.34;25/09/2026
NEOLIFE;FR0011636083;ALNLF;"Euronext Growth Paris";EUR;0.058;0.063;0.0572;0.063;"25/09/2026 17:28";CET;18539;1089.9486;0.063;25/09/2026
NEOSPERIENCE;IT0005497018;NSP;"Euronext Growth Milan";EUR;0.443;0.445;0.42;0.44;"20/06/2025 17:26";CET;44000;19192.00;0.44;25/09/2026
NEOVACS;FR0014018EV4;ALNEV;"Euronext Growth Paris";EUR;0.20;0.2179;0.19;0.2001;"25/09/2026 17:38";CET;61702;12191.599;0.2001;25/09/2026
"NEPI ROCKCASTLE";NL0015000RT3;NRP;"Euronext Amsterdam";EUR;7.78;7.78;7.601;7.78;"25/09/2026 17:35";CET;1559;12073.035;7.78;25/09/2026
NESTE;FI0009013296;4NESTE;EuroTLX;EUR;31.74;31.74;31.74;31.74;"17/07/2026 14:26";CET;60;1904.40;34.02;25/09/2026
NESTE;FI0009013296;1NESTE;"Euronext Global Equity Market";EUR;35.38;35.38;34.22;34.22;"25/09/2026 15:58";CET;64;2205.24;33.81;25/09/2026
NESTE;FI0009013296;2NESTE;"Trading After Hours";EUR;32.49;32.49;32.49;32.49;"03/09/2026 20:17";CET;50;1624.50;33.81;25/09/2026
Nestle;CH0038863350;1NESN;"Euronext Global Equity Market";EUR;83.77;83.77;79.59;81.61;"25/09/2026 17:19";CET;915;74947.37;82.46;25/09/2026
"NetApp Inc";US64110D1046;1NTAP;"Euronext Global Equity Market";EUR;171.48;171.48;171.48;171.48;"24/09/2026 09:00";CET;50;8574.00;174.96;25/09/2026
NETFLIX;US64110L1061;2NFLX;"Trading After Hours";EUR;62.80;63.47;62.80;63.47;"24/09/2026 20:14";CET;105;6661.36;62.53;25/09/2026
NETFLIX;US64110L1061;4NFLX;EuroTLX;EUR;62.01;62.01;62.01;62.01;"22/09/2026 09:00";CET;70;4340.70;62.49;25/09/2026
NETFLIX;US64110L1061;1NFLX;"Euronext Global Equity Market";EUR;62.83;62.99;62.43;62.53;"25/09/2026 17:35";CET;2795;175564.21;62.53;25/09/2026
NETGEM;FR0004154060;ALNTG;"Euronext Growth Paris";EUR;0.962;0.98;0.962;0.98;"25/09/2026 17:35";CET;12601;12204.914;0.98;25/09/2026
"NETMEDIA GROUP";FR001400RF99;ALNMG;"Euronext Growth Paris";EUR;0.35;0.35;0.334;0.349;"25/09/2026 15:31";CET;5260;1795.802;0.349;25/09/2026
NEUFCOUR-FIN.;BE0003680916;MLNEU;"Euronext Access Brussels";EUR;11.30;11.30;11.30;11.30;"16/09/2026 16:30";CET;4;45.20;11.30;25/09/2026
"NEUROCRINE BIOSCIE";US64125C1099;1NBIX;"Euronext Global Equity Market";EUR;121.50;121.50;121.50;121.50;"25/09/2026 15:30";CET;5;607.50;120.65;25/09/2026
NEURONES;FR0004050250;NRO;"Euronext Paris";EUR;36.30;37.00;36.30;37.00;"25/09/2026 17:35";CET;1065;39013.05;37.00;25/09/2026
NEUROSOFT;GRS802003004;NRST;"Euronext Growth Milan";EUR;0.565;0.575;0.555;0.575;"25/09/2026 14:43";CET;5000;2805.00;0.575;25/09/2026
"NEUTRON HOLDINGS";US64125S1042;1LIME;"Euronext Global Equity Market";EUR;-;-;-;-;-;CET;-;-;21.55;25/09/2026
"NEUTRON HOLDINGS";US64125S1042;2LIME;"Trading After Hours";EUR;-;-;-;-;-;CET;-;-;21.55;25/09/2026
"NEW SOURCES ENERGY";NL0009822014;NSE;"Euronext Amsterdam";EUR;0.0285;0.0285;0.0285;0.0285;"25/09/2026 16:32";CET;4600;131.10;0.0285;25/09/2026
"NEWELL BRANDS INC";US6512291062;1NWL;"Euronext Global Equity Market";EUR;5.10;5.10;5.10;5.10;"10/09/2026 16:50";CET;930;4743.00;4.893;25/09/2026
NEWMONT;US6516391066;1NEM;"Euronext Global Equity Market";EUR;106.30;107.40;105.88;106.58;"25/09/2026 17:35";CET;63;6708.94;106.58;25/09/2026
NEWMONT;US6516391066;4NEM;EuroTLX;EUR;105.34;105.34;105.34;105.34;"01/09/2026 16:03";CET;10;1053.40;106.42;25/09/2026
NEWMONT;US6516391066;2NEM;"Trading After Hours";EUR;106.66;106.66;106.66;106.66;"16/09/2026 20:20";CET;45;4799.70;106.58;25/09/2026
NEWPRINCES;IT0005385213;NWL;"Euronext Milan";EUR;18.05;18.05;17.20;17.25;"25/09/2026 17:35";CET;151390;2641566.09;17.25;25/09/2026
"News Corp";US65249B1098;1NWSA;"Euronext Global Equity Market";EUR;25.60;25.60;25.60;25.60;"06/08/2026 15:28";CET;129;3302.40;24.80;25/09/2026
"News Corp B";US65249B2088;1NWS;"Euronext Global Equity Market";EUR;29.00;29.00;29.00;29.00;"28/08/2026 10:37";CET;1;29.00;27.60;25/09/2026
NEWTREE;BE0003832491;NEWT;"Euronext Access Brussels";EUR;1.95;1.95;1.95;1.95;"21/09/2026 11:30";CET;885;1725.75;1.95;25/09/2026
NEXANS;FR0000044448;2NEX;"Trading After Hours";EUR;-;-;-;-;-;CET;-;-;135.60;25/09/2026
NEXANS;FR0000044448;NEX;"Euronext Paris";EUR;137.40;139.20;135.60;135.60;"25/09/2026 17:38";CET;92669;12686016.45;135.60;25/09/2026
NEXI;IT0005366767;NEXI;"Euronext Milan";EUR;4.12;4.205;4.117;4.167;"25/09/2026 17:37";CET;3223024;13447549.009;4.167;25/09/2026
NEXI;IT0005366767;2NEXI;"Trading After Hours";EUR;4.167;4.20;4.151;4.20;"25/09/2026 20:16";CET;12300;51611.926;4.196;25/09/2026
NEXITY;FR0010112524;2NXI;"Trading After Hours";EUR;-;-;-;-;-;CET;-;-;5.105;25/09/2026
NEXITY;FR0010112524;NXI;"Euronext Paris";EUR;5.165;5.21;5.06;5.105;"25/09/2026 17:36";CET;170683;874723.5325;5.105;25/09/2026
"NEXSTAR MEDIA GROU";US65336K1034;1NXST;"Euronext Global Equity Market";EUR;142.15;142.15;142.15;142.15;"21/09/2026 15:34";CET;71;10092.65;141.90;25/09/2026
"NEXT BIOMETRICS GP";NO0013740142;NEXT;"Oslo Børs";NOK;0.254;0.26;0.221;0.238;"25/09/2026 16:25";CET;1695919;402372.473;0.238;25/09/2026
"NEXT GEOSOLUTIONS";IT0005594418;NXT;"Euronext Growth Milan";EUR;15.80;15.80;15.75;15.75;"25/09/2026 17:35";CET;35750;564287.50;15.75;25/09/2026
NEXTEDIA;FR0004171346;ALNXT;"Euronext Growth Paris";EUR;0.332;0.332;0.315;0.329;"25/09/2026 17:04";CET;17839;5745.767;0.329;25/09/2026
NEXTENSA;BE0003770840;NEXTA;"Euronext Brussels";EUR;45.415;45.5025;45.00;45.30;"25/09/2026 17:35";CET;864;39094.755;45.30;25/09/2026
"NextEra Energy";US65339F1012;4NEE;EuroTLX;EUR;70.57;70.57;70.57;70.57;"22/09/2026 09:04";CET;9;635.13;66.35;25/09/2026
"NextEra Energy";US65339F1012;1NEE;"Euronext Global Equity Market";EUR;67.01;67.01;66.60;66.73;"25/09/2026 14:20";CET;138;9212.08;66.28;25/09/2026
"NextEra Energy";US65339F1012;2NEE;"Trading After Hours";EUR;81.50;81.50;81.50;81.50;"28/07/2026 18:00";CET;127;10350.50;66.28;25/09/2026
"NFL BIOSCIENCES";FR0014003XT0;ALNFL;"Euronext Growth Paris";EUR;0.755;0.755;0.73;0.746;"25/09/2026 14:11";CET;8944;6554.476;0.746;25/09/2026
"Nibe Industrier";SE0015988019;1NIBE;"Euronext Global Equity Market";EUR;3.70;3.70;3.70;3.70;"21/09/2026 09:01";CET;84;310.80;4.018;25/09/2026
NICOX;FR0013018124;ALCOX;"Euronext Growth Paris";EUR;0.337;0.344;0.334;0.3345;"25/09/2026 17:35";CET;145907;48884.127;0.3345;25/09/2026
"NIDAROS SPAREBANK";NO0010733082;NISB;"Euronext Growth Oslo";NOK;104.02;104.02;104.02;104.02;"24/09/2026 15:20";CET;29;3016.58;104.02;25/09/2026
NIKE;US6541061031;1NKE;"Euronext Global Equity Market";EUR;31.605;31.785;30.82;31.395;"25/09/2026 17:15";CET;8766;274469.735;31.335;25/09/2026
NIKE;US6541061031;4NKE;EuroTLX;EUR;32.59;32.59;31.66;31.66;"10/09/2026 09:36";CET;540;17133.60;31.33;25/09/2026
NIKE;US6541061031;2NKE;"Trading After Hours";EUR;31.33;31.33;31.33;31.33;"24/09/2026 18:50";CET;30;939.90;31.335;25/09/2026
"NiSource Inc";US65473P1057;1NIS;"Euronext Global Equity Market";EUR;43.18;43.18;43.17;43.17;"02/07/2026 12:13";CET;2;86.35;34.27;25/09/2026
NMC;BE0035966762;-;"Euronext Expert Market";EUR;2250.60;2250.60;2250.60;2250.60;"15/09/2015 11:30";CET;18;40510.80;2260.00;25/09/2026
"NN GROUP";NL0010773842;4NN;EuroTLX;EUR;83.22;83.22;83.22;83.22;"06/08/2026 17:28";CET;3;249.66;79.88;25/09/2026
"NN GROUP";NL0010773842;NN;"Euronext Amsterdam";EUR;79.26;80.52;79.20;79.96;"25/09/2026 17:35";CET;413770;33113125.38;79.96;25/09/2026
"NN GROUP";NL0010773842;2NN;"Trading After Hours";EUR;-;-;-;-;-;CET;-;-;79.96;25/09/2026
"NOKIA CORPORATION";FI0009000681;4NOKIA;EuroTLX;EUR;9.348;9.348;9.348;9.348;"17/09/2026 12:44";CET;100;934.80;9.136;25/09/2026
"NOKIA CORPORATION";FI0009000681;2NOKIA;"Trading After Hours";EUR;9.192;9.192;9.146;9.146;"25/09/2026 20:09";CET;7590;69491.58;9.156;25/09/2026
"NOKIA CORPORATION";FI0009000681;1NOKIA;"Euronext Global Equity Market";EUR;9.316;9.454;9.124;9.13;"25/09/2026 17:35";CET;96511;897691.046;9.13;25/09/2026
"NOKIAN RENKAAT";FI0009005318;2TYRES;"Trading After Hours";EUR;-;-;-;-;-;CET;-;-;15.91;25/09/2026
"NOKIAN RENKAAT";FI0009005318;1TYRES;"Euronext Global Equity Market";EUR;15.73;15.73;15.73;15.73;"18/09/2026 12:37";CET;2500;39325.00;15.91;25/09/2026
"NOKIAN RENKAAT";FI0009005318;4TYRES;EuroTLX;EUR;15.90;15.90;15.90;15.90;"21/08/2026 16:09";CET;300;4770.00;16.02;25/09/2026
"NORAM DRILLING";NO0010360019;NORAM;"Euronext Growth Oslo";NOK;44.40;44.40;43.80;44.20;"25/09/2026 16:25";CET;31524;1387536.10;44.20;25/09/2026
NORBIT;NO0010856511;NORBT;"Oslo Børs";NOK;163.00;163.10;160.70;161.60;"25/09/2026 16:25";CET;111836;18083907.00;161.60;25/09/2026
NORCOD;NO0010892912;NCOD;"Euronext Growth Oslo";NOK;12.95;13.40;12.95;13.30;"25/09/2026 16:25";CET;31347;415947.75;13.30;25/09/2026
NORCONSULT;NO0013052209;NORCO;"Oslo Børs";NOK;37.85;38.45;37.50;38.30;"25/09/2026 16:25";CET;160895;6112118.70;38.30;25/09/2026
"NORDEA BANK";FI4000297767;1NDA;"Euronext Global Equity Market";EUR;18.03;18.03;17.865;17.865;"25/09/2026 16:51";CET;140;2502.75;17.70;25/09/2026
"NORDEA BANK";FI4000297767;4NDA;EuroTLX;EUR;17.12;17.12;17.12;17.12;"05/08/2026 17:23";CET;15;256.80;17.815;25/09/2026
"NORDEA BANK";FI4000297767;2NDA;"Trading After Hours";EUR;15.56;15.56;15.56;15.56;"05/06/2026 18:08";CET;180;2800.80;17.70;25/09/2026
NORDEX;DE000A0D6554;1NDX;"Euronext Global Equity Market";EUR;39.80;39.80;39.80;39.80;"25/09/2026 16:51";CET;50;1990.00;39.80;25/09/2026
NORDEX;DE000A0D6554;2NDX;"Trading After Hours";EUR;46.62;47.54;46.62;47.54;"14/04/2026 20:18";CET;250;11747.00;39.80;25/09/2026
NORDEX;DE000A0D6554;4NDX;EuroTLX;EUR;40.18;40.18;40.18;40.18;"10/09/2026 10:19";CET;10;401.80;39.76;25/09/2026
"NORDHEALTH A-AKSJE";NO0011002651;NORDH;"Euronext Growth Oslo";NOK;24.80;24.80;24.80;24.80;"25/09/2026 15:32";CET;85;2108.00;24.80;25/09/2026
"NORDIC AQUA PART";NO0012928805;NOAP;"Euronext Growth Oslo";NOK;86.60;87.20;86.00;86.60;"25/09/2026 16:19";CET;1467;126971.20;86.60;25/09/2026
"NORDIC FINANCIALS";NO0013683409;NOFIN;"Euronext Expand Oslo";NOK;1.33;1.39;1.33;1.38;"25/09/2026 16:15";CET;8602;11773.44;1.38;25/09/2026
"NORDIC HALIBUT";NO0003058109;NOHAL;"Euronext Growth Oslo";NOK;28.00;28.20;27.80;28.00;"25/09/2026 16:25";CET;13503;378073.20;28.00;25/09/2026
"NORDIC MINING";NO0013162693;NOM;"Oslo Børs";NOK;1.02;1.02;0.90;0.95;"25/09/2026 16:25";CET;1467852;1386519.211;0.95;25/09/2026
"NORDIC SEMICONDUC";NO0003055501;NOD;"Oslo Børs";NOK;186.00;187.00;184.00;184.60;"25/09/2026 16:28";CET;367194;67947843.00;184.60;25/09/2026
"NORDIC TECHNOLOGY";NO0011018434;NTG;"Euronext Growth Oslo";NOK;1.08;1.08;1.08;1.08;"25/09/2026 14:58";CET;1000;1080.00;1.08;25/09/2026
"Nordnet publ";SE0015192067;1SAVE;"Euronext Global Equity Market";EUR;32.22;32.22;32.22;32.22;"28/07/2026 10:51";CET;10;322.20;29.34;25/09/2026
"Nordson Corp";US6556631025;1NDSN;"Euronext Global Equity Market";EUR;255.80;255.80;255.80;255.80;"14/07/2026 15:28";CET;13;3325.40;284.00;25/09/2026
"NORSE ATLANTIC";NO0012885252;NORSE;"Euronext Expand Oslo";NOK;0.30;0.31;0.271;0.277;"25/09/2026 16:25";CET;14222296;4172592.7635;0.277;25/09/2026
"NORSK HYDRO";NO0005052605;NHY;"Oslo Børs";NOK;82.80;83.30;81.60;82.38;"25/09/2026 16:27";CET;2462581;202793209.63;82.38;25/09/2026
"NORSK TITANIUM";NO0010969108;NTI;"Euronext Growth Oslo";NOK;1.144;1.178;1.144;1.164;"25/09/2026 16:25";CET;1774198;2060397.772;1.164;25/09/2026
"NORSKE SKOG";NO0010861115;NSKOG;"Oslo Børs";NOK;47.15;47.45;45.65;46.15;"25/09/2026 16:28";CET;254562;11776061.90;46.15;25/09/2026
"NORTEM BIOGROUP";ES0105719001;MLBIO;"Euronext Access Paris";EUR;5.40;5.40;5.40;5.40;"22/02/2024 11:30";CET;3490;18846.00;5.40;25/09/2026
"North Atlantic En.";FR0000120669;NAE;"Euronext Paris";EUR;102.70;102.70;96.90;99.90;"25/09/2026 17:35";CET;6191;612773.80;99.90;25/09/2026
"NORTH ENERGY";NO0010550056;NORTH;"Euronext Expand Oslo";NOK;2.56;2.66;2.55;2.66;"25/09/2026 16:25";CET;37089;95787.18;2.66;25/09/2026
"NORTHERN OCEAN LTD";BMG6682J1036;NOL;"Oslo Børs";NOK;7.30;7.40;7.30;7.40;"25/09/2026 16:25";CET;3481;25649.80;7.40;25/09/2026
"Northern Trust";US6658591044;1NTRS;"Euronext Global Equity Market";EUR;137.45;143.60;137.45;143.60;"28/05/2026 15:44";CET;12;1686.30;153.00;25/09/2026
"NORTHROP GRUMMAN";US6668071029;1NOC;"Euronext Global Equity Market";EUR;448.00;448.00;448.00;448.00;"23/09/2026 09:56";CET;2;896.00;447.50;25/09/2026
"NORTHROP GRUMMAN";US6668071029;4NOC;EuroTLX;EUR;566.60;567.00;546.80;567.00;"16/04/2026 14:08";CET;28;15787.20;447.40;25/09/2026
"NORTHROP GRUMMAN";US6668071029;2NOC;"Trading After Hours";EUR;478.00;478.00;478.00;478.00;"20/05/2026 18:00";CET;1;478.00;447.50;25/09/2026
"NORWEGIAN AIR SHUT";NO0010196140;NAS;"Oslo Børs";NOK;12.20;12.455;12.20;12.315;"25/09/2026 16:25";CET;5719490;70489230.825;12.315;25/09/2026
"NORWEGIAN BLOCK EX";NO0010984966;NBX;"Euronext Growth Oslo";NOK;0.528;0.529;0.4805;0.4815;"25/09/2026 16:29";CET;2032097;1022725.4115;0.4815;25/09/2026
"NOS NOVA";NO0010917339;NOSN;"Euronext Growth Oslo";NOK;1.15;1.20;1.035;1.20;"25/09/2026 16:25";CET;53443;63011.435;1.20;25/09/2026
"NOS, SGPS";PTZON0AM0006;2NOS;"Trading After Hours";EUR;-;-;-;-;-;CET;-;-;5.455;25/09/2026
"NOS, SGPS";PTZON0AM0006;NOS;"Euronext Lisbon";EUR;5.45;5.47;5.42;5.455;"25/09/2026 21:35";BST;251765;1371905.00;5.455;25/09/2026
"NOTORIOUS PICTURES";IT0005025355;NPI;"Euronext Growth Milan";EUR;0.935;0.94;0.91;0.94;"24/09/2026 15:47";CET;4400;4040.00;0.94;25/09/2026
NOVABASE,SGPS;PTNBA0AM0006;NBA;"Euronext Lisbon";EUR;7.12;7.14;7.12;7.12;"25/09/2026 21:35";BST;2786;19856.32;7.12;25/09/2026
NOVACYT;FR0010397232;ALNOV;"Euronext Growth Paris";EUR;0.507;0.525;0.50;0.507;"25/09/2026 17:35";CET;502109;258284.533;0.507;25/09/2026
NOVAMARINE;IT0005605701;NOVA;"Euronext Growth Milan";EUR;8.75;8.75;8.75;8.75;"23/09/2026 17:35";CET;500;4375.00;8.75;25/09/2026
Novartis;CH0012005267;1NOVN;"Euronext Global Equity Market";EUR;126.90;127.00;125.70;127.00;"25/09/2026 17:06";CET;4165;524997.34;126.76;25/09/2026
"NOVATECH IND.";FR0000185464;MLNOV;"Euronext Access Paris";EUR;14.80;14.80;14.80;14.80;"23/09/2026 16:30";CET;14;207.20;14.80;25/09/2026
NR21;FR0014001PV6;NR21;"Euronext Paris";EUR;41.80;41.80;41.80;41.80;"18/09/2026 16:51";CET;1;41.80;41.80;25/09/2026
"NRC GROUP";NO0003679102;NRC;"Oslo Børs";NOK;9.85;9.97;9.78;9.81;"25/09/2026 16:25";CET;398621;3931768.16;9.81;25/09/2026
"NRG Energy Inc";US6293775085;1NRG;"Euronext Global Equity Market";EUR;86.86;86.86;86.86;86.86;"25/09/2026 16:14";CET;25;2171.50;86.46;25/09/2026
"NRJ GROUP";FR0000121691;NRG;"Euronext Paris";EUR;6.00;6.04;5.86;5.92;"25/09/2026 17:35";CET;31533;186742.58;5.92;25/09/2026
"NSC GROUPE";FR0000064529;ALNSC;"Euronext Growth Paris";EUR;59.00;59.00;59.00;59.00;"25/09/2026 16:30";CET;84;4956.00;59.00;25/09/2026
NSE;FR0004065639;ALNSE;"Euronext Growth Paris";EUR;39.70;39.70;39.00;39.50;"25/09/2026 17:28";CET;443;17360.70;39.50;25/09/2026
"NSI N.V.";NL0012365084;NSI;"Euronext Amsterdam";EUR;16.60;16.60;16.50;16.54;"25/09/2026 17:35";CET;38893;643412.72;16.54;25/09/2026
"NU Holdings";KYG6683N1034;1NUH;"Euronext Global Equity Market";EUR;12.005;12.005;11.89;11.89;"25/09/2026 15:51";CET;95;1136.05;11.96;25/09/2026
"Nucor Corp";US6703461052;1NUE;"Euronext Global Equity Market";EUR;219.00;219.00;215.20;215.20;"24/09/2026 15:03";CET;7;1521.60;216.90;25/09/2026
NUSCO;IT0005453110;NUS;"Euronext Growth Milan";EUR;0.407;0.497;0.393;0.49;"25/09/2026 17:35";CET;463500;210715.50;0.49;25/09/2026
"NVENT ELECTRIC PLC";IE00BDVJJQ56;1NVT;"Euronext Global Equity Market";EUR;132.00;132.00;132.00;132.00;"16/09/2026 17:09";CET;150;19800.00;143.00;25/09/2026
"NVIDIA CORP";US67066G1040;4NVDA;EuroTLX;EUR;199.48;199.48;194.50;194.50;"24/09/2026 14:12";CET;37;7345.90;196.68;25/09/2026
"NVIDIA CORP";US67066G1040;1NVDA;"Euronext Global Equity Market";EUR;197.82;199.00;195.90;196.72;"25/09/2026 17:35";CET;17614;3483971.82;196.72;25/09/2026
"NVIDIA CORP";US67066G1040;2NVDA;"Trading After Hours";EUR;197.38;197.94;197.00;197.00;"25/09/2026 20:27";CET;167;32921.36;197.14;25/09/2026
"NVR Inc";US62944T1051;1NVR;"Euronext Global Equity Market";EUR;5605.00;5605.00;5605.00;5605.00;"15/06/2026 15:30";CET;1;5605.00;5460.00;25/09/2026
"NX FILTRATION";NL0015000D50;NXFIL;"Euronext Amsterdam";EUR;3.34;3.565;3.325;3.50;"25/09/2026 17:35";CET;130496;451966.30;3.50;25/09/2026
"NXP SEMICONDUCTORS";NL0009538784;2NXPI;"Trading After Hours";EUR;201.90;201.90;201.90;201.90;"16/09/2026 18:03";CET;50;10095.00;206.35;25/09/2026
"NXP SEMICONDUCTORS";NL0009538784;1NXPI;"Euronext Global Equity Market";EUR;210.40;210.40;210.40;210.40;"25/09/2026 17:10";CET;2;420.80;206.35;25/09/2026
"NXP SEMICONDUCTORS";NL0009538784;4NXPI;EuroTLX;EUR;210.55;210.55;210.55;210.55;"23/09/2026 13:01";CET;10;2105.50;208.15;25/09/2026
"NYKODE THERAPEUTIC";NO0010714785;NYKD;"Oslo Børs";NOK;3.81;3.95;3.80;3.905;"25/09/2026 16:25";CET;1455737;5645588.585;3.905;25/09/2026
NYRSTAR;BE0974294267;NYR;"Euronext Brussels";EUR;0.062;0.062;0.0572;0.0572;"25/09/2026 15:20";CET;6962;414.9376;0.0572;25/09/2026
NYXOAH;BE0974358906;NYXH;"Euronext Brussels";EUR;1.156;1.28;1.15;1.28;"25/09/2026 17:35";CET;218025;263891.442;1.28;25/09/2026
"O'Reilly Auto";US67103H1077;1ORLY;"Euronext Global Equity Market";EUR;74.83;74.83;74.83;74.83;"23/09/2026 15:30";CET;227;16986.41;75.10;25/09/2026
OBIZ;FR0014003711;ALBIZ;"Euronext Growth Paris";EUR;2.65;2.65;2.55;2.55;"25/09/2026 11:27";CET;308;785.50;2.55;25/09/2026
"OBSERVE MEDICAL";NO0013457952;OBSRV;"Euronext Expand Oslo";NOK;0.98;0.98;0.932;0.932;"25/09/2026 14:57";CET;85386;80135.672;0.932;25/09/2026
"OCCIDENTAL PETR";US6745991058;1OXY;"Euronext Global Equity Market";EUR;50.12;50.12;50.12;50.12;"25/09/2026 16:35";CET;70;3508.40;50.30;25/09/2026
"OCCIDENTAL PETR";US6745991058;4OXY;EuroTLX;EUR;43.31;43.31;43.31;43.31;"06/07/2026 13:54";CET;15;649.65;50.29;25/09/2026
"OCCIDENTAL PETR";US6745991058;2OXY;"Trading After Hours";EUR;52.49;52.49;52.49;52.49;"16/09/2026 19:41";CET;80;4199.20;50.30;25/09/2026
"OCEAN GEOLOOP";NO0010914641;OCEAN;"Euronext Growth Oslo";NOK;0.70;0.90;0.70;0.85;"25/09/2026 16:29";CET;669334;522586.425;0.85;25/09/2026
"OCEAN SUN";NO0010887565;OSUN;"Euronext Growth Oslo";NOK;0.439;0.439;0.389;0.438;"24/09/2026 16:25";CET;11543;5060.94;0.438;25/09/2026
OCI;NL0010558797;2OCI;"Trading After Hours";EUR;-;-;-;-;-;CET;-;-;4.086;25/09/2026
OCI;NL0010558797;OCI;"Euronext Amsterdam";EUR;4.11;4.11;4.07;4.086;"25/09/2026 17:35";CET;92533;377977.464;4.086;25/09/2026
"OCTOPUS BIOSAFETY";FR0013310281;MLOCT;"Euronext Access Paris";EUR;0.136;0.136;0.136;0.136;"24/09/2026 16:30";CET;1442;196.11;0.136;25/09/2026
"ODFJELL DRILLING";BMG671801022;ODL;"Oslo Børs";NOK;101.60;102.00;100.40;102.00;"25/09/2026 16:27";CET;174684;17694781.20;102.00;25/09/2026
"ODFJELL SER. A";NO0003399909;ODF;"Oslo Børs";NOK;131.20;131.20;127.80;130.40;"25/09/2026 16:25";CET;40030;5183071.40;130.40;25/09/2026
"ODFJELL SER. B";NO0003399917;ODFB;"Oslo Børs";NOK;127.60;128.60;126.00;128.00;"25/09/2026 16:25";CET;7821;995889.00;128.00;25/09/2026
"ODFJELL TECHNOLOGY";BMG6716L1081;OTL;"Oslo Børs";NOK;62.00;62.00;60.40;61.40;"25/09/2026 16:25";CET;34770;2126479.10;61.40;25/09/2026
"ODIOT S.A.";FR0014010DV3;MLODT;"Euronext Access Paris";EUR;38.00;38.00;38.00;38.00;"25/09/2026 16:30";CET;177;6726.00;38.00;25/09/2026
"ODYSSEE TECHNO";FR001400U4P9;ALODY;"Euronext Growth Paris";EUR;17.90;17.90;17.50;17.50;"25/09/2026 16:52";CET;512;9038.52;17.50;25/09/2026
OENEO;FR0000052680;SBT;"Euronext Paris";EUR;9.14;9.14;9.10;9.10;"25/09/2026 17:35";CET;845;7702.62;9.10;25/09/2026
Oesterreichische;AT0000APOST4;1POST;"Euronext Global Equity Market";EUR;31.45;31.45;31.35;31.45;"15/09/2026 17:00";CET;460;14444.40;31.40;25/09/2026
"OFFICINA STELLARE";IT0005374035;OS;"Euronext Growth Milan";EUR;43.50;45.00;43.20;45.00;"25/09/2026 17:35";CET;11250;496125.00;45.00;25/09/2026
OKEA;NO0010816895;OKEA;"Oslo Børs";NOK;40.90;40.90;39.55;40.05;"25/09/2026 16:25";CET;209620;8390656.20;40.05;25/09/2026
"OKEANIS ECO TANKER";MHY641771016;OET;"Oslo Børs";NOK;747.00;747.00;724.00;741.00;"25/09/2026 16:28";CET;83072;61276355.00;741.00;25/09/2026
"OKTA INC";US6792951054;1OKTA;"Euronext Global Equity Market";EUR;183.32;183.32;175.96;175.96;"25/09/2026 16:27";CET;237;42171.98;175.66;25/09/2026
"Old Dominion";US6795801009;1ODFL;"Euronext Global Equity Market";EUR;162.26;162.26;162.26;162.26;"02/09/2026 15:44";CET;7;1135.82;153.36;25/09/2026
"OLD ENGLAND";BE0034169251;-;"Euronext Expert Market";EUR;130.01;130.01;130.01;130.01;"01/12/2015 11:56";CET;33;4290.33;130.00;25/09/2026
OLIDATA;IT0005634610;OLI;"Euronext Milan";EUR;1.556;1.556;1.48;1.482;"25/09/2026 17:29";CET;6090;9253.58;1.482;25/09/2026
"OLIMPO REAL ESTATE";PTOTP0AM0004;MLORE;"Euronext Access Lisbon";EUR;3.70;3.70;3.70;3.70;"13/02/2026 16:30";BST;40;148.00;3.48;25/09/2026
"OMC TANKERS";NO0013759159;OMC;"Euronext Growth Oslo";NOK;30.605;32.23;29.515;30.40;"25/09/2026 16:28";CET;200502;6104889.745;30.40;25/09/2026
OMDA;NO0010894512;OMDA;"Euronext Growth Oslo";NOK;45.00;45.00;43.10;43.80;"25/09/2026 16:25";CET;11553;509894.00;43.80;25/09/2026
OMER;IT0005453748;OMER;"Euronext Growth Milan";EUR;3.42;3.42;3.37;3.42;"25/09/2026 15:10";CET;3887;13243.54;3.42;25/09/2026
"OMER-DECUGIS & CIE";FR0014003T71;ALODC;"Euronext Growth Paris";EUR;7.80;7.82;7.70;7.82;"25/09/2026 17:16";CET;3160;24513.38;7.82;25/09/2026
"Omnicom Group Inc";US6819191064;1OMC;"Euronext Global Equity Market";EUR;64.68;64.68;64.68;64.68;"25/09/2026 12:05";CET;126;8149.68;66.30;25/09/2026
OMV;AT0000743059;1OMV;"Euronext Global Equity Market";EUR;72.65;72.65;72.65;72.65;"16/09/2026 09:00";CET;50;3632.50;72.00;25/09/2026
OMV;AT0000743059;4OMV;EuroTLX;EUR;68.45;68.45;68.45;68.45;"02/09/2026 12:51";CET;4;273.80;71.75;25/09/2026
"ON HOLDING CLAS A";CH1134540470;1ONON;"Euronext Global Equity Market";EUR;26.75;28.08;26.75;28.08;"25/09/2026 11:28";CET;38;1065.71;27.00;25/09/2026
"ON Semiconductor";US6821891057;1ON;"Euronext Global Equity Market";EUR;65.14;66.83;65.14;66.83;"25/09/2026 16:55";CET;231;15257.83;66.99;25/09/2026
"ON Semiconductor";US6821891057;2ON;"Trading After Hours";EUR;81.08;81.08;81.08;81.08;"08/07/2026 19:18";CET;2;162.16;66.99;25/09/2026
"ONCODESIGN PM";FR001400CM63;ALOPM;"Euronext Growth Paris";EUR;0.279;0.369;0.279;0.366;"25/09/2026 17:35";CET;215448;74471.939;0.366;25/09/2026
ONCOINVENT;NO0013711713;ONCIN;"Oslo Børs";NOK;83.40;85.00;82.60;83.80;"25/09/2026 16:29";CET;30779;2579491.60;83.80;25/09/2026
"Ondas Inc";US68236H2040;1ONDS;"Euronext Global Equity Market";EUR;6.77;6.85;6.74;6.84;"25/09/2026 17:35";CET;1236;8387.54;6.84;25/09/2026
"ONE EXP BSA 2025 2";FR00140126G1;ONEBS;"Euronext Growth Paris";EUR;0.005;0.005;0.005;0.005;"24/09/2026 09:58";CET;106;0.53;0.005;25/09/2026
"ONE EXPERIENCE";FR0013266772;ALEXP;"Euronext Growth Paris";EUR;0.372;0.38;0.372;0.38;"25/09/2026 17:05";CET;48902;18479.596;0.38;25/09/2026
ONEOK;US30609A1097;1OKE;"Euronext Global Equity Market";EUR;79.14;79.14;79.14;79.14;"10/09/2026 15:52";CET;1;79.14;78.18;25/09/2026
ONEOK;US30609A1097;2OKE;"Trading After Hours";EUR;79.64;79.64;79.64;79.64;"25/03/2026 18:47";CET;170;13538.80;78.18;25/09/2026
ONLINEFORMAPRO;FR0004174712;MLONL;"Euronext Access Paris";EUR;0.83;0.83;0.83;0.83;"08/09/2026 13:01";CET;4129;3427.07;0.83;25/09/2026
"ONTEX GROUP";BE0974276082;ONTEX;"Euronext Brussels";EUR;2.045;2.085;2.035;2.065;"25/09/2026 17:35";CET;82201;169700.475;2.065;25/09/2026
"ONWARD MEDICAL";NL0015000HT4;ONWD;"Euronext Brussels, Amsterdam, Paris";EUR;2.70;2.745;2.70;2.72;"25/09/2026 17:35";CET;65067;177125.225;2.72;25/09/2026
"OPENDOOR TECHNOLOG";US6837121036;1OPEN;"Euronext Global Equity Market";EUR;2.228;2.284;2.218;2.284;"25/09/2026 17:01";CET;1668;3729.20;2.274;25/09/2026
OPMOBILITY;FR0000124570;OPM;"Euronext Paris";EUR;11.86;11.92;11.72;11.84;"25/09/2026 17:35";CET;114529;1355282.23;11.84;25/09/2026
OPMOBILITY;FR0000124570;2OPMP;"Trading After Hours";EUR;-;-;-;-;-;CET;-;-;11.84;25/09/2026
"OPS ECOM";IT0005122400;OEC;"Euronext Milan";EUR;0.0234;0.0236;0.023;0.0234;"28/07/2026 17:35";CET;407538;9510.81;0.0234;25/09/2026
"OPS ITALIA";IT0005577868;OPS;"Euronext Milan";EUR;0.1105;0.112;0.10;0.10;"30/04/2026 17:35";CET;150325;15236.09;0.10;25/09/2026
"OPS RETAIL";IT0005545675;OPR;"Euronext Milan";EUR;0.011;0.011;0.0109;0.0109;"24/04/2026 17:00";CET;120000;1317.01;0.0109;25/09/2026
OPT;IT0005713646;OPTS;"Euronext Growth Milan";EUR;1.14;1.16;1.14;1.16;"25/09/2026 16:05";CET;5000;5750.00;1.16;25/09/2026
OPTIMCO;BE0942448938;-;"Euronext Expert Market";EUR;64.00;64.00;64.00;64.00;"30/04/2024 11:30";CET;50;3200.00;64.00;25/09/2026
OPTION;BE0974496284;OPTI;"Euronext Brussels";EUR;4.34;4.34;4.25;4.25;"25/09/2026 16:32";CET;583;2529.95;4.25;25/09/2026
"OPTION CARE HEALTH";US68404L2016;1OPCH;"Euronext Global Equity Market";EUR;21.03;21.03;20.985;20.985;"18/09/2026 16:56";CET;596;12516.69;20.075;25/09/2026
ORACLE;US68389X1054;1ORCL;"Euronext Global Equity Market";EUR;123.76;123.90;120.88;121.26;"25/09/2026 17:35";CET;8260;1007145.92;121.26;25/09/2026
ORACLE;US68389X1054;2ORCL;"Trading After Hours";EUR;121.92;122.26;121.92;122.08;"24/09/2026 19:31";CET;50;6099.20;121.26;25/09/2026
ORACLE;US68389X1054;4ORCL;EuroTLX;EUR;123.30;123.30;123.30;123.30;"25/09/2026 09:54";CET;20;2466.00;121.14;25/09/2026
ORANGE;FR0000133308;ORA;"Euronext Paris";EUR;14.01;14.16;13.98;14.16;"25/09/2026 17:39";CET;4215389;59521528.5825;14.16;25/09/2026
ORANGE;FR0000133308;1ORA;"Euronext Global Equity Market";EUR;14.035;14.105;14.00;14.10;"25/09/2026 17:08";CET;4054;56888.06;14.14;25/09/2026
ORANGE;FR0000133308;4ORA;EuroTLX;EUR;15.42;15.42;15.42;15.42;"02/09/2026 12:04";CET;100;1542.00;14.14;25/09/2026
ORANGE;FR0000133308;2ORA;"Trading After Hours";EUR;13.615;13.615;13.615;13.615;"24/09/2026 18:00";CET;100;1361.50;14.14;25/09/2026
"ORANGE BELGIUM";BE0003735496;OBEL;"Euronext Brussels";EUR;22.20;22.30;22.00;22.30;"25/09/2026 17:35";CET;598;13246.40;22.30;25/09/2026
"ORBIS PROPERTIES";ES0105490009;MLORB;"Euronext Access Paris";EUR;13.60;13.60;13.60;13.60;"30/07/2020 00:00";CET;-;-;13.20;25/09/2026
ORDISSIMO;FR0013318052;ALORD;"Euronext Growth Paris";EUR;0.376;0.389;0.36;0.38;"25/09/2026 17:27";CET;23985;8926.286;0.38;25/09/2026
OREGE;FR0010609206;OREGE;"Euronext Paris";EUR;0.235;0.235;0.23;0.235;"25/09/2026 17:05";CET;9265;2141.842;0.235;25/09/2026
"ORGANON & CO.";US68622V1061;1OGN;"Euronext Global Equity Market";EUR;11.798;11.798;11.798;11.798;"14/08/2026 12:23";CET;50;589.90;12.034;25/09/2026
"ORGANON & CO.";US68622V1061;4OGN;EuroTLX;EUR;11.492;11.492;11.492;11.492;"06/08/2026 13:23";CET;16;183.87;12.032;25/09/2026
ORGANON&CO.;US68622V1061;2OGN;"Trading After Hours";EUR;10.23;10.23;10.02;10.02;"08/05/2026 18:07";CET;74;741.69;12.034;25/09/2026
"ORIENTE BT SIGI";PTOBW0AM0008;MLOBT;"Euronext Access Lisbon";EUR;-;-;-;-;-;BST;-;-;3.38;25/09/2026
"ORIGIN ENT. PLC";IE00B1WV4493;OIZ;"Euronext Growth Dublin";EUR;4.04;4.15;4.00;4.10;"25/09/2026 21:00";IST;136198;553672.501;4.10;25/09/2026
ORINOQUIA;ES0105534004;MLORQ;"Euronext Access Paris";EUR;1.65;1.65;1.65;1.65;"29/04/2026 11:30";CET;3250;5362.50;1.61;25/09/2026
"ORION CLASS B";FI0009014377;1ORNBV;"Euronext Global Equity Market";EUR;79.45;79.45;79.45;79.45;"14/09/2026 10:03";CET;195;15492.75;82.80;25/09/2026
"ORION CLASS B";FI0009014377;2ORNBV;"Trading After Hours";EUR;52.90;52.90;50.94;50.94;"29/01/2025 18:57";CET;13;677.90;82.80;25/09/2026
"ORION CLASS B";FI0009014377;4ORNBV;EuroTLX;EUR;81.80;81.80;81.80;81.80;"22/09/2026 09:32";CET;4;327.20;82.75;25/09/2026
ORKLA;NO0003733800;ORK;"Oslo Børs";NOK;93.75;94.05;93.15;93.35;"25/09/2026 16:25";CET;1587254;148351727.30;93.35;25/09/2026
ORSERO;IT0005138703;ORS;"Euronext Milan";EUR;15.12;15.62;15.12;15.12;"25/09/2026 17:35";CET;37990;582935.80;15.12;25/09/2026
"OSAI AUTOM SYSTEM";IT0005424830;OSA;"Euronext Growth Milan";EUR;0.369;0.388;0.36;0.382;"05/06/2025 17:28";CET;47780;17747.55;0.382;25/09/2026
"OSCAR HEALTH CL A";US6877931096;1OSCR;"Euronext Global Equity Market";EUR;26.795;26.795;26.795;26.795;"24/09/2026 15:30";CET;474;12700.83;26.095;25/09/2026
"OSE IMMUNO";FR0012127173;OSE;"Euronext Paris";EUR;2.43;2.45;2.24;2.242;"25/09/2026 17:35";CET;320479;746171.424;2.242;25/09/2026
"OTELLO CORPORATION";NO0010040611;OTEC;"Oslo Børs";NOK;18.50;19.12;18.50;18.86;"25/09/2026 16:26";CET;16882;319777.92;18.86;25/09/2026
"Otis Worldwide";US68902V1070;1OTIS;"Euronext Global Equity Market";EUR;60.78;60.78;60.78;60.78;"02/09/2026 09:00";CET;50;3039.00;58.22;25/09/2026
OTOFARMA;IT0005663361;OTO;"Euronext Growth Milan";EUR;2.38;2.48;2.38;2.44;"24/09/2026 16:54";CET;4500;10812.00;2.44;25/09/2026
OTOVO;NO0013721613;OTOVO;"Oslo Børs";NOK;10.40;10.40;9.80;10.20;"25/09/2026 16:09";CET;59594;595927.23;10.20;25/09/2026
"OUTLET GROUP HOLD";NO0013757500;OUTLT;"Oslo Børs";NOK;36.49;39.10;36.20;37.50;"25/09/2026 16:25";CET;1083197;40055181.82;37.50;25/09/2026
"Outokumpu Oyj";FI0009002422;1OUT;"Euronext Global Equity Market";EUR;5.615;5.615;5.615;5.615;"11/09/2026 12:51";CET;100;561.51;5.54;25/09/2026
OVH;FR0014005HJ9;2OVH;"Trading After Hours";EUR;-;-;-;-;-;CET;-;-;16.82;25/09/2026
OVH;FR0014005HJ9;OVH;"Euronext Paris";EUR;17.26;17.60;16.80;16.82;"25/09/2026 17:35";CET;161027;2769651.36;16.82;25/09/2026
OVS;IT0005043507;OVS;"Euronext Milan";EUR;5.67;5.83;5.595;5.785;"25/09/2026 17:35";CET;356209;2043103.3925;5.785;25/09/2026
"OWENS CORNING";US6907421019;1OWC;"Euronext Global Equity Market";EUR;128.70;128.70;126.75;126.75;"10/07/2026 11:54";CET;2;255.45;105.95;25/09/2026
OXURION;BE0974487192;OXUR;"Euronext Brussels";EUR;0.0016;0.0018;0.0014;0.0018;"25/09/2026 17:18";CET;2757034;4547.4502;0.0018;25/09/2026
"OZ GROUP";BE0003860773;ICE;"Euronext Expert Market";EUR;0.068;0.068;0.068;0.068;"14/12/2021 11:30";CET;500;34.00;0.068;25/09/2026
"PACCAR Inc";US6937181088;1PCAR;"Euronext Global Equity Market";EUR;100.30;100.30;100.30;100.30;"21/09/2026 15:01";CET;30;3009.00;98.11;25/09/2026
Packaging;US6951561090;1PKG;"Euronext Global Equity Market";EUR;207.20;207.20;207.20;207.20;"21/09/2026 12:30";CET;16;3315.20;208.70;25/09/2026
"PACTE NOVATION";FR0000077992;MLPAC;"Euronext Access Paris";EUR;7.80;7.80;7.80;7.80;"24/09/2026 16:30";CET;3;23.40;7.80;25/09/2026
"PALANTIR TECHNOL";US69608A1088;4PLTR;EuroTLX;EUR;165.28;165.28;165.28;165.28;"24/09/2026 09:00";CET;50;8264.00;168.24;25/09/2026
"PALANTIR TECHNOL";US69608A1088;2PLTR;"Trading After Hours";EUR;168.06;168.42;167.96;167.96;"25/09/2026 20:22";CET;346;58195.64;168.20;25/09/2026
"PALANTIR TECHNOL";US69608A1088;1PLTR;"Euronext Global Equity Market";EUR;169.08;170.14;167.12;168.08;"25/09/2026 17:35";CET;5488;925956.32;168.08;25/09/2026
"Palo Alto Networks";US6974351057;1PANW;"Euronext Global Equity Market";EUR;343.30;343.30;329.75;335.50;"25/09/2026 17:35";CET;586;197490.75;335.50;25/09/2026
"Palo Alto Networks";US6974351057;2PANW;"Trading After Hours";EUR;327.50;328.25;327.50;328.25;"22/09/2026 19:43";CET;13;4265.00;335.50;25/09/2026
"Palo Alto Networks";US6974351057;4PANW;EuroTLX;EUR;329.30;329.30;329.30;329.30;"11/08/2026 09:00";CET;50;16465.00;334.05;25/09/2026
"PANORO ENERGY";NO0010564701;PEN;"Oslo Børs";NOK;30.35;30.35;29.75;30.05;"25/09/2026 16:25";CET;653938;19596124.60;30.05;25/09/2026
PANTECH;BE0157892739;-;"Euronext Expert Market";EUR;1.95;1.95;1.95;1.95;"28/04/2026 11:30";CET;21;40.95;1.95;25/09/2026
"PAPA JOHN'S INTL I";US6988131024;1PZZA;"Euronext Global Equity Market";EUR;19.40;19.40;19.40;19.40;"04/09/2026 10:06";CET;10;194.00;17.20;25/09/2026
PARAGON;DE0005558696;2PGN;"Trading After Hours";EUR;-;-;-;-;-;CET;-;-;0.95;25/09/2026
PARAGON;DE0005558696;1PGN;"Euronext Global Equity Market";EUR;1.00;1.00;1.00;1.00;"11/09/2026 09:00";CET;1;1.00;0.95;25/09/2026
"PARATUS ENERGY SER";BMG6904D1083;PLSV;"Oslo Børs";NOK;48.60;48.80;48.25;48.30;"25/09/2026 16:25";CET;182156;8826681.35;48.30;25/09/2026
PAREF;FR0010263202;PAR;"Euronext Paris";EUR;23.80;24.40;23.80;24.40;"25/09/2026 09:45";CET;514;12233.80;24.40;25/09/2026
"PARETO BANK";NO0010397581;PARB;"Oslo Børs";NOK;55.00;55.50;54.70;55.00;"25/09/2026 16:25";CET;41842;2306902.70;55.00;25/09/2026
"PARKER HANNIFIN";US7010941042;2PH;"Trading After Hours";EUR;834.60;834.60;834.60;834.60;"08/04/2026 18:59";CET;5;4173.00;850.80;25/09/2026
"PARKER HANNIFIN";US7010941042;1PH;"Euronext Global Equity Market";EUR;861.00;861.00;861.00;861.00;"24/09/2026 10:28";CET;1;861.00;850.80;25/09/2026
"PARKER HANNIFIN";US7010941042;4PH;EuroTLX;EUR;929.00;929.00;929.00;929.00;"13/08/2026 16:50";CET;1;929.00;850.60;25/09/2026
PARROT;FR0004038263;PARRO;"Euronext Paris";EUR;9.18;9.18;8.83;8.87;"25/09/2026 17:35";CET;58053;519474.28;8.87;25/09/2026
"Partners Group Hol";CH0024608827;1PGHN;"Euronext Global Equity Market";EUR;639.80;639.80;635.80;635.80;"25/09/2026 16:48";CET;79;50521.80;736.00;25/09/2026
"PARX MATERIALS NV";NL0012650535;MLPRX;"Euronext Access Paris";EUR;0.428;0.44;0.428;0.44;"25/09/2026 16:30";CET;9255;3963.54;0.44;25/09/2026
"PASQUARELLI AUTO";IT0005546319;PSQ;"Euronext Growth Milan";EUR;0.975;0.975;0.91;0.91;"25/09/2026 17:35";CET;19800;18617.50;0.91;25/09/2026
PASSAT;FR0000038465;ALPAS;"Euronext Growth Paris";EUR;4.98;5.00;4.98;5.00;"25/09/2026 11:21";CET;1070;5330.04;5.00;25/09/2026
"PATRIMOINE ET COMM";FR0011027135;PAT;"Euronext Paris";EUR;23.80;23.80;23.60;23.60;"25/09/2026 17:35";CET;184;4357.70;23.60;25/09/2026
PATTERN;IT0005378143;PTR;"Euronext Growth Milan";EUR;2.50;2.50;2.50;2.50;"25/09/2026 17:35";CET;330;825.00;2.50;25/09/2026
"PAULIC MEUNERIE";FR0013479730;ALPAU;"Euronext Growth Paris";EUR;1.19;1.195;1.16;1.19;"25/09/2026 17:35";CET;74;88.10;1.19;25/09/2026
"Paychex Inc";US7043261079;1PAYX;"Euronext Global Equity Market";EUR;92.24;92.24;91.53;91.81;"24/09/2026 11:46";CET;225;20633.55;89.09;25/09/2026
"Paycom Software";US70432V1026;1PAYC;"Euronext Global Equity Market";EUR;199.45;199.45;199.45;199.45;"23/09/2026 14:33";CET;2;398.90;194.60;25/09/2026
"PAYLOCITY HOLDING";US70438V1061;1PCTY;"Euronext Global Equity Market";EUR;130.00;130.00;130.00;130.00;"04/09/2026 11:59";CET;3;390.00;127.00;25/09/2026
PAYPAL;US70450Y1038;1PYPL;"Euronext Global Equity Market";EUR;46.18;48.40;45.985;48.095;"25/09/2026 17:24";CET;5728;268223.355;48.065;25/09/2026
PAYPAL;US70450Y1038;4PYPL;EuroTLX;EUR;44.78;44.78;44.78;44.78;"09/09/2026 15:59";CET;45;2015.10;48.035;25/09/2026
PAYPAL;US70450Y1038;2PYPL;"Trading After Hours";EUR;48.22;48.40;48.22;48.40;"25/09/2026 19:03";CET;162;7815.60;48.245;25/09/2026
"PAYTON PLANAR";IL0010830391;PAY;"Euronext Brussels";EUR;7.30;7.60;7.30;7.60;"25/09/2026 16:30";CET;120;882.00;7.60;25/09/2026
"PB FINANCE";BE0003640514;-;"Euronext Expert Market";EUR;0.12;0.12;0.12;0.12;"24/11/2015 11:30";CET;39981;4797.72;0.12;25/09/2026
"PB HOLDING";NL0000336303;PBH;"Euronext Amsterdam";EUR;3.40;3.40;3.40;3.40;"23/09/2026 16:56";CET;5;17.00;3.40;25/09/2026
PBB;DE0008019001;4PBB;EuroTLX;EUR;4.02;4.02;3.996;3.996;"03/11/2025 15:38";CET;226;905.50;3.122;25/09/2026
PBB;DE0008019001;2PBB;"Trading After Hours";EUR;4.65;4.65;4.65;4.65;"26/11/2025 19:43";CET;100;465.00;3.12;25/09/2026
PBB;DE0008019001;1PBB;"Euronext Global Equity Market";EUR;3.078;3.078;3.078;3.078;"25/09/2026 10:12";CET;500;1539.00;3.12;25/09/2026
"PEGASYSTEMS INC";US7055731035;1PEGA;"Euronext Global Equity Market";EUR;31.42;31.42;31.42;31.42;"24/09/2026 10:11";CET;1;31.42;30.27;25/09/2026
"PELAGIC CREDIT";CY0201332216;PLGC;"Euronext Growth Oslo";NOK;16.00;16.00;16.00;16.00;"25/09/2026 09:24";CET;7725;123600.00;16.00;25/09/2026
"PELICAN AQUA HLDNG";CY0201461213;PLCAN;"Euronext Growth Oslo";NOK;13.70;13.95;13.70;13.70;"25/09/2026 16:25";CET;90101;1239032.30;13.70;25/09/2026
"PELOTON INTERACTIV";US70614W1009;4PTON;EuroTLX;EUR;5.24;5.24;5.24;5.24;"14/07/2026 13:07";CET;51;267.24;4.30;25/09/2026
"PELOTON INTERACTIV";US70614W1009;1PTON;"Euronext Global Equity Market";EUR;4.26;4.26;4.26;4.26;"22/09/2026 09:29";CET;50;213.00;4.30;25/09/2026
"PELOTON INTERACTIV";US70614W1009;2PTON;"Trading After Hours";EUR;4.63;4.63;4.62;4.62;"03/09/2026 18:38";CET;62;286.46;4.30;25/09/2026
PELTZER;BE0126745638;-;"Euronext Expert Market";EUR;-;-;-;-;-;CET;-;-;700.00;25/09/2026
"Pentair PLC";IE00BLS09M33;1PNR;"Euronext Global Equity Market";EUR;48.00;48.00;48.00;48.00;"23/09/2026 16:29";CET;150;7200.00;47.07;25/09/2026
"People Inc";US44891N2080;1PPLI;"Euronext Global Equity Market";EUR;35.77;35.77;34.26;34.26;"25/09/2026 15:30";CET;509;17589.34;34.75;25/09/2026
PEPSICO;US7134481081;4PEP;EuroTLX;EUR;115.62;115.62;115.62;115.62;"22/09/2026 16:32";CET;10;1156.20;112.22;25/09/2026
PEPSICO;US7134481081;1PEP;"Euronext Global Equity Market";EUR;112.68;112.74;111.60;112.42;"25/09/2026 17:01";CET;265;29790.74;112.30;25/09/2026
PEPSICO;US7134481081;2PEP;"Trading After Hours";EUR;112.88;112.88;112.88;112.88;"21/09/2026 18:00";CET;40;4515.20;112.30;25/09/2026
"PERM. TSB GP. HOLD";IE00BWB8X525;PTSB;"Euronext Dublin";EUR;2.97;2.97;2.94;2.94;"25/09/2026 21:00";IST;72613;213695.00;2.94;25/09/2026
"PERNOD RICARD";FR0000120693;4RI;EuroTLX;EUR;59.88;59.88;59.88;59.88;"25/09/2026 11:15";CET;11;658.68;59.28;25/09/2026
"PERNOD RICARD";FR0000120693;RI;"Euronext Paris";EUR;59.26;59.54;59.00;59.04;"25/09/2026 17:37";CET;723321;42725410.61;59.04;25/09/2026
"PERNOD RICARD";FR0000120693;2RI;"Trading After Hours";EUR;-;-;-;-;-;CET;-;-;59.04;25/09/2026
"PERRIER (GERARD)";FR0000061459;ALPER;"Euronext Growth Paris";EUR;75.00;75.60;73.80;74.20;"25/09/2026 17:35";CET;1396;104340.20;74.20;25/09/2026
"PERSEIDA RENTA";ES0105612008;MLPER;"Euronext Access Paris";EUR;0.71;0.71;0.71;0.71;"09/06/2022 16:30";CET;500;355.00;0.71;25/09/2026
"PET SERVICE";NL0015001HZ9;ALPET;"Euronext Growth Paris";EUR;3.98;4.24;3.98;4.04;"25/09/2026 16:45";CET;3832;15476.24;4.04;25/09/2026
PETROLIA;CY0102630916;PSE;"Oslo Børs";NOK;6.25;6.25;6.15;6.15;"25/09/2026 15:39";CET;6530;40306.05;6.15;25/09/2026
"PETRONOR E&P";NO0012942525;PNOR;"Oslo Børs";NOK;12.50;12.50;12.06;12.18;"25/09/2026 16:25";CET;357957;4364451.38;12.18;25/09/2026
"PEUGEOT INVEST";FR0000064784;PEUG;"Euronext Paris";EUR;51.00;53.20;51.00;52.60;"25/09/2026 17:35";CET;6862;358952.60;52.60;25/09/2026
"PEXIP HOLDING";NO0010840507;PEXIP;"Oslo Børs";NOK;74.00;75.90;74.00;74.60;"25/09/2026 16:25";CET;117300;8793042.40;74.60;25/09/2026
"PFEIFFER VACUUM";DE0006916604;2PFV;"Trading After Hours";EUR;-;-;-;-;-;CET;-;-;166.60;25/09/2026
"PFEIFFER VACUUM";DE0006916604;1PFV;"Euronext Global Equity Market";EUR;164.80;164.80;164.80;164.80;"22/07/2026 12:33";CET;24;3955.20;166.60;25/09/2026
"PFEIFFER VACUUM";DE0006916604;4PFV;EuroTLX;EUR;157.40;157.40;157.40;157.40;"23/10/2025 10:45";CET;7;1101.80;167.00;25/09/2026
PFIZER;US7170811035;4PFE;EuroTLX;EUR;24.65;24.65;24.65;24.65;"24/09/2026 14:50";CET;150;3697.50;24.81;25/09/2026
PFIZER;US7170811035;2PFE;"Trading After Hours";EUR;24.70;24.75;24.70;24.75;"23/09/2026 19:57";CET;400;9890.00;24.815;25/09/2026
PFIZER;US7170811035;1PFE;"Euronext Global Equity Market";EUR;24.975;24.975;24.72;24.815;"25/09/2026 17:35";CET;9536;237468.92;24.815;25/09/2026
PG&E;US69331C1080;4PCG;EuroTLX;EUR;11.60;11.60;11.60;11.60;"03/09/2026 12:06";CET;23;266.80;10.70;25/09/2026
PG&E;US69331C1080;2PCG;"Trading After Hours";EUR;12.20;12.20;12.20;12.20;"01/09/2026 20:24";CET;250;3050.00;10.70;25/09/2026
PG&E;US69331C1080;1PCG;"Euronext Global Equity Market";EUR;11.40;11.40;11.40;11.40;"21/09/2026 16:09";CET;4512;51436.80;10.70;25/09/2026
PHARMANUTRA;IT0005274094;PHN;"Euronext Milan";EUR;70.20;72.60;70.20;72.20;"25/09/2026 17:35";CET;10247;735158.00;72.20;25/09/2026
"PHARMING GROUP";NL0010391025;PHARM;"Euronext Amsterdam";EUR;0.9228;0.942;0.9064;0.9272;"25/09/2026 17:35";CET;7283828;6714429.2145;0.9272;25/09/2026
PHAROL;PTPTC0AM0009;PHR;"Euronext Lisbon";EUR;0.0884;0.0901;0.0884;0.0894;"25/09/2026 21:35";BST;199881;17909.0194;0.0894;25/09/2026
"PHILIP MORRIS INT";US7181721090;2PM;"Trading After Hours";EUR;160.30;160.30;160.30;160.30;"06/07/2026 18:00";CET;2;320.60;165.34;25/09/2026
"PHILIP MORRIS INT";US7181721090;4PM;EuroTLX;EUR;170.78;170.78;170.78;170.78;"21/07/2026 14:59";CET;2;341.56;165.32;25/09/2026
"PHILIP MORRIS INT";US7181721090;1PM;"Euronext Global Equity Market";EUR;163.92;163.92;163.92;163.92;"21/09/2026 09:00";CET;3;491.76;165.34;25/09/2026
PHILIPS;NL0000009538;1PHIA;"Euronext Global Equity Market";EUR;21.67;21.85;21.62;21.85;"25/09/2026 17:35";CET;1158;25213.91;21.85;25/09/2026
PHILIPS;NL0000009538;2PHIA;"Trading After Hours";EUR;21.90;21.90;21.90;21.90;"25/09/2026 18:16";CET;1;21.90;21.90;25/09/2026
PHILIPS;NL0000009538;4PHIA;EuroTLX;EUR;23.22;23.22;23.22;23.22;"07/08/2026 15:29";CET;65;1509.30;21.77;25/09/2026
"PHILIPS BUY BACK";NL0000009322;INPHI;"Euronext Amsterdam";EUR;-;-;-;-;-;CET;-;-;29.40;25/09/2026
"PHILIPS KON";NL0000009538;PHIA;"Euronext Amsterdam";EUR;21.58;21.87;21.55;21.87;"25/09/2026 17:39";CET;1403611;30624660.515;21.87;25/09/2026
"PHILLIPS 66";US7185461040;1PSX;"Euronext Global Equity Market";EUR;222.70;222.70;222.70;222.70;"25/09/2026 17:09";CET;24;5344.80;222.40;25/09/2026
"PHILLIPS 66";US7185461040;2PSX;"Trading After Hours";EUR;140.60;140.60;140.60;140.60;"16/04/2026 18:00";CET;5;703.00;222.40;25/09/2026
"PHILLIPS 66";US7185461040;4PSX;EuroTLX;EUR;173.85;173.85;173.85;173.85;"15/07/2026 14:49";CET;2;347.70;222.60;25/09/2026
PHILOGEN;IT0005373789;PHIL;"Euronext Milan";EUR;22.40;22.85;22.10;22.60;"25/09/2026 17:35";CET;25031;562150.50;22.60;25/09/2026
"PHONE WEB";FR0000185480;MLPHW;"Euronext Access Paris";EUR;0.85;0.85;0.85;0.85;"21/09/2026 11:30";CET;15;12.75;0.85;25/09/2026
PHOTOCURE;NO0010000045;PHO;"Oslo Børs";NOK;50.80;50.90;47.10;49.80;"25/09/2026 16:25";CET;182742;9001886.55;49.80;25/09/2026
"PHOTONIKE CAPITAL";BE0948608451;MLPHO;"Euronext Access Paris";EUR;0.064;0.07;0.064;0.07;"25/09/2026 17:06";CET;57098;3822.494;0.07;25/09/2026
PIAGGIO;IT0003073266;PIA;"Euronext Milan";EUR;1.913;1.935;1.898;1.915;"25/09/2026 17:35";CET;408919;781741.851;1.915;25/09/2026
"PIERRE VAC BSA ACT";FR001400B4H9;VACBS;"Euronext Paris";EUR;0.0455;0.0455;0.0455;0.0455;"25/09/2026 16:59";CET;4834;219.947;0.0455;25/09/2026
"PIERRE VAC BSA CRE";FR001400B4G1;VACBT;"Euronext Paris";EUR;0.122;0.122;0.122;0.122;"01/09/2026 13:22";CET;20000;2440.00;0.122;25/09/2026
"PIERRE VACANCES";FR0000073041;VAC;"Euronext Paris";EUR;1.86;1.864;1.858;1.86;"25/09/2026 17:35";CET;98870;183929.038;1.86;25/09/2026
"PILGRIM'S PRIDE CO";US72147K1088;1PPC;"Euronext Global Equity Market";EUR;26.76;26.76;26.76;26.76;"14/09/2026 15:30";CET;150;4014.00;24.24;25/09/2026
"PININFARINA SPA";IT0003056386;PINF;"Euronext Milan";EUR;1.00;1.005;1.00;1.00;"25/09/2026 17:35";CET;167294;167296.675;1.00;25/09/2026
"PIONEER PROPERTY";NO0010735681;PPG;"Euronext Expand Oslo";NOK;107.00;107.50;107.00;107.50;"25/09/2026 15:46";CET;3919;421066.00;107.50;25/09/2026
PIQUADRO;IT0004240443;PQ;"Euronext Milan";EUR;2.43;2.45;2.43;2.45;"25/09/2026 17:35";CET;6152;14973.96;2.45;25/09/2026
"PIRELLI & C";IT0005278236;PIRC;"Euronext Milan";EUR;6.50;6.535;6.415;6.48;"25/09/2026 17:35";CET;1048725;6792810.8825;6.48;25/09/2026
PIRELLI&C;IT0005278236;2PIRC;"Trading After Hours";EUR;6.575;6.59;6.575;6.59;"24/09/2026 19:10";CET;2000;13175.20;6.48;25/09/2026
"PISCINES DESJOYAUX";FR0000061608;ALPDX;"Euronext Growth Paris";EUR;11.00;11.40;11.00;11.40;"25/09/2026 17:35";CET;1126;12707.80;11.40;25/09/2026
"Piu' Medical";IT0005676140;PMED;"Euronext Growth Milan";EUR;5.45;5.55;5.45;5.55;"24/09/2026 10:27";CET;750;4137.50;5.55;25/09/2026
PLACOPLATRE;FR0000030769;MLPLC;"Euronext Access Paris";EUR;640.00;640.00;640.00;640.00;"11/08/2026 17:07";CET;12;7680.00;640.00;25/09/2026
"PLANET LABS PBC";US72703X1063;1PLL;"Euronext Global Equity Market";EUR;15.70;16.30;15.60;15.60;"25/09/2026 15:49";CET;2137;33699.00;15.60;25/09/2026
PLANETEL;IT0005430951;PLN;"Euronext Growth Milan";EUR;3.90;3.90;3.76;3.78;"23/09/2026 14:38";CET;5750;22005.00;3.78;25/09/2026
PLANISWARE;FR001400PFU4;PLNW;"Euronext Paris";EUR;23.75;24.20;23.50;24.20;"25/09/2026 17:35";CET;71731;1720916.85;24.20;25/09/2026
"PLANT ADVANCED";FR0010785790;ALPAT;"Euronext Growth Paris";EUR;4.26;4.26;4.26;4.26;"25/09/2026 17:35";CET;20;85.20;4.26;25/09/2026
"PLANT ADVANCED BS";FR0011844067;PATBS;"Euronext Growth Paris";EUR;0.01;0.01;0.01;0.01;"29/08/2024 14:25";CET;5;0.05;0.01;25/09/2026
"PLAST. VAL LOIRE";FR0013252186;ALPVL;"Euronext Growth Paris";EUR;1.79;1.85;1.70;1.70;"25/09/2026 17:35";CET;7686;13558.45;1.70;25/09/2026
PLC;IT0005339160;PLC;"Euronext Milan";EUR;3.07;3.07;3.06;3.06;"25/09/2026 17:35";CET;24535;75285.56;3.06;25/09/2026
"PLUG POWER";US72919P2020;2PLUG;"Trading After Hours";EUR;1.8218;1.8218;1.8218;1.8218;"23/09/2026 18:00";CET;1000;1821.80;1.7442;25/09/2026
"PLUG POWER";US72919P2020;1PLUG;"Euronext Global Equity Market";EUR;1.7362;1.7532;1.721;1.7442;"25/09/2026 17:35";CET;75818;132065.2506;1.7442;25/09/2026
"PLUG POWER";US72919P2020;4PLUG;EuroTLX;EUR;1.831;1.831;1.831;1.831;"03/09/2026 13:02";CET;300;549.30;1.744;25/09/2026
PLUXEE;NL0015001W49;PLX;"Euronext Paris";EUR;14.49;14.53;14.37;14.50;"25/09/2026 17:35";CET;33061;479042.555;14.50;25/09/2026
PNE;DE000A0JBPG2;4PNE;EuroTLX;EUR;-;-;-;10.47208;"07/09/2023 00:00";CET;0;-;6.96;25/09/2026
PNE;DE000A0JBPG2;1PNE;"Euronext Global Equity Market";EUR;7.03;7.03;7.03;7.03;"21/09/2026 15:47";CET;50;351.50;6.99;25/09/2026
PNE;DE000A0JBPG2;2PNE;"Trading After Hours";EUR;-;-;-;-;-;CET;-;-;6.99;25/09/2026
"POLAR RESOURCES";NO0013756361;POLAR;"Euronext Growth Oslo";NOK;5.10;5.60;5.10;5.20;"25/09/2026 16:27";CET;13884;71754.52;5.20;25/09/2026
"POLARIS MEDIA";NO0010466022;POL;"Oslo Børs";NOK;61.80;62.00;59.80;62.00;"25/09/2026 16:25";CET;832;50694.40;62.00;25/09/2026
POLIGHT;NO0012535832;PLT;"Oslo Børs";NOK;13.80;14.90;13.58;14.90;"25/09/2026 16:29";CET;1130047;16256059.26;14.90;25/09/2026
"POLIGRAF PRINTING";IT0004587470;POPR;"Euronext Growth Milan";EUR;0.515;0.515;0.515;0.515;"24/09/2026 17:15";CET;4000;2060.00;0.515;25/09/2026
"Pool Corp";US73278L1052;1POOL;"Euronext Global Equity Market";EUR;143.95;143.95;143.85;143.85;"24/09/2026 16:27";CET;270;38849.60;142.00;25/09/2026
"PORCELEYNE FLES";NL0000378669;PORF;"Euronext Amsterdam";EUR;14.00;14.00;14.00;14.00;"23/09/2026 11:30";CET;25;350.00;14.00;25/09/2026
"PORSCHE AG PREF";DE000PAG9113;2PORS;"Trading After Hours";EUR;44.45;44.45;44.45;44.45;"18/09/2026 18:37";CET;1;44.45;45.40;25/09/2026
"PORSCHE AG PREF";DE000PAG9113;1PORS;"Euronext Global Equity Market";EUR;45.30;45.30;45.05;45.05;"25/09/2026 13:30";CET;176;7956.79;45.40;25/09/2026
"PORSCHE AUTOMOBIL";DE000PAH0038;2PAH;"Trading After Hours";EUR;30.19;30.19;30.19;30.19;"08/09/2026 20:21";CET;35;1056.65;25.71;25/09/2026
"PORSCHE AUTOMOBIL";DE000PAH0038;1PAH;"Euronext Global Equity Market";EUR;25.51;25.91;25.51;25.63;"25/09/2026 15:59";CET;2848;73293.33;25.71;25/09/2026
"PORSCHE AUTOMOBIL";DE000PAH0038;4PAH;EuroTLX;EUR;27.03;27.03;27.03;27.03;"22/09/2026 16:54";CET;5;135.15;25.72;25/09/2026
"PORTO AVIATION";IT0005545238;PAG;"Euronext Growth Milan";EUR;9.00;9.20;8.85;9.20;"25/09/2026 10:36";CET;1050;9423.75;9.20;25/09/2026
PORTOBELLO;IT0005337495;POR;"Euronext Growth Milan";EUR;0.95;0.976;0.95;0.976;"25/09/2026 17:23";CET;11100;10812.60;0.976;25/09/2026
"POSTE ITALIANE";IT0003796171;PST;"Euronext Milan";EUR;25.93;26.16;25.71;25.82;"25/09/2026 17:35";CET;2790613;72236854.575;25.82;25/09/2026
"POSTE ITALIANE";IT0003796171;2PST;"Trading After Hours";EUR;25.95;26.16;25.80;25.91;"25/09/2026 20:27";CET;10079;261018.19;25.90;25/09/2026
POSTNL;NL0009739416;PNL;"Euronext Amsterdam";EUR;0.84;0.85;0.836;0.8475;"25/09/2026 17:35";CET;1267119;1068329.12475;0.8475;25/09/2026
POUJOULAT;FR0000066441;ALPJT;"Euronext Growth Paris";EUR;5.46;5.46;5.22;5.46;"25/09/2026 17:35";CET;2107;11248.56;5.46;25/09/2026
"POWELL INDUSTRIES";US7391281067;1POWL;"Euronext Global Equity Market";EUR;171.10;171.10;164.15;164.15;"25/09/2026 16:58";CET;7;1190.75;164.70;25/09/2026
POWERSOFT;IT0005353815;PWS;"Euronext Growth Milan";EUR;15.00;15.30;14.65;15.30;"25/09/2026 17:35";CET;1253;18638.25;15.30;25/09/2026
POXEL;FR0012432516;POXEL;"Euronext Paris";EUR;0.1742;0.1782;0.173;0.1764;"25/09/2026 17:35";CET;211959;37189.8748;0.1764;25/09/2026
"POZZI MILANO";IT0005499949;POZ;"Euronext Growth Milan";EUR;0.525;0.525;0.494;0.494;"25/09/2026 17:35";CET;50000;25145.00;0.494;25/09/2026
"PPG INDUSTRIES";US6935061076;1PPG;"Euronext Global Equity Market";EUR;94.40;94.40;94.40;94.40;"01/09/2026 16:15";CET;50;4720.00;93.58;25/09/2026
"PPG INDUSTRIES";US6935061076;2PPG;"Trading After Hours";EUR;90.54;90.54;90.54;90.54;"11/03/2026 18:00";CET;2;181.08;93.58;25/09/2026
"PPG INDUSTRIES";US6935061076;4PPG;EuroTLX;EUR;103.50;103.50;103.50;103.50;"25/03/2025 10:54";CET;86;8901.00;93.54;25/09/2026
"PPI PUBLIC PROP";SE0028799411;PUBLI;"Oslo Børs";NOK;17.52;17.68;17.00;17.07;"25/09/2026 16:25";CET;514340;8844978.15;17.07;25/09/2026
PPL;US69351T1060;4PPL;EuroTLX;EUR;32.675;32.675;32.675;32.675;"18/02/2025 12:02";CET;10;326.75;27.75;25/09/2026
PPL;US69351T1060;1PPL;"Euronext Global Equity Market";EUR;30.51;30.51;30.51;30.51;"23/06/2026 13:00";CET;10;305.10;27.77;25/09/2026
PPL;US69351T1060;2PPL;"Trading After Hours";EUR;25.585;25.585;25.585;25.585;"02/07/2024 19:50";CET;3;76.76;27.77;25/09/2026
"PPLA CLASS A";BMG7209L1000;PPLAA;"Euronext Amsterdam";EUR;-;-;-;-;-;CET;-;-;0.30;25/09/2026
"PPLA CLASS B";BMG7209L1182;PPLAB;"Euronext Amsterdam";EUR;-;-;-;-;-;CET;-;-;0.30;25/09/2026
"PPLA European Unit";US69355L1098;PPLA;"Euronext Amsterdam";EUR;-;-;-;-;-;CET;-;-;0.30;25/09/2026
Praexidia;IT0005687469;PRXD;"Euronext Growth Milan";EUR;10.00;10.00;10.00;10.00;"21/09/2026 17:35";CET;1000;10000.00;10.00;25/09/2026
"PREATONI GROUP";FR001400WXE7;ALPG;"Euronext Growth Paris";EUR;38.00;38.00;37.00;37.00;"08/09/2026 11:04";CET;185;6930.00;36.80;25/09/2026
PRECIA;FR0014004EC4;ALPM;"Euronext Growth Paris";EUR;22.30;23.00;22.00;23.00;"25/09/2026 17:35";CET;9997;223784.10;23.00;25/09/2026
PREDICT;IT0005611071;PRE;"Euronext Growth Milan";EUR;1.15;1.15;1.04;1.05;"25/09/2026 17:24";CET;73500;80205.00;1.08;25/09/2026
PREDILIFE;FR0010169920;ALPRE;"Euronext Growth Paris";EUR;0.94;1.025;0.94;1.025;"25/09/2026 10:17";CET;356;358.92;1.025;25/09/2026
"PRELUDE S.A";FR0014011SJ4;MLPRE;"Euronext Access Paris";EUR;11.00;11.00;11.00;11.00;"07/08/2026 11:30";CET;10;110.00;11.00;25/09/2026
"PRISMAFLEX INTL";FR0004044600;ALPRI;"Euronext Growth Paris";EUR;7.62;7.62;7.62;7.62;"25/09/2026 09:00";CET;4;30.48;7.62;25/09/2026
"PROACTIS SA";FR0004052561;PROAC;"Euronext Paris";EUR;0.067;0.0795;0.0585;0.065;"25/09/2026 17:35";CET;180560;11688.365;0.065;25/09/2026
"PROCTER & GAMBLE";US7427181091;4PG;EuroTLX;EUR;126.80;126.80;126.80;126.80;"09/07/2026 17:13";CET;50;6340.00;127.62;25/09/2026
"PROCTER & GAMBLE";US7427181091;1PG;"Euronext Global Equity Market";EUR;128.14;128.18;127.80;127.94;"25/09/2026 15:39";CET;235;30083.30;127.64;25/09/2026
PROCTER&GAMBLE;US7427181091;2PG;"Trading After Hours";EUR;126.24;126.24;126.24;126.24;"04/09/2026 18:20";CET;15;1893.60;127.64;25/09/2026
"PRODWAYS GROUP";FR0012613610;ALPWG;"Euronext Growth Paris";EUR;0.54;0.566;0.54;0.54;"25/09/2026 17:35";CET;86953;46957.342;0.54;25/09/2026
Progressive;US7433151039;1PGR;"Euronext Global Equity Market";EUR;177.45;177.45;177.45;177.45;"25/09/2026 12:56";CET;18;3194.10;179.05;25/09/2026
"PROLOGIS REIT";US74340W1036;1PLD;"Euronext Global Equity Market";EUR;118.25;118.25;117.00;117.00;"17/09/2026 15:24";CET;2;235.25;116.50;25/09/2026
"PROLOGIS REIT";US74340W1036;2PLD;"Trading After Hours";EUR;-;-;-;-;-;CET;-;-;116.50;25/09/2026
"PROLOGIS REIT";US74340W1036;4PLD;EuroTLX;EUR;98.90;98.90;98.90;98.90;"06/10/2025 10:58";CET;15;1483.50;116.55;25/09/2026
PROLOGUE;FR0010380626;ALPRG;"Euronext Growth Paris";EUR;0.286;0.286;0.266;0.282;"25/09/2026 17:17";CET;102089;27788.411;0.282;25/09/2026
PROMOTICA;IT0005425365;PMT;"Euronext Growth Milan";EUR;2.92;2.98;2.84;2.84;"25/09/2026 17:35";CET;20000;57140.00;2.84;25/09/2026
PROP.IMMEUBLES;FR0000061376;MLPRI;"Euronext Access Paris";EUR;20.00;20.00;20.00;20.00;"18/09/2026 16:56";CET;1;20.00;20.00;25/09/2026
PROSAFE;NO0010861990;PRS;"Oslo Børs";NOK;4.805;4.965;4.73;4.945;"25/09/2026 16:25";CET;1333526;6489342.38;4.945;25/09/2026
"PROSIEBENSAT1 MEDI";DE000PSM7770;1PSM;"Euronext Global Equity Market";EUR;3.244;3.244;3.244;3.244;"25/09/2026 16:19";CET;500;1622.00;3.258;25/09/2026
"PROSIEBENSAT1 MEDI";DE000PSM7770;2PSM;"Trading After Hours";EUR;7.015;7.015;6.87;6.87;"18/07/2025 19:50";CET;150;1030.65;3.258;25/09/2026
"PROSIEBENSAT1 MEDI";DE000PSM7770;4PSM;EuroTLX;EUR;3.962;3.962;3.962;3.962;"09/04/2026 09:07";CET;100;396.20;3.258;25/09/2026
PROSUS;NL0013654783;2PRX;"Trading After Hours";EUR;-;-;-;-;-;CET;-;-;36.09;25/09/2026
PROSUS;NL0013654783;PRX;"Euronext Amsterdam";EUR;35.69;36.11;35.41;36.09;"25/09/2026 17:36";CET;2716502;97619595.63;36.09;25/09/2026
PROSUS;NL0013654783;4PRX;EuroTLX;EUR;35.93;35.93;35.93;35.93;"17/09/2026 12:09";CET;300;10779.00;36.035;25/09/2026
"PROTECTOR FORSIKRG";NO0010209331;PROT;"Oslo Børs";NOK;432.00;434.40;428.00;428.00;"25/09/2026 16:28";CET;76628;32962189.60;428.00;25/09/2026
"PROXIMAR SEAFOOD";NO0010893902;PROXI;"Euronext Growth Oslo";NOK;0.45;0.45;0.414;0.414;"25/09/2026 12:52";CET;34400;15390.00;0.414;25/09/2026
PROXIMUS;BE0003810273;2PROX;"Trading After Hours";EUR;-;-;-;-;-;CET;-;-;6.20;25/09/2026
PROXIMUS;BE0003810273;PROX;"Euronext Brussels";EUR;6.11;6.20;6.105;6.20;"25/09/2026 17:36";CET;260578;1605721.835;6.20;25/09/2026
"PRUDENTIAL FIN";US7443201022;4PRU;EuroTLX;EUR;100.05;100.05;100.05;100.05;"10/09/2026 09:23";CET;5;500.25;104.15;25/09/2026
"PRUDENTIAL FIN";US7443201022;1PRU;"Euronext Global Equity Market";EUR;105.40;105.40;105.40;105.40;"03/09/2026 15:46";CET;3;316.20;104.30;25/09/2026
"PRUDENTIAL FIN";US7443201022;2PRU;"Trading After Hours";EUR;86.36;86.36;86.36;86.36;"17/04/2026 18:34";CET;1;86.36;104.30;25/09/2026
PRYSMIAN;IT0004176001;PRY;"Euronext Milan";EUR;124.85;126.05;121.25;122.40;"25/09/2026 17:35";CET;780393;96543914.40;122.40;25/09/2026
PRYSMIAN;IT0004176001;2PRY;"Trading After Hours";EUR;123.00;123.30;122.00;123.00;"25/09/2026 20:21";CET;2271;279090.55;122.90;25/09/2026
PSP;CH0018294154;1PSPN;"Euronext Global Equity Market";EUR;156.00;156.00;156.00;156.00;"25/09/2026 10:21";CET;167;26052.00;154.00;25/09/2026
"Public Service Ent";US7445731067;1PEG;"Euronext Global Equity Market";EUR;58.32;58.32;58.32;58.32;"25/09/2026 16:51";CET;6;349.92;58.14;25/09/2026
"PUBLICIS GROUPE";FR0000130577;4PUB;EuroTLX;EUR;102.90;102.90;102.90;102.90;"24/08/2026 15:26";CET;80;8232.00;97.88;25/09/2026
"PUBLICIS GROUPE SA";FR0000130577;2PUB;"Trading After Hours";EUR;-;-;-;-;-;CET;-;-;97.86;25/09/2026
"PUBLICIS GROUPE SA";FR0000130577;PUB;"Euronext Paris";EUR;97.60;98.02;96.92;97.86;"25/09/2026 17:35";CET;445250;43484215.64;97.86;25/09/2026
"Puig Brands";ES0105777017;1PUIG;"Euronext Global Equity Market";EUR;17.06;17.06;17.06;17.06;"21/09/2026 12:07";CET;200;3412.00;17.85;25/09/2026
"PULLUP ENTERTAIN";FR0012419307;ALPUL;"Euronext Growth Paris";EUR;8.66;9.20;8.58;8.63;"25/09/2026 17:35";CET;9237;81626.675;8.63;25/09/2026
PUMA;DE0006969603;2PUM;"Trading After Hours";EUR;26.99;26.99;26.43;26.43;"06/07/2026 20:26";CET;240;6455.20;22.27;25/09/2026
PUMA;DE0006969603;4PUM;EuroTLX;EUR;23.41;23.41;23.41;23.41;"07/09/2026 12:36";CET;50;1170.50;22.27;25/09/2026
PUMA;DE0006969603;1PUM;"Euronext Global Equity Market";EUR;22.30;22.38;22.30;22.38;"25/09/2026 13:28";CET;9;201.01;22.27;25/09/2026
"PYRATZ CORP.";FR0013371507;MLPTZ;"Euronext Access Paris";EUR;0.09;0.09;0.09;0.09;"24/09/2026 16:30";CET;1708;153.72;0.09;25/09/2026
"PYRUM INNOVATIONS";DE000A2G8ZX8;PYRUM;"Euronext Growth Oslo";NOK;314.00;315.00;314.00;315.00;"25/09/2026 11:27";CET;40;12598.00;315.00;25/09/2026
QEV;NL0015000NM7;QEV;"Euronext Amsterdam";EUR;6.70;6.70;6.70;6.70;"26/01/2026 09:00";CET;1;6.70;6.70;25/09/2026
"QEV TREAS SHARES";NL0015000NL9;QEVT;"Euronext Amsterdam";EUR;-;-;-;-;-;CET;-;-;0.01;25/09/2026
"QEV WARRANTS";NL0015000NK1;QEVW;"Euronext Amsterdam";EUR;0.22;0.22;0.22;0.22;"17/07/2026 09:59";CET;3;0.66;0.22;25/09/2026
QIAGEN;NL0015002SN0;2QGEN;"Trading After Hours";EUR;40.185;40.185;40.185;40.185;"25/11/2024 19:08";CET;19;763.52;38.76;25/09/2026
QIAGEN;NL0015002SN0;1QGEN;"Euronext Global Equity Market";EUR;38.565;38.565;38.49;38.49;"22/09/2026 09:11";CET;791;30502.68;38.76;25/09/2026
"Qorvo Inc";US74736K1016;1QRVO;"Euronext Global Equity Market";EUR;104.46;104.46;104.46;104.46;"18/09/2026 15:08";CET;5;522.30;103.78;25/09/2026
QRF;BE0974272040;QRF;"Euronext Brussels";EUR;9.96;10.10;9.94;9.96;"25/09/2026 16:57";CET;793;7895.06;9.96;25/09/2026
"Qt Group Oyj";FI4000198031;1QTCO;"Euronext Global Equity Market";EUR;35.16;35.16;35.16;35.16;"27/08/2026 09:00";CET;220;7735.20;34.28;25/09/2026
QUADIENT;FR0000120560;QDT;"Euronext Paris";EUR;12.50;13.08;12.10;13.08;"25/09/2026 17:38";CET;101172;1292307.58;13.08;25/09/2026
QUALCOMM;US7475251036;1QCOM;"Euronext Global Equity Market";EUR;171.76;180.10;170.94;178.74;"25/09/2026 17:27";CET;1706;299503.42;179.30;25/09/2026
QUALCOMM;US7475251036;4QCOM;EuroTLX;EUR;163.36;163.36;163.36;163.36;"18/09/2026 15:47";CET;1;163.36;179.46;25/09/2026
QUALCOMM;US7475251036;2QCOM;"Trading After Hours";EUR;180.00;180.00;180.00;180.00;"25/09/2026 18:10";CET;5;900.00;180.00;25/09/2026
"QUALYS INC";US74758T3032;1QLYS;"Euronext Global Equity Market";EUR;160.00;160.00;160.00;160.00;"25/09/2026 14:22";CET;8;1280.00;156.10;25/09/2026
"Quanta Services";US74762E1029;1PWR;"Euronext Global Equity Market";EUR;568.20;568.20;568.20;568.20;"25/09/2026 16:31";CET;56;31819.20;566.60;25/09/2026
"QUANTUM GENOMICS";FR0011648971;ALQGC;"Euronext Growth Paris";EUR;0.0734;0.0749;0.072;0.0721;"24/10/2024 17:35";CET;127302;9227.46;0.072;25/09/2026
"Quest Diagnostic";US74834L1008;1QDX;"Euronext Global Equity Market";EUR;209.20;209.20;209.20;209.20;"04/09/2026 09:00";CET;1;209.20;208.70;25/09/2026
"QUESTERRE EN PREF";CA74836K4072;QGAS;"Euronext Growth Oslo";NOK;19.30;20.00;18.03;19.00;"25/09/2026 16:27";CET;80490;1541430.79;19.00;25/09/2026
"QUESTERRE ENERGY";CA74836K1003;QEC;"Oslo Børs";NOK;1.948;2.00;1.90;2.00;"25/09/2026 16:25";CET;1505234;2921091.212;2.00;25/09/2026
"QUESTFOR GR-PRICAF";BE0003730448;QFG;"Euronext Brussels";EUR;2.89;2.89;2.84;2.841;"25/09/2026 17:35";CET;28327;80729.473;2.841;25/09/2026
QWAMPLIFY;FR0010889386;ALQWA;"Euronext Growth Paris";EUR;1.51;1.51;1.51;1.51;"25/09/2026 11:38";CET;40;60.40;1.51;25/09/2026
"RACING FORCE";IT0005466963;RFG;"Euronext Growth Milan";EUR;5.06;5.06;4.98;4.98;"25/09/2026 12:51";CET;2191;11011.18;4.98;25/09/2026
"RACING FORCE";IT0005466963;ALRFG;"Euronext Growth Paris";EUR;4.91;4.91;4.91;4.91;"25/09/2026 09:06";CET;1;4.91;4.91;25/09/2026
RADICI;IT0005379737;RAD;"Euronext Growth Milan";EUR;0.865;0.87;0.865;0.87;"25/09/2026 17:22";CET;7500;6490.00;0.87;25/09/2026
"RAI WAY";IT0005054967;RWAY;"Euronext Milan";EUR;4.38;4.405;4.365;4.37;"25/09/2026 17:35";CET;176563;773372.28;4.37;25/09/2026
"Raiffeisen Bank";AT0000606306;4RBI;EuroTLX;EUR;63.15;63.15;63.15;63.15;"31/08/2026 13:27";CET;140;8841.00;64.30;25/09/2026
"Raiffeisen Bank";AT0000606306;1RBI;"Euronext Global Equity Market";EUR;62.00;62.00;62.00;62.00;"18/09/2026 10:38";CET;80;4960.00;64.75;25/09/2026
RAIZE;PTRIZ0AM0009;MLRZE;"Euronext Access Lisbon";EUR;1.54;1.55;1.54;1.55;"21/09/2026 21:06";BST;5600;8644.00;1.55;25/09/2026
"Ralph Lauren Corp";US7512121010;1RLA;"Euronext Global Equity Market";EUR;303.80;303.80;303.80;303.80;"25/09/2026 15:30";CET;3;911.40;307.40;25/09/2026
RAMADA;PTFRV0AE0004;RAM;"Euronext Lisbon";EUR;6.92;6.92;6.80;6.84;"25/09/2026 19:10";BST;1576;10791.80;6.84;25/09/2026
"RAMBUS INC";US7509171069;1RMBS;"Euronext Global Equity Market";EUR;92.20;92.20;92.06;92.06;"25/09/2026 17:35";CET;127;11707.02;92.06;25/09/2026
"RAMSAY GEN SANTE";FR0000044471;GDS;"Euronext Paris";EUR;9.94;9.94;9.50;9.82;"25/09/2026 17:35";CET;3062;29471.54;9.82;25/09/2026
"RANDSTAD NV";NL0000379121;RAND;"Euronext Amsterdam";EUR;35.98;36.17;35.64;35.93;"25/09/2026 17:35";CET;532553;19126553.025;35.93;25/09/2026
"RANDSTAD NV";NL0000379121;2RAND;"Trading After Hours";EUR;-;-;-;-;-;CET;-;-;35.93;25/09/2026
"RAPID NUTRITION";GB00BVVK7R18;ALRPD;"Euronext Growth Paris";EUR;2.30;2.40;2.21;2.375;"25/09/2026 17:35";CET;13774;31880.51;2.375;25/09/2026
"Rational AG";DE0007010803;1RAA;"Euronext Global Equity Market";EUR;595.50;595.50;595.50;595.50;"23/09/2026 12:29";CET;10;5955.00;570.50;25/09/2026
RATTI;IT0004724107;RAT;"Euronext Milan";EUR;1.00;1.04;1.00;1.04;"25/09/2026 17:35";CET;23530;23713.39;1.04;25/09/2026
"Raymond James Fin";US7547301090;1RJF;"Euronext Global Equity Market";EUR;152.10;152.10;152.05;152.05;"10/09/2026 15:20";CET;2;304.15;140.15;25/09/2026
"RCS MEDIAGROUP";IT0004931496;RCS;"Euronext Milan";EUR;0.926;0.926;0.895;0.896;"25/09/2026 17:35";CET;262156;237207.221;0.896;25/09/2026
"REACH SUBSEA";NO0003117202;REACH;"Oslo Børs";NOK;6.57;6.63;6.52;6.60;"25/09/2026 16:25";CET;196314;1294479.34;6.60;25/09/2026
REALCO;BE0003841583;REAL;"Euronext Access Brussels";EUR;16.00;16.00;16.00;16.00;"22/09/2026 11:30";CET;3;48.00;16.00;25/09/2026
REBIRTH;IT0005460081;ALREB;"Euronext Growth Paris";EUR;2.30;2.30;2.30;2.30;"07/08/2026 15:30";CET;50;115.00;2.30;25/09/2026
"RECORDATI ORD";IT0003828271;REC;"Euronext Milan";EUR;53.00;53.15;52.90;53.05;"25/09/2026 17:35";CET;213622;11329772.70;53.05;25/09/2026
"RECORDATI ORD";IT0003828271;2REC;"Trading After Hours";EUR;52.85;52.85;52.85;52.85;"25/09/2026 19:56";CET;31;1638.35;52.85;25/09/2026
RECTICEL;BE0003656676;RECT;"Euronext Brussels";EUR;13.06;13.34;13.02;13.22;"25/09/2026 17:35";CET;76830;1013822.04;13.22;25/09/2026
"RED CAT HOLDINGS I";US75644T1007;1RCAT;"Euronext Global Equity Market";EUR;6.006;6.119;5.987;6.00;"25/09/2026 14:59";CET;1829;11054.321;5.965;25/09/2026
"RED ELECTRICA CORP";ES0173093024;1REE;"Euronext Global Equity Market";EUR;14.76;14.76;14.76;14.76;"14/09/2026 09:49";CET;2000;29520.00;14.96;25/09/2026
"RED ELECTRICA CORP";ES0173093024;4REE;EuroTLX;EUR;14.70;14.70;14.70;14.70;"27/01/2026 09:01";CET;30;441.00;14.96;25/09/2026
"RED ELECTRICA CORP";ES0173093024;2REE;"Trading After Hours";EUR;-;-;-;-;-;CET;-;-;14.96;25/09/2026
"Redcare Pharma";NL0012044747;4SAE;EuroTLX;EUR;65.40;65.40;65.40;65.40;"19/06/2026 09:43";CET;32;2092.80;61.00;25/09/2026
"Redcare Pharma";NL0012044747;1RDC;"Euronext Global Equity Market";EUR;63.65;63.65;63.65;63.65;"27/08/2026 12:01";CET;200;12730.00;61.70;25/09/2026
"Reddit Inc";US75734B1008;1RDDT;"Euronext Global Equity Market";EUR;135.00;135.00;135.00;135.00;"25/09/2026 15:51";CET;300;40500.00;134.00;25/09/2026
"Reddit Inc";US75734B1008;2RDDT;"Trading After Hours";EUR;135.00;135.00;135.00;135.00;"10/09/2026 19:08";CET;20;2700.00;134.00;25/09/2026
REDELFI;IT0005496101;RDF;"Euronext Growth Milan";EUR;11.70;11.70;11.48;11.60;"25/09/2026 17:35";CET;9690;112120.24;11.60;25/09/2026
REDFISH;IT0005549354;RFLTC;"Euronext Growth Milan";EUR;1.20;1.20;1.18;1.19;"25/09/2026 16:46";CET;29000;34510.00;1.19;25/09/2026
REED;FR0011858190;ALREE;"Euronext Growth Paris";EUR;0.243;0.243;0.22;0.22;"25/09/2026 15:51";CET;1620;364.652;0.22;25/09/2026
REFUELS;NL0015001BF4;REFL;"Euronext Growth Oslo";NOK;12.80;13.20;12.80;13.20;"25/09/2026 16:09";CET;1006;13237.60;13.20;25/09/2026
"REGENERON PHARMA";US75886F1075;1REGN;"Euronext Global Equity Market";EUR;704.80;704.80;704.80;704.80;"25/09/2026 09:57";CET;8;5638.40;690.90;25/09/2026
"REGENERON PHARMA";US75886F1075;4REGN;EuroTLX;EUR;709.00;709.00;709.00;709.00;"19/08/2026 15:48";CET;2;1418.00;690.80;25/09/2026
"REGENERON PHARMA";US75886F1075;2REGN;"Trading After Hours";EUR;551.50;551.50;551.50;551.50;"05/06/2026 20:25";CET;4;2206.00;690.90;25/09/2026
"Regions Financial";US7591EP1005;1RFU;"Euronext Global Equity Market";EUR;24.51;24.51;24.51;24.51;"22/09/2026 10:05";CET;15;367.65;24.07;25/09/2026
REIBEL;BE0003829463;REI;"Euronext Access Brussels";EUR;0.01;0.01;0.01;0.01;"20/06/2024 11:30";CET;100;1.00;0.01;25/09/2026
"REINET INVESTMENTS";LU0383812293;REINA;"Euronext Amsterdam";EUR;23.395;24.195;23.395;23.66;"25/09/2026 16:13";CET;7744;184983.18;23.66;25/09/2026
RELX;GB00B2B0DG97;REN;"Euronext Amsterdam";EUR;29.28;29.58;29.24;29.54;"25/09/2026 17:35";CET;525464;15465473.89;29.54;25/09/2026
"REMY COINTREAU";FR0000130395;RCO;"Euronext Paris";EUR;43.30;43.30;42.24;43.16;"25/09/2026 17:35";CET;40372;1735749.23;43.16;25/09/2026
"REMY COINTREAU";FR0000130395;2RCO;"Trading After Hours";EUR;-;-;-;-;-;CET;-;-;43.16;25/09/2026
REN;PTREL0AM0008;RENE;"Euronext Lisbon";EUR;3.535;3.605;3.535;3.57;"25/09/2026 21:35";BST;1167702;4176274.805;3.57;25/09/2026
REN;PTREL0AM0008;2RENE;"Trading After Hours";EUR;3.06;3.06;3.06;3.06;"05/06/2025 18:00";CET;1500;4590.00;3.57;25/09/2026
RENAULT;FR0000131906;1RNO;"Euronext Global Equity Market";EUR;26.22;26.44;25.92;26.32;"25/09/2026 17:35";CET;761;19887.77;26.32;25/09/2026
RENAULT;FR0000131906;4RNO;EuroTLX;EUR;29.53;29.53;29.53;29.53;"31/08/2026 15:58";CET;50;1476.50;26.32;25/09/2026
RENAULT;FR0000131906;RNO;"Euronext Paris";EUR;26.15;26.53;25.88;26.30;"25/09/2026 17:38";CET;1337625;35134583.32;26.30;25/09/2026
RENAULT;FR0000131906;2RNO;"Trading After Hours";EUR;25.63;25.63;25.63;25.63;"25/09/2026 18:01";CET;1;25.63;25.63;25/09/2026
RENOVALO;IT0005500571;RNV;"Euronext Growth Milan";EUR;0.55;0.55;0.55;0.55;"22/09/2026 15:17";CET;300;165.00;0.55;25/09/2026
"REPLIGEN CORP";US7599161095;1RGEN;"Euronext Global Equity Market";EUR;153.45;153.45;153.45;153.45;"16/09/2026 15:34";CET;11;1687.95;164.90;25/09/2026
REPLY;IT0005282865;REY;"Euronext Milan";EUR;118.10;118.30;116.50;117.60;"25/09/2026 17:35";CET;30755;3609328.65;117.60;25/09/2026
REPSOL;ES0173516115;2REP;"Trading After Hours";EUR;30.65;30.65;30.65;30.65;"17/09/2026 18:02";CET;5;153.25;30.88;25/09/2026
REPSOL;ES0173516115;1REP;"Euronext Global Equity Market";EUR;31.09;31.38;30.63;30.75;"25/09/2026 13:47";CET;1966;60758.25;30.88;25/09/2026
REPSOL;ES0173516115;4REP;EuroTLX;EUR;30.31;30.31;30.31;30.31;"23/09/2026 11:42";CET;1000;30310.00;30.87;25/09/2026
"Republic Services";US7607591002;1RSG;"Euronext Global Equity Market";EUR;187.95;187.95;187.95;187.95;"22/09/2026 11:18";CET;5;939.75;186.15;25/09/2026
RES;IT0005543613;RES;"Euronext Growth Milan";EUR;7.68;7.72;7.40;7.58;"25/09/2026 17:35";CET;8009;60456.30;7.58;25/09/2026
"RES GESTAE SOCIMI";ES0105550000;MLJDL;"Euronext Access Paris";EUR;7.00;7.00;7.00;7.00;"29/06/2021 00:00";CET;-;-;6.65;25/09/2026
"ResMed Inc";US7611521078;1RMD;"Euronext Global Equity Market";EUR;196.50;196.50;196.50;196.50;"17/09/2026 16:01";CET;2;393.00;195.25;25/09/2026
"RETAIL ESTATES";BE0003720340;RET;"Euronext Brussels, Amsterdam";EUR;63.90;64.10;63.30;63.70;"25/09/2026 17:35";CET;8498;542131.10;63.70;25/09/2026
RETI;IT0005418204;RETI;"Euronext Growth Milan";EUR;1.63;1.63;1.63;1.63;"25/09/2026 10:22";CET;1500;2445.00;1.63;25/09/2026
"REVO INSURANCE";IT0005513202;REVO;"Euronext Milan";EUR;25.10;25.70;25.10;25.45;"25/09/2026 17:35";CET;24119;611746.50;25.45;25/09/2026
"REVOLUTION MEDICIN";US76155X1000;1RVMD;"Euronext Global Equity Market";EUR;169.00;170.90;169.00;170.90;"24/09/2026 15:43";CET;23;3916.45;182.30;25/09/2026
"REWAY GROUP";IT0005528069;RWY;"Euronext Growth Milan";EUR;10.20;10.20;10.20;10.20;"25/09/2026 17:05";CET;71000;724200.00;10.20;25/09/2026
REXEL;FR0010451203;2RXL;"Trading After Hours";EUR;-;-;-;-;-;CET;-;-;36.31;25/09/2026
REXEL;FR0010451203;RXL;"Euronext Paris";EUR;36.50;36.90;36.21;36.31;"25/09/2026 17:35";CET;530934;19308900.67;36.31;25/09/2026
RH;US74967X1037;1RH;"Euronext Global Equity Market";EUR;114.00;115.00;114.00;115.00;"17/09/2026 09:58";CET;500;57323.00;109.00;25/09/2026
RHEINMETALL;DE0007030009;1RHM;"Euronext Global Equity Market";EUR;996.80;996.80;970.00;978.70;"25/09/2026 17:35";CET;1673;1638068.90;978.70;25/09/2026
RHEINMETALL;DE0007030009;4RHM;EuroTLX;EUR;1042.20;1042.20;1042.20;1042.20;"15/09/2026 17:28";CET;1;1042.20;979.20;25/09/2026
RHEINMETALL;DE0007030009;2RHM;"Trading After Hours";EUR;1007.80;1007.80;1007.80;1007.80;"25/09/2026 19:06";CET;1;1007.80;1007.80;25/09/2026
"RIBA MUNDO";ES0105724001;RMT;"Euronext Growth Milan";EUR;2.00;2.00;2.00;2.00;"18/06/2026 16:21";CET;100;200.00;2.00;25/09/2026
RIBER;FR0000075954;ALRIB;"Euronext Growth Paris";EUR;9.35;9.49;8.61;8.87;"25/09/2026 17:35";CET;168034;1513180.25;8.87;25/09/2026
"RIGETTI COMPUTING";US76655K1034;1RGTI;"Euronext Global Equity Market";EUR;14.558;15.082;14.30;15.00;"25/09/2026 17:37";CET;5723;83448.196;14.952;25/09/2026
"RINO PETINO";IT0005663429;RPTN;"Euronext Growth Milan";EUR;1.65;1.68;1.62;1.66;"25/09/2026 17:17";CET;8500;13975.00;1.66;25/09/2026
"Riot Platforms";US7672921050;1RIOT;"Euronext Global Equity Market";EUR;20.675;20.86;20.10;20.10;"25/09/2026 15:43";CET;349;7203.49;20.10;25/09/2026
RISANAMENTO;IT0001402269;RN;"Euronext Milan";EUR;0.045;0.0452;0.0431;0.0439;"25/09/2026 17:39";CET;13704879;599234.911;0.0439;25/09/2026
"RISING STONE";FR00140164Q1;ALRIS;"Euronext Growth Paris";EUR;40.50;40.55;39.20;39.85;"25/09/2026 17:35";CET;2930;116798.25;39.85;25/09/2026
"RIVER TECH";MT0001710103;RIVER;"Euronext Growth Oslo";NOK;1.78;1.78;1.32;1.40;"20/03/2026 16:25";CET;39242;57546.86;1.40;25/09/2026
"RIVIAN AUTOMOTIVE";US76954A1034;1RIVN;"Euronext Global Equity Market";EUR;13.452;13.468;13.434;13.434;"25/09/2026 15:46";CET;4629;62273.752;13.412;25/09/2026
ROBERTET;FR0000039091;RBT;"Euronext Paris";EUR;745.00;754.00;743.00;743.00;"25/09/2026 17:35";CET;789;589510.00;743.00;25/09/2026
"ROBERTET CDV 87";FR0000045619;CBR;"Euronext Paris";EUR;91.00;91.00;91.00;91.00;"03/07/2026 16:30";CET;13;1183.00;91.00;25/09/2026
"ROBERTET CI";FR0000045601;CBE;"Euronext Paris";EUR;632.00;632.00;632.00;632.00;"25/09/2026 12:04";CET;50;31600.00;632.00;25/09/2026
"ROBINHOOD MARKETS";US7707001027;4HOOD;EuroTLX;EUR;101.28;101.28;101.28;101.28;"03/09/2026 16:03";CET;20;2025.60;104.16;25/09/2026
"ROBINHOOD MARKETS";US7707001027;1HOOD;"Euronext Global Equity Market";EUR;106.24;107.50;103.50;103.96;"25/09/2026 17:01";CET;1691;178466.50;104.18;25/09/2026
"ROBINHOOD MARKETS";US7707001027;2HOOD;"Trading After Hours";EUR;107.28;107.28;107.28;107.28;"25/09/2026 18:00";CET;5;536.40;107.28;25/09/2026
"ROCHE BOBOIS";FR0013344173;RBO;"Euronext Paris";EUR;17.85;18.00;17.20;18.00;"25/09/2026 17:17";CET;3232;56551.70;18.00;25/09/2026
"Roche Holding";CH1499059983;1ROG;"Euronext Global Equity Market";EUR;384.00;384.00;377.90;377.90;"25/09/2026 14:40";CET;52;19894.80;376.25;25/09/2026
"ROCHE I";CH0012032113;1RO;"Euronext Global Equity Market";EUR;396.60;396.60;396.60;396.60;"25/09/2026 11:29";CET;78;30934.80;392.60;25/09/2026
"ROCKET LAB CORP";US7731211089;1RKLB;"Euronext Global Equity Market";EUR;65.70;66.10;63.90;65.20;"25/09/2026 17:35";CET;3117;203742.00;65.20;25/09/2026
"ROCKET SHARING C";IT0005481830;RKT;"Euronext Growth Milan";EUR;0.398;0.44;0.392;0.43;"25/09/2026 17:29";CET;124000;52004.00;0.43;25/09/2026
"ROCKWELL AUTO";US7739031091;1ROK;"Euronext Global Equity Market";EUR;379.00;379.00;379.00;379.00;"24/09/2026 15:51";CET;4;1516.00;381.40;25/09/2026
"ROCKWELL AUTO";US7739031091;4ROK;EuroTLX;EUR;409.80;409.80;409.80;409.80;"14/07/2026 13:43";CET;1;409.80;381.30;25/09/2026
"ROCKWELL AUTO";US7739031091;2ROK;"Trading After Hours";EUR;359.80;359.80;359.80;359.80;"18/09/2026 18:43";CET;3;1079.40;381.40;25/09/2026
ROCTOOL;FR0010523167;ALROC;"Euronext Growth Paris";EUR;1.18;1.18;1.15;1.165;"25/09/2026 17:24";CET;89162;104125.345;1.165;25/09/2026
"ROGALAND SPAREBANK";NO0006001007;ROGS;"Oslo Børs";NOK;151.88;154.00;151.00;153.04;"25/09/2026 16:25";CET;10066;1543496.52;153.04;25/09/2026
ROKU;US77543R1023;2ROKU;"Trading After Hours";EUR;135.46;135.46;135.46;135.46;"03/09/2026 18:18";CET;40;5418.40;133.72;25/09/2026
ROKU;US77543R1023;1ROKU;"Euronext Global Equity Market";EUR;134.18;134.18;134.18;134.18;"24/09/2026 14:28";CET;10;1341.80;133.72;25/09/2026
ROKU;US77543R1023;4ROKU;EuroTLX;EUR;124.78;124.78;124.78;124.78;"21/07/2026 11:31";CET;3;374.34;133.78;25/09/2026
"Rollins Inc";US7757111049;1ROL;"Euronext Global Equity Market";EUR;26.69;26.69;26.69;26.69;"25/09/2026 09:00";CET;2;53.38;26.12;25/09/2026
"ROMERIKE SPAREBK";NO0010808405;ROMER;"Euronext Growth Oslo";NOK;150.00;152.00;150.00;152.00;"25/09/2026 09:46";CET;1116;167510.00;152.00;25/09/2026
ROMREAL;BMG763301022;ROM;"Euronext Expand Oslo";NOK;2.68;2.68;2.52;2.68;"24/09/2026 09:56";CET;2189;5850.84;2.68;25/09/2026
"Roper Technologies";US7766961061;1ROP;"Euronext Global Equity Market";EUR;335.10;335.10;335.10;335.10;"10/09/2026 09:00";CET;1;335.10;317.20;25/09/2026
"ROSETTI MARINO";IT0001017851;YRM;"Euronext Growth Milan";EUR;248.00;248.00;248.00;248.00;"25/09/2026 11:34";CET;25;6200.00;248.00;25/09/2026
"Ross Stores Inc";US7782961038;1ROST;"Euronext Global Equity Market";EUR;193.36;193.36;193.36;193.36;"10/09/2026 15:30";CET;3;580.08;207.20;25/09/2026
"ROTH MIONS";FR001400EA65;MLROT;"Euronext Access Paris";EUR;0.66;0.66;0.66;0.66;"16/09/2026 16:30";CET;1250;825.00;0.66;25/09/2026
"ROUGIER S.A.";FR0000037640;ALRGR;"Euronext Growth Paris";EUR;11.30;11.40;11.20;11.20;"25/09/2026 17:29";CET;143;1615.70;11.20;25/09/2026
ROULARTA;BE0003741551;ROU;"Euronext Brussels";EUR;12.10;12.10;12.10;12.10;"25/09/2026 16:05";CET;300;3630.00;12.10;25/09/2026
"ROYAL GOLD INC";US7802871084;1RGLD;"Euronext Global Equity Market";EUR;220.20;220.20;220.20;220.20;"23/09/2026 11:36";CET;10;2202.00;221.00;25/09/2026
"RSR SINGULAR";ES0105505004;MLRSR;"Euronext Access Lisbon";EUR;12.98;12.98;12.98;12.98;"03/09/2020 04:00";BST;-;-;13.00;25/09/2026
RT&L;IT0005680373;RTL;"Euronext Growth Milan";EUR;3.955;4.00;3.95;4.00;"25/09/2026 16:53";CET;3500;13882.50;4.00;25/09/2026
"RTL Group SA";LU0061462528;1RRTL;"Euronext Global Equity Market";EUR;31.75;31.75;31.75;31.75;"31/08/2026 09:00";CET;4;127.00;30.55;25/09/2026
"RTX Corp";US75513E1010;1RTX;"Euronext Global Equity Market";EUR;165.20;165.20;165.20;165.20;"25/09/2026 17:00";CET;1;165.20;165.15;25/09/2026
RUBIS;FR0013269123;2RUI;"Trading After Hours";EUR;-;-;-;-;-;CET;-;-;34.58;25/09/2026
RUBIS;FR0013269123;RUI;"Euronext Paris";EUR;34.94;35.06;34.44;34.58;"25/09/2026 17:35";CET;74617;2585361.17;34.58;25/09/2026
"RUBRIK INC-A";US7811541090;1RBRK;"Euronext Global Equity Market";EUR;100.60;100.60;100.60;100.60;"25/09/2026 10:31";CET;10;1006.00;98.60;25/09/2026
RWE;DE0007037129;1RWE;"Euronext Global Equity Market";EUR;59.42;60.08;59.42;59.42;"25/09/2026 16:25";CET;2844;170125.98;59.32;25/09/2026
RWE;DE0007037129;2RWE;"Trading After Hours";EUR;59.16;59.16;59.16;59.16;"11/06/2026 19:42";CET;18;1064.88;59.32;25/09/2026
RWE;DE0007037129;4RWE;EuroTLX;EUR;59.50;59.50;59.50;59.50;"16/09/2026 13:54";CET;30;1785.00;59.28;25/09/2026
"RYANAIR HOLD. PLC";IE00BYTBXV33;RYA;"Euronext Dublin";EUR;22.98;23.36;22.91;23.24;"25/09/2026 21:06";IST;1877729;43542364.42;23.24;25/09/2026
"S&P Global Inc";US78409V1044;1SPGI;"Euronext Global Equity Market";EUR;354.80;356.80;354.80;355.10;"22/09/2026 15:59";CET;27;9593.30;352.30;25/09/2026
"S.CLUBE BRAGA";PTSCB0AM0001;SCB;"Euronext Access Lisbon";EUR;21.00;21.00;21.00;21.00;"25/09/2026 20:30";BST;160;3360.00;21.00;25/09/2026
"S.D. STANDARD ETC";CY0101550917;SDSD;"Oslo Børs";NOK;1.795;1.795;1.795;1.795;"25/09/2026 09:00";CET;105;188.475;1.795;25/09/2026
S.E.B.;FR0000121709;2SK;"Trading After Hours";EUR;-;-;-;-;-;CET;-;-;57.35;25/09/2026
S.E.B.;FR0000121709;SK;"Euronext Paris";EUR;56.45;57.35;56.00;57.35;"25/09/2026 17:35";CET;28190;1609211.775;57.35;25/09/2026
"S.S. LAZIO";IT0003621783;SSL;"Euronext Milan";EUR;1.63;1.68;1.605;1.66;"25/09/2026 17:35";CET;51447;84918.45;1.66;25/09/2026
"Saab AB";SE0021921269;1SAAB;"Euronext Global Equity Market";EUR;56.25;56.25;56.25;56.25;"25/09/2026 15:48";CET;6;337.50;54.86;25/09/2026
SABAF;IT0001042610;SAB;"Euronext Milan";EUR;11.95;12.05;11.85;12.00;"25/09/2026 17:35";CET;5123;61265.00;12.00;25/09/2026
"SABLE OFFSHORE COR";US78574H1041;1SOC;"Euronext Global Equity Market";EUR;3.421;3.429;3.407;3.407;"25/09/2026 16:08";CET;9714;33277.501;3.407;25/09/2026
"SACCHERIA F. FRANC";IT0005521551;SAC;"Euronext Growth Milan";EUR;1.21;1.21;1.20;1.20;"24/09/2026 17:21";CET;3000;3615.00;1.20;25/09/2026
"Sacyr SA";ES0182870214;1SCYR;"Euronext Global Equity Market";EUR;4.078;4.078;4.078;4.078;"01/09/2026 10:09";CET;420;1712.76;4.104;25/09/2026
SAFE;FR001400ZU25;ALSAF;"Euronext Growth Paris";EUR;0.65;0.66;0.585;0.64;"30/06/2026 17:18";CET;5290;3192.40;0.64;25/09/2026
"SAFILO GROUP";IT0004604762;SFL;"Euronext Milan";EUR;1.713;1.808;1.713;1.78;"25/09/2026 17:35";CET;628992;1123683.747;1.78;25/09/2026
SAFRAN;FR0000073272;4SAF;EuroTLX;EUR;325.10;325.10;325.10;325.10;"21/09/2026 13:26";CET;1;325.10;336.10;25/09/2026
SAFRAN;FR0000073272;SAF;"Euronext Paris";EUR;338.00;340.30;335.10;336.30;"25/09/2026 17:38";CET;518436;174542178.80;336.30;25/09/2026
SAFRAN;FR0000073272;2SAF;"Trading After Hours";EUR;213.00;213.00;213.00;213.00;"23/04/2025 19:50";CET;10;2130.00;336.30;25/09/2026
"SAGA PURE";NO0010572589;SAGA;"Oslo Børs";NOK;1.55;1.55;1.55;1.55;"25/09/2026 16:25";CET;33509;51938.95;1.55;25/09/2026
"Sagax AB";SE0005127818;1SAGA;"Euronext Global Equity Market";EUR;-;-;-;-;-;CET;-;-;14.09;25/09/2026
"SAGAX REAL ESTATE";ES0105651006;MLSAG;"Euronext Access Paris";EUR;1.1385;1.1385;1.1385;1.1385;"14/06/2022 00:00";CET;-;-;1.14;25/09/2026
"SAINT GOBAIN";FR0000125007;2SGO;"Trading After Hours";EUR;-;-;-;-;-;CET;-;-;69.82;25/09/2026
"SAINT GOBAIN";FR0000125007;SGO;"Euronext Paris, Amsterdam, Brussels";EUR;70.46;70.68;69.46;69.82;"25/09/2026 17:35";CET;1001119;70027378.49;69.82;25/09/2026
"SAINT JEAN GROUPE";FR0000060121;SABE;"Euronext Paris";EUR;19.90;19.90;19.90;19.90;"24/09/2026 16:30";CET;16;318.40;19.90;25/09/2026
SAINT-GOBAIN;FR0000125007;4SGO;EuroTLX;EUR;67.94;71.46;67.94;71.46;"23/09/2026 09:12";CET;424;29552.80;69.56;25/09/2026
SAIPEM;IT0005495657;SPM;"Euronext Milan";EUR;4.348;4.363;4.311;4.349;"25/09/2026 17:35";CET;9785475;42477458.165;4.349;25/09/2026
SAIPEM;IT0005495657;2SPM;"Trading After Hours";EUR;4.46;4.46;4.334;4.341;"25/09/2026 20:15";CET;68671;298646.918;4.349;25/09/2026
"SAJA REAL ESTATE";ES0105910006;MLSJA;"Euronext Access Paris";EUR;-;-;-;-;-;CET;-;-;10.00;25/09/2026
SALESFORCE;US79466L3024;1CRM;"Euronext Global Equity Market";EUR;209.40;209.60;206.70;206.70;"25/09/2026 17:35";CET;263;54648.85;206.70;25/09/2026
SALESFORCE;US79466L3024;4CRM;EuroTLX;EUR;215.50;215.50;215.50;215.50;"17/09/2026 14:31";CET;6;1293.00;206.90;25/09/2026
SALESFORCE;US79466L3024;2CRM;"Trading After Hours";EUR;205.85;205.85;205.85;205.85;"24/09/2026 18:00";CET;12;2470.20;206.70;25/09/2026
SALMAR;NO0010310956;SALM;"Oslo Børs";NOK;561.50;586.50;559.00;580.50;"25/09/2026 16:29";CET;344682;198730939.75;580.50;25/09/2026
"SALMON EVOLUTION";NO0010892094;SALME;"Oslo Børs";NOK;3.405;3.455;3.35;3.35;"25/09/2026 16:25";CET;359340;1216964.495;3.35;25/09/2026
"SALV FERRAGAMO";IT0004712375;2SFER;"Trading After Hours";EUR;7.40;7.41;7.40;7.40;"25/09/2026 19:50";CET;1873;13867.61;7.405;25/09/2026
"SALV FERRAGAMO";IT0004712375;SFER;"Euronext Milan";EUR;7.65;7.715;7.255;7.41;"25/09/2026 17:35";CET;680932;5033749.73;7.41;25/09/2026
"SAMBA DIGITAL";PTDGL0AM0003;ALSMB;"Euronext Growth Lisbon";EUR;14.80;14.80;14.80;14.80;"07/09/2026 15:30";BST;6800;100640.00;14.80;25/09/2026
Samhallsby;SE0009554454;1SBBB;"Euronext Global Equity Market";EUR;0.2782;0.2782;0.2782;0.2782;"04/09/2026 09:00";CET;10;2.78;0.2668;25/09/2026
"Sampo Oyj";FI4000552500;1SAMP;"Euronext Global Equity Market";EUR;9.018;9.018;9.018;9.018;"21/09/2026 10:16";CET;1700;15330.60;8.854;25/09/2026
SAMSE;FR0000060071;SAMS;"Euronext Paris";EUR;118.50;119.00;118.50;118.50;"25/09/2026 14:36";CET;20;2371.50;118.50;25/09/2026
"Sandvik AB";SE0000667891;1SAND;"Euronext Global Equity Market";EUR;34.08;34.08;34.08;34.08;"23/09/2026 11:24";CET;20;681.60;33.89;25/09/2026
SANLORENZO;IT0003549422;SL;"Euronext Milan";EUR;36.94;36.94;36.12;36.60;"25/09/2026 17:35";CET;16299;595209.84;36.60;25/09/2026
SANOFI;FR0000120578;2SAN;"Trading After Hours";EUR;72.20;72.30;72.14;72.20;"24/09/2026 20:04";CET;1059;76522.86;71.80;25/09/2026
SANOFI;FR0000120578;1SAN;"Euronext Global Equity Market";EUR;71.80;72.02;71.00;71.80;"25/09/2026 17:35";CET;2947;210704.39;71.80;25/09/2026
SANOFI;FR0000120578;4SAN;EuroTLX;EUR;72.11;72.11;72.11;72.11;"25/09/2026 09:15";CET;300;21633.00;71.77;25/09/2026
SANOFI;FR0000120578;SAN;"Euronext Paris";EUR;71.89;72.10;70.96;71.79;"25/09/2026 17:35";CET;1755708;125865544.025;71.79;25/09/2026
SAP;DE0007164600;1SAP;"Euronext Global Equity Market";EUR;184.52;185.62;183.80;185.12;"25/09/2026 17:24";CET;3040;561516.50;185.06;25/09/2026
SAP;DE0007164600;2SAP;"Trading After Hours";EUR;186.04;186.56;185.84;185.92;"25/09/2026 20:23";CET;7477;1391956.92;186.16;25/09/2026
SAP;DE0007164600;4SAP;EuroTLX;EUR;188.66;188.66;188.66;188.66;"04/09/2026 13:22";CET;10;1886.60;185.06;25/09/2026
SAPMER;FR0010776617;ALMER;"Euronext Growth Paris";EUR;4.24;4.24;4.24;4.24;"25/09/2026 16:30";CET;120;508.80;4.24;25/09/2026
"SAREPTA THERAPEUTI";US8036071004;1SRPT;"Euronext Global Equity Market";EUR;16.10;16.16;15.94;16.16;"25/09/2026 17:35";CET;277;4429.32;16.16;25/09/2026
SARTORIUS;DE0007165607;1SRT;"Euronext Global Equity Market";EUR;191.00;191.00;191.00;191.00;"25/08/2026 16:09";CET;1;191.00;208.00;25/09/2026
SARTORIUS;DE0007165607;2SRT;"Trading After Hours";EUR;-;-;-;-;-;CET;-;-;208.00;25/09/2026
SARTORIUS;DE0007165607;4SRT;EuroTLX;EUR;194.40;194.40;194.40;194.40;"04/09/2026 15:44";CET;1;194.40;206.50;25/09/2026
"SARTORIUS PREF";DE0007165631;1SRT3;"Euronext Global Equity Market";EUR;262.50;262.50;262.50;262.50;"25/09/2026 12:56";CET;1;262.50;260.70;25/09/2026
"SARTORIUS PREF";DE0007165631;2SRT3;"Trading After Hours";EUR;-;-;-;-;-;CET;-;-;260.70;25/09/2026
"SARTORIUS PREF";DE0007165631;4SRT3;EuroTLX;EUR;197.40;197.40;197.40;197.40;"23/07/2025 11:04";CET;1;197.40;260.70;25/09/2026
"SARTORIUS STED BIO";FR0013154002;DIM;"Euronext Paris";EUR;216.00;218.80;212.20;212.40;"25/09/2026 17:35";CET;89707;19150327.80;212.40;25/09/2026
"SARTORIUS STED BIO";FR0013154002;2DIM;"Trading After Hours";EUR;-;-;-;-;-;CET;-;-;212.40;25/09/2026
"SARTORIUS STEDIM B";FR0013154002;4DIM;EuroTLX;EUR;161.10;161.10;161.10;161.10;"21/07/2026 12:43";CET;50;8055.00;213.00;25/09/2026
SATS;NO0010863285;SATS;"Oslo Børs";NOK;43.30;43.30;42.40;42.40;"25/09/2026 16:25";CET;427302;18238288.80;42.40;25/09/2026
SAVENCIA;FR0000120107;SAVE;"Euronext Paris";EUR;55.20;55.80;55.20;55.80;"25/09/2026 17:29";CET;267;14847.80;55.80;25/09/2026
"SAVONNERIE NYONS";FR0013155975;MLSDN;"Euronext Access Paris";EUR;30.00;30.00;30.00;30.00;"24/09/2026 11:30";CET;5;150.00;30.00;25/09/2026
SBE-VARVIT;IT0005568461;VARV;"Euronext Growth Milan";EUR;6.90;6.90;6.90;6.90;"17/09/2026 09:31";CET;400;2760.00;6.90;25/09/2026
"SBM OFFSHORE";NL0000360618;2SBMO;"Trading After Hours";EUR;-;-;-;-;-;CET;-;-;36.00;25/09/2026
"SBM OFFSHORE";NL0000360618;SBMO;"Euronext Amsterdam";EUR;36.50;36.62;35.84;36.00;"25/09/2026 17:35";CET;272870;9851090.71;36.00;25/09/2026
SBO;AT0000946652;1SBO;"Euronext Global Equity Market";EUR;32.20;32.20;30.65;30.65;"18/09/2026 16:57";CET;32;1005.60;30.45;25/09/2026
SCANA;NO0003053308;SCANA;"Oslo Børs";NOK;1.405;1.43;1.405;1.43;"25/09/2026 16:25";CET;256304;365017.69;1.43;25/09/2026
SCATEC;NO0010715139;SCATC;"Oslo Børs";NOK;98.05;99.00;97.70;98.35;"25/09/2026 16:27";CET;488178;48058655.95;98.35;25/09/2026
SCBSM;FR0006239109;CBSM;"Euronext Paris";EUR;9.25;9.40;9.25;9.40;"23/09/2026 16:39";CET;109;1008.40;9.40;25/09/2026
SCEMI;FR0010972091;MLCMI;"Euronext Access Paris";EUR;3.72;3.72;3.72;3.72;"17/09/2026 12:07";CET;358;1331.76;3.72;25/09/2026
SCHINDLER;CH0024638212;1SCHN;"Euronext Global Equity Market";EUR;272.00;272.00;270.00;270.00;"24/09/2026 11:26";CET;113;30648.00;272.00;25/09/2026
"SCHINDLER PS";CH0024638196;1SCHP;"Euronext Global Equity Market";EUR;284.20;298.00;284.20;298.00;"15/04/2026 10:52";CET;279;79692.00;277.40;25/09/2026
"SCHNEIDER ELECTRIC";FR0000121972;SU;"Euronext Paris";EUR;294.80;297.30;290.00;291.00;"25/09/2026 17:36";CET;622788;181980076.90;291.00;25/09/2026
"SCHNEIDER ELECTRIC";FR0000121972;2SU;"Trading After Hours";EUR;241.00;248.00;241.00;248.00;"06/02/2026 18:09";CET;250;60600.00;291.00;25/09/2026
"SCHNEIDER ELECTRIC";FR0000121972;4SU;EuroTLX;EUR;296.35;296.35;296.35;296.35;"24/09/2026 12:07";CET;1;296.35;290.80;25/09/2026
"Schott Pharma";DE000A3ENQ51;1SXP;"Euronext Global Equity Market";EUR;23.20;23.20;23.20;23.20;"22/09/2026 17:27";CET;50;1160.00;24.55;25/09/2026
SCHREDER;BE0059682279;-;"Euronext Expert Market";EUR;5601.00;5601.00;5601.00;5601.00;"27/09/2022 11:30";CET;10;56010.00;5600.00;25/09/2026
"SCHREDER BE";BE0023885230;-;"Euronext Expert Market";EUR;-;-;-;-;-;CET;-;-;175.00;25/09/2026
"SCIENTIA SCHOOL";ES0105592002;MLSCI;"Euronext Access Paris";EUR;4.06;4.06;4.06;4.06;"19/08/2025 11:30";CET;10;40.60;4.06;25/09/2026
"SCIUKER FRAMES";IT0005340051;SCK;"Euronext Growth Milan";EUR;0.979;0.987;0.92;0.937;"11/06/2025 17:21";CET;25954;24607.32;0.94;25/09/2026
SCOR;FR0010411983;4SCR;EuroTLX;EUR;32.98;32.98;32.98;32.98;"24/08/2026 10:09";CET;13;428.74;33.16;25/09/2026
"SCOR SE";FR0010411983;SCR;"Euronext Paris";EUR;33.02;33.40;33.02;33.16;"25/09/2026 17:35";CET;421113;13968684.73;33.16;25/09/2026
"SCOR SE";FR0010411983;2SCR;"Trading After Hours";EUR;-;-;-;-;-;CET;-;-;33.16;25/09/2026
"Scout24 SE";DE000A12DM80;1G24;"Euronext Global Equity Market";EUR;73.35;73.35;73.35;73.35;"11/09/2026 09:04";CET;25;1833.75;67.55;25/09/2026
SCR-SIBELCO;BE0944264663;-;"Euronext Expert Market";EUR;4100.00;4100.00;4100.00;4100.00;"22/09/2026 11:30";CET;41;168100.00;4100.00;25/09/2026
"Sea1 Offshore";KYG812291253;SEA1;"Euronext Growth Oslo";NOK;29.15;30.00;29.15;29.70;"25/09/2026 16:25";CET;84697;2519305.15;29.70;25/09/2026
"SEAGATE TECHNOLOGY";IE00BKVD2N49;4STX;EuroTLX;EUR;792.00;792.00;792.00;792.00;"23/09/2026 10:27";CET;3;2376.00;800.00;25/09/2026
"SEAGATE TECHNOLOGY";IE00BKVD2N49;1STX;"Euronext Global Equity Market";EUR;806.00;810.00;806.00;806.00;"25/09/2026 15:30";CET;26;21022.00;804.00;25/09/2026
"SEAGATE TECHNOLOGY";IE00BKVD2N49;2STX;"Trading After Hours";EUR;780.00;780.00;764.00;764.00;"23/09/2026 18:55";CET;5;3836.00;804.00;25/09/2026
"SECHE ENVIRONNEM.";FR0000039109;SCHP;"Euronext Paris";EUR;75.10;76.80;75.00;75.90;"25/09/2026 17:35";CET;5093;385616.40;75.90;25/09/2026
SECO;IT0005438046;IOT;"Euronext Milan";EUR;4.365;4.64;4.365;4.64;"25/09/2026 17:35";CET;531143;2412241.4425;4.64;25/09/2026
Sectra;SE0022419784;1SECT;"Euronext Global Equity Market";EUR;25.00;25.00;25.00;25.00;"24/09/2026 09:08";CET;66;1650.00;25.00;25/09/2026
Securitas;SE0000163594;1SECU;"Euronext Global Equity Market";EUR;13.70;13.70;13.70;13.70;"19/03/2026 09:59";CET;500;6850.00;13.35;25/09/2026
"SED ENERGY HOLDING";CY0101162119;ENH;"Oslo Børs";NOK;6.25;6.42;6.21;6.30;"25/09/2026 16:29";CET;2966774;18799781.72;6.30;25/09/2026
"SEGRO PLC";GB00B5ZN1N88;SGRO;"Euronext Paris";EUR;10.10;10.10;10.10;10.10;"01/06/2026 11:44";CET;100;1010.00;10.10;25/09/2026
"SEIF SPA";IT0005353484;ALSEI;"Euronext Growth Paris";EUR;0.25;0.25;0.25;0.25;"21/12/2023 09:29";CET;539;134.75;0.25;25/09/2026
SELCODIS;FR0000065492;SLCO;"Euronext Paris";EUR;0.29;0.29;0.29;0.29;"25/03/2009 00:00";CET;2074;601.46;0.29;25/09/2026
SELECTIRENTE;FR0004175842;SELER;"Euronext Paris";EUR;86.00;86.50;86.00;86.50;"25/09/2026 16:30";CET;6;518.50;86.50;25/09/2026
"SELVAAG BOLIG";NO0010612450;SBO;"Oslo Børs";NOK;31.85;31.90;30.70;31.00;"25/09/2026 16:25";CET;844996;25368648.00;31.00;25/09/2026
SEMAPA;PTSEM0AM0004;SEM;"Euronext Lisbon";EUR;20.95;20.95;20.40;20.75;"25/09/2026 21:35";BST;46506;958353.85;20.75;25/09/2026
SEMAPA;PTSEM0AM0004;2SEM;"Trading After Hours";EUR;-;-;-;-;-;CET;-;-;20.75;25/09/2026
"SEMCO TECHNOLOGIES";FR0014010H01;ALSEM;"Euronext Growth Paris";EUR;47.00;48.75;46.20;47.45;"25/09/2026 17:35";CET;31671;1497481.45;47.45;25/09/2026
Sempra;US8168511090;1SRE;"Euronext Global Equity Market";EUR;73.32;73.32;73.32;73.32;"08/09/2026 10:02";CET;40;2932.80;67.82;25/09/2026
"SEMTECH CORP";US8168501018;1SMTC;"Euronext Global Equity Market";EUR;155.45;159.25;155.45;156.80;"25/09/2026 13:35";CET;108;17015.25;158.80;25/09/2026
SENSORION;FR001401A9Z0;ALSEN;"Euronext Growth Paris";EUR;7.14;7.59;7.12;7.393;"25/09/2026 17:35";CET;19211;141972.991;7.393;25/09/2026
SENTIA;NO0013573014;SNTIA;"Oslo Børs";NOK;86.50;86.50;85.30;85.60;"25/09/2026 16:25";CET;100019;8564848.50;85.60;25/09/2026
"SENTINELONE CLASS";US81730H1095;1SUS;"Euronext Global Equity Market";EUR;20.82;20.82;20.82;20.82;"23/09/2026 16:27";CET;20;416.40;20.23;25/09/2026
SENUS;IE000O0F49R3;SENUS;"Euronext Access Dublin";EUR;6.15;6.15;6.15;6.15;"18/05/2026 20:00";IST;1380;8487.00;6.15;25/09/2026
"SEQUA PETROLEUM NV";NL0010623518;MLSEQ;"Euronext Access Paris";EUR;0.0045;0.0045;0.0045;0.0045;"10/02/2026 16:30";CET;46000;207.00;0.0045;25/09/2026
"SEQUANA MEDICAL";BE0974340722;SEQUA;"Euronext Brussels";EUR;0.669;0.669;0.56;0.611;"28/04/2026 17:35";CET;653148;405026.18;0.611;25/09/2026
"SERGEFERRARI GROUP";FR0011950682;ALFER;"Euronext Growth Paris";EUR;5.92;5.98;5.80;5.92;"25/09/2026 17:35";CET;3500;20715.62;5.92;25/09/2026
"SERI INDUSTRIAL";IT0005283640;SERI;"Euronext Milan";EUR;2.345;2.355;2.335;2.335;"25/09/2026 17:35";CET;152168;356606.76;2.335;25/09/2026
SERVICENOW;US81762P1021;2NOW;"Trading After Hours";EUR;122.95;122.95;122.95;122.95;"23/09/2026 19:11";CET;14;1721.30;120.20;25/09/2026
SERVICENOW;US81762P1021;1NOW;"Euronext Global Equity Market";EUR;121.05;121.25;120.20;120.20;"25/09/2026 17:35";CET;794;96012.75;120.20;25/09/2026
SERVICENOW;US81762P1021;4NOW;EuroTLX;EUR;119.25;119.25;119.25;119.25;"03/09/2026 10:00";CET;40;4770.00;120.60;25/09/2026
SES;LU0088087324;SESG;"Euronext Paris";EUR;4.50;4.534;4.42;4.468;"25/09/2026 17:35";CET;649786;2905715.895;4.468;25/09/2026
SESA;IT0004729759;SES;"Euronext Milan";EUR;95.25;96.15;93.05;94.50;"25/09/2026 17:35";CET;21250;2000917.20;94.50;25/09/2026
"SEZZLE INC";US78435P1057;1SEZL;"Euronext Global Equity Market";EUR;107.50;107.50;107.50;107.50;"04/09/2026 09:00";CET;9;967.50;96.72;25/09/2026
"SG COMPANY";IT0005337172;SGC;"Euronext Growth Milan";EUR;0.324;0.324;0.302;0.302;"25/09/2026 16:49";CET;28500;8718.00;0.302;25/09/2026
SGS;CH1256740924;1SGSN;"Euronext Global Equity Market";EUR;98.76;98.76;98.76;98.76;"03/09/2026 15:12";CET;320;31603.20;99.80;25/09/2026
"SHAMARAN PETROLEUM";BMG8080M1001;SNM;"Euronext Growth Oslo";NOK;1.39;1.45;1.3602;1.44;"25/09/2026 16:26";CET;967798;1358208.6918;1.44;25/09/2026
"SHELL PLC";GB00BP6MXD84;SHELL;"Euronext Amsterdam";EUR;41.99;42.33;41.71;42.06;"25/09/2026 17:39";CET;3635680;152725023.0075;42.06;25/09/2026
SHERWIN-WILLIAMS;US8243481061;4SHW;EuroTLX;EUR;286.50;286.50;286.50;286.50;"17/10/2025 16:41";CET;1;286.50;283.10;25/09/2026
SHERWIN-WILLIAMS;US8243481061;1SHW;"Euronext Global Equity Market";EUR;284.00;284.00;276.80;276.80;"18/09/2026 16:13";CET;3;837.70;283.20;25/09/2026
SHERWIN-WILLIAMS;US8243481061;2SHW;"Trading After Hours";EUR;311.05;311.05;311.05;311.05;"30/04/2025 20:07";CET;34;10575.70;283.20;25/09/2026
SHOWROOMPRIVE;FR0013006558;SRP;"Euronext Paris";EUR;1.095;1.15;1.08;1.15;"25/09/2026 17:35";CET;105488;118967.18;1.15;25/09/2026
SHURGARD;GG00BQZCBZ44;SHUR;"Euronext Brussels";EUR;23.10;23.45;23.10;23.30;"25/09/2026 17:35";CET;94473;2200656.70;23.30;25/09/2026
SIAV;IT0005504128;SIAV;"Euronext Growth Milan";EUR;2.96;2.96;2.74;2.84;"25/09/2026 17:18";CET;16000;46310.00;2.84;25/09/2026
"SICILY BY CAR";IT0005556581;SBC;"Euronext Growth Milan";EUR;3.23;3.23;3.01;3.04;"25/09/2026 17:28";CET;65387;202469.31;3.05;25/09/2026
SIDETRADE;FR0010202606;ALBFR;"Euronext Growth Paris";EUR;191.60;194.60;188.00;191.00;"25/09/2026 17:35";CET;1482;284293.60;191.00;25/09/2026
SIEMENS;DE0007236101;4SIE;EuroTLX;EUR;270.20;273.20;270.20;273.20;"21/09/2026 17:26";CET;72;19515.50;278.90;25/09/2026
SIEMENS;DE0007236101;1SIE;"Euronext Global Equity Market";EUR;277.00;281.00;276.60;276.60;"25/09/2026 16:55";CET;855;238620.20;278.75;25/09/2026
SIEMENS;DE0007236101;2SIE;"Trading After Hours";EUR;269.10;269.10;269.10;269.10;"16/09/2026 18:00";CET;3;807.30;278.75;25/09/2026
"SIEMENS ENERGY";DE000ENER6Y0;2ENR;"Trading After Hours";EUR;130.88;130.88;130.88;130.88;"15/09/2026 19:07";CET;40;5235.20;142.66;25/09/2026
"SIEMENS ENERGY";DE000ENER6Y0;1ENR;"Euronext Global Equity Market";EUR;144.88;146.58;142.60;142.72;"25/09/2026 17:29";CET;8928;1297107.58;142.66;25/09/2026
"SIEMENS ENERGY";DE000ENER6Y0;4ENR;EuroTLX;EUR;140.34;141.48;140.34;141.48;"18/09/2026 14:09";CET;400;56364.00;142.66;25/09/2026
"SIEMENS HEALTH";DE000SHL1006;4SHL;EuroTLX;EUR;37.48;37.48;37.48;37.48;"31/07/2026 15:54";CET;140;5247.20;37.78;25/09/2026
"SIEMENS HEALTH";DE000SHL1006;2SHL;"Trading After Hours";EUR;37.42;37.42;37.42;37.42;"17/09/2026 18:00";CET;250;9355.00;37.90;25/09/2026
"SIEMENS HEALTH";DE000SHL1006;1SHL;"Euronext Global Equity Market";EUR;37.34;37.34;37.34;37.34;"24/09/2026 16:51";CET;2;74.68;37.90;25/09/2026
"SIF HOLDING";NL0011660485;SIFG;"Euronext Amsterdam";EUR;3.08;3.08;2.99;2.99;"25/09/2026 17:35";CET;74903;226526.37;2.99;25/09/2026
"SIG Group";CH0435377954;1SIGN;"Euronext Global Equity Market";EUR;14.20;14.20;14.20;14.20;"25/09/2026 13:43";CET;87;1235.40;14.20;25/09/2026
"SIGNAUX GIROD";FR0000060790;ALGIR;"Euronext Growth Paris";EUR;15.60;15.60;15.60;15.60;"25/09/2026 13:43";CET;130;2028.00;15.60;25/09/2026
"SIGNIFY NV";NL0011821392;2LIGHT;"Trading After Hours";EUR;-;-;-;-;-;CET;-;-;15.54;25/09/2026
"SIGNIFY NV";NL0011821392;LIGHT;"Euronext Amsterdam";EUR;15.62;15.73;15.40;15.54;"25/09/2026 17:35";CET;363006;5641818.155;15.54;25/09/2026
Sika;CH0418792922;1SIKA;"Euronext Global Equity Market";EUR;194.15;194.15;194.15;194.15;"25/09/2026 14:23";CET;50;9707.50;192.35;25/09/2026
SILTRONIC;DE000WAF3001;1WAF;"Euronext Global Equity Market";EUR;74.85;74.85;74.85;74.85;"25/09/2026 09:55";CET;12;898.20;73.40;25/09/2026
SILTRONIC;DE000WAF3001;2WAF;"Trading After Hours";EUR;65.60;65.60;65.60;65.60;"15/09/2026 18:45";CET;1;65.60;73.40;25/09/2026
SILTRONIC;DE000WAF3001;4WAF;EuroTLX;EUR;86.65;86.65;86.65;86.65;"14/08/2026 11:57";CET;7;606.55;73.55;25/09/2026
"SIMON PROPERTY GR";US8288061091;2SPG;"Trading After Hours";EUR;-;-;-;-;-;CET;-;-;179.05;25/09/2026
"SIMON PROPERTY GR";US8288061091;1SPG;"Euronext Global Equity Market";EUR;186.00;186.00;180.80;180.80;"24/09/2026 15:30";CET;2;366.80;179.05;25/09/2026
"SIMON PROPERTY GR";US8288061091;4SPG;EuroTLX;EUR;144.45;144.45;144.45;144.45;"12/08/2025 09:05";CET;1;144.45;179.00;25/09/2026
SIMONE;IT0005573123;SMN;"Euronext Growth Milan";EUR;1.53;1.60;1.46;1.50;"25/09/2026 17:35";CET;152000;231070.00;1.50;25/09/2026
Sinch;SE0016101844;1SINC;"Euronext Global Equity Market";EUR;4.275;4.275;4.275;4.275;"28/08/2026 09:00";CET;120;513.00;4.519;25/09/2026
"SINGULARITY FUTURE";US82935V4068;1SGLY;"Euronext Global Equity Market";EUR;0.92;0.92;0.92;0.92;"24/09/2026 15:56";CET;3000;2760.00;0.8988;25/09/2026
"SINGULARITY FUTURE";US82935V4068;2SGLY;"Trading After Hours";EUR;-;-;-;-;-;CET;-;-;0.8988;25/09/2026
"SIPARIO MOVIES";IT0005380602;ALIE;"Euronext Growth Paris";EUR;0.465;0.465;0.465;0.465;"30/08/2024 11:30";CET;600;279.00;0.466;25/09/2026
SIPEF;BE0003898187;SIP;"Euronext Brussels";EUR;108.40;109.00;108.40;109.00;"25/09/2026 17:35";CET;668;72674.60;109.00;25/09/2026
"SIRIUS MEDIA";FR0014017FP5;ALSRS;"Euronext Growth Paris";EUR;0.3961;0.409;0.38;0.409;"25/09/2026 17:16";CET;5662;2205.3881;0.409;25/09/2026
SIT;IT0005262149;SIT;"Euronext Milan";EUR;2.36;2.44;2.35;2.44;"25/09/2026 16:51";CET;4595;10827.05;2.44;25/09/2026
SIXT;DE0007231326;1SIX;"Euronext Global Equity Market";EUR;69.30;69.30;69.30;69.30;"25/09/2026 10:35";CET;70;4851.00;69.20;25/09/2026
SIXT;DE0007231326;2SIX;"Trading After Hours";EUR;90.05;90.05;90.05;90.05;"11/03/2024 19:08";CET;20;1801.00;69.20;25/09/2026
SIXT;DE0007231326;4SIX;EuroTLX;EUR;79.50;79.50;79.50;79.50;"06/05/2024 10:57";CET;13;1033.50;69.25;25/09/2026
"SKANDIA GREENPOWER";NO0010931207;SKAND;"Euronext Growth Oslo";NOK;1.63;1.715;1.505;1.57;"25/09/2026 16:08";CET;52578;80898.46;1.57;25/09/2026
"SKANDINAVISKA ENSK";SE0000148884;4SEBA;EuroTLX;EUR;20.13;20.13;20.13;20.13;"31/07/2026 12:08";CET;14;281.82;20.66;25/09/2026
"SKANDINAVISKA ENSK";SE0000148884;2SEBA;"Trading After Hours";EUR;-;-;-;-;-;CET;-;-;20.72;25/09/2026
"SKANDINAVISKA ENSK";SE0000148884;1SEBA;"Euronext Global Equity Market";EUR;20.00;20.00;20.00;20.00;"26/08/2026 11:26";CET;100;2000.00;20.72;25/09/2026
Skanska;SE0000113250;1SKAB;"Euronext Global Equity Market";EUR;25.04;25.04;25.04;25.04;"22/09/2026 09:32";CET;300;7512.00;24.97;25/09/2026
SKF;SE0000108227;1SKFB;"Euronext Global Equity Market";EUR;24.20;24.20;24.20;24.20;"23/09/2026 10:04";CET;56;1355.20;24.08;25/09/2026
"SKUE SPAREBANK";NO0006001809;SKUE;"Oslo Børs";NOK;335.00;335.00;330.05;330.15;"25/09/2026 16:01";CET;39047;13080102.70;330.15;25/09/2026
"SKYWEST INC";US8308791024;1SKYW;"Euronext Global Equity Market";EUR;81.50;81.50;81.50;81.50;"04/09/2026 09:00";CET;8;652.00;88.64;25/09/2026
"SKYWORKS SOLUTIONS";US83088M1027;1SWKS;"Euronext Global Equity Market";EUR;77.18;77.18;77.18;77.18;"25/09/2026 16:52";CET;100;7718.00;79.00;25/09/2026
"SKYWORKS SOLUTIONS";US83088M1027;4SWKS;EuroTLX;EUR;74.00;74.00;74.00;74.00;"14/09/2026 11:36";CET;20;1480.00;78.86;25/09/2026
"SKYWORKS SOLUTIONS";US83088M1027;2SWKS;"Trading After Hours";EUR;50.20;50.20;50.18;50.18;"07/01/2026 18:03";CET;34;1706.52;79.00;25/09/2026
SLB;AN8068571086;1SLB;"Euronext Global Equity Market";EUR;44.165;44.165;44.165;44.165;"21/09/2026 09:10";CET;12;529.98;45.44;25/09/2026
"SLIGRO FOOD GROUP";NL0000817179;SLIGR;"Euronext Amsterdam";EUR;9.75;9.83;9.58;9.83;"25/09/2026 17:35";CET;123226;1196026.07;9.83;25/09/2026
"SMA SOLAR TECHNOL";DE000A0DJ6J9;1S;"Euronext Global Equity Market";EUR;57.75;57.75;57.10;57.10;"25/09/2026 13:53";CET;255;14706.75;57.15;25/09/2026
"SMA SOLAR TECHNOL";DE000A0DJ6J9;4S;EuroTLX;EUR;62.15;62.15;62.15;62.15;"17/07/2026 10:08";CET;20;1243.00;57.15;25/09/2026
"SMA SOLAR TECHNOL";DE000A0DJ6J9;2S;"Trading After Hours";EUR;63.70;63.70;63.70;63.70;"22/09/2026 18:15";CET;2;127.40;57.15;25/09/2026
SMAIO;FR0014005I80;ALSMA;"Euronext Growth Paris";EUR;7.12;7.12;7.12;7.12;"25/09/2026 09:00";CET;1;7.12;7.12;25/09/2026
SMALTO;FR0011131788;MLSML;"Euronext Access Paris";EUR;0.021;0.021;0.021;0.021;"25/09/2026 11:30";CET;10820;227.22;0.021;25/09/2026
"SMALTO BSA";FR0010649228;SMLBS;"Euronext Access Paris";EUR;0.0005;0.0005;0.0005;0.0005;"12/03/2026 14:38";CET;2;-;0.0005;25/09/2026
"SMART CAPITAL";IT0005621070;SMCAP;"Euronext Growth Milan";EUR;1.55;1.55;1.55;1.55;"22/09/2026 17:35";CET;12904;20001.20;1.55;25/09/2026
"SMARTOPTICS GROUP";NO0011012502;SMOP;"Oslo Børs";NOK;51.00;51.00;49.00;49.00;"25/09/2026 16:25";CET;60859;3039941.70;49.00;25/09/2026
SMCP;FR0013214145;SMCP;"Euronext Paris";EUR;5.93;6.06;5.875;6.06;"25/09/2026 17:35";CET;72903;436525.50;6.06;25/09/2026
SMTPC;FR0004016699;ALTPC;"Euronext Growth Paris";EUR;25.50;25.80;25.50;25.80;"25/09/2026 15:22";CET;496;12698.40;25.80;25/09/2026
SNAM;IT0003153415;2SRG;"Trading After Hours";EUR;5.568;5.568;5.568;5.568;"25/09/2026 19:04";CET;6;33.408;5.568;25/09/2026
SNAM;IT0003153415;SRG;"Euronext Milan";EUR;5.604;5.648;5.572;5.588;"25/09/2026 17:35";CET;3827307;21438471.173;5.588;25/09/2026
"SNAP - CLASSE A";US83304A1060;1SNAP;"Euronext Global Equity Market";EUR;4.725;4.805;4.725;4.805;"25/09/2026 17:35";CET;30;142.95;4.805;25/09/2026
"SNAP - CLASSE A";US83304A1060;4SNAP;EuroTLX;EUR;6.388;6.388;6.388;6.388;"01/10/2025 15:57";CET;1000;6388.00;4.82;25/09/2026
"SNAP - CLASSE A";US83304A1060;2SNAP;"Trading After Hours";EUR;4.64;4.64;4.64;4.64;"10/09/2026 18:00";CET;1000;4640.00;4.805;25/09/2026
"Snap-on Inc";US8330341012;1SNA;"Euronext Global Equity Market";EUR;338.00;338.00;338.00;338.00;"24/08/2026 15:41";CET;1;338.00;324.00;25/09/2026
"SNCB/NMBS -Jce/Gen";BE0010621481;-;"Euronext Expert Market";EUR;0.082;0.082;0.082;0.082;"02/12/2025 11:30";CET;81325;6668.65;0.082;25/09/2026
SNOWFLAKE;US8334451098;1SNOW;"Euronext Global Equity Market";EUR;295.00;297.50;295.00;297.50;"25/09/2026 16:51";CET;45;13277.50;298.00;25/09/2026
SNOWFLAKE;US8334451098;4SNOW;EuroTLX;EUR;227.00;227.00;223.00;223.00;"03/07/2026 16:20";CET;46;10438.00;298.00;25/09/2026
SNOWFLAKE;US8334451098;2SNOW;"Trading After Hours";EUR;293.50;293.50;293.50;293.50;"04/09/2026 20:23";CET;1;293.50;298.00;25/09/2026
"SOC EDIT IL FATTO";IT0005353484;SEIF;"Euronext Growth Milan";EUR;0.236;0.24;0.234;0.24;"23/09/2026 13:47";CET;14000;3312.00;0.24;25/09/2026
"SOC FRANC CASINOS";FR0010209809;SFCA;"Euronext Paris";EUR;6.05;6.10;6.05;6.10;"25/09/2026 16:30";CET;1992;12051.85;6.10;25/09/2026
"SOCIETE GENERALE";FR0000130809;4GLE;EuroTLX;EUR;71.92;71.92;71.92;71.92;"25/09/2026 11:45";CET;220;15822.40;72.27;25/09/2026
"SOCIETE GENERALE";FR0000130809;GLE;"Euronext Paris";EUR;71.25;73.30;71.17;72.31;"25/09/2026 17:35";CET;2344472;169637657.525;72.31;25/09/2026
"SOCIETE GENERALE";FR0000130809;1GLE;"Euronext Global Equity Market";EUR;73.00;73.00;73.00;73.00;"25/09/2026 15:33";CET;74;5402.00;72.25;25/09/2026
"SOCIETE GENERALE";FR0000130809;2GLE;"Trading After Hours";EUR;67.71;67.71;67.71;67.71;"24/09/2026 18:00";CET;45;3046.95;72.25;25/09/2026
SOCLINPAR;QX0000022625;-;"Euronext Expert Market";EUR;21.78;21.78;21.78;21.78;"29/11/2016 11:30";CET;14;304.92;21.80;25/09/2026
SODEXO;FR0000121220;SW;"Euronext Paris";EUR;56.45;57.35;56.40;57.35;"25/09/2026 17:35";CET;281179;16076692.625;57.35;25/09/2026
SODEXO;FR0000121220;2SW;"Trading After Hours";EUR;-;-;-;-;-;CET;-;-;57.35;25/09/2026
SODEXO;FR0000121220;4SW;EuroTLX;EUR;55.80;55.80;55.80;55.80;"15/09/2026 15:01";CET;20;1116.00;57.05;25/09/2026
SODITECH;FR0000078321;ALSEC;"Euronext Growth Paris";EUR;6.24;6.24;6.02;6.24;"25/09/2026 17:29";CET;3972;24415.02;6.24;25/09/2026
"SOFI TECHNOLOGIES";US83406F1021;1SOFI;"Euronext Global Equity Market";EUR;14.808;14.81;14.71;14.71;"25/09/2026 15:25";CET;278;4111.536;14.64;25/09/2026
SOFINA;BE0003717312;SOF;"Euronext Brussels";EUR;247.00;248.00;246.00;248.00;"25/09/2026 17:36";CET;15130;3746572.20;248.00;25/09/2026
SOFINA;BE0003717312;2SOF;"Trading After Hours";EUR;-;-;-;-;-;CET;-;-;248.00;25/09/2026
SOFTIMAT;BE0003773877;SOFT;"Euronext Growth Brussels";EUR;0.77;0.77;0.77;0.77;"24/09/2026 11:30";CET;50;38.50;0.77;25/09/2026
SOFTLAB;IT0001469953;SFT;"Euronext Milan";EUR;1.49;1.49;1.44;1.48;"25/09/2026 17:18";CET;19067;28033.725;1.48;25/09/2026
"SOFTOX SOLUTIONS";NO0010811961;SOFTX;"Euronext Growth Oslo";NOK;0.12;0.122;0.115;0.1218;"25/09/2026 16:25";CET;23962816;2857244.979;0.1218;25/09/2026
"SOFTWAREONE HOLD";CH0496451508;SWON;"Oslo Børs";NOK;100.80;100.80;98.20;99.00;"25/09/2026 16:25";CET;65429;6492424.90;99.00;25/09/2026
SOGECLAIR;FR0000065864;ALSOG;"Euronext Growth Paris";EUR;31.40;31.40;31.00;31.40;"25/09/2026 16:29";CET;319;10004.60;31.40;25/09/2026
SOGEFI;IT0000076536;SGF;"Euronext Milan";EUR;2.03;2.06;2.02;2.045;"25/09/2026 17:35";CET;175893;359457.355;2.045;25/09/2026
"SOGES GROUP";IT0005597411;SOGES;"Euronext Growth Milan";EUR;1.60;1.62;1.60;1.62;"25/09/2026 13:34";CET;2700;4338.00;1.62;25/09/2026
"SOGN SPAREBANK";NO0006000603;SOGN;"Oslo Børs";NOK;309.00;310.00;309.00;309.95;"25/09/2026 14:32";CET;305;94451.40;309.95;25/09/2026
SOILTECH;NO0010713571;STECH;"Oslo Børs";NOK;80.00;82.80;79.60;81.60;"25/09/2026 16:14";CET;6636;532747.20;81.60;25/09/2026
SOITEC;FR0013227113;SOI;"Euronext Paris";EUR;146.25;148.90;142.15;143.05;"25/09/2026 17:35";CET;112267;16186348.525;143.05;25/09/2026
SOITEC;FR0013227113;2SOI;"Trading After Hours";EUR;-;-;-;-;-;CET;-;-;143.05;25/09/2026
SOL;IT0001206769;SOL;"Euronext Milan";EUR;55.40;56.00;55.20;55.50;"25/09/2026 17:39";CET;23500;1305849.90;55.50;25/09/2026
"Solaria Energia";ES0165386014;1SLR;"Euronext Global Equity Market";EUR;16.575;16.575;16.575;16.575;"25/09/2026 09:10";CET;33;546.975;16.675;25/09/2026
"SOLID WORLD GROUP";IT0005497893;S3D;"Euronext Growth Milan";EUR;0.376;0.385;0.376;0.379;"25/09/2026 17:29";CET;26400;10084.80;0.379;25/09/2026
"SOLOCAL GROUP";FR001400SA10;LOCAL;"Euronext Paris";EUR;3.965;3.99;3.96;3.96;"25/09/2026 17:35";CET;23176;92069.705;3.96;25/09/2026
"SOLSTAD MARITIME";NO0013135368;SOMA;"Oslo Børs";NOK;29.10;29.40;28.85;29.20;"25/09/2026 16:27";CET;152192;4432595.10;29.20;25/09/2026
"SOLSTAD OFFSHORE";NO0003080608;SOFF;"Oslo Børs";NOK;72.40;72.50;71.60;72.50;"25/09/2026 16:25";CET;39789;2868202.40;72.50;25/09/2026
"SOLUTIONS 30 SE";FR0013379484;2S30;"Trading After Hours";EUR;-;-;-;-;-;CET;-;-;0.4855;25/09/2026
"SOLUTIONS 30 SE";FR0013379484;S30;"Euronext Paris";EUR;0.522;0.522;0.485;0.4855;"25/09/2026 17:35";CET;563519;283857.387;0.4855;25/09/2026
"SOLVAC NOM(RETAIL)";BE0003545531;SOLV;"Euronext Brussels";EUR;83.00;83.50;82.00;82.00;"25/09/2026 12:32";CET;384;31859.00;82.00;25/09/2026
SOLVAY;BE0003470755;SOLB;"Euronext Brussels, Paris";EUR;24.90;24.90;24.66;24.80;"25/09/2026 17:35";CET;503902;12492591.10;24.80;25/09/2026
SOLVAY;BE0003470755;4SOLBM;EuroTLX;EUR;25.02;25.02;25.02;25.02;"21/08/2026 16:27";CET;8;200.16;24.68;25/09/2026
SOLVAY;BE0003470755;2SOLB;"Trading After Hours";EUR;-;-;-;-;-;CET;-;-;24.80;25/09/2026
"SOLVAY (CP 41)";BE0099887748;-;"Euronext Expert Market";EUR;48.00;48.00;48.00;48.00;"30/05/2017 11:30";CET;2;96.00;48.00;25/09/2026
"Solventum Corp";US83444M1018;1SOLV;"Euronext Global Equity Market";EUR;62.20;62.20;62.20;62.20;"29/05/2026 10:09";CET;15;933.00;77.80;25/09/2026
SOMEC;IT0005329815;SOM;"Euronext Milan";EUR;22.00;22.60;21.90;22.10;"25/09/2026 17:35";CET;9795;218508.70;22.10;25/09/2026
SONAE;PTSON0AM0001;SON;"Euronext Lisbon";EUR;2.11;2.135;2.105;2.11;"25/09/2026 21:35";BST;1633029;3454551.76;2.11;25/09/2026
SONAE;PTSON0AM0001;2SON;"Trading After Hours";EUR;-;-;-;-;-;CET;-;-;2.11;25/09/2026
SONAECOM,SGPS;PTSNC0AM0006;SNC;"Euronext Lisbon";EUR;2.96;2.96;2.88;2.92;"25/09/2026 21:35";BST;2085;6058.56;2.92;25/09/2026
SONAGI;PTSNG0AM0007;SNG;"Euronext Access Lisbon";EUR;1.70;1.70;1.70;1.70;"15/07/2026 20:30";BST;1000;1700.00;1.70;25/09/2026
"Sonova Holding";CH0012549785;1SOON;"Euronext Global Equity Market";EUR;253.90;253.90;253.90;253.90;"22/09/2026 10:49";CET;122;30975.80;254.60;25/09/2026
"SOPRA STERIA GROUP";FR0000050809;2SOP;"Trading After Hours";EUR;-;-;-;-;-;CET;-;-;165.30;25/09/2026
"SOPRA STERIA GROUP";FR0000050809;SOP;"Euronext Paris";EUR;162.00;165.50;159.90;165.30;"25/09/2026 17:35";CET;41178;6737501.35;165.30;25/09/2026
SOSTRAVEL.COM;IT0005338675;SOS;"Euronext Growth Milan";EUR;0.262;0.27;0.262;0.27;"22/09/2026 15:34";CET;20500;5396.50;0.27;25/09/2026
"Southwest Air";US8447411088;1LUV;"Euronext Global Equity Market";EUR;33.98;33.98;33.98;33.98;"16/09/2026 16:03";CET;1;33.98;36.44;25/09/2026
"SPACE EXPL TECH";US84615Q1031;1SPCX;"Euronext Global Equity Market";EUR;130.76;131.30;128.20;129.32;"25/09/2026 17:35";CET;16118;2099341.10;129.32;25/09/2026
"SPACE EXPL TECH";US84615Q1031;2SPCX;"Trading After Hours";EUR;129.62;130.64;129.36;130.00;"25/09/2026 20:18";CET;2214;288033.00;130.10;25/09/2026
SPADEL;BE0003798155;SPA;"Euronext Brussels";EUR;350.00;350.00;350.00;350.00;"25/09/2026 16:30";CET;5;1750.00;350.00;25/09/2026
"SPANISH RETAIL INV";ES0105826004;-;"Euronext Expert Market";EUR;0.001;-;-;0.0005;"18/10/2024 14:46";CET;-;-;0.0005;25/09/2026
"SPARBNK 68 GR NORD";NO0010887110;SB68;"Euronext Growth Oslo";NOK;209.85;209.85;209.85;209.85;"25/09/2026 16:19";CET;11;2308.35;209.85;25/09/2026
"SPAREBANK 1 SMN";NO0006390301;MING;"Oslo Børs";NOK;218.00;220.95;217.50;220.40;"25/09/2026 16:25";CET;106697;23481241.40;220.40;25/09/2026
"SPAREBANK 1 SØR-N";NO0010631567;SB1NO;"Oslo Børs";NOK;229.00;231.50;229.00;230.00;"25/09/2026 16:29";CET;142588;32822140.75;230.00;25/09/2026
"SPAREBANKEN MØRE";NO0012483207;MORG;"Oslo Børs";NOK;110.60;111.98;110.34;111.98;"25/09/2026 16:25";CET;19312;2149630.14;111.98;25/09/2026
"SPAREBANKEN NORGE";NO0006000900;SBNOR;"Oslo Børs";NOK;212.15;214.80;211.05;213.90;"25/09/2026 16:25";CET;134253;28662249.625;213.90;25/09/2026
"SPAREBANKEN ØST";NO0006222009;SPOG;"Oslo Børs";NOK;73.88;73.99;72.12;72.15;"25/09/2026 16:25";CET;17865;1319361.61;72.15;25/09/2026
SPARTOO;FR00140043Y1;ALSPT;"Euronext Growth Paris";EUR;0.269;0.27;0.26;0.26;"25/09/2026 17:27";CET;80250;20933.778;0.26;25/09/2026
"SPBK 1 NORDMØRE";NO0010691660;SNOR;"Oslo Børs";NOK;183.04;183.04;183.04;183.04;"25/09/2026 16:18";CET;16;2928.64;183.04;25/09/2026
"SPBK 1 ØSTLANDET";NO0010751910;SPOL;"Oslo Børs";NOK;207.40;209.35;206.95;207.75;"25/09/2026 16:25";CET;91660;19116423.35;207.75;25/09/2026
"SPBK1 HELGELAND";NO0010029804;HELG;"Oslo Børs";NOK;174.00;175.00;174.00;174.98;"25/09/2026 16:25";CET;430;74827.92;174.98;25/09/2026
"SPBK1 NORD-NORGE";NO0006000801;NONG;"Oslo Børs";NOK;174.00;176.14;174.00;175.50;"25/09/2026 16:25";CET;67907;11928361.43;175.50;25/09/2026
"SPBK1 RINGERIKE";NO0006390400;RING;"Oslo Børs";NOK;449.00;449.00;440.05;445.50;"25/09/2026 16:25";CET;957;425533.35;445.50;25/09/2026
"SPBK1 ØSTFOLD AKE";NO0010285562;SOAG;"Oslo Børs";NOK;440.10;448.00;440.10;448.00;"25/09/2026 14:56";CET;95;42164.30;448.00;25/09/2026
"SPEED RABBIT PIZZA";FR0000054371;MLSRP;"Euronext Access Paris";EUR;11.10;13.30;11.10;13.30;"21/09/2026 16:30";CET;2;24.40;13.30;25/09/2026
SPIE;FR0012757854;SPIE;"Euronext Paris";EUR;43.02;43.48;42.18;43.46;"25/09/2026 17:35";CET;499494;21647485.04;43.46;25/09/2026
SPIE;FR0012757854;2SPIE;"Trading After Hours";EUR;-;-;-;-;-;CET;-;-;43.46;25/09/2026
SPINEGUARD;FR0011464452;ALSGD;"Euronext Growth Paris";EUR;0.0938;0.0938;0.0895;0.09;"25/09/2026 17:35";CET;307632;27698.9598;0.09;25/09/2026
SPINEWAY;FR001400N2P2;ALSPW;"Euronext Growth Paris";EUR;0.11;0.1164;0.1084;0.1084;"25/09/2026 17:35";CET;139817;15391.7632;0.1084;25/09/2026
SPORTING;PTSCP0AM0001;SCP;"Euronext Lisbon";EUR;0.975;0.975;0.975;0.975;"25/09/2026 21:23";BST;1;0.975;0.975;25/09/2026
"SPOTIFY TECHNOLOGY";LU1778762911;2SPOT;"Trading After Hours";EUR;472.50;483.50;472.50;483.50;"03/09/2026 19:07";CET;46;22131.00;449.50;25/09/2026
"SPOTIFY TECHNOLOGY";LU1778762911;1SPOT;"Euronext Global Equity Market";EUR;447.00;447.00;447.00;447.00;"24/09/2026 17:01";CET;4;1788.00;449.50;25/09/2026
"SPOTIFY TECHNOLOGY";LU1778762911;4SPOT;EuroTLX;EUR;452.00;452.00;452.00;452.00;"20/08/2026 09:00";CET;3;1356.00;450.00;25/09/2026
"SPROUTS FARMERS MA";US85208M1027;1SFM;"Euronext Global Equity Market";EUR;56.57;56.57;56.57;56.57;"25/09/2026 15:31";CET;29;1640.53;56.60;25/09/2026
"SPS COMMERCE INC";US78463M1071;1SPSC;"Euronext Global Equity Market";EUR;70.82;70.82;70.82;70.82;"23/09/2026 15:30";CET;12;849.84;72.02;25/09/2026
"SSAB AB";SE0000120669;1SSAB;"Euronext Global Equity Market";EUR;9.142;9.142;9.142;9.142;"27/08/2026 09:22";CET;50;457.10;9.078;25/09/2026
"ST DUPONT";FR0000054199;DPT;"Euronext Paris";EUR;0.082;0.0878;0.082;0.0874;"25/09/2026 17:06";CET;10017;855.3454;0.0874;25/09/2026
"ST GOBAIN IMB";BE0003279784;-;"Euronext Expert Market";EUR;-;-;-;-;-;CET;-;-;120.00;25/09/2026
"STAINLESS TANKERS";NO0012780958;STST;"Euronext Growth Oslo";NOK;40.90;40.90;40.00;40.50;"25/09/2026 16:14";CET;1914;76935.50;40.50;25/09/2026
"Stanley B&D";US8545021011;1SWK;"Euronext Global Equity Market";EUR;77.34;77.34;77.34;77.34;"10/09/2026 15:30";CET;19;1469.46;79.50;25/09/2026
"STARBUCKS CORP";US8552441094;1SBUX;"Euronext Global Equity Market";EUR;82.24;82.24;82.24;82.24;"25/09/2026 13:58";CET;3;246.72;82.48;25/09/2026
"STARBUCKS CORP";US8552441094;4SBUX;EuroTLX;EUR;95.33;95.33;95.33;95.33;"17/07/2026 16:31";CET;11;1048.63;82.49;25/09/2026
"STARBUCKS CORP";US8552441094;2SBUX;"Trading After Hours";EUR;86.37;86.37;86.36;86.36;"09/09/2026 19:12";CET;186;16063.82;82.48;25/09/2026
"State Street Corp";US8574771031;1STT;"Euronext Global Equity Market";EUR;156.25;157.60;156.25;157.60;"23/09/2026 15:31";CET;42;6593.55;158.25;25/09/2026
"STEEL DYNAMICS";US8581191009;1STLD;"Euronext Global Equity Market";EUR;202.60;202.60;202.60;202.60;"14/09/2026 12:01";CET;40;8104.00;205.50;25/09/2026
"STEEL DYNAMICS";US8581191009;2STLD;"Trading After Hours";EUR;150.66;150.66;150.66;150.66;"13/03/2026 19:23";CET;24;3615.84;205.50;25/09/2026
"STEEL DYNAMICS";US8581191009;4STLD;EuroTLX;EUR;108.80;108.80;108.80;108.80;"04/09/2025 15:42";CET;1;108.80;205.50;25/09/2026
STEF;FR0000064271;STF;"Euronext Paris";EUR;124.00;128.40;124.00;126.40;"25/09/2026 17:35";CET;2178;275293.20;126.40;25/09/2026
STEICO;DE000A0LR936;2ST;"Trading After Hours";EUR;20.80;20.80;20.80;20.80;"26/03/2026 20:07";CET;1;20.80;18.40;25/09/2026
STEICO;DE000A0LR936;1ST;"Euronext Global Equity Market";EUR;18.76;19.10;18.76;19.10;"10/09/2026 10:53";CET;1169;22108.60;18.40;25/09/2026
STEICO;DE000A0LR936;4ST;EuroTLX;EUR;28.00;28.00;28.00;28.00;"24/07/2024 10:19";CET;300;8400.00;18.46;25/09/2026
STELLANTIS;NL00150001Q9;2STLAM;"Trading After Hours";EUR;4.09;4.09;4.0205;4.059;"25/09/2026 20:29";CET;552614;2241559.3455;4.0565;25/09/2026
STELLANTIS;NL00150001Q9;STLAM;"Euronext Milan";EUR;3.96;4.0345;3.9235;4.0325;"25/09/2026 17:36";CET;41519066;165281532.8115;4.0325;25/09/2026
"STELLANTIS NV";NL00150001Q9;STLAP;"Euronext Paris";EUR;3.961;4.0335;3.927;4.0265;"25/09/2026 17:35";CET;4427092;17625756.8715;4.0265;25/09/2026
"STERLING INFRASTRU";US8592411016;1STRL;"Euronext Global Equity Market";EUR;459.20;459.20;455.70;455.70;"25/09/2026 14:51";CET;14;6411.30;447.00;25/09/2026
STIF;FR001400MDW2;ALSTI;"Euronext Growth Paris";EUR;45.50;46.20;45.10;46.20;"25/09/2026 17:35";CET;6304;287534.20;46.20;25/09/2026
STMICROELECTRONICS;NL0000226223;STMMI;"Euronext Milan";EUR;46.20;46.48;45.01;45.125;"25/09/2026 17:38";CET;2775160;126485129.8625;45.125;25/09/2026
STMICROELECTRONICS;NL0000226223;2STMMI;"Trading After Hours";EUR;45.31;45.70;45.175;45.55;"25/09/2026 20:29";CET;76505;3478903.09;45.475;25/09/2026
STMICROELECTRONICS;NL0000226223;STMPA;"Euronext Paris";EUR;46.16;46.48;45.01;45.105;"25/09/2026 17:38";CET;1641698;74564609.40;45.105;25/09/2026
STOLT-NIELSEN;BMG850801025;SNI;"Oslo Børs";NOK;363.00;363.00;353.50;358.00;"25/09/2026 16:25";CET;29288;10465124.50;358.00;25/09/2026
"STONECO LTD-A";KYG851581069;1STNE;"Euronext Global Equity Market";EUR;8.074;8.074;8.074;8.074;"25/09/2026 17:20";CET;50;403.70;8.068;25/09/2026
"Stora Enso Oyj";FI0009005961;1STER;"Euronext Global Equity Market";EUR;9.80;9.80;9.80;9.80;"27/08/2026 12:51";CET;97;950.60;10.02;25/09/2026
STOREBRAND;NO0003053605;STB;"Oslo Børs";NOK;193.50;196.00;193.50;194.30;"25/09/2026 16:29";CET;460227;89612470.35;194.30;25/09/2026
"STRADIM ESPAC.FIN";FR0000074775;ALSAS;"Euronext Growth Paris";EUR;4.22;4.22;4.22;4.22;"25/09/2026 16:30";CET;1;4.22;4.22;25/09/2026
Strategy;US5949724083;2MSTR;"Trading After Hours";EUR;139.10;139.76;139.00;139.00;"25/09/2026 19:30";CET;359;49971.68;139.20;25/09/2026
Strategy;US5949724083;1MSTR;"Euronext Global Equity Market";EUR;141.76;144.68;138.70;138.88;"25/09/2026 17:35";CET;18485;2623498.74;138.88;25/09/2026
Strategy;US5949724083;4MSTR;EuroTLX;EUR;140.42;147.90;133.42;147.90;"23/09/2026 09:56";CET;10;1420.60;139.00;25/09/2026
STRAUMANN;CH1175448666;1STMN;"Euronext Global Equity Market";EUR;104.00;104.00;104.00;104.00;"24/09/2026 09:42";CET;480;49920.00;103.00;25/09/2026
STREAMWIDE;FR0010528059;ALSTW;"Euronext Growth Paris";EUR;76.60;76.60;73.20;74.20;"25/09/2026 14:31";CET;766;57199.00;74.20;25/09/2026
"STREAMWIDE BSAANE";FR001400Z5J4;STEBS;"Euronext Growth Paris";EUR;-;-;-;-;-;CET;-;-;19.20;25/09/2026
"STREIT MECANIQUE";FR0000063976;MLSTR;"Euronext Access Paris";EUR;6.05;6.05;6.05;6.05;"25/09/2026 13:44";CET;108;653.40;6.05;25/09/2026
"Stroeer SE & Co";DE0007493991;1SAX;"Euronext Global Equity Market";EUR;36.66;36.66;36.66;36.66;"04/05/2026 12:11";CET;80;2932.80;37.22;25/09/2026
STRONGPOINT;NO0010098247;STRO;"Oslo Børs";NOK;10.10;10.10;9.92;10.05;"25/09/2026 16:25";CET;12935;129383.64;10.05;25/09/2026
STRYKER;US8636671013;1SYK;"Euronext Global Equity Market";EUR;242.00;242.00;241.50;241.50;"25/09/2026 17:35";CET;11;2661.50;241.50;25/09/2026
STRYKER;US8636671013;4SYK;EuroTLX;EUR;272.70;272.70;272.70;272.70;"24/06/2026 15:17";CET;25;6817.50;241.10;25/09/2026
STRYKER;US8636671013;2SYK;"Trading After Hours";EUR;257.00;257.00;257.00;257.00;"16/09/2026 18:39";CET;4;1028.00;241.50;25/09/2026
"STUDENT PROPERTY";ES0105851002;MLSPI;"Euronext Access Paris";EUR;3622.00;3622.00;3622.00;3622.00;"21/01/2025 00:00";CET;-;-;3620.00;25/09/2026
"SUBSEA 7";LU0075646355;SUBC;"Oslo Børs";NOK;320.00;324.80;317.80;324.80;"25/09/2026 16:25";CET;149281;48296262.00;324.80;25/09/2026
"Super Micro C";US86800U3023;4SMCI;EuroTLX;EUR;35.66;35.66;35.66;35.66;"24/09/2026 13:17";CET;38;1355.08;37.64;25/09/2026
"Super Micro C";US86800U3023;1SMCI;"Euronext Global Equity Market";EUR;36.88;38.00;36.74;37.80;"25/09/2026 17:35";CET;68411;2544214.32;37.80;25/09/2026
"Super Micro C";US86800U3023;2SMCI;"Trading After Hours";EUR;38.10;38.20;37.94;38.20;"25/09/2026 20:20";CET;865;32979.58;38.12;25/09/2026
SURONGO;BE0003527356;-;"Euronext Expert Market";EUR;204.00;204.00;204.00;204.00;"15/07/2025 11:30";CET;1;204.00;204.00;25/09/2026
"SVAS BIOSANA";IT0005469264;SVS;"Euronext Growth Milan";EUR;7.90;8.04;7.90;8.04;"23/09/2026 14:36";CET;300;2371.68;8.04;25/09/2026
"Svenska Cellulosa";SE0000112724;1SCAB;"Euronext Global Equity Market";EUR;12.04;12.04;12.04;12.04;"19/05/2025 09:57";CET;27;325.08;11.05;25/09/2026
"Svenska Hand";SE0007100599;1SHBA;"Euronext Global Equity Market";EUR;12.925;12.925;12.925;12.925;"15/06/2026 09:00";CET;76;982.30;13.605;25/09/2026
"SWATCH GROUP";CH0012255151;1UHR;"Euronext Global Equity Market";EUR;193.60;193.60;193.15;193.15;"25/09/2026 10:23";CET;152;29363.30;192.95;25/09/2026
"Sweco AB";SE0014960373;1SWEC;"Euronext Global Equity Market";EUR;12.00;12.00;12.00;12.00;"11/05/2026 16:23";CET;200;2400.00;11.22;25/09/2026
"Swedbank AB";SE0000242455;1SWED;"Euronext Global Equity Market";EUR;38.45;38.45;38.45;38.45;"22/09/2026 09:41";CET;100;3845.00;36.19;25/09/2026
"Swedish Orphan";SE0000872095;1SOBI;"Euronext Global Equity Market";EUR;42.24;42.24;42.24;42.24;"17/07/2026 14:30";CET;500;21120.00;38.80;25/09/2026
"SWI CAPITAL";SGXPZ11CH7U7;SWICH;"Euronext Amsterdam";EUR;12.50;12.50;12.30;12.35;"25/09/2026 17:35";CET;1638;20429.20;12.35;25/09/2026
"Swiss Life Holding";CH0014852781;1SLHN;"Euronext Global Equity Market";EUR;970.00;970.00;965.00;965.00;"14/09/2026 16:55";CET;4;3870.00;967.80;25/09/2026
"SWISS PRIME SITE";CH0008038389;1SPSN;"Euronext Global Equity Market";EUR;133.00;134.00;133.00;134.00;"22/09/2026 16:44";CET;308;41137.00;132.00;25/09/2026
"Swiss Re";CH0126881561;1SREN;"Euronext Global Equity Market";EUR;147.40;147.65;147.40;147.65;"15/09/2026 13:05";CET;660;97408.95;148.90;25/09/2026
Swisscom;CH0008742519;1SCMN;"Euronext Global Equity Market";EUR;700.00;700.00;700.00;700.00;"25/09/2026 12:35";CET;5;3500.00;690.00;25/09/2026
"SWORD GROUP";FR0004180578;SWP;"Euronext Paris";EUR;29.60;30.00;29.25;29.25;"25/09/2026 17:35";CET;6670;196786.30;29.25;25/09/2026
SYENSQO;BE0974464977;SYENS;"Euronext Brussels";EUR;78.90;79.20;77.80;78.20;"25/09/2026 17:35";CET;86998;6814876.375;78.20;25/09/2026
SYMRISE;DE000SYM9999;1SYM;"Euronext Global Equity Market";EUR;90.00;90.00;90.00;90.00;"10/09/2026 10:53";CET;5;450.00;92.92;25/09/2026
SYMRISE;DE000SYM9999;2SYM;"Trading After Hours";EUR;91.96;91.96;91.96;91.96;"09/09/2026 18:13";CET;5;459.80;92.92;25/09/2026
"SYNAPTICS INC";US87157D1090;1SYNA;"Euronext Global Equity Market";EUR;82.50;84.00;82.50;84.00;"15/09/2026 15:25";CET;33;2748.00;89.00;25/09/2026
"Synchrony Fin";US87165B1035;1SYF;"Euronext Global Equity Market";EUR;63.10;63.10;63.10;63.10;"22/07/2026 15:22";CET;51;3218.10;63.00;25/09/2026
SYNERGIE;FR0000032658;SDG;"Euronext Paris";EUR;26.00;26.70;25.90;26.60;"25/09/2026 16:38";CET;25974;677207.60;26.60;25/09/2026
"Synopsys Inc";US8716071076;1SNPS;"Euronext Global Equity Market";EUR;375.00;383.00;373.00;378.00;"25/09/2026 16:49";CET;208;78497.00;376.50;25/09/2026
SYS-DAT;IT0005595423;SYS;"Euronext Milan";EUR;8.44;8.66;8.38;8.58;"25/09/2026 17:35";CET;33196;282162.04;8.58;25/09/2026
"Sysco Corp";US8718291078;1SYY;"Euronext Global Equity Market";EUR;69.04;70.56;69.04;70.56;"09/09/2026 15:52";CET;1673;117517.88;68.22;25/09/2026
"T ROWE PRICE GROUP";US74144T1088;1TROW;"Euronext Global Equity Market";EUR;94.90;94.90;94.90;94.90;"24/08/2026 13:21";CET;3;284.70;91.62;25/09/2026
"T ROWE PRICE GROUP";US74144T1088;2TROW;"Trading After Hours";EUR;75.38;75.38;75.38;75.38;"19/03/2026 18:00";CET;50;3769.00;91.62;25/09/2026
"T ROWE PRICE GROUP";US74144T1088;4TROW;EuroTLX;EUR;95.32;95.32;95.32;95.32;"19/08/2026 16:16";CET;21;2001.72;91.61;25/09/2026
"T-MOBILE US";US8725901040;2TMUS;"Trading After Hours";EUR;153.36;153.36;153.36;153.36;"04/06/2026 18:19";CET;10;1533.60;145.48;25/09/2026
"T-MOBILE US";US8725901040;1TMUS;"Euronext Global Equity Market";EUR;156.38;156.38;156.38;156.38;"01/09/2026 15:31";CET;20;3127.60;145.48;25/09/2026
"T-MOBILE US";US8725901040;4TMUS;EuroTLX;EUR;160.48;160.48;160.48;160.48;"30/07/2026 10:30";CET;2;320.96;145.46;25/09/2026
"TAG Immobilien";DE0008303504;1TEG;"Euronext Global Equity Market";EUR;13.10;13.10;13.10;13.10;"16/07/2026 15:52";CET;100;1310.00;11.16;25/09/2026
"Take-Two Inter";US8740541094;1TTWO;"Euronext Global Equity Market";EUR;178.90;179.50;176.30;177.70;"25/09/2026 16:57";CET;345;61600.80;177.90;25/09/2026
"Talanx AG";DE000TLX1005;1TLX;"Euronext Global Equity Market";EUR;116.90;116.90;116.90;116.90;"22/09/2026 15:11";CET;10;1169.00;120.70;25/09/2026
TALEA;IT0005378333;TALEA;"Euronext Growth Milan";EUR;4.98;4.98;4.68;4.80;"05/08/2025 16:25";CET;1116;5331.53;4.80;25/09/2026
"TALEN ENERGY CORP";US87422Q1094;1TLN;"Euronext Global Equity Market";EUR;282.00;282.00;282.00;282.00;"08/09/2026 10:03";CET;10;2820.00;266.00;25/09/2026
TAMBURI;IT0003153621;TIP;"Euronext Milan";EUR;8.68;8.74;8.65;8.67;"25/09/2026 17:35";CET;117335;1018726.81;8.67;25/09/2026
"Tapestry Inc";US8760301072;1TPR;"Euronext Global Equity Market";EUR;101.00;101.00;101.00;101.00;"18/09/2026 15:48";CET;2;202.00;99.10;25/09/2026
"Targa Resources";US87612G1013;1TRGP;"Euronext Global Equity Market";EUR;247.00;247.00;247.00;247.00;"20/07/2026 09:00";CET;5;1235.00;244.10;25/09/2026
TARGET;US87612E1064;2TGT;"Trading After Hours";EUR;122.00;122.00;122.00;122.00;"22/07/2026 19:25";CET;24;2928.00;137.80;25/09/2026
TARGET;US87612E1064;1TGT;"Euronext Global Equity Market";EUR;138.20;138.20;138.20;138.20;"24/09/2026 17:28";CET;8;1105.60;137.80;25/09/2026
TARGET;US87612E1064;4TGT;EuroTLX;EUR;139.20;139.20;139.20;139.20;"24/09/2026 12:10";CET;2;278.40;137.60;25/09/2026
TBSO;FR0000063307;TBSO;"Euronext Paris";EUR;2.32;2.34;2.28;2.30;"25/09/2026 16:58";CET;704;1634.74;2.30;25/09/2026
"TD BSA 2025-2";FR0014012OE2;TDBS2;"Euronext Growth Paris";EUR;0.006;0.01;0.006;0.01;"18/09/2026 09:40";CET;19285;185.71;0.01;25/09/2026
"TD BSA 2025-3";FR0014012ZX8;TDBS3;"Euronext Growth Paris";EUR;0.0005;0.0005;0.0005;0.0005;"25/09/2026 09:44";CET;200000;100.00;0.0005;25/09/2026
TEAMVIEWER;DE000A2YN900;4TMV;EuroTLX;EUR;13.985;14.035;13.985;14.035;"23/02/2024 09:10";CET;6000;84060.00;6.12;25/09/2026
TEAMVIEWER;DE000A2YN900;1TMV;"Euronext Global Equity Market";EUR;6.31;6.31;6.31;6.31;"21/09/2026 09:34";CET;100;631.00;6.155;25/09/2026
TEAMVIEWER;DE000A2YN900;2TMV;"Trading After Hours";EUR;6.19;6.19;6.065;6.065;"18/09/2026 18:00";CET;1750;10713.76;6.155;25/09/2026
"TECAN GROUP";CH0012100191;1TECN;"Euronext Global Equity Market";EUR;242.60;242.60;236.40;236.40;"25/09/2026 17:15";CET;240;57461.40;236.20;25/09/2026
"TECHNIP ENERGIES";NL0014559478;TE;"Euronext Paris";EUR;29.12;29.22;28.76;28.76;"25/09/2026 17:39";CET;660072;19009224.59;28.76;25/09/2026
"TECHNIP ENERGIES";NL0014559478;2TE;"Trading After Hours";EUR;-;-;-;-;-;CET;-;-;28.76;25/09/2026
TECHNOGYM;IT0005162406;TGYM;"Euronext Milan";EUR;13.34;13.37;13.16;13.26;"25/09/2026 17:40";CET;518253;6882516.27;13.26;25/09/2026
TECHNOPROBE;IT0005482333;TPRO;"Euronext Milan";EUR;30.20;30.88;29.80;30.14;"25/09/2026 17:35";CET;753783;22858106.64;30.14;25/09/2026
TECHSTEP;NO0012916131;TECH;"Oslo Børs";NOK;3.00;5.10;2.72;5.00;"25/09/2026 16:29";CET;5172914;23087153.23;5.00;25/09/2026
"TECMA SOLUTIONS";IT0005425050;TCM;"Euronext Growth Milan";EUR;1.13;1.13;1.13;1.13;"25/09/2026 17:11";CET;6000;6780.00;1.13;25/09/2026
TECNO;IT0005658841;TCG;"Euronext Growth Milan";EUR;5.05;5.25;5.05;5.20;"25/09/2026 17:04";CET;8000;41500.00;5.20;25/09/2026
"TEIXEIRA DUARTE";PTTD10AM0000;TDSA;"Euronext Lisbon";EUR;0.493;0.507;0.486;0.486;"25/09/2026 21:35";BST;12528171;6215281.4275;0.486;25/09/2026
"TEKNA HOLDING";NO0010951577;TEKNA;"Oslo Børs";NOK;6.00;6.16;5.94;6.00;"25/09/2026 16:26";CET;30952;185795.22;6.00;25/09/2026
"Tele2 AB";SE0005190238;1TEL;"Euronext Global Equity Market";EUR;15.62;15.62;15.62;15.62;"22/09/2026 17:04";CET;80;1249.60;14.825;25/09/2026
"TELECOM ITALIA";IT0005712671;TIT;"Euronext Milan";EUR;7.52;7.533;7.153;7.241;"25/09/2026 17:38";CET;8379207;61592441.5645;7.241;25/09/2026
"TELECOM ITALIA";IT0005712671;2TIT;"Trading After Hours";EUR;7.216;7.304;7.156;7.23;"25/09/2026 20:28";CET;32011;231408.432;7.229;25/09/2026
"Teledyne Tech";US8793601050;1TDY;"Euronext Global Equity Market";EUR;556.00;556.00;556.00;556.00;"20/08/2026 09:00";CET;4;2224.00;539.00;25/09/2026
"Teleflex Inc";US8793691069;1TFX;"Euronext Global Equity Market";EUR;109.40;109.60;109.40;109.60;"07/05/2026 15:14";CET;56;6132.40;105.70;25/09/2026
TELEFONICA;ES0178430E18;1TEF;"Euronext Global Equity Market";EUR;3.378;3.426;3.378;3.426;"25/09/2026 16:48";CET;8507;28989.375;3.444;25/09/2026
TELEFONICA;ES0178430E18;4TEF;EuroTLX;EUR;3.38;3.38;3.38;3.38;"23/09/2026 16:44";CET;1234;4170.92;3.445;25/09/2026
TELEFONICA;ES0178430E18;2TEF;"Trading After Hours";EUR;3.808;3.808;3.808;3.808;"18/06/2026 18:00";CET;50;190.40;3.444;25/09/2026
"Telekom Austria";AT0000720008;1TEA;"Euronext Global Equity Market";EUR;9.92;9.99;9.92;9.99;"01/09/2026 17:35";CET;180;1787.70;9.41;25/09/2026
TELENOR;NO0010063308;TEL;"Oslo Børs";NOK;128.50;129.60;128.30;128.50;"25/09/2026 16:29";CET;1730073;222623627.10;128.50;25/09/2026
TELEPERFORMANCE;FR0000051807;TEP;"Euronext Paris";EUR;71.52;73.52;71.30;72.36;"25/09/2026 17:37";CET;193936;14037917.34;72.36;25/09/2026
TELEPERFORMANCE;FR0000051807;4TEP;EuroTLX;EUR;71.38;71.38;71.38;71.38;"14/09/2026 15:39";CET;150;10707.00;72.64;25/09/2026
TELEPERFORMANCE;FR0000051807;2TEP;"Trading After Hours";EUR;-;-;-;-;-;CET;-;-;72.36;25/09/2026
TELESIA;IT0005240046;TLS;"Euronext Growth Milan";EUR;3.50;3.54;3.40;3.54;"25/09/2026 15:33";CET;1350;4662.00;3.54;25/09/2026
TELEVERBIER;CH0008175645;TVRB;"Euronext Paris";EUR;65.50;65.50;65.00;65.00;"23/09/2026 16:30";CET;250;16350.00;65.00;25/09/2026
TELEVISTA;FR0011076595;MLVST;"Euronext Access Paris";EUR;1.58;1.58;1.58;1.58;"09/09/2026 16:30";CET;1213;1916.54;1.58;25/09/2026
"Telia Co AB";SE0000667925;1TELI;"Euronext Global Equity Market";EUR;4.061;4.061;4.061;4.061;"02/03/2026 14:15";CET;1247;5064.07;4.019;25/09/2026
TELMES;IT0005683401;TLM;"Euronext Growth Milan";EUR;1.55;1.63;1.50;1.63;"25/09/2026 17:24";CET;21000;32720.00;1.63;25/09/2026
TEMENOS;CH0012453913;1TEMN;"Euronext Global Equity Market";EUR;72.10;72.10;72.10;72.10;"24/09/2026 09:00";CET;14;1009.40;70.75;25/09/2026
"TEMPUS AI INC";US88023B1035;1TEM;"Euronext Global Equity Market";EUR;72.86;72.86;70.64;72.28;"25/09/2026 16:26";CET;1492;106929.75;72.94;25/09/2026
TENARIS;LU2598331598;2TEN;"Trading After Hours";EUR;24.38;24.42;24.29;24.32;"25/09/2026 20:26";CET;6375;155018.34;24.32;25/09/2026
TENARIS;LU2598331598;TEN;"Euronext Milan";EUR;24.69;24.72;24.27;24.42;"25/09/2026 17:35";CET;1065366;26023084.095;24.42;25/09/2026
"TENAX INTERNAT";IT0005428898;TNX;"Euronext Growth Milan";EUR;0.745;0.745;0.74;0.74;"25/09/2026 13:19";CET;19600;14539.00;0.74;25/09/2026
"TENET HEALTHCARE C";US88033G4073;1THC;"Euronext Global Equity Market";EUR;222.00;222.00;222.00;222.00;"28/07/2026 16:19";CET;62;13764.00;224.00;25/09/2026
"Teradyne Inc";US8807701029;1TER;"Euronext Global Equity Market";EUR;347.15;350.00;342.50;342.50;"25/09/2026 16:35";CET;92;31976.35;344.40;25/09/2026
"Terawulf Inc";US88080T1043;1WULF;"Euronext Global Equity Market";EUR;14.668;14.726;13.742;13.742;"25/09/2026 17:17";CET;1912;27242.298;13.694;25/09/2026
TERNA;IT0003242622;TRN;"Euronext Milan";EUR;9.19;9.276;9.158;9.174;"25/09/2026 17:35";CET;2480098;22827169.876;9.174;25/09/2026
TERNA;IT0003242622;2TRN;"Trading After Hours";EUR;9.19;9.256;9.158;9.244;"25/09/2026 20:29";CET;1820;16797.84;9.23;25/09/2026
TESLA;US88160R1014;2TSLA;"Trading After Hours";EUR;327.90;328.25;327.60;327.65;"25/09/2026 20:26";CET;216;70861.70;328.05;25/09/2026
TESLA;US88160R1014;1TSLA;"Euronext Global Equity Market";EUR;333.70;338.90;323.00;325.35;"25/09/2026 17:35";CET;16930;5584996.85;325.35;25/09/2026
TESLA;US88160R1014;4TSLA;EuroTLX;EUR;329.70;330.00;329.00;329.00;"22/09/2026 15:32";CET;330;108597.60;325.25;25/09/2026
TESMEC;IT0004585243;TES;"Euronext Milan";EUR;0.526;0.534;0.508;0.518;"25/09/2026 17:36";CET;10700300;5613154.921;0.518;25/09/2026
TESSELLIS;IT0005496473;TSL;"Euronext Milan";EUR;0.0848;0.0852;0.0817;0.082;"25/09/2026 17:35";CET;3830201;318501.2368;0.082;25/09/2026
TESSENDERLO;BE0003555639;TESB;"Euronext Brussels";EUR;20.40;20.50;20.20;20.30;"25/09/2026 17:35";CET;19383;394579.525;20.30;25/09/2026
"TETRA TECH INC";US88162G1031;1TTEK;"Euronext Global Equity Market";EUR;31.00;31.63;31.00;31.63;"24/09/2026 15:30";CET;1391;43464.01;29.53;25/09/2026
"TETRAGON FIN GRP";GG00B1RMC548;TFG;"Euronext Amsterdam";USD;14.25;14.35;14.20;14.35;"25/09/2026 17:35";CET;2654;37897.95;14.35;25/09/2026
TEXAF;BE0974263924;TEXF;"Euronext Brussels";EUR;37.00;37.60;37.00;37.60;"25/09/2026 15:23";CET;70;2615.20;37.60;25/09/2026
"TEXAS INSTRUMENTS";US8825081040;1TXN;"Euronext Global Equity Market";EUR;238.15;238.15;238.15;238.15;"24/09/2026 14:49";CET;3;714.45;242.00;25/09/2026
"TEXAS INSTRUMENTS";US8825081040;2TXN;"Trading After Hours";EUR;235.35;235.35;235.35;235.35;"24/09/2026 18:00";CET;18;4236.30;242.00;25/09/2026
"TEXAS INSTRUMENTS";US8825081040;4TXN;EuroTLX;EUR;254.40;254.40;253.45;253.45;"22/07/2026 10:18";CET;4;1015.70;241.95;25/09/2026
"TEXAS ROADHOUSE IN";US8826811098;1TXRH;"Euronext Global Equity Market";EUR;147.20;147.20;147.20;147.20;"16/09/2026 10:01";CET;70;10304.00;139.25;25/09/2026
"Textron Inc";US8832031012;1TXT;"Euronext Global Equity Market";EUR;70.42;70.42;70.08;70.08;"26/08/2026 15:23";CET;7;490.90;67.18;25/09/2026
TF1;FR0000054900;TFI;"Euronext Paris";EUR;6.44;6.44;6.375;6.42;"25/09/2026 17:35";CET;188335;1207850.76;6.42;25/09/2026
TF1;FR0000054900;2TFI;"Trading After Hours";EUR;-;-;-;-;-;CET;-;-;6.42;25/09/2026
"TFF GROUP";FR0013295789;TFF;"Euronext Paris";EUR;13.72;13.96;13.72;13.80;"25/09/2026 17:35";CET;2297;31668.46;13.80;25/09/2026
"TG THERAPEUTICS IN";US88322Q1085;1TGTX;"Euronext Global Equity Market";EUR;51.80;51.80;50.60;50.60;"23/09/2026 15:30";CET;81;4123.80;50.20;25/09/2026
TGS;NO0003078800;TGS;"Oslo Børs";NOK;148.30;148.50;143.30;143.60;"25/09/2026 16:26";CET;335516;48485807.50;143.60;25/09/2026
THALES;FR0000121329;2HO;"Trading After Hours";EUR;241.20;241.20;241.20;241.20;"24/03/2025 18:00";CET;9;2170.80;229.40;25/09/2026
THALES;FR0000121329;HO;"Euronext Paris";EUR;231.50;233.50;228.20;229.40;"25/09/2026 17:35";CET;182001;41801451.10;229.40;25/09/2026
THALES;FR0000121329;4HO;EuroTLX;EUR;228.80;228.80;228.80;228.80;"25/09/2026 16:31";CET;22;5033.60;229.90;25/09/2026
"THE AZUR SELECTION";GRS528003007;MLAZR;"Euronext Access Paris";EUR;0.27;0.27;0.27;0.27;"25/09/2026 16:45";CET;21431;5786.37;0.27;25/09/2026
"THE BANK OF NY MEL";US0640581007;1BK;"Euronext Global Equity Market";EUR;133.00;133.00;133.00;133.00;"16/09/2026 16:23";CET;8;1064.00;131.00;25/09/2026
"THE BANK OF NY MEL";US0640581007;2BK;"Trading After Hours";EUR;141.00;141.00;141.00;141.00;"03/09/2026 19:19";CET;18;2538.00;131.00;25/09/2026
"THE BANK OF NY MEL";US0640581007;4BK;EuroTLX;EUR;142.00;142.00;142.00;142.00;"23/07/2026 12:08";CET;50;7100.00;131.00;25/09/2026
"The Campbell's C";US1344291091;1CPB;"Euronext Global Equity Market";EUR;18.238;18.238;18.238;18.238;"04/09/2026 15:33";CET;43;784.23;17.20;25/09/2026
"THE CLOROX COMPANY";US1890541097;1CLX;"Euronext Global Equity Market";EUR;75.66;75.66;75.28;75.28;"23/09/2026 15:57";CET;2;150.94;72.06;25/09/2026
"THE CLOROX COMPANY";US1890541097;4CLX;EuroTLX;EUR;78.16;78.16;78.16;78.16;"10/09/2026 12:52";CET;10;781.60;72.04;25/09/2026
"THE CLOROX COMPANY";US1890541097;2CLX;"Trading After Hours";EUR;73.98;73.98;73.98;73.98;"17/09/2026 18:44";CET;2;147.96;72.06;25/09/2026
"THE COCA-COLA COMP";US1912161007;4KO;EuroTLX;EUR;75.77;75.77;75.77;75.77;"21/09/2026 17:10";CET;10;757.70;77.08;25/09/2026
"THE COCA-COLA COMP";US1912161007;2KO;"Trading After Hours";EUR;75.78;75.78;75.78;75.78;"24/09/2026 18:00";CET;50;3789.00;77.20;25/09/2026
"THE COCA-COLA COMP";US1912161007;1KO;"Euronext Global Equity Market";EUR;77.21;77.86;76.75;77.20;"25/09/2026 17:35";CET;391;30176.76;77.20;25/09/2026
"THE ITALIAN SEA G";IT0005439085;TISG;"Euronext Milan";EUR;1.192;1.226;1.172;1.178;"25/09/2026 17:35";CET;163506;195034.326;1.178;25/09/2026
"THE KINGFISH COMP";NL00150001S5;KING;"Euronext Growth Oslo";NOK;0.63;0.645;0.605;0.61;"25/09/2026 16:26";CET;185327;113475.295;0.61;25/09/2026
"THE KRAFT HEINZ";US5007541064;2KHC;"Trading After Hours";EUR;23.525;23.525;23.525;23.525;"28/07/2026 18:41";CET;56;1317.40;20.715;25/09/2026
"THE KRAFT HEINZ";US5007541064;4KHC;EuroTLX;EUR;20.66;20.66;20.66;20.66;"23/09/2026 16:43";CET;100;2066.00;20.71;25/09/2026
"THE KRAFT HEINZ";US5007541064;1KHC;"Euronext Global Equity Market";EUR;20.955;20.955;20.78;20.78;"25/09/2026 16:54";CET;269;5632.22;20.715;25/09/2026
"THE NAVIGATOR COMP";PTPTI0AM0006;NVG;"Euronext Lisbon";EUR;3.26;3.276;3.25;3.254;"25/09/2026 21:35";BST;520890;1697630.248;3.254;25/09/2026
"THE SOUTHERN COMP";US8425871071;1SO;"Euronext Global Equity Market";EUR;74.66;74.66;74.18;74.18;"24/09/2026 17:09";CET;104;7721.44;72.18;25/09/2026
"THE SOUTHERN COMP";US8425871071;4SO;EuroTLX;EUR;75.36;75.36;75.36;75.36;"22/09/2026 15:54";CET;34;2562.24;72.08;25/09/2026
"THE SOUTHERN COMP";US8425871071;2SO;"Trading After Hours";EUR;76.10;76.10;76.10;76.10;"02/09/2026 18:33";CET;14;1065.40;72.18;25/09/2026
"THE TRAVELERS COMP";US89417E1091;1TRV;"Euronext Global Equity Market";EUR;331.10;331.10;331.10;331.10;"10/08/2026 17:06";CET;5;1655.50;316.60;25/09/2026
"THE TRAVELERS COMP";US89417E1091;4TRV;EuroTLX;EUR;327.00;327.00;327.00;327.00;"20/07/2026 10:25";CET;1;327.00;316.50;25/09/2026
"THE TRAVELERS COMP";US89417E1091;2TRVC;"Trading After Hours";EUR;251.10;251.10;251.10;251.10;"29/05/2026 18:05";CET;2;502.20;316.60;25/09/2026
"THE WALT DISNEY";US2546871060;2DIS;"Trading After Hours";EUR;92.00;92.00;92.00;92.00;"24/09/2026 18:00";CET;35;3220.00;91.70;25/09/2026
"THE WALT DISNEY";US2546871060;4DIS;EuroTLX;EUR;93.69;93.69;93.69;93.69;"25/08/2026 13:58";CET;9;843.21;91.71;25/09/2026
"THE WALT DISNEY";US2546871060;1DIS;"Euronext Global Equity Market";EUR;92.60;92.60;92.60;92.60;"25/09/2026 10:26";CET;10;926.00;91.70;25/09/2026
"THEON INTERNAT";CY0200751713;THEON;"Euronext Amsterdam";EUR;30.98;30.98;30.30;30.30;"25/09/2026 17:35";CET;115557;3529649.27;30.30;25/09/2026
THERACLION;FR0010120402;ALTHE;"Euronext Growth Paris";EUR;0.678;0.76;0.666;0.75;"25/09/2026 17:35";CET;241869;177194.619;0.75;25/09/2026
"THERACLION BSA";FR00140180O2;THEBS;"Euronext Growth Paris";EUR;0.108;0.108;0.108;0.108;"25/09/2026 15:14";CET;11002;1188.216;0.108;25/09/2026
"THERMADOR GROUPE";FR0013333432;THEP;"Euronext Paris";EUR;71.00;71.70;70.00;70.00;"25/09/2026 17:35";CET;4664;328701.80;70.00;25/09/2026
"THERMO FISHER SC";US8835561023;1TMO;"Euronext Global Equity Market";EUR;578.20;578.20;564.80;564.80;"18/09/2026 17:10";CET;59;33792.40;590.20;25/09/2026
"THERMO FISHER SC";US8835561023;4TMO;EuroTLX;EUR;590.00;590.00;590.00;590.00;"24/09/2026 12:12";CET;1;590.00;590.40;25/09/2026
"THERMO FISHER SC";US8835561023;2TMO;"Trading After Hours";EUR;586.60;586.60;586.60;586.60;"17/09/2026 18:20";CET;2;1173.20;590.20;25/09/2026
"THOR MEDICAL";NO0010597883;TRMED;"Oslo Børs";NOK;4.595;4.63;4.55;4.55;"25/09/2026 16:28";CET;2734155;12511168.39;4.55;25/09/2026
"Thule Group AB";SE0006422390;1THUL;"Euronext Global Equity Market";EUR;19.36;19.36;19.36;19.36;"18/09/2026 13:29";CET;40;774.40;19.45;25/09/2026
"THX PHARMA";FR0013286259;ALTHX;"Euronext Growth Paris";EUR;3.39;3.455;3.35;3.40;"25/09/2026 17:35";CET;56189;190874.495;3.40;25/09/2026
THYSSENKRUPP;DE0007500001;2TKA;"Trading After Hours";EUR;15.78;15.78;15.78;15.78;"22/09/2026 19:30";CET;63;994.14;15.295;25/09/2026
THYSSENKRUPP;DE0007500001;4TKA;EuroTLX;EUR;15.38;15.38;15.07;15.07;"25/09/2026 15:46";CET;1180;18092.60;15.30;25/09/2026
THYSSENKRUPP;DE0007500001;1TKA;"Euronext Global Equity Market";EUR;14.865;15.405;14.865;15.30;"25/09/2026 17:29";CET;30786;467880.685;15.295;25/09/2026
"TIKEHAU CAPITAL";FR0013230612;TKO;"Euronext Paris";EUR;16.50;16.52;16.18;16.30;"25/09/2026 17:35";CET;31442;513513.09;16.30;25/09/2026
TINC;BE0974282148;TINC;"Euronext Brussels";EUR;10.98;11.06;10.96;10.98;"25/09/2026 17:35";CET;26051;286479.56;10.98;25/09/2026
"TINDE SPAREBANK";NO0010759988;TINDE;"Euronext Growth Oslo";NOK;110.00;110.00;110.00;110.00;"25/09/2026 09:46";CET;505;55550.00;110.00;25/09/2026
"TITAN S.A.";BE0974338700;TITC;"Euronext Brussels, Paris";EUR;47.90;49.28;47.90;48.70;"25/09/2026 17:35";CET;4214;205685.52;48.70;25/09/2026
"TJX COMPANIES INC";US8725401090;4TJX;EuroTLX;EUR;116.70;116.70;116.70;116.70;"15/05/2025 10:06";CET;20;2334.00;114.00;25/09/2026
"TJX COMPANIES INC";US8725401090;1TJX;"Euronext Global Equity Market";EUR;113.50;114.50;113.50;114.50;"25/09/2026 16:31";CET;75;8547.50;114.00;25/09/2026
"TJX COMPANIES INC";US8725401090;2TJX;"Trading After Hours";EUR;114.00;114.00;114.00;114.00;"02/09/2026 18:08";CET;90;10260.00;114.00;25/09/2026
"TKH GROUP";NL0000852523;TWEKA;"Euronext Amsterdam";EUR;53.70;54.00;53.55;53.70;"25/09/2026 17:35";CET;27503;1477579.85;53.70;25/09/2026
"TKH GROUP";NL0000852523;2TWEKA;"Trading After Hours";EUR;-;-;-;-;-;CET;-;-;53.70;25/09/2026
"TME PHARMA";NL0015000YE1;ALTME;"Euronext Growth Paris";EUR;0.1128;0.1128;0.104;0.105;"25/09/2026 17:35";CET;514824;55464.7504;0.105;25/09/2026
"TMP GROUP";IT0005531238;TMP;"Euronext Growth Milan";EUR;5.14;5.14;5.14;5.14;"25/09/2026 10:04";CET;200;1028.00;5.14;25/09/2026
"TOAST INC-CLASS A";US8887871080;1TOST;"Euronext Global Equity Market";EUR;27.73;27.73;27.73;27.73;"16/09/2026 10:35";CET;27;748.71;26.71;25/09/2026
"TOLL BROTHERS INC";US8894781033;1TOL;"Euronext Global Equity Market";EUR;115.00;115.00;115.00;115.00;"11/09/2026 15:40";CET;2;230.00;119.25;25/09/2026
"TOMRA SYSTEMS";NO0012470089;TOM;"Oslo Børs";NOK;91.00;92.10;90.45;91.95;"25/09/2026 16:25";CET;354400;32439035.50;91.95;25/09/2026
TOMTOM;NL0013332471;TOM2;"Euronext Amsterdam";EUR;3.802;3.834;3.792;3.83;"25/09/2026 17:35";CET;221386;846630.712;3.83;25/09/2026
"TONNER DRONES";FR001400H2X4;ALTD;"Euronext Growth Paris";EUR;0.026;0.026;0.0238;0.0248;"25/09/2026 17:35";CET;2213806;54879.2581;0.0248;25/09/2026
"TONNER DRONES BSA";FR001400RIB4;TDBS;"Euronext Growth Paris";EUR;0.0082;0.009;0.0082;0.009;"25/09/2026 17:06";CET;100200;821.80;0.009;25/09/2026
TOOSLA;FR00140062B9;ALTOO;"Euronext Growth Paris";EUR;0.0006;0.0006;0.0004;0.0006;"25/09/2026 17:29";CET;5573766;3051.2818;0.0006;25/09/2026
"TOSCANA AEROPORTI";IT0000214293;TYA;"Euronext Milan";EUR;17.45;18.15;17.35;18.15;"24/09/2026 14:39";CET;114;1990.70;18.15;25/09/2026
TOTALENERGIES;FR0000120271;TTE;"Euronext Paris, Brussels";EUR;80.45;80.70;79.16;79.99;"25/09/2026 17:39";CET;3753087;300003646.365;79.99;25/09/2026
TOTALENERGIES;FR0000120271;2TTE;"Trading After Hours";EUR;77.25;77.25;77.25;77.25;"17/09/2026 19:43";CET;50;3862.50;79.99;25/09/2026
TOTALENERGIES;FR0000120271;4TTE;EuroTLX;EUR;81.15;81.15;81.15;81.15;"25/09/2026 09:37";CET;20;1623.00;80.19;25/09/2026
TotalEnergiesGabon;GA0000121459;EC;"Euronext Paris";EUR;222.50;230.00;222.50;226.50;"25/09/2026 17:35";CET;2245;511458.00;226.50;25/09/2026
TOUAX;FR0000033003;ALTOU;"Euronext Growth Paris";EUR;3.54;3.55;3.49;3.50;"25/09/2026 13:58";CET;2061;7211.01;3.50;25/09/2026
"TOYOTA CAETANO";PTSCT0AP0018;SCT;"Euronext Lisbon";EUR;7.00;7.00;7.00;7.00;"25/09/2026 21:00";BST;2000;14000.00;7.00;25/09/2026
"TPG INC";US8726571016;1TPG;"Euronext Global Equity Market";EUR;47.44;48.34;46.30;46.30;"17/08/2026 12:33";CET;1332;63480.45;38.66;25/09/2026
TPS;IT0005246142;TPS;"Euronext Growth Milan";EUR;8.15;8.15;8.10;8.10;"25/09/2026 17:05";CET;1500;12200.00;8.10;25/09/2026
TRACTIAL;FR0014014ZV8;ALTRA;"Euronext Growth Paris";EUR;2.86;3.00;2.86;3.00;"25/09/2026 17:28";CET;6580;19558.825;3.00;25/09/2026
"Tractor Supply Co";US8923561067;1TSCO;"Euronext Global Equity Market";EUR;28.89;28.89;28.89;28.89;"22/09/2026 16:56";CET;355;10255.95;27.805;25/09/2026
"Trade Desk";US88339J1051;1TTD;"Euronext Global Equity Market";EUR;11.06;11.14;10.97;11.12;"25/09/2026 17:01";CET;758;8397.55;11.13;25/09/2026
TRADELAB;IT0005651507;TRAI;"Euronext Growth Milan";EUR;1.84;1.84;1.84;1.84;"25/09/2026 10:51";CET;1000;1840.00;1.84;25/09/2026
"Trane Tech";IE00BK9ZQ967;1TTH;"Euronext Global Equity Market";EUR;375.20;375.20;375.20;375.20;"17/09/2026 15:32";CET;4;1500.80;394.40;25/09/2026
"TRANSDIGM GROUP IN";US8936411003;1TDG;"Euronext Global Equity Market";EUR;962.00;962.00;962.00;962.00;"21/09/2026 17:27";CET;1;962.00;976.00;25/09/2026
TRANSGENE;FR0005175080;TNG;"Euronext Paris";EUR;0.811;0.811;0.76;0.76;"25/09/2026 17:35";CET;201754;158357.087;0.76;25/09/2026
"TRANSMEDICS GROUP";US89377M1099;1TMDX;"Euronext Global Equity Market";EUR;73.00;73.00;73.00;73.00;"25/09/2026 15:29";CET;1;73.00;72.20;25/09/2026
TRANSUNION;US89400J1079;1TRU;"Euronext Global Equity Market";EUR;65.50;65.50;65.50;65.50;"03/03/2026 16:03";CET;32;2096.00;59.50;25/09/2026
TRATON;DE000TRAT0N7;28TRA;"Trading After Hours";EUR;-;-;-;-;-;CET;-;-;35.16;25/09/2026
TRATON;DE000TRAT0N7;48TRA;EuroTLX;EUR;39.66;39.66;39.66;39.66;"24/07/2026 10:35";CET;8;317.28;35.14;25/09/2026
TRATON;DE000TRAT0N7;18TRA;"Euronext Global Equity Market";EUR;35.80;35.80;35.80;35.80;"22/09/2026 09:12";CET;10;358.00;35.16;25/09/2026
"TRAWELL CO";IT0005717571;TWL;"Euronext Growth Milan";EUR;24.40;24.40;24.20;24.20;"25/09/2026 12:41";CET;304;7401.60;24.20;25/09/2026
"TREVI FIN IND";IT0005709909;TFIN;"Euronext Milan";EUR;4.76;4.84;4.756;4.838;"25/09/2026 17:35";CET;333884;1602493.03;4.838;25/09/2026
TRIBOO;IT0005001554;TB;"Euronext Milan";EUR;0.339;0.339;0.336;0.336;"25/09/2026 17:35";CET;1473;497.328;0.336;25/09/2026
TRIGANO;FR0005691656;TRI;"Euronext Paris";EUR;132.00;132.00;128.70;131.20;"25/09/2026 17:35";CET;16473;2149426.00;131.20;25/09/2026
TRIGANO;FR0005691656;2TRI;"Trading After Hours";EUR;-;-;-;-;-;CET;-;-;131.20;25/09/2026
TRILOGIQ;FR0010397901;ALTRI;"Euronext Growth Paris";EUR;5.00;5.00;5.00;5.00;"25/09/2026 11:30";CET;1360;6800.00;5.00;25/09/2026
"Trimble Inc";US8962391004;1TRMB;"Euronext Global Equity Market";EUR;50.18;50.18;50.18;50.18;"08/09/2026 15:31";CET;104;5218.72;50.64;25/09/2026
"TRIODOS BANK";NL0010407946;TRIO;"Euronext Amsterdam";EUR;38.25;39.00;38.25;38.45;"25/09/2026 17:35";CET;7157;276774.00;38.45;25/09/2026
TRIPADVISOR;US8969452015;1TRIP;"Euronext Global Equity Market";EUR;7.404;7.70;7.404;7.70;"25/09/2026 17:07";CET;805;6157.02;7.614;25/09/2026
TRIPADVISOR;US8969452015;2TRIP;"Trading After Hours";EUR;8.564;8.778;8.564;8.778;"02/09/2026 19:15";CET;14;121.40;7.614;25/09/2026
TRIPADVISOR;US8969452015;4TRIP;EuroTLX;EUR;8.104;8.104;8.104;8.104;"04/09/2026 14:12";CET;65;526.76;7.638;25/09/2026
"TROC ILE";FR0000031106;MLTRO;"Euronext Access Paris";EUR;2.48;2.48;2.48;2.48;"27/10/2025 16:30";CET;28;69.44;2.48;25/09/2026
"TRUIST FINL CORP.";US89832Q1094;1TFC;"Euronext Global Equity Market";EUR;44.765;44.765;44.765;44.765;"21/07/2026 15:31";CET;2;89.53;41.64;25/09/2026
"TRUIST FINL CORP.";US89832Q1094;4TFC;EuroTLX;EUR;44.995;44.995;44.995;44.995;"21/07/2026 15:03";CET;6;269.97;41.63;25/09/2026
"TRUIST FINL CORP.";US89832Q1094;2TFC;"Trading After Hours";EUR;45.22;45.22;45.22;45.22;"28/01/2025 18:00";CET;8;361.76;41.64;25/09/2026
"TRØNDELAG SPBK";NO0010788268;TRSB;"Oslo Børs";NOK;108.00;108.00;107.04;107.04;"24/09/2026 14:20";CET;424;45432.84;107.04;25/09/2026
"TUBIZE (ATTR)";BE0099967573;TUBAT;"Euronext Expert Market";EUR;0.10;0.10;0.10;0.10;"15/04/2025 11:30";CET;84;8.40;0.10;25/09/2026
TUBIZE-FIN;BE0003823409;TUB;"Euronext Brussels";EUR;179.40;181.80;179.00;180.90;"25/09/2026 17:35";CET;9322;1686869.60;180.90;25/09/2026
TUI;DE000TUAG505;2TUI1U;"Trading After Hours";EUR;6.62;6.62;6.62;6.62;"21/07/2026 20:12";CET;100;662.00;6.60;25/09/2026
TUI;DE000TUAG505;1TUI1U;"Euronext Global Equity Market";EUR;6.586;6.586;6.50;6.50;"23/09/2026 15:42";CET;1675;10893.95;6.60;25/09/2026
TUI;DE000TUAG505;4TUI1U;EuroTLX;EUR;6.394;6.394;6.394;6.394;"16/09/2026 12:30";CET;3;19.18;6.60;25/09/2026
"TWIST BIOSCIENCE C";US90184D1000;1TWST;"Euronext Global Equity Market";EUR;165.40;168.75;156.80;156.80;"25/09/2026 15:58";CET;208;33771.30;159.85;25/09/2026
TXCOM;FR0010654087;ALTXC;"Euronext Growth Paris";EUR;8.90;8.90;8.90;8.90;"25/09/2026 14:52";CET;186;1655.40;8.90;25/09/2026
"TXT E-SOLUTIONS";IT0001454435;TXT;"Euronext Milan";EUR;53.50;54.10;53.10;54.00;"25/09/2026 17:35";CET;17123;919117.00;54.00;25/09/2026
"Tyler Technologies";US9022521051;1TYL;"Euronext Global Equity Market";EUR;288.80;288.80;288.80;288.80;"25/09/2026 16:26";CET;4;1155.20;290.40;25/09/2026
"Tyson Foods Inc";US9024941034;1TSN;"Euronext Global Equity Market";EUR;45.15;45.15;45.15;45.15;"11/09/2026 15:49";CET;392;17698.80;44.72;25/09/2026
"U10 CORP";FR0000079147;ALU10;"Euronext Growth Paris";EUR;1.19;1.21;1.16;1.21;"25/09/2026 17:35";CET;773;906.52;1.21;25/09/2026
"UBALDI COSTRUZIONI";IT0005628158;UBA;"Euronext Growth Milan";EUR;5.36;5.36;5.30;5.30;"25/09/2026 17:28";CET;1400;7462.00;5.30;25/09/2026
"UBER TECHNOLOGIES";US90353T1007;1UBER;"Euronext Global Equity Market";EUR;61.20;61.20;60.50;60.94;"25/09/2026 17:35";CET;1502;91677.91;60.94;25/09/2026
"UBER TECHNOLOGIES";US90353T1007;4UBER;EuroTLX;EUR;61.32;61.32;61.32;61.32;"23/09/2026 13:16";CET;80;4905.60;60.81;25/09/2026
"UBER TECHNOLOGIES";US90353T1007;2UBER;"Trading After Hours";EUR;61.27;61.28;60.83;60.83;"25/09/2026 19:42";CET;404;24752.32;61.27;25/09/2026
"UBISOFT ENTERT";FR0000054470;4UBI;EuroTLX;EUR;5.374;5.374;5.374;5.374;"20/08/2026 10:05";CET;24;128.98;5.352;25/09/2026
"UBISOFT ENTERTAIN";FR0000054470;UBI;"Euronext Paris";EUR;5.40;5.40;5.22;5.338;"25/09/2026 17:35";CET;399881;2123115.078;5.338;25/09/2026
"UBISOFT ENTERTAIN";FR0000054470;2UBI;"Trading After Hours";EUR;-;-;-;-;-;CET;-;-;5.338;25/09/2026
"UBS Group";CH0244767585;1UBSG;"Euronext Global Equity Market";EUR;42.44;43.59;42.44;43.13;"25/09/2026 17:14";CET;21913;940346.52;43.14;25/09/2026
"UCAPITAL GLOBAL";GB00BJ9M4V82;MLALE;"Euronext Access Paris";EUR;0.001;0.001;0.001;0.001;"02/10/2024 11:30";CET;64687;64.69;0.001;25/09/2026
UCAPITAL24;IT0005380461;U24;"Euronext Growth Milan";EUR;0.17;0.172;0.17;0.172;"25/09/2026 13:21";CET;6400;1100.00;0.172;25/09/2026
UCB;BE0003739530;UCB;"Euronext Brussels";EUR;211.30;215.30;211.30;214.40;"25/09/2026 17:39";CET;239904;51428868.15;214.40;25/09/2026
UCB;BE0003739530;4UCB;EuroTLX;EUR;208.40;208.40;208.40;208.40;"09/09/2026 09:46";CET;1;208.40;214.70;25/09/2026
UCB;BE0003739530;2UCB;"Trading After Hours";EUR;-;-;-;-;-;CET;-;-;214.40;25/09/2026
"UIPATH INC CLASS A";US90364P1057;1PATH;"Euronext Global Equity Market";EUR;11.355;11.36;11.135;11.135;"24/09/2026 16:20";CET;525;5857.10;11.155;25/09/2026
"Ulta Beauty Inc";US90384S3031;1ULTA;"Euronext Global Equity Market";EUR;486.40;491.50;486.40;491.50;"22/09/2026 15:36";CET;11;5401.40;477.40;25/09/2026
"UMALIS GROUP";FR0011776889;MLUMG;"Euronext Access Paris";EUR;4.00;4.00;4.00;4.00;"31/08/2026 16:30";CET;10;40.00;4.00;25/09/2026
"UMB FINANCIAL CORP";US9027881088;1UMBF;"Euronext Global Equity Market";EUR;128.00;128.00;128.00;128.00;"09/07/2026 09:00";CET;4;512.00;119.00;25/09/2026
UMG;NL0015000IY2;UMG;"Euronext Amsterdam";EUR;14.555;14.69;14.525;14.59;"25/09/2026 17:35";CET;2669931;38959222.2325;14.59;25/09/2026
UMG;NL0015000IY2;2UMG;"Trading After Hours";EUR;24.53;24.53;23.81;23.81;"03/10/2025 18:01";CET;1000;23846.00;14.59;25/09/2026
UMICORE;BE0974320526;UMI;"Euronext Brussels";EUR;21.46;21.52;21.16;21.40;"25/09/2026 17:35";CET;339323;7260002.61;21.40;25/09/2026
UMICORE;BE0974320526;2UMI;"Trading After Hours";EUR;13.92;13.92;13.92;13.92;"03/07/2024 19:49";CET;100;1392.00;21.40;25/09/2026
UMICORE;BE0974320526;4UMI;EuroTLX;EUR;22.60;22.60;22.60;22.60;"10/09/2026 11:37";CET;44;994.40;21.46;25/09/2026
"UNDER ARMOUR - CLA";US9043111072;4UAA;EuroTLX;EUR;5.04;5.04;5.04;5.04;"11/08/2026 10:52";CET;51;257.04;3.98;25/09/2026
"UNDER ARMOUR - CLA";US9043111072;1UAA;"Euronext Global Equity Market";EUR;3.98;3.98;3.98;3.98;"24/09/2026 10:21";CET;110;437.80;3.97;25/09/2026
"UNDER ARMOUR - CLA";US9043111072;2UAA;"Trading After Hours";EUR;5.909;5.909;5.909;5.909;"11/02/2026 18:15";CET;250;1477.25;3.97;25/09/2026
UNIBAIL-RODAMCO-WE;FR0013326246;URW;"Euronext Paris";EUR;92.08;93.30;91.64;91.72;"25/09/2026 17:35";CET;269739;24819949.23;91.72;25/09/2026
UNIBAIL-RODAMCO-WE;FR0013326246;2URW;"Trading After Hours";EUR;-;-;-;-;-;CET;-;-;91.72;25/09/2026
"Unicaja Banco SA";ES0180907000;1UNI;"Euronext Global Equity Market";EUR;3.892;3.892;3.892;3.892;"11/09/2026 14:50";CET;680;2646.56;3.592;25/09/2026
UNICREDIT;IT0005239360;UCG;"Euronext Milan";EUR;83.18;84.33;82.80;83.95;"25/09/2026 17:38";CET;3573444;299332768.81;83.95;25/09/2026
UNICREDIT;IT0005239360;2UCG;"Trading After Hours";EUR;83.95;84.44;83.95;84.40;"25/09/2026 20:30";CET;39859;3359930.74;84.30;25/09/2026
UNIDATA;IT0005573065;UD;"Euronext Milan";EUR;3.445;3.445;3.37;3.405;"25/09/2026 17:29";CET;17828;60608.395;3.405;25/09/2026
"UNIFY GROUP";FR0010820274;ALUNI;"Euronext Growth Paris";EUR;1.67;1.69;1.618;1.69;"25/09/2026 17:35";CET;29955;49350.168;1.69;25/09/2026
UNILEVER;GB00BVZK7T90;UNA;"Euronext Amsterdam";EUR;54.39;54.73;54.20;54.30;"25/09/2026 17:37";CET;997391;54221021.88;54.30;25/09/2026
"UNION PACIFIC";US9078181081;1UNP;"Euronext Global Equity Market";EUR;242.40;242.40;242.40;242.40;"23/09/2026 17:02";CET;11;2666.40;239.40;25/09/2026
"UNION PACIFIC";US9078181081;2UNP;"Trading After Hours";EUR;194.48;194.48;194.48;194.48;"17/10/2025 18:15";CET;50;9724.00;239.40;25/09/2026
"UNION PACIFIC";US9078181081;4UNP;EuroTLX;EUR;265.40;265.40;265.40;265.40;"16/07/2026 17:21";CET;1;265.40;239.70;25/09/2026
"UNION TECH.INFOR.";FR0000074197;FPG;"Euronext Paris";EUR;0.102;0.108;0.101;0.108;"25/09/2026 17:06";CET;28715;2906.3105;0.108;25/09/2026
UNIPER;DE000UNSE026;4UN;EuroTLX;EUR;41.60;41.60;41.60;41.60;"03/08/2026 16:01";CET;3;124.80;45.45;25/09/2026
UNIPER;DE000UNSE026;2UN;"Trading After Hours";EUR;36.65;36.65;36.65;36.65;"11/12/2025 19:24";CET;60;2199.00;45.55;25/09/2026
UNIPER;DE000UNSE026;1UN;"Euronext Global Equity Market";EUR;44.15;44.15;44.15;44.15;"25/09/2026 09:00";CET;1;44.15;45.55;25/09/2026
"UNIPHAR PLC";IE00BJ5FQX74;UPR;"Euronext Growth Dublin";EUR;4.165;4.165;3.94;3.945;"25/09/2026 21:09";IST;267971;1062175.785;3.945;25/09/2026
UNIPOL;IT0004810054;UNI;"Euronext Milan";EUR;27.18;27.45;27.00;27.08;"25/09/2026 17:35";CET;733104;19913362.17;27.08;25/09/2026
UNIPOL;IT0004810054;2UNIP;"Trading After Hours";EUR;27.28;27.30;27.01;27.02;"25/09/2026 20:29";CET;799;21703.86;27.16;25/09/2026
"UNIQA Insurance";AT0000821103;1UQA;"Euronext Global Equity Market";EUR;20.25;20.25;20.25;20.25;"15/09/2026 10:16";CET;8;162.00;18.90;25/09/2026
"UNITED AIRLINES H";US9100471096;4UAL;EuroTLX;EUR;110.00;110.00;110.00;110.00;"08/07/2026 13:20";CET;3;330.00;98.00;25/09/2026
"UNITED AIRLINES H";US9100471096;1UAL;"Euronext Global Equity Market";EUR;94.20;94.20;94.20;94.20;"14/09/2026 12:51";CET;80;7536.00;98.20;25/09/2026
"UNITED AIRLINES H";US9100471096;2UAL;"Trading After Hours";EUR;103.00;103.00;103.00;103.00;"18/06/2026 18:21";CET;40;4120.00;98.20;25/09/2026
"UNITED INTERNET";DE0005089031;4UTDI;EuroTLX;EUR;27.80;27.80;27.80;27.80;"18/09/2025 12:19";CET;9;250.20;25.72;25/09/2026
"UNITED INTERNET";DE0005089031;2UTDI;"Trading After Hours";EUR;26.68;26.68;26.68;26.68;"03/09/2026 18:25";CET;20;533.60;25.76;25/09/2026
"UNITED INTERNET";DE0005089031;1UTDI;"Euronext Global Equity Market";EUR;27.72;27.72;27.72;27.72;"17/09/2026 09:15";CET;300;8316.00;25.76;25/09/2026
"United Parcel";US9113121068;1UPS;"Euronext Global Equity Market";EUR;83.50;83.50;83.50;83.50;"24/09/2026 15:38";CET;7;584.50;81.76;25/09/2026
"United Rentals";US9113631090;1URI;"Euronext Global Equity Market";EUR;878.40;878.40;878.40;878.40;"17/09/2026 16:37";CET;3;2635.20;899.80;25/09/2026
"UNITEDHEALTH GROUP";US91324P1021;4UNH;EuroTLX;EUR;372.60;372.60;372.60;372.60;"06/07/2026 13:16";CET;1;372.60;329.80;25/09/2026
"UNITEDHEALTH GROUP";US91324P1021;2UNH;"Trading After Hours";EUR;324.80;324.80;324.80;324.80;"11/09/2026 19:30";CET;6;1948.80;330.00;25/09/2026
"UNITEDHEALTH GROUP";US91324P1021;1UNH;"Euronext Global Equity Market";EUR;328.60;329.60;327.20;327.20;"25/09/2026 17:02";CET;55;18063.00;330.00;25/09/2026
UNITI;FR0012709160;ALUNT;"Euronext Growth Paris";EUR;1.22;1.29;1.22;1.29;"25/09/2026 17:09";CET;78;99.35;1.29;25/09/2026
"UNITY SOFTWARE INC";US91332U1016;1USFT;"Euronext Global Equity Market";EUR;36.36;36.36;36.36;36.36;"18/09/2026 09:00";CET;7;254.52;36.02;25/09/2026
UPERGY;FR0010337865;ALUPG;"Euronext Growth Paris";EUR;1.45;1.455;1.45;1.455;"25/09/2026 16:50";CET;388;563.60;1.455;25/09/2026
"UPM-Kymmene Oyj";FI0009005987;1UPM;"Euronext Global Equity Market";EUR;26.50;26.50;26.50;26.50;"11/09/2026 12:46";CET;20;530.00;23.58;25/09/2026
"UPSTART HOLDINGS I";US91680M1071;1UPST;"Euronext Global Equity Market";EUR;21.27;21.27;21.18;21.18;"24/09/2026 17:00";CET;21;446.58;21.40;25/09/2026
"UPWORK INC";US91688F1049;1UPWK;"Euronext Global Equity Market";EUR;7.51;7.51;7.51;7.51;"11/09/2026 15:57";CET;3;22.53;7.18;25/09/2026
"URANIUM ENERGY COR";US9168961038;1UEC;"Euronext Global Equity Market";EUR;8.465;8.49;8.305;8.415;"25/09/2026 17:35";CET;947;7974.215;8.415;25/09/2026
URCOLESA;ES0105748000;MLURC;"Euronext Access Paris";EUR;3.38;3.38;3.38;3.38;"22/02/2024 00:00";CET;-;-;3.34;25/09/2026
"US BANCORP";US9029733048;2USB;"Trading After Hours";EUR;50.88;50.88;50.88;50.88;"17/06/2026 19:04";CET;125;6360.00;51.78;25/09/2026
"US BANCORP";US9029733048;4USB;EuroTLX;EUR;37.67;37.67;37.67;37.67;"13/03/2025 16:31";CET;50;1883.50;51.76;25/09/2026
"US BANCORP";US9029733048;1USB;"Euronext Global Equity Market";EUR;53.36;53.36;53.24;53.24;"09/09/2026 10:21";CET;20;1066.36;51.78;25/09/2026
UTEXBEL;BE0017609521;-;"Euronext Expert Market";EUR;91.05;91.05;91.05;91.05;"20/10/2015 11:30";CET;84;7648.20;91.00;25/09/2026
"UV GERMI";FR0011898584;ALUVI;"Euronext Growth Paris";EUR;2.51;2.52;2.48;2.48;"25/09/2026 15:38";CET;952;2385.78;2.48;25/09/2026
"V LANSCHOT KEMPEN";NL0000302636;VLK;"Euronext Amsterdam";EUR;67.65;67.85;66.90;67.25;"25/09/2026 17:35";CET;39483;2656355.325;67.25;25/09/2026
"V LANSCHOT KEMPEN";NL0000302636;2VLK;"Trading After Hours";EUR;-;-;-;-;-;CET;-;-;67.25;25/09/2026
V.F.;US9182041080;2VFC;"Trading After Hours";EUR;12.894;12.894;12.894;12.894;"02/09/2025 19:13";CET;1;12.89;12.225;25/09/2026
V.F.;US9182041080;4VFC;EuroTLX;EUR;12.665;12.665;12.665;12.665;"07/08/2026 09:43";CET;15;189.98;12.215;25/09/2026
V.F.;US9182041080;1VFC;"Euronext Global Equity Market";EUR;11.40;11.40;11.40;11.40;"22/09/2026 12:45";CET;450;5130.00;12.225;25/09/2026
VALBIOTIS;FR0013254851;ALVAL;"Euronext Growth Paris";EUR;0.708;0.716;0.69;0.70;"25/09/2026 17:35";CET;107357;75698.084;0.70;25/09/2026
VALEO;FR0013176526;2FR;"Trading After Hours";EUR;-;-;-;-;-;CET;-;-;14.855;25/09/2026
VALEO;FR0013176526;4FR;EuroTLX;EUR;15.10;15.10;15.10;15.10;"18/09/2026 13:00";CET;18;271.80;14.835;25/09/2026
VALEO;FR0013176526;FR;"Euronext Paris";EUR;14.50;14.87;14.38;14.855;"25/09/2026 17:35";CET;432282;6392093.4925;14.855;25/09/2026
"VALERIO TX";FR0010095596;ALVIO;"Euronext Growth Paris";EUR;0.551;0.571;0.536;0.56;"25/09/2026 17:35";CET;368996;203108.247;0.56;25/09/2026
"Valero Energy";US91913Y1001;1VLO;"Euronext Global Equity Market";EUR;335.60;335.60;330.00;330.00;"25/09/2026 15:32";CET;55;18263.60;331.50;25/09/2026
VALICA;IT0005562514;VLC;"Euronext Growth Milan";EUR;1.94;1.94;1.94;1.94;"23/09/2026 09:52";CET;540;1047.60;1.94;25/09/2026
"VALLEY NATIONAL BA";US9197941076;1VLY;"Euronext Global Equity Market";EUR;12.40;12.50;12.40;12.50;"25/08/2026 14:30";CET;9690;120619.20;11.50;25/09/2026
VALLOUREC;FR0013506730;VK;"Euronext Paris";EUR;19.225;19.265;18.83;18.88;"25/09/2026 17:35";CET;1120493;21208857.41;18.88;25/09/2026
VALLOUREC;FR0013506730;2VK;"Trading After Hours";EUR;17.075;17.075;17.075;17.075;"11/03/2025 19:02";CET;250;4268.75;18.88;25/09/2026
"Valmet Oyj";FI4000074984;1VALM;"Euronext Global Equity Market";EUR;28.04;28.04;28.04;28.04;"24/08/2026 13:09";CET;9;252.36;28.46;25/09/2026
VALNEVA;FR0004056851;4VLA;EuroTLX;EUR;2.85;2.85;2.85;2.85;"02/09/2026 12:34";CET;100;285.00;2.65;25/09/2026
VALNEVA;FR0004056851;VLA;"Euronext Paris";EUR;2.702;2.75;2.61;2.66;"25/09/2026 17:35";CET;328520;869844.714;2.66;25/09/2026
VALNEVA;FR0004056851;2VLA;"Trading After Hours";EUR;-;-;-;-;-;CET;-;-;2.66;25/09/2026
VALSOIA;IT0001018362;VLS;"Euronext Milan";EUR;10.60;10.60;10.50;10.50;"25/09/2026 17:35";CET;3092;32759.70;10.50;25/09/2026
VALTECNE;IT0005532525;VLT;"Euronext Growth Milan";EUR;11.80;11.80;11.80;11.80;"25/09/2026 14:17";CET;2700;31860.00;11.80;25/09/2026
VALUE8;NL0010661864;VALUE;"Euronext Amsterdam";EUR;6.70;6.75;6.65;6.75;"25/09/2026 17:25";CET;1040;6980.40;6.75;25/09/2026
"VALUE8 CUM PREF";NL0015118803;PREVA;"Euronext Amsterdam";EUR;4.74;4.74;4.74;4.74;"23/09/2026 17:00";CET;10;47.40;4.74;25/09/2026
"VAN DE VELDE";BE0003839561;VAN;"Euronext Brussels";EUR;29.90;29.90;29.80;29.80;"25/09/2026 17:35";CET;644;19251.20;29.80;25/09/2026
"VAN GENECHTEN";BE0944866863;-;"Euronext Expert Market";EUR;-;-;-;-;-;CET;-;-;197.00;25/09/2026
"VANDOR REAL ESTATE";ES0105623005;MLVRE;"Euronext Access Paris";EUR;6.00;6.00;6.00;6.00;"16/12/2021 00:00";CET;-;-;6.00;25/09/2026
"VANTEA SMART";IT0005433765;VNT;"Euronext Growth Milan";EUR;0.72;0.73;0.72;0.73;"25/09/2026 14:54";CET;610;439.30;0.73;25/09/2026
VANTIVA;FR0013505062;VANTI;"Euronext Paris";EUR;0.0772;0.0823;0.0772;0.078;"25/09/2026 17:35";CET;109240;8553.568;0.078;25/09/2026
"VARONIS SYSTEMS IN";US9222801022;1VRNS;"Euronext Global Equity Market";EUR;42.33;42.33;42.33;42.33;"22/09/2026 15:21";CET;1;42.33;41.11;25/09/2026
VASTNED;BE0003754687;VASTB;"Euronext Brussels, Amsterdam";EUR;28.05;28.15;28.00;28.15;"25/09/2026 17:35";CET;2867;80565.70;28.15;25/09/2026
"VAT GROUP";CH0311864901;1VACN;"Euronext Global Equity Market";EUR;700.80;700.80;688.40;688.40;"25/09/2026 16:34";CET;38;26618.00;690.20;25/09/2026
"VAXCYTE INC";US92243G1085;1PCVX;"Euronext Global Equity Market";EUR;50.50;50.50;50.50;50.50;"22/09/2026 09:00";CET;220;11110.00;49.60;25/09/2026
VAZIVA;FR0014007T10;ALVAZ;"Euronext Growth Paris";EUR;22.80;22.80;22.80;22.80;"25/09/2026 16:30";CET;439;10009.20;22.80;25/09/2026
"VAZIVA BSA";FR0014014OK5;VAZBS;"Euronext Growth Paris";EUR;0.08;0.08;0.08;0.08;"07/09/2026 09:00";CET;17;1.36;0.08;25/09/2026
"VDK BANK";BE0022780820;-;"Euronext Expert Market";EUR;3100.00;3100.00;3100.00;3100.00;"22/09/2026 11:30";CET;2;6200.00;3100.00;25/09/2026
"VEEVA SYSTEMS INC";US9224751084;1VEEV;"Euronext Global Equity Market";EUR;239.90;239.90;239.90;239.90;"25/09/2026 09:00";CET;13;3118.70;244.70;25/09/2026
VEIDEKKE;NO0005806802;VEI;"Oslo Børs";NOK;216.50;219.00;215.50;217.00;"25/09/2026 16:25";CET;55745;12097741.50;217.00;25/09/2026
"VEND MARKETPLACES";NO0010736879;VEND;"Oslo Børs";NOK;210.00;211.80;207.40;208.20;"25/09/2026 16:27";CET;564059;117920185.40;208.20;25/09/2026
"VENTE UNIQUE.COM";FR0010766667;ALVU;"Euronext Growth Paris";EUR;16.35;16.85;16.10;16.55;"25/09/2026 15:40";CET;1421;23222.70;16.55;25/09/2026
"VENTURA OFFSHORE";BMG730931091;VTURA;"Euronext Growth Oslo";NOK;31.00;31.70;30.20;31.10;"25/09/2026 16:25";CET;534513;16721801.80;31.10;25/09/2026
"VEOLIA ENVIRON";FR0000124141;4VIE;EuroTLX;EUR;30.88;30.88;30.88;30.88;"23/09/2026 15:52";CET;850;26248.00;31.37;25/09/2026
"VEOLIA ENVIRON.";FR0000124141;VIE;"Euronext Paris";EUR;31.40;31.65;31.22;31.36;"25/09/2026 17:35";CET;1046104;32825910.61;31.36;25/09/2026
"VEOLIA ENVIRON.";FR0000124141;2VIE;"Trading After Hours";EUR;-;-;-;-;-;CET;-;-;31.36;25/09/2026
VERALLIA;FR0013447729;VRLA;"Euronext Paris";EUR;18.00;18.00;17.70;17.99;"25/09/2026 17:35";CET;18729;334959.10;17.99;25/09/2026
VERALLIA;FR0013447729;2VRLA;"Trading After Hours";EUR;-;-;-;-;-;CET;-;-;17.99;25/09/2026
"Veralto Corp";US92338C1036;1VLTO;"Euronext Global Equity Market";EUR;85.14;85.14;85.14;85.14;"24/09/2026 15:53";CET;45;3831.30;84.62;25/09/2026
VERBIO;DE000A0JL9W6;2VBK;"Trading After Hours";EUR;29.34;29.34;29.34;29.34;"18/06/2026 18:03";CET;19;557.46;30.44;25/09/2026
VERBIO;DE000A0JL9W6;4VBK;EuroTLX;EUR;18.31;18.31;18.31;18.31;"05/12/2025 15:10";CET;90;1647.90;30.40;25/09/2026
VERBIO;DE000A0JL9W6;1VBK;"Euronext Global Equity Market";EUR;30.76;30.76;30.32;30.32;"25/09/2026 17:00";CET;215;6558.40;30.44;25/09/2026
"Verbund AG";AT0000746409;4VER;EuroTLX;EUR;57.80;57.80;57.80;57.80;"27/08/2026 11:09";CET;100;5780.00;62.50;25/09/2026
"Verbund AG";AT0000746409;1VER;"Euronext Global Equity Market";EUR;61.40;61.40;61.40;61.40;"22/09/2026 14:45";CET;70;4298.00;62.60;25/09/2026
VERGNET;FR0014010YR7;ALVER;"Euronext Growth Paris";EUR;0.17;0.182;0.12;0.12;"23/01/2026 17:35";CET;111142;17458.83;0.12;25/09/2026
VERIMATRIX;FR0010291245;VMX;"Euronext Paris";EUR;0.307;0.308;0.305;0.307;"25/09/2026 17:35";CET;37468;11511.364;0.307;25/09/2026
"VeriSign Inc";US92343E1029;1VRSN;"Euronext Global Equity Market";EUR;263.40;267.40;263.40;267.40;"21/09/2026 16:10";CET;8;2123.20;255.70;25/09/2026
"Verisk Analytics";US92345Y1064;1VRSK;"Euronext Global Equity Market";EUR;160.00;160.00;160.00;160.00;"03/09/2026 09:14";CET;100;16000.00;149.00;25/09/2026
"VERIZON COMMUNICAT";US92343V1044;2VZ;"Trading After Hours";EUR;37.535;37.535;37.535;37.535;"07/07/2026 18:00";CET;10;375.35;41.365;25/09/2026
"VERIZON COMMUNICAT";US92343V1044;1VZ;"Euronext Global Equity Market";EUR;41.10;41.23;41.10;41.23;"23/09/2026 17:13";CET;43;1772.50;41.365;25/09/2026
"VERIZON COMMUNICAT";US92343V1044;4VZ;EuroTLX;EUR;44.325;44.325;44.325;44.325;"15/09/2026 15:33";CET;10;443.25;41.365;25/09/2026
"VERTEX INC - CLASS";US92538J1060;1VERX;"Euronext Global Equity Market";EUR;10.86;11.05;10.86;11.00;"15/09/2026 14:53";CET;3000;32790.99;10.215;25/09/2026
"VERTEX PHARMA";US92532F1003;2VRTX;"Trading After Hours";EUR;415.00;415.00;415.00;415.00;"23/06/2026 19:09";CET;3;1245.00;456.60;25/09/2026
"VERTEX PHARMA";US92532F1003;1VRTX;"Euronext Global Equity Market";EUR;455.25;455.25;455.25;455.25;"24/09/2026 12:14";CET;1;455.25;456.60;25/09/2026
"VERTEX PHARMA";US92532F1003;4VRTX;EuroTLX;EUR;453.20;453.20;453.20;453.20;"10/08/2026 17:20";CET;5;2266.00;456.30;25/09/2026
"VERTIV HOLDINGS CO";US92537N1081;1VRT;"Euronext Global Equity Market";EUR;220.00;222.40;219.00;219.35;"25/09/2026 17:23";CET;104;23012.35;219.85;25/09/2026
VETOQUINOL;FR0004186856;VETO;"Euronext Paris";EUR;75.60;76.00;75.50;75.50;"25/09/2026 17:35";CET;2367;179025.30;75.50;25/09/2026
VGP;BE0003878957;VGP;"Euronext Brussels";EUR;69.20;70.00;68.70;68.80;"25/09/2026 17:35";CET;24377;1683096.10;68.80;25/09/2026
VIALIFE;FR0010326090;ALVIA;"Euronext Growth Paris";EUR;9.75;9.75;7.50;7.50;"16/09/2026 16:30";CET;16;122.25;7.50;25/09/2026
"VIATRIS INC";US92556V1061;2VTRS;"Trading After Hours";EUR;14.398;14.398;14.398;14.398;"08/09/2026 19:40";CET;350;5039.30;15.27;25/09/2026
"VIATRIS INC";US92556V1061;1VTRS;"Euronext Global Equity Market";EUR;15.412;15.412;15.412;15.412;"25/09/2026 16:31";CET;80;1232.96;15.27;25/09/2026
"VIATRIS INC";US92556V1061;4VTRS;EuroTLX;EUR;14.83;14.83;14.83;14.83;"24/09/2026 11:55";CET;76;1127.08;15.276;25/09/2026
VICAT;FR0000031775;VCT;"Euronext Paris";EUR;59.40;60.20;59.30;60.00;"25/09/2026 17:37";CET;37480;2241830.15;60.00;25/09/2026
VICSO;ES0105962007;MLVIC;"Euronext Access Paris";EUR;-;-;-;1.00;"10/11/2025 00:00";CET;-;-;1.00;25/09/2026
"Vidrala SA";ES0183746314;1VID;"Euronext Global Equity Market";EUR;84.00;84.00;84.00;84.00;"11/08/2026 10:33";CET;2;168.00;89.50;25/09/2026
"VIEL ET COMPAGNIE";FR0000050049;VIL;"Euronext Paris";EUR;18.80;18.98;18.64;18.74;"25/09/2026 17:35";CET;8724;163695.68;18.74;25/09/2026
"Vienna Insurance";AT0000908504;1VIG;"Euronext Global Equity Market";EUR;75.40;75.40;71.70;71.70;"31/08/2026 16:02";CET;13;969.10;69.00;25/09/2026
"VIKING THERAPEUTIC";US92686J1060;1VKTX;"Euronext Global Equity Market";EUR;32.50;33.65;31.45;31.45;"25/09/2026 17:35";CET;2723;88680.15;31.45;25/09/2026
"VILA DOS NUMEROS";PTVUO0AM0000;MLVDN;"Euronext Access Lisbon";EUR;-;-;-;-;-;BST;-;-;120.00;25/09/2026
"VIMI FASTENERS";IT0004717200;VIM;"Euronext Growth Milan";EUR;1.47;1.47;1.47;1.47;"24/09/2026 11:22";CET;2000;2940.00;1.47;25/09/2026
VINCI;FR0000125486;DG;"Euronext Paris";EUR;111.20;111.95;110.75;111.30;"25/09/2026 17:38";CET;496004;55241764.125;111.30;25/09/2026
VINCI;FR0000125486;2DG;"Trading After Hours";EUR;103.20;103.20;103.20;103.20;"08/11/2024 18:34";CET;21;2167.20;111.30;25/09/2026
VINCI;FR0000125486;4DG;EuroTLX;EUR;112.20;112.95;112.20;112.95;"21/09/2026 16:01";CET;309;34714.05;110.95;25/09/2026
VINEXT;IT0005652414;VNXT;"Euronext Growth Milan";EUR;2.30;2.30;2.30;2.30;"23/09/2026 16:45";CET;800;1840.00;2.30;25/09/2026
VINPAI;FR001400AXT1;ALVIN;"Euronext Growth Paris";EUR;2.40;2.40;2.40;2.40;"25/09/2026 17:37";CET;250;600.00;2.40;25/09/2026
VIOHALCO;BE0974271034;VIO;"Euronext Brussels";EUR;16.32;17.00;16.32;17.00;"25/09/2026 17:35";CET;4018;67318.66;17.00;25/09/2026
VIRBAC;FR0000031577;VIRP;"Euronext Paris";EUR;303.00;306.00;301.00;303.50;"25/09/2026 17:35";CET;4384;1330369.00;303.50;25/09/2026
VIRBAC;FR0000031577;2VIRP;"Trading After Hours";EUR;-;-;-;-;-;CET;-;-;303.50;25/09/2026
"VIRGIN GALACTIC HO";US92766K4031;1SPCE;"Euronext Global Equity Market";EUR;2.754;2.88;2.754;2.86;"25/09/2026 17:35";CET;12741;36301.68;2.86;25/09/2026
"VIRGIN GALACTIC HO";US92766K4031;2SPCE;"Trading After Hours";EUR;2.852;2.854;2.83;2.83;"23/09/2026 18:23";CET;800;2270.77;2.86;25/09/2026
"VIRGIN GALACTIC HO";US92766K4031;4SPCE;EuroTLX;EUR;2.834;2.908;2.834;2.902;"22/09/2026 15:30";CET;5098;14608.25;2.88;25/09/2026
VIRIDIEN;FR001400PVN6;2CGG;"Trading After Hours";EUR;-;-;-;-;-;CET;-;-;92.20;25/09/2026
VIRIDIEN;FR001400PVN6;VIRI;"Euronext Paris";EUR;96.55;98.00;91.20;92.20;"25/09/2026 17:35";CET;47951;4453726.75;92.20;25/09/2026
VIRTUALWARE;ES0105704003;ALVIR;"Euronext Growth Paris";EUR;5.30;5.30;5.30;5.30;"25/09/2026 11:30";CET;1;5.30;5.30;25/09/2026
"VISA - CLASSE A";US92826C8394;4V;EuroTLX;EUR;320.25;320.25;320.25;320.25;"15/09/2026 12:04";CET;2;640.50;321.40;25/09/2026
"VISA - CLASSE A";US92826C8394;2V;"Trading After Hours";EUR;322.85;322.85;322.85;322.85;"17/09/2026 19:00";CET;10;3228.50;321.85;25/09/2026
"VISA - CLASSE A";US92826C8394;1V;"Euronext Global Equity Market";EUR;322.75;322.75;321.65;321.85;"25/09/2026 17:35";CET;28;9029.60;321.85;25/09/2026
"Viscofan SA";ES0184262212;1VIS;"Euronext Global Equity Market";EUR;56.20;56.20;56.20;56.20;"20/08/2026 09:00";CET;26;1461.20;54.80;25/09/2026
"VISTIN PHARMA";NO0010734122;VISTN;"Oslo Børs";NOK;18.40;18.40;17.80;18.25;"25/09/2026 16:25";CET;13216;239148.40;18.25;25/09/2026
"Vistra Corp";US92840M1027;1VST;"Euronext Global Equity Market";EUR;122.40;122.80;122.24;122.24;"25/09/2026 15:44";CET;184;22536.12;120.62;25/09/2026
"VITAL FARMS INC";US92847W1036;1VITL;"Euronext Global Equity Market";EUR;8.76;8.76;8.76;8.76;"24/09/2026 16:57";CET;450;3942.00;8.862;25/09/2026
VITURA;FR0010309096;VTR;"Euronext Paris";EUR;4.08;4.08;4.04;4.04;"25/09/2026 12:10";CET;42;169.72;4.04;25/09/2026
"VIVENDA GROUP";IT0005622581;VVG;"Euronext Growth Milan";EUR;0.348;0.37;0.346;0.37;"25/09/2026 09:16";CET;13500;4758.00;0.37;25/09/2026
VIVENDI;FR0000127771;1VIV;"Euronext Global Equity Market";EUR;1.473;1.473;1.473;1.473;"25/09/2026 09:33";CET;10;14.73;1.459;25/09/2026
VIVENDI;FR0000127771;4VIV;EuroTLX;EUR;1.64;1.64;1.64;1.64;"03/08/2026 17:00";CET;2000;3280.00;1.458;25/09/2026
VIVENDI;FR0000127771;2VIV;"Trading After Hours";EUR;1.648;1.648;1.648;1.648;"03/09/2026 18:30";CET;10;16.48;1.459;25/09/2026
"VIVENDI SE";FR0000127771;VIV;"Euronext Paris";EUR;1.463;1.479;1.454;1.457;"25/09/2026 17:35";CET;1911817;2801040.4205;1.457;25/09/2026
VIVORYON;NL00150002Q7;VVY;"Euronext Amsterdam";EUR;1.12;1.12;1.075;1.11;"25/09/2026 17:35";CET;8828;9586.03;1.11;25/09/2026
VNE;IT0005556110;VNE;"Euronext Growth Milan";EUR;3.08;3.08;2.96;3.00;"25/09/2026 16:47";CET;5600;16870.00;3.00;25/09/2026
"voestalpine AG";AT0000937503;4VOE;EuroTLX;EUR;47.60;47.60;47.60;47.60;"07/09/2026 11:20";CET;155;7378.00;45.94;25/09/2026
"voestalpine AG";AT0000937503;1VOE;"Euronext Global Equity Market";EUR;42.08;42.08;42.08;42.08;"15/09/2026 09:00";CET;10;420.80;46.18;25/09/2026
VOGO;FR0011532225;ALVGO;"Euronext Growth Paris";EUR;1.805;1.805;1.805;1.805;"25/09/2026 16:50";CET;5;9.025;1.805;25/09/2026
VOIM;NO0010358484;VOIM;"Oslo Børs";NOK;0.305;0.324;0.30;0.324;"25/09/2026 15:53";CET;152723;46600.63;0.324;25/09/2026
VOLKSVERMOGEN;BE0947790037;-;"Euronext Expert Market";EUR;1000.00;1000.00;1000.00;1000.00;"01/09/2026 11:30";CET;55;55000.00;1000.00;25/09/2026
VOLKSWAGEN;DE0007664039;4VOW3;EuroTLX;EUR;70.96;70.96;70.08;70.08;"24/09/2026 12:34";CET;19;1335.92;71.66;25/09/2026
VOLKSWAGEN;DE0007664005;4VOW;EuroTLX;EUR;71.75;71.75;71.75;71.75;"25/09/2026 12:45";CET;10;717.50;71.95;25/09/2026
VOLKSWAGEN;DE0007664039;1VOW3;"Euronext Global Equity Market";EUR;70.50;71.82;70.26;71.48;"25/09/2026 17:35";CET;12594;896105.84;71.48;25/09/2026
VOLKSWAGEN;DE0007664039;2VOW3;"Trading After Hours";EUR;72.90;72.90;72.90;72.90;"23/09/2026 19:12";CET;45;3280.50;71.48;25/09/2026
"VOLTA FINANCE";GG00B1GHHH78;VTA;"Euronext Amsterdam";EUR;6.08;6.10;6.04;6.04;"25/09/2026 17:35";CET;4805;29215.54;6.04;25/09/2026
VOLTALIA;FR0011995588;VLTSA;"Euronext Paris";EUR;4.52;4.60;4.48;4.48;"25/09/2026 17:35";CET;129417;585064.7075;4.48;25/09/2026
VOLTALIA;FR0011995588;2VLTSA;"Trading After Hours";EUR;-;-;-;-;-;CET;-;-;4.48;25/09/2026
"VOLVO CAR";SE0000115446;4VOLVB;EuroTLX;EUR;29.19;29.19;29.00;29.00;"30/04/2026 17:18";CET;710;20660.30;28.82;25/09/2026
"VOLVO CAR";SE0000115446;2VOLVB;"Trading After Hours";EUR;31.04;31.64;31.04;31.64;"08/07/2026 19:28";CET;350;10984.00;28.92;25/09/2026
"VOLVO CAR";SE0000115446;1VOLVB;"Euronext Global Equity Market";EUR;29.31;29.31;29.00;29.01;"23/09/2026 16:36";CET;229;6658.88;28.92;25/09/2026
"Volvo Car AB";SE0021628898;1VOLC;"Euronext Global Equity Market";EUR;1.7875;1.7875;1.7875;1.7875;"01/09/2026 09:13";CET;100;178.75;1.374;25/09/2026
VONOVIA;DE000A1ML7J1;4VNA;EuroTLX;EUR;18.305;18.305;18.305;18.305;"11/09/2026 17:29";CET;25;457.63;17.125;25/09/2026
VONOVIA;DE000A1ML7J1;1VNA;"Euronext Global Equity Market";EUR;17.33;17.33;17.215;17.215;"25/09/2026 16:19";CET;800;13842.00;17.125;25/09/2026
VONOVIA;DE000A1ML7J1;2VNA;"Trading After Hours";EUR;17.22;17.22;17.22;17.22;"18/09/2026 18:38";CET;1;17.22;17.125;25/09/2026
VOORUITZICHT;BE0020918638;-;"Euronext Expert Market";EUR;1050.00;1050.00;1050.00;1050.00;"24/11/2015 11:30";CET;51;53550.00;1050.00;25/09/2026
VOPAK;NL0009432491;VPK;"Euronext Amsterdam";EUR;47.26;47.36;46.52;46.52;"25/09/2026 17:35";CET;79649;3716044.14;46.52;25/09/2026
VOPAK;NL0009432491;2VPK;"Trading After Hours";EUR;-;-;-;-;-;CET;-;-;46.52;25/09/2026
"VOSS VEKSEL OGLAND";NO0003025009;VVL;"Oslo Børs";NOK;440.00;446.00;420.00;428.00;"25/09/2026 16:02";CET;410;175210.00;428.00;25/09/2026
VOW;NO0010708068;VOW;"Oslo Børs";NOK;3.17;3.235;3.11;3.21;"25/09/2026 16:25";CET;2406295;7594152.20;3.21;25/09/2026
"VOYAGEURS DU MONDE";FR0004045847;ALVDM;"Euronext Growth Paris";EUR;179.00;179.50;179.00;179.00;"25/09/2026 17:35";CET;32;5731.50;179.00;25/09/2026
"VREF SEVILLE";ES0105492005;MLVRF;"Euronext Access Paris";EUR;3.75;3.75;3.75;3.75;"30/07/2020 00:00";CET;-;-;3.76;25/09/2026
"Vulcan Materials";US9291601097;1VMC;"Euronext Global Equity Market";EUR;217.10;217.10;216.40;216.40;"09/09/2026 16:51";CET;29;6281.90;213.60;25/09/2026
Vusion;FR0010282822;2SESL;"Trading After Hours";EUR;-;-;-;-;-;CET;-;-;124.10;25/09/2026
Vusion;FR0010282822;VU;"Euronext Paris";EUR;128.80;129.20;124.10;124.10;"25/09/2026 17:35";CET;42077;5280753.15;124.10;25/09/2026
"VÅR ENERGI";NO0011202772;VAR;"Oslo Børs";NOK;51.80;52.16;50.94;51.10;"25/09/2026 16:25";CET;5492130;281858223.24;51.10;25/09/2026
"W AATECH 23-28";IT0005550501;WAAT28;"Euronext Growth Milan";EUR;0.047;0.0479;0.047;0.0479;"25/09/2026 10:44";CET;37648;1773.956;0.0479;25/09/2026
"W ABC COMP 22-29";IT0005515363;WABC29;"Euronext Growth Milan";EUR;0.10;0.10;0.10;0.10;"24/06/2026 17:35";CET;150000;15000.00;0.10;25/09/2026
"W ADRIATICA 24-27";IT0005600231;WDEA27;"Euronext Growth Milan";EUR;0.1052;0.1246;0.1035;0.1246;"09/09/2026 17:10";CET;24109;2525.22;0.1246;25/09/2026
"W ALFIO BARD 17-27";IT0005245607;WABTG;"Euronext Growth Milan";EUR;0.0387;0.0387;0.0387;0.0387;"25/09/2026 11:02";CET;300;11.61;0.0387;25/09/2026
"W AMBROMOBIL 20-26";IT0005425092;WAMB26;"Euronext Growth Milan";EUR;0.001;0.023;0.001;0.023;"21/09/2026 15:05";CET;5818;131.61;0.023;25/09/2026
"W DEOD GALLE 23-28";IT0005528929;WART28;"Euronext Growth Milan";EUR;0.0257;0.0257;0.0257;0.0257;"11/09/2026 09:00";CET;500;12.85;0.0257;25/09/2026
"W DEXELANCE 26-29";IT0005703761;DEX29;"Euronext Milan";EUR;0.165;0.165;0.1616;0.1616;"24/09/2026 17:00";CET;26000;4267.01;0.1616;25/09/2026
"W FIN TECH 21-26";IT0005475147;WFTC26;"Euronext Growth Milan";EUR;0.0005;0.0014;0.0005;0.0014;"22/09/2026 17:35";CET;20622;17.12;0.0014;25/09/2026
"W G.M. LEATH 22-27";IT0005498602;WGML27;"Euronext Growth Milan";EUR;0.008;0.008;0.008;0.008;"25/09/2026 14:59";CET;5000;40.00;0.008;25/09/2026
"W GISMONDI 19-26";IT0005391104;WGIS26;"Euronext Growth Milan";EUR;0.032;0.032;0.032;0.032;"11/09/2026 10:16";CET;475;15.20;0.032;25/09/2026
"W GT TALENT 24-27";IT0005607541;WGT27;"Euronext Growth Milan";EUR;0.35;0.35;0.35;0.35;"24/09/2024 17:35";CET;5800;2030.00;0.35;25/09/2026
"W HAIKI+ 25-26";IT0005628760;WHIK26;"Euronext Growth Milan";EUR;0.0003;0.0003;0.0003;0.0003;"25/09/2026 13:22";CET;34866;10.4598;0.0003;25/09/2026
"W HELYX 21-26";IT0005453789;WHLX26;"Euronext Growth Milan";EUR;0.01;0.01;0.01;0.01;"25/09/2026 17:35";CET;27840;278.40;0.01;25/09/2026
"W INNOVATEC 23-26";IT0005568305;WINC26;"Euronext Growth Milan";EUR;0.003;0.003;0.0015;0.0015;"25/09/2026 17:10";CET;14353;39.294;0.0015;25/09/2026
"W LEMON 23-26";IT0005573305;WLS26;"Euronext Growth Milan";EUR;0.03;0.03;0.03;0.03;"10/09/2026 17:35";CET;5000;150.00;0.03;25/09/2026
"W MARKBASS 25-27";IT0005670929;WMARK;"Euronext Growth Milan";EUR;0.1071;0.153;0.1071;0.153;"21/09/2026 17:38";CET;14000;1541.96;0.153;25/09/2026
"W POZZI MI 22-2027";IT0005499923;WPOZ27;"Euronext Growth Milan";EUR;0.0414;0.0524;0.0414;0.0524;"22/09/2026 16:51";CET;2194;91.93;0.0524;25/09/2026
"W R Berkley Corp";US0844231029;1WRB;"Euronext Global Equity Market";EUR;61.04;61.04;61.04;61.04;"13/08/2026 16:02";CET;62;3784.48;58.42;25/09/2026
"W RINOPETINO 25-28";IT0005664195;WRPTN;"Euronext Growth Milan";EUR;0.0466;0.0466;0.0466;0.0466;"12/05/2026 13:40";CET;5000;233.00;0.0466;25/09/2026
"W SG COMPANY 18-28";IT0005347593;WSGC28;"Euronext Growth Milan";EUR;0.0325;0.0335;0.0321;0.0335;"24/09/2026 16:16";CET;237000;7823.70;0.0335;25/09/2026
"W SG COMPANY 26-31";IT0005689929;WSGC31;"Euronext Growth Milan";EUR;0.0357;0.0358;0.0341;0.0341;"25/09/2026 14:30";CET;68000;2375.0694;0.0341;25/09/2026
"W SICILY BY CAR A";IT0005556532;WSBCA;"Euronext Growth Milan";EUR;0.0009;0.0009;0.0009;0.0009;"17/09/2026 12:04";CET;9949;8.95;0.0009;25/09/2026
"W SICILY BY CAR B";IT0005556599;WSBCB;"Euronext Growth Milan";EUR;0.0014;0.0014;0.0014;0.0014;"17/09/2026 12:39";CET;10000;14.00;0.0014;25/09/2026
"W SICILY BY CAR C";IT0005556607;WSBCC;"Euronext Growth Milan";EUR;0.0005;0.0015;0.0005;0.0015;"17/09/2026 16:19";CET;30000;24.08;0.0015;25/09/2026
"W SOGES 2024-2027";IT0005597551;WSOGES;"Euronext Growth Milan";EUR;0.0035;0.0035;0.0035;0.0035;"20/08/2026 17:35";CET;2700;9.45;0.0035;25/09/2026
"W SOST.COM 21-26";IT0005446718;WSOS26;"Euronext Growth Milan";EUR;0.0099;0.0099;0.0099;0.0099;"21/09/2026 09:01";CET;500;4.95;0.0099;25/09/2026
"W TRAWELL CO 21-26";IT0005446726;WTWL26;"Euronext Growth Milan";EUR;0.014;0.0374;0.004;0.0199;"15/09/2026 17:35";CET;89395;1023.60;0.0199;25/09/2026
"W VINEXT 25-28";IT0005652422;WVNXT;"Euronext Growth Milan";EUR;0.223;0.223;0.223;0.223;"16/07/2026 16:38";CET;7700;1717.10;0.223;25/09/2026
"WACKER CHEMIE";DE000WCH8881;1WCH;"Euronext Global Equity Market";EUR;88.95;88.95;88.95;88.95;"22/09/2026 10:17";CET;140;12453.00;87.35;25/09/2026
"WACKER CHEMIE";DE000WCH8881;4WCH;EuroTLX;EUR;66.84;66.84;66.84;66.84;"28/01/2025 11:55";CET;31;2072.04;87.30;25/09/2026
"WACKER CHEMIE";DE000WCH8881;2WCH;"Trading After Hours";EUR;90.75;90.75;90.75;90.75;"08/06/2026 18:16";CET;1;90.75;87.35;25/09/2026
"WAGA ENERGY";FR0012532810;WAGA;"Euronext Paris";EUR;23.15;23.15;22.85;23.10;"25/09/2026 17:35";CET;322;7432.45;23.10;25/09/2026
"WALLENIUS WILHELMS";NO0010571680;WAWI;"Oslo Børs";NOK;180.50;180.60;177.50;179.10;"25/09/2026 16:25";CET;190745;34208887.80;179.10;25/09/2026
"Wallenstam AB";SE0017780133;1WALL;"Euronext Global Equity Market";EUR;-;-;-;-;-;CET;-;-;3.326;25/09/2026
WALLIX;FR0010131409;ALLIX;"Euronext Growth Paris";EUR;22.75;22.95;22.45;22.60;"25/09/2026 17:35";CET;4346;98311.50;22.60;25/09/2026
WALMART;US9311421039;4WMT;EuroTLX;EUR;94.38;94.38;94.38;94.38;"21/09/2026 16:42";CET;60;5662.80;94.27;25/09/2026
WALMART;US9311421039;1WMT;"Euronext Global Equity Market";EUR;94.60;94.60;93.86;94.12;"25/09/2026 17:12";CET;341;32143.42;94.26;25/09/2026
WALMART;US9311421039;2WMT;"Trading After Hours";EUR;93.11;93.11;93.11;93.11;"24/09/2026 18:00";CET;40;3724.40;94.26;25/09/2026
"WAREHOUSES ESTATES";BE0003734481;WEB;"Euronext Brussels";EUR;37.70;37.90;37.50;37.50;"25/09/2026 17:35";CET;528;19852.20;37.50;25/09/2026
"WARNER BROS DISCOV";US9344231041;2WBDA;"Trading After Hours";EUR;27.135;27.135;27.135;27.135;"24/09/2026 18:20";CET;22;596.97;27.065;25/09/2026
"WARNER BROS DISCOV";US9344231041;1WBD;"Euronext Global Equity Market";EUR;27.02;27.02;27.01;27.01;"25/09/2026 11:08";CET;51;1377.56;27.065;25/09/2026
"WARNER BROS DISCOV";US9344231041;4WBD;EuroTLX;EUR;24.37;24.37;24.37;24.37;"31/08/2026 15:52";CET;1;24.37;27.045;25/09/2026
"WARR DHH 25-28";IT0005645541;WDHH28;"Euronext Growth Milan";EUR;5.65;5.65;5.65;5.65;"25/09/2026 12:33";CET;100;565.00;5.65;25/09/2026
"WARR EHI";IT0005723371;WEHI;"Euronext Growth Milan";EUR;1.5102;1.5102;1.50;1.50;"25/08/2026 12:11";CET;9775;14702.50;1.50;25/09/2026
"WARR ETI 26-29";IT0005719965;WETI29;"Euronext Growth Milan";EUR;0.51;0.51;0.51;0.51;"21/09/2026 10:38";CET;250;127.50;0.51;25/09/2026
"WARR EXECUS 23-26";IT0005557498;WEXE26;"Euronext Growth Milan";EUR;0.0085;0.0085;0.0009;0.0009;"16/09/2026 17:35";CET;30070;197.08;0.0009;25/09/2026
"WARR FRIENDS 26-28";IT0005707846;WAMI28;"Euronext Growth Milan";EUR;0.162;0.162;0.162;0.162;"25/09/2026 10:46";CET;10000;1620.00;0.162;25/09/2026
"WARR GAIN360 25-28";IT0005672602;WGAIN;"Euronext Growth Milan";EUR;0.09;0.09;0.09;0.09;"19/12/2025 17:35";CET;1500;135.00;0.09;25/09/2026
"WARR GEOX 25-26";IT0005644809;WGEO26;"Euronext Milan";EUR;0.0001;0.0001;0.0001;0.0001;"25/09/2026 09:00";CET;100000;10.00;0.0001;25/09/2026
"WARR NABLA 26-30";IT0005730244;WNABLA;"Euronext Growth Milan";EUR;0.48;0.495;0.48;0.49;"25/09/2026 13:55";CET;450;218.6955;0.49;25/09/2026
"WARR SIMONE 23-26";IT0005573172;WSMN26;"Euronext Growth Milan";EUR;0.0016;0.0016;0.0001;0.0001;"03/07/2026 11:57";CET;45101;30.01;0.0001;25/09/2026
"WARR TELMES 25-28";IT0005683781;WTLM28;"Euronext Growth Milan";EUR;0.072;0.072;0.072;0.072;"01/09/2026 12:18";CET;3000;216.00;0.072;25/09/2026
"Wartsila OYJ Abp";FI0009003727;1WRT;"Euronext Global Equity Market";EUR;28.20;28.20;28.20;28.20;"14/09/2026 16:07";CET;52;1466.40;29.35;25/09/2026
"WASTE MANAGEMENT";US94106L1098;2WM;"Trading After Hours";EUR;207.00;207.00;207.00;207.00;"08/07/2026 19:32";CET;2;414.00;181.90;25/09/2026
"WASTE MANAGEMENT";US94106L1098;1WM;"Euronext Global Equity Market";EUR;183.15;183.15;183.15;183.15;"25/09/2026 15:15";CET;6;1098.90;181.90;25/09/2026
"WASTE MANAGEMENT";US94106L1098;4WM;EuroTLX;EUR;193.94;193.94;193.94;193.94;"24/03/2026 13:08";CET;5;969.70;182.00;25/09/2026
WATERA;FR001400IUV6;ALWTR;"Euronext Growth Paris";EUR;1.155;1.265;1.155;1.165;"25/09/2026 17:19";CET;7508;8898.96;1.165;25/09/2026
"Waters Corp";US9418481035;1WAT;"Euronext Global Equity Market";EUR;368.60;368.60;368.60;368.60;"03/09/2026 10:30";CET;2;737.20;379.20;25/09/2026
"WATSCO INC";US9426222009;1WSO;"Euronext Global Equity Market";EUR;268.00;268.00;268.00;268.00;"08/09/2026 14:46";CET;7;1876.00;280.80;25/09/2026
WAVESTONE;FR0013357621;WAVE;"Euronext Paris";EUR;29.30;29.75;29.05;29.75;"25/09/2026 17:35";CET;25735;760005.35;29.75;25/09/2026
"WAYFAIR CLASS A";US94419L1017;1W;"Euronext Global Equity Market";EUR;96.58;96.58;96.58;96.58;"05/08/2026 16:12";CET;174;16804.92;85.40;25/09/2026
"WDESTINATION 24-27";IT0005630220;WDIT27;"Euronext Growth Milan";EUR;0.15;0.15;0.15;0.15;"14/01/2026 17:35";CET;200000;30000.00;0.15;25/09/2026
WDP;BE0974349814;2WDP;"Trading After Hours";EUR;-;-;-;-;-;CET;-;-;20.50;25/09/2026
WDP;BE0974349814;WDP;"Euronext Brussels, Amsterdam";EUR;20.46;20.70;20.44;20.50;"25/09/2026 17:37";CET;438213;8993592.34;20.50;25/09/2026
WE.CONNECT;FR0013079092;ALWEC;"Euronext Growth Paris";EUR;23.20;23.30;23.00;23.00;"25/09/2026 17:15";CET;396;9154.80;23.00;25/09/2026
"WEACCESS GROUP";FR0010688465;MLWEA;"Euronext Access Paris";EUR;2.30;2.30;2.30;2.30;"21/09/2026 11:30";CET;100;230.00;2.30;25/09/2026
"WEATHERFORD INTERN";IE00BLNN3691;1WFRD;"Euronext Global Equity Market";EUR;78.68;78.68;78.68;78.68;"15/09/2026 10:48";CET;2;157.36;74.86;25/09/2026
WEBSOLUTE;IT0005384901;WBS;"Euronext Growth Milan";EUR;1.20;1.20;1.15;1.15;"25/09/2026 11:56";CET;5500;6396.50;1.15;25/09/2026
WEBSTEP;NO0010609662;WSTEP;"Oslo Børs";NOK;13.00;13.00;12.65;12.65;"25/09/2026 16:25";CET;3759;47727.25;12.65;25/09/2026
WEBUILD;IT0003865570;2WBD;"Trading After Hours";EUR;1.915;1.92;1.901;1.92;"25/09/2026 20:23";CET;11281;21511.381;1.907;25/09/2026
WEBUILD;IT0003865570;WBD;"Euronext Milan";EUR;1.95;1.95;1.897;1.915;"25/09/2026 17:39";CET;3918408;7538039.099;1.915;25/09/2026
"WEBUILD RSP";IT0003865588;WBDR;"Euronext Milan";EUR;8.34;8.46;8.34;8.46;"25/09/2026 10:48";CET;81;680.82;8.46;25/09/2026
"WEC ENERGY GROUP";US92939U1060;1WEC;"Euronext Global Equity Market";EUR;102.00;102.00;102.00;102.00;"25/06/2026 17:35";CET;133;13566.00;89.00;25/09/2026
"WEC ENERGY GROUP";US92939U1060;2WEC;"Trading After Hours";EUR;99.88;99.88;99.88;99.88;"12/03/2026 18:00";CET;21;2097.48;89.00;25/09/2026
"WEC ENERGY GROUP";US92939U1060;4WEC;EuroTLX;EUR;99.30;99.30;99.30;99.30;"22/10/2025 15:44";CET;2;198.60;88.00;25/09/2026
WELLNESS;ES0105740007;MLWRS;"Euronext Access Paris";EUR;2.20;2.20;2.20;2.20;"19/09/2025 16:30";CET;1;2.20;2.20;25/09/2026
"WELLS FARGO & CO";US9497461015;1WFC;"Euronext Global Equity Market";EUR;72.03;72.13;72.03;72.13;"25/09/2026 16:29";CET;8;576.94;72.24;25/09/2026
"WELLS FARGO & CO";US9497461015;4WFC;EuroTLX;EUR;75.20;75.20;75.20;75.20;"07/07/2026 09:00";CET;17;1278.40;72.23;25/09/2026
"WELLS FARGO&CO";US9497461015;2WFC;"Trading After Hours";EUR;76.80;76.80;76.80;76.80;"10/02/2026 19:17";CET;4;307.20;72.24;25/09/2026
WENDEL;FR0000121204;2MF;"Trading After Hours";EUR;-;-;-;-;-;CET;-;-;82.80;25/09/2026
WENDEL;FR0000121204;MF;"Euronext Paris";EUR;81.80;83.70;81.80;82.80;"25/09/2026 17:35";CET;18907;1565491.60;82.80;25/09/2026
"WENDY'S CO/THE";US95058W1009;1WEN;"Euronext Global Equity Market";EUR;5.872;5.872;5.872;5.872;"23/09/2026 15:49";CET;130;763.36;5.69;25/09/2026
WERELDHAVE;NL0000289213;WHA;"Euronext Amsterdam";EUR;17.78;17.84;17.48;17.56;"25/09/2026 17:36";CET;114436;2015436.08;17.56;25/09/2026
"WERELDHAVE BELGIUM";BE0003724383;WEHB;"Euronext Brussels";EUR;52.60;53.00;52.20;52.20;"25/09/2026 17:35";CET;508;26687.40;52.20;25/09/2026
"West Pharma";US9553061055;1WST;"Euronext Global Equity Market";EUR;290.10;290.10;290.10;290.10;"10/09/2026 14:08";CET;1;290.10;326.20;25/09/2026
"WESTERN BULK CHART";NO0010768096;WEST;"Euronext Growth Oslo";NOK;22.40;22.40;22.30;22.40;"25/09/2026 15:24";CET;17946;401951.60;22.40;25/09/2026
"WESTERN DIGITAL";US9581021055;2WDC;"Trading After Hours";EUR;402.35;402.35;402.35;402.35;"25/09/2026 19:46";CET;20;8047.00;402.35;25/09/2026
"WESTERN DIGITAL";US9581021055;1WDC;"Euronext Global Equity Market";EUR;401.60;405.15;393.50;397.85;"25/09/2026 17:22";CET;816;326465.80;397.90;25/09/2026
"WESTERN DIGITAL";US9581021055;4WDC;EuroTLX;EUR;374.30;374.30;374.30;374.30;"18/09/2026 17:11";CET;5;1871.50;398.20;25/09/2026
"Westinghouse Air";US9297401088;1WAB;"Euronext Global Equity Market";EUR;245.20;245.20;245.20;245.20;"21/09/2026 16:54";CET;1;245.20;253.50;25/09/2026
WEYA;FR0010768770;MLWEY;"Euronext Access Paris";EUR;0.022;0.022;0.018;0.018;"25/09/2026 16:30";CET;32758;718.676;0.018;25/09/2026
WEYERHAEUSER;US9621661043;1WY;"Euronext Global Equity Market";EUR;17.945;17.945;17.945;17.945;"25/09/2026 12:08";CET;1;17.945;17.535;25/09/2026
WEYERHAEUSER;US9621661043;4WY;EuroTLX;EUR;19.69;19.69;19.69;19.69;"15/05/2026 11:07";CET;65;1279.85;17.565;25/09/2026
WEYERHAEUSER;US9621661043;2WY;"Trading After Hours";EUR;21.15;21.15;21.15;21.15;"08/04/2026 18:00";CET;50;1057.50;17.535;25/09/2026
"WEYVELD NOSSEGEM";BE0107958945;-;"Euronext Expert Market";EUR;3420.00;3420.00;3420.00;3420.00;"03/02/2026 11:33";CET;2;6840.00;3420.00;25/09/2026
"WFD UNIBAIL-RODAMC";FR0013326246;4URW;EuroTLX;EUR;91.92;91.92;91.92;91.92;"25/03/2026 17:19";CET;1;91.92;92.02;25/09/2026
"WFINCANTIERI 24-26";IT0005599862;WFCT26;"Euronext Milan";EUR;1.07;1.10;1.0424;1.10;"25/09/2026 17:35";CET;769717;825172.0734;1.10;25/09/2026
"WHITESTONE GROUP";BE0974401334;ROCK;"Euronext Growth Brussels";EUR;18.00;18.00;18.00;18.00;"22/09/2026 11:30";CET;91;1638.00;18.00;25/09/2026
"Wienerberger AG";AT0000831706;1WIE;"Euronext Global Equity Market";EUR;18.12;18.12;18.12;18.12;"11/09/2026 09:00";CET;250;4530.00;17.22;25/09/2026
"Wihlborgs Fast";SE0018012635;1WIHL;"Euronext Global Equity Market";EUR;-;-;-;-;-;CET;-;-;6.455;25/09/2026
WIIT;IT0005440893;WIIT;"Euronext Milan";EUR;29.75;30.15;29.15;29.45;"25/09/2026 17:35";CET;17977;531669.00;29.45;25/09/2026
"WILH. WILHELMSEN A";NO0010571698;WWI;"Oslo Børs";NOK;919.00;921.00;906.00;914.00;"25/09/2026 16:28";CET;36891;33707745.50;914.00;25/09/2026
"WILH. WILHELMSEN B";NO0010576010;WWIB;"Oslo Børs";NOK;845.00;848.00;836.00;844.00;"25/09/2026 16:25";CET;5535;4665043.00;844.00;25/09/2026
"Williams Cos";US9694571004;1WMB;"Euronext Global Equity Market";EUR;61.36;61.36;61.36;61.36;"16/09/2026 15:41";CET;2;122.72;61.08;25/09/2026
"WILLIAMS-SONOMA IN";US9699041011;1WSM;"Euronext Global Equity Market";EUR;190.20;190.20;190.20;190.20;"16/09/2026 15:34";CET;128;24345.60;202.10;25/09/2026
"Willis Towers W";IE00BDB6Q211;1WTW;"Euronext Global Equity Market";EUR;267.60;267.60;267.60;267.60;"22/09/2026 11:30";CET;1;267.60;260.10;25/09/2026
"WILLSCOT HOLDINGS";US9713781048;1WSC;"Euronext Global Equity Market";EUR;22.20;22.20;22.20;22.20;"13/05/2026 17:16";CET;75;1665.00;15.80;25/09/2026
"WINAMP GROUP";BE0974334667;ALWIN;"Euronext Growth Paris, Brussels";EUR;0.265;0.265;0.2435;0.252;"25/09/2026 17:14";CET;46623;11740.991;0.252;25/09/2026
WINFARM;FR0014000P11;ALWF;"Euronext Growth Paris";EUR;3.91;3.96;3.91;3.91;"25/09/2026 16:53";CET;339;1327.69;3.91;25/09/2026
WITBE;FR0013143872;ALWIT;"Euronext Growth Paris";EUR;4.46;4.46;4.20;4.20;"25/09/2026 17:39";CET;19307;83283.62;4.20;25/09/2026
"WOLTERS KLUWER";NL0000395903;WKL;"Euronext Amsterdam";EUR;68.46;68.84;67.72;68.66;"25/09/2026 17:39";CET;963776;65909144.62;68.66;25/09/2026
"WOLTERS KLUWER";NL0000395903;2WKL;"Trading After Hours";EUR;-;-;-;-;-;CET;-;-;68.66;25/09/2026
WORKDAY;US98138H1014;2WDAY;"Trading After Hours";EUR;172.84;172.84;172.84;172.84;"17/09/2026 18:39";CET;3;518.52;167.28;25/09/2026
WORKDAY;US98138H1014;1WDAY;"Euronext Global Equity Market";EUR;169.80;169.80;169.80;169.80;"25/09/2026 12:25";CET;6;1018.80;167.28;25/09/2026
WORKDAY;US98138H1014;4WDAY;EuroTLX;EUR;178.00;178.00;178.00;178.00;"04/09/2026 11:38";CET;200;35600.00;167.08;25/09/2026
WORLDLINE;FR00140182K6;2WLN;"Trading After Hours";EUR;-;-;-;-;-;CET;-;-;11.798;25/09/2026
WORLDLINE;FR00140182K6;WLN;"Euronext Paris";EUR;11.98;11.98;11.644;11.798;"25/09/2026 17:37";CET;273585;3220725.626;11.798;25/09/2026
"WW Grainger Inc";US3848021040;1GWW;"Euronext Global Equity Market";EUR;1123.00;1123.00;1123.00;1123.00;"07/08/2026 17:09";CET;1;1123.00;1093.00;25/09/2026
"Wynn Resorts Ltd";US9831341071;1WYNN;"Euronext Global Equity Market";EUR;70.68;70.68;70.68;70.68;"25/09/2026 10:53";CET;100;7068.00;70.51;25/09/2026
X-FAB;BE0974310428;XFAB;"Euronext Paris";EUR;6.63;6.65;6.46;6.55;"25/09/2026 17:35";CET;309248;2025468.78;6.55;25/09/2026
"Xcel Energy Inc";US98389B1008;1XEL;"Euronext Global Equity Market";EUR;64.50;64.50;64.50;64.50;"18/09/2026 10:03";CET;15;967.50;60.50;25/09/2026
XENIA;IT0005568487;XHS;"Euronext Growth Milan";EUR;2.34;2.58;2.34;2.40;"25/09/2026 17:27";CET;15000;37470.00;2.40;25/09/2026
"XILAM ANIMATION";FR0004034072;ALXIL;"Euronext Growth Paris";EUR;4.40;4.40;4.20;4.26;"25/09/2026 17:35";CET;20729;88161.325;4.26;25/09/2026
XIOR;BE0974288202;XIOR;"Euronext Brussels";EUR;24.75;24.85;24.50;24.50;"25/09/2026 17:35";CET;59122;1453528.40;24.50;25/09/2026
"XP INC - CLASS A";KYG982391099;1XP;"Euronext Global Equity Market";EUR;17.914;17.914;17.914;17.914;"25/09/2026 15:33";CET;392;7022.288;17.832;25/09/2026
"XPLORA TECHNOLOGIE";NO0010895782;XPLRA;"Euronext Growth Oslo";NOK;23.55;23.65;22.80;23.20;"25/09/2026 16:25";CET;178850;4154200.05;23.20;25/09/2026
"Xylem Inc/NY";US98419M1009;1XYL;"Euronext Global Equity Market";EUR;91.00;91.00;89.90;89.90;"25/09/2026 16:11";CET;262;23675.20;90.39;25/09/2026
YAKKYO;IT0005573966;YKY;"Euronext Growth Milan";EUR;2.34;2.38;2.32;2.38;"25/09/2026 14:45";CET;3750;8787.50;2.38;25/09/2026
"YARA INTERNATIONAL";NO0010208051;YAR;"Oslo Børs";NOK;441.20;441.40;424.70;433.10;"25/09/2026 16:25";CET;577079;249952901.85;433.10;25/09/2026
"YOLO GROUP";IT0005495871;YOLO;"Euronext Growth Milan";EUR;0.585;0.585;0.565;0.585;"25/09/2026 17:29";CET;15500;8947.50;0.575;25/09/2026
"YOUNITED FIN. WARR";LU2999660207;YOUNW;"Euronext Paris";EUR;-;-;-;-;-;CET;-;-;0.8565;25/09/2026
"YOUNITED FINANCIAL";LU2999653251;YOUNI;"Euronext Paris";EUR;6.20;6.40;5.90;6.20;"25/09/2026 16:59";CET;63;388.40;6.20;25/09/2026
"Yum! Brands Inc";US9884981013;1YUM;"Euronext Global Equity Market";EUR;123.35;123.35;123.35;123.35;"15/09/2026 16:12";CET;60;7401.00;121.75;25/09/2026
ZALANDO;DE000ZAL1111;2ZAL;"Trading After Hours";EUR;21.29;21.29;21.29;21.29;"25/09/2026 18:12";CET;1;21.29;21.29;25/09/2026
ZALANDO;DE000ZAL1111;1ZAL;"Euronext Global Equity Market";EUR;22.33;22.33;22.02;22.03;"25/09/2026 15:55";CET;1572;34737.98;21.93;25/09/2026
ZALANDO;DE000ZAL1111;4ZAL;EuroTLX;EUR;24.55;24.55;24.55;24.55;"12/08/2026 09:00";CET;15;368.25;21.91;25/09/2026
ZALARIS;NO0010708910;ZAL;"Oslo Børs";NOK;100.00;100.00;100.00;100.00;"23/09/2026 14:18";CET;285;28500.00;100.00;25/09/2026
ZAPTEC;NO0010713936;ZAP;"Oslo Børs";NOK;62.80;63.50;62.00;62.10;"25/09/2026 16:25";CET;457412;28621859.80;62.10;25/09/2026
ZCCM;ZM0000000037;MLZAM;"Euronext Access Paris";EUR;4.00;4.00;4.00;4.00;"25/09/2026 16:30";CET;18688;74752.00;4.00;25/09/2026
"ZCI LIMITED";BMG9887P1068;CV;"Euronext Paris";EUR;0.17;0.20;0.17;0.20;"04/08/2015 16:20";CET;21826;3755.94;0.20;25/09/2026
"Zebra Technologies";US9892071054;1ZBRA;"Euronext Global Equity Market";EUR;324.00;325.00;324.00;325.00;"25/09/2026 15:42";CET;73;23696.00;323.00;25/09/2026
ZELLUNA;NO0013524942;ZLNA;"Oslo Børs";NOK;19.90;19.90;19.30;19.40;"25/09/2026 16:25";CET;24753;486147.75;19.40;25/09/2026
"ZENITH ENERGY";CA98936C8584;ZENA;"Euronext Growth Oslo";NOK;0.495;0.517;0.495;0.511;"25/09/2026 16:25";CET;3185561;1609836.0225;0.511;25/09/2026
"ZENOBE GRAMME CERT";BE0003809267;ZEN;"Euronext Brussels";EUR;218.00;218.00;214.00;214.00;"25/09/2026 16:35";CET;88;18912.00;214.00;25/09/2026
ZEST;IT0005013013;ZEST;"Euronext Milan";EUR;0.131;0.131;0.128;0.13;"25/09/2026 17:35";CET;210151;27323.459;0.13;25/09/2026
"ZIGNAGO VETRO";IT0004171440;ZV;"Euronext Milan";EUR;6.47;6.52;6.41;6.46;"25/09/2026 17:35";CET;119235;771977.58;6.46;25/09/2026
"ZILLOW GROUP A";US98954M1018;1ZGU;"Euronext Global Equity Market";EUR;26.67;26.67;26.00;26.00;"25/09/2026 10:01";CET;360;9480.60;25.68;25/09/2026
"ZILLOW GROUP C";US98954M2008;1ZUS;"Euronext Global Equity Market";EUR;25.075;25.075;25.005;25.005;"25/09/2026 16:43";CET;400;10028.25;24.93;25/09/2026
"Zimmer Biomet";US98956P1021;1ZBH;"Euronext Global Equity Market";EUR;80.96;80.96;80.96;80.96;"23/09/2026 15:30";CET;150;12144.00;80.00;25/09/2026
ZOETIS;US98978V1035;1ZTS;"Euronext Global Equity Market";EUR;62.00;62.00;61.04;61.04;"25/09/2026 16:35";CET;374;22947.76;61.18;25/09/2026
ZOETIS;US98978V1035;4ZTS;EuroTLX;EUR;66.66;66.66;66.66;66.66;"04/08/2026 16:11";CET;10;666.60;61.16;25/09/2026
ZOETIS;US98978V1035;2ZTS;"Trading After Hours";EUR;64.24;64.24;64.24;64.24;"14/09/2026 19:32";CET;20;1284.80;61.18;25/09/2026
"ZOOM COMMUNICATION";US98980L1017;4ZM;EuroTLX;EUR;93.20;93.20;93.20;93.20;"13/08/2026 16:40";CET;3;279.60;80.38;25/09/2026
"ZOOM COMMUNICATION";US98980L1017;1ZM;"Euronext Global Equity Market";EUR;80.19;80.19;80.19;80.19;"24/09/2026 17:06";CET;13;1042.47;80.39;25/09/2026
"ZOOM COMMUNICATION";US98980L1017;2ZM;"Trading After Hours";EUR;78.86;78.86;78.86;78.86;"21/07/2026 18:00";CET;35;2760.10;80.39;25/09/2026
"ZOOMINFO TECHNOLOG";US98980F1049;1ZI;"Euronext Global Equity Market";EUR;3.143;3.143;3.143;3.143;"11/09/2026 09:13";CET;136;427.45;3.443;25/09/2026
"Zscaler Inc";US98980G1022;1ZS;"Euronext Global Equity Market";EUR;181.94;182.50;171.72;171.76;"25/09/2026 17:35";CET;266;47218.02;171.76;25/09/2026
ZUCCHI;IT0005395071;ZUC;"Euronext Milan";EUR;0.53;0.535;0.53;0.535;"25/09/2026 17:09";CET;34536;18307.96;0.535;25/09/2026
"Zurich Insurance G";CH0011075394;1ZURN;"Euronext Global Equity Market";EUR;616.40;616.60;616.40;616.60;"25/09/2026 11:57";CET;10;6165.80;620.40;25/09/2026
